2026-02-04 09:53:26 ERROR dataset: Stage1 error intent=Information Retrieval: batch_timeout
2026-02-04 09:53:26 ERROR dataset: Stage1 error intent=Entertainment: batch_timeout
2026-02-04 09:53:26 ERROR dataset: Stage1 error intent=product_lookup: batch_timeout
2026-02-04 09:53:26 ERROR dataset: Stage1 error intent=Booking: batch_timeout
2026-02-04 09:53:26 ERROR dataset: Stage1 error intent=weather: batch_timeout
2026-02-04 09:53:26 ERROR dataset: Stage1 error intent=data visualisation: batch_timeout
2026-02-04 09:53:26 ERROR dataset: Stage1 error intent=Planning: batch_timeout
2026-02-04 09:53:26 ERROR dataset: Stage1 error intent=productivity: batch_timeout
2026-02-04 09:53:26 ERROR dataset: Stage1 error intent=Recipe: batch_timeout
2026-02-04 09:53:26 ERROR dataset: Stage1 error intent=Localization: batch_timeout
2026-02-04 09:53:26 ERROR dataset: Stage1 error intent=Technical support: batch_timeout
2026-02-04 09:53:26 ERROR dataset: Stage1 error intent=Creating Writing: batch_timeout
2026-02-04 09:53:26 ERROR dataset: Stage1 error intent=Event Schedule: batch_timeout
2026-02-04 09:53:26 ERROR dataset: Stage1 error intent=Research Analysis: batch_timeout
2026-02-04 09:53:26 ERROR dataset: Stage1 error intent=Comparison: batch_timeout
2026-02-04 09:53:26 ERROR dataset: Stage1 error intent=calculation: batch_timeout
2026-02-04 09:53:26 ERROR dataset: Stage1 error intent=Travel: batch_timeout
2026-02-04 09:53:26 ERROR dataset: Stage1 error intent=Navigation: batch_timeout
2026-02-04 09:53:26 ERROR dataset: Stage1 error intent=Education: batch_timeout
2026-02-04 09:53:26 ERROR dataset: Stage1 error intent=Documentation: batch_timeout
2026-02-04 09:53:26 ERROR dataset: Stage1 error intent=media playback: batch_timeout
2026-02-04 09:53:26 ERROR dataset: Stage1 error intent=qr scanner: batch_timeout
2026-02-04 09:53:26 ERROR dataset: Stage1 error intent=status check: batch_timeout
2026-02-04 09:55:37 ERROR dataset: Stage1 error intent=Information Retrieval: batch_timeout
2026-02-04 09:55:37 ERROR dataset: Stage1 error intent=Entertainment: batch_timeout
2026-02-04 09:55:37 ERROR dataset: Stage1 error intent=product_lookup: batch_timeout
2026-02-04 09:55:37 ERROR dataset: Stage1 error intent=Booking: batch_timeout
2026-02-04 09:55:37 ERROR dataset: Stage1 error intent=weather: batch_timeout
2026-02-04 09:55:37 ERROR dataset: Stage1 error intent=data visualisation: batch_timeout
2026-02-04 09:55:37 ERROR dataset: Stage1 error intent=Planning: batch_timeout
2026-02-04 09:55:37 ERROR dataset: Stage1 error intent=productivity: batch_timeout
2026-02-04 09:55:37 ERROR dataset: Stage1 error intent=Recipe: batch_timeout
2026-02-04 09:55:37 ERROR dataset: Stage1 error intent=Localization: batch_timeout
2026-02-04 09:55:37 ERROR dataset: Stage1 error intent=Technical support: batch_timeout
2026-02-04 09:55:37 ERROR dataset: Stage1 error intent=Creating Writing: batch_timeout
2026-02-04 09:55:37 ERROR dataset: Stage1 error intent=Event Schedule: batch_timeout
2026-02-04 09:55:37 ERROR dataset: Stage1 error intent=Research Analysis: batch_timeout
2026-02-04 09:55:37 ERROR dataset: Stage1 error intent=Comparison: batch_timeout
2026-02-04 09:55:37 ERROR dataset: Stage1 error intent=calculation: batch_timeout
2026-02-04 09:55:37 ERROR dataset: Stage1 error intent=Travel: batch_timeout
2026-02-04 09:55:37 ERROR dataset: Stage1 error intent=Navigation: batch_timeout
2026-02-04 09:55:37 ERROR dataset: Stage1 error intent=Education: batch_timeout
2026-02-04 09:55:37 ERROR dataset: Stage1 error intent=Documentation: batch_timeout
2026-02-04 09:55:37 ERROR dataset: Stage1 error intent=media playback: batch_timeout
2026-02-04 09:55:37 ERROR dataset: Stage1 error intent=qr scanner: batch_timeout
2026-02-04 09:55:37 ERROR dataset: Stage1 error intent=status check: batch_timeout
2026-02-04 09:56:30 ERROR dataset: Stage1 error intent=Information Retrieval: batch_no_inlined_responses
2026-02-04 09:56:30 ERROR dataset: Stage1 error intent=Entertainment: batch_no_inlined_responses
2026-02-04 09:56:30 ERROR dataset: Stage1 error intent=product_lookup: batch_no_inlined_responses
2026-02-04 09:56:30 ERROR dataset: Stage1 error intent=Booking: batch_no_inlined_responses
2026-02-04 09:56:30 ERROR dataset: Stage1 error intent=weather: batch_no_inlined_responses
2026-02-04 09:56:30 ERROR dataset: Stage1 error intent=data visualisation: batch_no_inlined_responses
2026-02-04 09:56:30 ERROR dataset: Stage1 error intent=Planning: batch_no_inlined_responses
2026-02-04 09:56:30 ERROR dataset: Stage1 error intent=productivity: batch_no_inlined_responses
2026-02-04 09:56:30 ERROR dataset: Stage1 error intent=Recipe: batch_no_inlined_responses
2026-02-04 09:56:30 ERROR dataset: Stage1 error intent=Localization: batch_no_inlined_responses
2026-02-04 09:56:30 ERROR dataset: Stage1 error intent=Technical support: batch_no_inlined_responses
2026-02-04 09:56:30 ERROR dataset: Stage1 error intent=Creating Writing: batch_no_inlined_responses
2026-02-04 09:56:30 ERROR dataset: Stage1 error intent=Event Schedule: batch_no_inlined_responses
2026-02-04 09:56:30 ERROR dataset: Stage1 error intent=Research Analysis: batch_no_inlined_responses
2026-02-04 09:56:30 ERROR dataset: Stage1 error intent=Comparison: batch_no_inlined_responses
2026-02-04 09:56:30 ERROR dataset: Stage1 error intent=calculation: batch_no_inlined_responses
2026-02-04 09:56:30 ERROR dataset: Stage1 error intent=Travel: batch_no_inlined_responses
2026-02-04 09:56:30 ERROR dataset: Stage1 error intent=Navigation: batch_no_inlined_responses
2026-02-04 09:56:30 ERROR dataset: Stage1 error intent=Education: batch_no_inlined_responses
2026-02-04 09:56:30 ERROR dataset: Stage1 error intent=Documentation: batch_no_inlined_responses
2026-02-04 09:56:30 ERROR dataset: Stage1 error intent=media playback: batch_no_inlined_responses
2026-02-04 09:56:30 ERROR dataset: Stage1 error intent=qr scanner: batch_no_inlined_responses
2026-02-04 09:56:30 ERROR dataset: Stage1 error intent=status check: batch_no_inlined_responses
2026-02-04 09:58:10 ERROR dataset: Stage1 error intent=Information Retrieval: batch_timeout
2026-02-04 09:58:10 ERROR dataset: Stage1 error intent=Entertainment: batch_timeout
2026-02-04 09:58:10 ERROR dataset: Stage1 error intent=product_lookup: batch_timeout
2026-02-04 09:58:10 ERROR dataset: Stage1 error intent=Booking: batch_timeout
2026-02-04 09:58:10 ERROR dataset: Stage1 error intent=weather: batch_timeout
2026-02-04 09:58:10 ERROR dataset: Stage1 error intent=data visualisation: batch_timeout
2026-02-04 09:58:10 ERROR dataset: Stage1 error intent=Planning: batch_timeout
2026-02-04 09:58:10 ERROR dataset: Stage1 error intent=productivity: batch_timeout
2026-02-04 09:58:10 ERROR dataset: Stage1 error intent=Recipe: batch_timeout
2026-02-04 09:58:10 ERROR dataset: Stage1 error intent=Localization: batch_timeout
2026-02-04 09:58:10 ERROR dataset: Stage1 error intent=Technical support: batch_timeout
2026-02-04 09:58:10 ERROR dataset: Stage1 error intent=Creating Writing: batch_timeout
2026-02-04 09:58:10 ERROR dataset: Stage1 error intent=Event Schedule: batch_timeout
2026-02-04 09:58:10 ERROR dataset: Stage1 error intent=Research Analysis: batch_timeout
2026-02-04 09:58:10 ERROR dataset: Stage1 error intent=Comparison: batch_timeout
2026-02-04 09:58:10 ERROR dataset: Stage1 error intent=calculation: batch_timeout
2026-02-04 09:58:10 ERROR dataset: Stage1 error intent=Travel: batch_timeout
2026-02-04 09:58:10 ERROR dataset: Stage1 error intent=Navigation: batch_timeout
2026-02-04 09:58:10 ERROR dataset: Stage1 error intent=Education: batch_timeout
2026-02-04 09:58:10 ERROR dataset: Stage1 error intent=Documentation: batch_timeout
2026-02-04 09:58:10 ERROR dataset: Stage1 error intent=media playback: batch_timeout
2026-02-04 09:58:10 ERROR dataset: Stage1 error intent=qr scanner: batch_timeout
2026-02-04 09:58:10 ERROR dataset: Stage1 error intent=status check: batch_timeout
2026-02-04 10:00:48 ERROR dataset: Stage1 error intent=Information Retrieval: batch_timeout
2026-02-04 10:00:48 ERROR dataset: Stage1 error intent=Entertainment: batch_timeout
2026-02-04 10:00:48 ERROR dataset: Stage1 error intent=product_lookup: batch_timeout
2026-02-04 10:00:48 ERROR dataset: Stage1 error intent=Booking: batch_timeout
2026-02-04 10:00:48 ERROR dataset: Stage1 error intent=weather: batch_timeout
2026-02-04 10:00:48 ERROR dataset: Stage1 error intent=data visualisation: batch_timeout
2026-02-04 10:00:48 ERROR dataset: Stage1 error intent=Planning: batch_timeout
2026-02-04 10:00:48 ERROR dataset: Stage1 error intent=productivity: batch_timeout
2026-02-04 10:00:48 ERROR dataset: Stage1 error intent=Recipe: batch_timeout
2026-02-04 10:00:48 ERROR dataset: Stage1 error intent=Localization: batch_timeout
2026-02-04 10:00:48 ERROR dataset: Stage1 error intent=Technical support: batch_timeout
2026-02-04 10:00:48 ERROR dataset: Stage1 error intent=Creating Writing: batch_timeout
2026-02-04 10:00:48 ERROR dataset: Stage1 error intent=Event Schedule: batch_timeout
2026-02-04 10:00:48 ERROR dataset: Stage1 error intent=Research Analysis: batch_timeout
2026-02-04 10:00:48 ERROR dataset: Stage1 error intent=Comparison: batch_timeout
2026-02-04 10:00:48 ERROR dataset: Stage1 error intent=calculation: batch_timeout
2026-02-04 10:00:48 ERROR dataset: Stage1 error intent=Travel: batch_timeout
2026-02-04 10:00:48 ERROR dataset: Stage1 error intent=Navigation: batch_timeout
2026-02-04 10:00:48 ERROR dataset: Stage1 error intent=Education: batch_timeout
2026-02-04 10:00:48 ERROR dataset: Stage1 error intent=Documentation: batch_timeout
2026-02-04 10:00:48 ERROR dataset: Stage1 error intent=media playback: batch_timeout
2026-02-04 10:00:48 ERROR dataset: Stage1 error intent=qr scanner: batch_timeout
2026-02-04 10:00:48 ERROR dataset: Stage1 error intent=status check: batch_timeout
2026-02-04 10:01:41 ERROR dataset: Stage1 error intent=Information Retrieval: batch_timeout
2026-02-04 10:01:41 ERROR dataset: Stage1 stopping intent=Information Retrieval after 3 failures
2026-02-04 10:01:41 ERROR dataset: Stage1 error intent=Entertainment: batch_timeout
2026-02-04 10:01:41 ERROR dataset: Stage1 stopping intent=Entertainment after 3 failures
2026-02-04 10:01:41 ERROR dataset: Stage1 error intent=product_lookup: batch_timeout
2026-02-04 10:01:41 ERROR dataset: Stage1 stopping intent=product_lookup after 3 failures
2026-02-04 10:01:41 ERROR dataset: Stage1 error intent=Booking: batch_timeout
2026-02-04 10:01:41 ERROR dataset: Stage1 stopping intent=Booking after 3 failures
2026-02-04 10:01:41 ERROR dataset: Stage1 error intent=weather: batch_timeout
2026-02-04 10:01:41 ERROR dataset: Stage1 stopping intent=weather after 3 failures
2026-02-04 10:01:41 ERROR dataset: Stage1 error intent=data visualisation: batch_timeout
2026-02-04 10:01:41 ERROR dataset: Stage1 stopping intent=data visualisation after 3 failures
2026-02-04 10:01:41 ERROR dataset: Stage1 error intent=Planning: batch_timeout
2026-02-04 10:01:41 ERROR dataset: Stage1 stopping intent=Planning after 3 failures
2026-02-04 10:01:41 ERROR dataset: Stage1 error intent=productivity: batch_timeout
2026-02-04 10:01:41 ERROR dataset: Stage1 stopping intent=productivity after 3 failures
2026-02-04 10:01:41 ERROR dataset: Stage1 error intent=Recipe: batch_timeout
2026-02-04 10:01:41 ERROR dataset: Stage1 stopping intent=Recipe after 3 failures
2026-02-04 10:01:41 ERROR dataset: Stage1 error intent=Localization: batch_timeout
2026-02-04 10:01:41 ERROR dataset: Stage1 stopping intent=Localization after 3 failures
2026-02-04 10:01:41 ERROR dataset: Stage1 error intent=Technical support: batch_timeout
2026-02-04 10:01:41 ERROR dataset: Stage1 stopping intent=Technical support after 3 failures
2026-02-04 10:01:41 ERROR dataset: Stage1 error intent=Creating Writing: batch_timeout
2026-02-04 10:01:41 ERROR dataset: Stage1 stopping intent=Creating Writing after 3 failures
2026-02-04 10:01:41 ERROR dataset: Stage1 error intent=Event Schedule: batch_timeout
2026-02-04 10:01:41 ERROR dataset: Stage1 stopping intent=Event Schedule after 3 failures
2026-02-04 10:01:41 ERROR dataset: Stage1 error intent=Research Analysis: batch_timeout
2026-02-04 10:01:41 ERROR dataset: Stage1 stopping intent=Research Analysis after 3 failures
2026-02-04 10:01:41 ERROR dataset: Stage1 error intent=Comparison: batch_timeout
2026-02-04 10:01:41 ERROR dataset: Stage1 stopping intent=Comparison after 3 failures
2026-02-04 10:01:41 ERROR dataset: Stage1 error intent=calculation: batch_timeout
2026-02-04 10:01:41 ERROR dataset: Stage1 stopping intent=calculation after 3 failures
2026-02-04 10:01:41 ERROR dataset: Stage1 error intent=Travel: batch_timeout
2026-02-04 10:01:41 ERROR dataset: Stage1 stopping intent=Travel after 3 failures
2026-02-04 10:01:41 ERROR dataset: Stage1 error intent=Navigation: batch_timeout
2026-02-04 10:01:41 ERROR dataset: Stage1 stopping intent=Navigation after 3 failures
2026-02-04 10:01:41 ERROR dataset: Stage1 error intent=Education: batch_timeout
2026-02-04 10:01:41 ERROR dataset: Stage1 stopping intent=Education after 3 failures
2026-02-04 10:01:41 ERROR dataset: Stage1 error intent=Documentation: batch_timeout
2026-02-04 10:01:41 ERROR dataset: Stage1 stopping intent=Documentation after 3 failures
2026-02-04 10:01:41 ERROR dataset: Stage1 error intent=media playback: batch_timeout
2026-02-04 10:01:41 ERROR dataset: Stage1 stopping intent=media playback after 3 failures
2026-02-04 10:01:41 ERROR dataset: Stage1 error intent=qr scanner: batch_timeout
2026-02-04 10:01:41 ERROR dataset: Stage1 stopping intent=qr scanner after 3 failures
2026-02-04 10:01:41 ERROR dataset: Stage1 error intent=status check: batch_timeout
2026-02-04 10:01:41 ERROR dataset: Stage1 stopping intent=status check after 3 failures
2026-02-04 10:03:22 ERROR dataset: Stage1 error intent=Information Retrieval: batch_timeout
2026-02-04 10:03:22 ERROR dataset: Stage1 error intent=Entertainment: batch_timeout
2026-02-04 10:03:22 ERROR dataset: Stage1 error intent=product_lookup: batch_timeout
2026-02-04 10:03:22 ERROR dataset: Stage1 error intent=Booking: batch_timeout
2026-02-04 10:03:22 ERROR dataset: Stage1 error intent=weather: batch_timeout
2026-02-04 10:03:22 ERROR dataset: Stage1 error intent=data visualisation: batch_timeout
2026-02-04 10:03:22 ERROR dataset: Stage1 error intent=Planning: batch_timeout
2026-02-04 10:03:22 ERROR dataset: Stage1 error intent=productivity: batch_timeout
2026-02-04 10:03:22 ERROR dataset: Stage1 error intent=Recipe: batch_timeout
2026-02-04 10:03:22 ERROR dataset: Stage1 error intent=Localization: batch_timeout
2026-02-04 10:03:22 ERROR dataset: Stage1 error intent=Technical support: batch_timeout
2026-02-04 10:03:22 ERROR dataset: Stage1 error intent=Creating Writing: batch_timeout
2026-02-04 10:03:22 ERROR dataset: Stage1 error intent=Event Schedule: batch_timeout
2026-02-04 10:03:22 ERROR dataset: Stage1 error intent=Research Analysis: batch_timeout
2026-02-04 10:03:22 ERROR dataset: Stage1 error intent=Comparison: batch_timeout
2026-02-04 10:03:22 ERROR dataset: Stage1 error intent=calculation: batch_timeout
2026-02-04 10:03:22 ERROR dataset: Stage1 error intent=Travel: batch_timeout
2026-02-04 10:03:22 ERROR dataset: Stage1 error intent=Navigation: batch_timeout
2026-02-04 10:03:22 ERROR dataset: Stage1 error intent=Education: batch_timeout
2026-02-04 10:03:22 ERROR dataset: Stage1 error intent=Documentation: batch_timeout
2026-02-04 10:03:22 ERROR dataset: Stage1 error intent=media playback: batch_timeout
2026-02-04 10:03:22 ERROR dataset: Stage1 error intent=qr scanner: batch_timeout
2026-02-04 10:03:22 ERROR dataset: Stage1 error intent=status check: batch_timeout
2026-02-04 10:05:59 ERROR dataset: Stage1 error intent=Information Retrieval: batch_timeout
2026-02-04 10:05:59 ERROR dataset: Stage1 stopping intent=Information Retrieval after 3 failures
2026-02-04 10:05:59 ERROR dataset: Stage1 error intent=Entertainment: batch_timeout
2026-02-04 10:05:59 ERROR dataset: Stage1 stopping intent=Entertainment after 3 failures
2026-02-04 10:05:59 ERROR dataset: Stage1 error intent=product_lookup: batch_timeout
2026-02-04 10:05:59 ERROR dataset: Stage1 stopping intent=product_lookup after 3 failures
2026-02-04 10:05:59 ERROR dataset: Stage1 error intent=Booking: batch_timeout
2026-02-04 10:05:59 ERROR dataset: Stage1 stopping intent=Booking after 3 failures
2026-02-04 10:05:59 ERROR dataset: Stage1 error intent=weather: batch_timeout
2026-02-04 10:05:59 ERROR dataset: Stage1 stopping intent=weather after 3 failures
2026-02-04 10:05:59 ERROR dataset: Stage1 error intent=data visualisation: batch_timeout
2026-02-04 10:05:59 ERROR dataset: Stage1 stopping intent=data visualisation after 3 failures
2026-02-04 10:05:59 ERROR dataset: Stage1 error intent=Planning: batch_timeout
2026-02-04 10:05:59 ERROR dataset: Stage1 stopping intent=Planning after 3 failures
2026-02-04 10:05:59 ERROR dataset: Stage1 error intent=productivity: batch_timeout
2026-02-04 10:05:59 ERROR dataset: Stage1 stopping intent=productivity after 3 failures
2026-02-04 10:05:59 ERROR dataset: Stage1 error intent=Recipe: batch_timeout
2026-02-04 10:05:59 ERROR dataset: Stage1 stopping intent=Recipe after 3 failures
2026-02-04 10:05:59 ERROR dataset: Stage1 error intent=Localization: batch_timeout
2026-02-04 10:05:59 ERROR dataset: Stage1 stopping intent=Localization after 3 failures
2026-02-04 10:05:59 ERROR dataset: Stage1 error intent=Technical support: batch_timeout
2026-02-04 10:05:59 ERROR dataset: Stage1 stopping intent=Technical support after 3 failures
2026-02-04 10:05:59 ERROR dataset: Stage1 error intent=Creating Writing: batch_timeout
2026-02-04 10:05:59 ERROR dataset: Stage1 stopping intent=Creating Writing after 3 failures
2026-02-04 10:05:59 ERROR dataset: Stage1 error intent=Event Schedule: batch_timeout
2026-02-04 10:05:59 ERROR dataset: Stage1 stopping intent=Event Schedule after 3 failures
2026-02-04 10:05:59 ERROR dataset: Stage1 error intent=Research Analysis: batch_timeout
2026-02-04 10:05:59 ERROR dataset: Stage1 stopping intent=Research Analysis after 3 failures
2026-02-04 10:05:59 ERROR dataset: Stage1 error intent=Comparison: batch_timeout
2026-02-04 10:05:59 ERROR dataset: Stage1 stopping intent=Comparison after 3 failures
2026-02-04 10:05:59 ERROR dataset: Stage1 error intent=calculation: batch_timeout
2026-02-04 10:05:59 ERROR dataset: Stage1 stopping intent=calculation after 3 failures
2026-02-04 10:05:59 ERROR dataset: Stage1 error intent=Travel: batch_timeout
2026-02-04 10:05:59 ERROR dataset: Stage1 stopping intent=Travel after 3 failures
2026-02-04 10:05:59 ERROR dataset: Stage1 error intent=Navigation: batch_timeout
2026-02-04 10:05:59 ERROR dataset: Stage1 stopping intent=Navigation after 3 failures
2026-02-04 10:05:59 ERROR dataset: Stage1 error intent=Education: batch_timeout
2026-02-04 10:05:59 ERROR dataset: Stage1 stopping intent=Education after 3 failures
2026-02-04 10:05:59 ERROR dataset: Stage1 error intent=Documentation: batch_timeout
2026-02-04 10:05:59 ERROR dataset: Stage1 stopping intent=Documentation after 3 failures
2026-02-04 10:05:59 ERROR dataset: Stage1 error intent=media playback: batch_timeout
2026-02-04 10:05:59 ERROR dataset: Stage1 stopping intent=media playback after 3 failures
2026-02-04 10:05:59 ERROR dataset: Stage1 error intent=qr scanner: batch_timeout
2026-02-04 10:05:59 ERROR dataset: Stage1 stopping intent=qr scanner after 3 failures
2026-02-04 10:05:59 ERROR dataset: Stage1 error intent=status check: batch_timeout
2026-02-04 10:05:59 ERROR dataset: Stage1 stopping intent=status check after 3 failures
2026-02-04 10:08:33 ERROR dataset: Stage1 error intent=Information Retrieval: batch_timeout
2026-02-04 10:08:33 ERROR dataset: Stage1 stopping intent=Information Retrieval after 3 failures
2026-02-04 10:08:33 ERROR dataset: Stage1 error intent=Entertainment: batch_timeout
2026-02-04 10:08:33 ERROR dataset: Stage1 stopping intent=Entertainment after 3 failures
2026-02-04 10:08:33 ERROR dataset: Stage1 error intent=product_lookup: batch_timeout
2026-02-04 10:08:33 ERROR dataset: Stage1 stopping intent=product_lookup after 3 failures
2026-02-04 10:08:33 ERROR dataset: Stage1 error intent=Booking: batch_timeout
2026-02-04 10:08:33 ERROR dataset: Stage1 stopping intent=Booking after 3 failures
2026-02-04 10:08:33 ERROR dataset: Stage1 error intent=weather: batch_timeout
2026-02-04 10:08:33 ERROR dataset: Stage1 stopping intent=weather after 3 failures
2026-02-04 10:08:33 ERROR dataset: Stage1 error intent=data visualisation: batch_timeout
2026-02-04 10:08:33 ERROR dataset: Stage1 stopping intent=data visualisation after 3 failures
2026-02-04 10:08:33 ERROR dataset: Stage1 error intent=Planning: batch_timeout
2026-02-04 10:08:33 ERROR dataset: Stage1 stopping intent=Planning after 3 failures
2026-02-04 10:08:33 ERROR dataset: Stage1 error intent=productivity: batch_timeout
2026-02-04 10:08:33 ERROR dataset: Stage1 stopping intent=productivity after 3 failures
2026-02-04 10:08:33 ERROR dataset: Stage1 error intent=Recipe: batch_timeout
2026-02-04 10:08:33 ERROR dataset: Stage1 stopping intent=Recipe after 3 failures
2026-02-04 10:08:33 ERROR dataset: Stage1 error intent=Localization: batch_timeout
2026-02-04 10:08:33 ERROR dataset: Stage1 stopping intent=Localization after 3 failures
2026-02-04 10:08:33 ERROR dataset: Stage1 error intent=Technical support: batch_timeout
2026-02-04 10:08:33 ERROR dataset: Stage1 stopping intent=Technical support after 3 failures
2026-02-04 10:08:33 ERROR dataset: Stage1 error intent=Creating Writing: batch_timeout
2026-02-04 10:08:33 ERROR dataset: Stage1 stopping intent=Creating Writing after 3 failures
2026-02-04 10:08:33 ERROR dataset: Stage1 error intent=Event Schedule: batch_timeout
2026-02-04 10:08:33 ERROR dataset: Stage1 stopping intent=Event Schedule after 3 failures
2026-02-04 10:08:33 ERROR dataset: Stage1 error intent=Research Analysis: batch_timeout
2026-02-04 10:08:33 ERROR dataset: Stage1 stopping intent=Research Analysis after 3 failures
2026-02-04 10:08:33 ERROR dataset: Stage1 error intent=Comparison: batch_timeout
2026-02-04 10:08:33 ERROR dataset: Stage1 stopping intent=Comparison after 3 failures
2026-02-04 10:08:33 ERROR dataset: Stage1 error intent=calculation: batch_timeout
2026-02-04 10:08:33 ERROR dataset: Stage1 stopping intent=calculation after 3 failures
2026-02-04 10:08:33 ERROR dataset: Stage1 error intent=Travel: batch_timeout
2026-02-04 10:08:33 ERROR dataset: Stage1 stopping intent=Travel after 3 failures
2026-02-04 10:08:33 ERROR dataset: Stage1 error intent=Navigation: batch_timeout
2026-02-04 10:08:33 ERROR dataset: Stage1 stopping intent=Navigation after 3 failures
2026-02-04 10:08:33 ERROR dataset: Stage1 error intent=Education: batch_timeout
2026-02-04 10:08:33 ERROR dataset: Stage1 stopping intent=Education after 3 failures
2026-02-04 10:08:33 ERROR dataset: Stage1 error intent=Documentation: batch_timeout
2026-02-04 10:08:33 ERROR dataset: Stage1 stopping intent=Documentation after 3 failures
2026-02-04 10:08:33 ERROR dataset: Stage1 error intent=media playback: batch_timeout
2026-02-04 10:08:33 ERROR dataset: Stage1 stopping intent=media playback after 3 failures
2026-02-04 10:08:33 ERROR dataset: Stage1 error intent=qr scanner: batch_timeout
2026-02-04 10:08:33 ERROR dataset: Stage1 stopping intent=qr scanner after 3 failures
2026-02-04 10:08:33 ERROR dataset: Stage1 error intent=status check: batch_timeout
2026-02-04 10:08:33 ERROR dataset: Stage1 stopping intent=status check after 3 failures
2026-02-04 10:13:46 ERROR dataset: Stage1 error intent=Information Retrieval: batch_timeout
2026-02-04 10:13:46 ERROR dataset: Stage1 error intent=Entertainment: batch_timeout
2026-02-04 10:13:46 ERROR dataset: Stage1 error intent=product_lookup: batch_timeout
2026-02-04 10:13:46 ERROR dataset: Stage1 error intent=Booking: batch_timeout
2026-02-04 10:13:46 ERROR dataset: Stage1 error intent=weather: batch_timeout
2026-02-04 10:13:46 ERROR dataset: Stage1 error intent=data visualisation: batch_timeout
2026-02-04 10:13:46 ERROR dataset: Stage1 error intent=Planning: batch_timeout
2026-02-04 10:13:46 ERROR dataset: Stage1 error intent=productivity: batch_timeout
2026-02-04 10:13:46 ERROR dataset: Stage1 error intent=Recipe: batch_timeout
2026-02-04 10:13:46 ERROR dataset: Stage1 error intent=Localization: batch_timeout
2026-02-04 10:13:46 ERROR dataset: Stage1 error intent=Technical support: batch_timeout
2026-02-04 10:13:46 ERROR dataset: Stage1 error intent=Creating Writing: batch_timeout
2026-02-04 10:13:46 ERROR dataset: Stage1 error intent=Event Schedule: batch_timeout
2026-02-04 10:13:46 ERROR dataset: Stage1 error intent=Research Analysis: batch_timeout
2026-02-04 10:13:46 ERROR dataset: Stage1 error intent=Comparison: batch_timeout
2026-02-04 10:13:46 ERROR dataset: Stage1 error intent=calculation: batch_timeout
2026-02-04 10:13:46 ERROR dataset: Stage1 error intent=Travel: batch_timeout
2026-02-04 10:13:46 ERROR dataset: Stage1 error intent=Navigation: batch_timeout
2026-02-04 10:13:46 ERROR dataset: Stage1 error intent=Education: batch_timeout
2026-02-04 10:13:46 ERROR dataset: Stage1 error intent=Documentation: batch_timeout
2026-02-04 10:13:46 ERROR dataset: Stage1 error intent=media playback: batch_timeout
2026-02-04 10:13:46 ERROR dataset: Stage1 error intent=qr scanner: batch_timeout
2026-02-04 10:13:46 ERROR dataset: Stage1 error intent=status check: batch_timeout
2026-02-04 10:27:03 ERROR dataset: Stage1 parse error intent=Information Retrieval: Expecting ',' delimiter: line 175 column 48 (char 8987)
2026-02-04 10:27:03 INFO dataset: Stage1 recovered 35 objects from fallback parse intent=Information Retrieval
2026-02-04 10:27:03 INFO dataset: Stage1 intent=Information Retrieval created=35 total=35
2026-02-04 10:27:59 ERROR dataset: Stage1 parse error intent=Information Retrieval: Expecting ',' delimiter: line 105 column 50 (char 6595)
2026-02-04 10:27:59 INFO dataset: Stage1 recovered 21 objects from fallback parse intent=Information Retrieval
2026-02-04 10:27:59 INFO dataset: Stage1 intent=Information Retrieval created=21 total=56
2026-02-04 10:28:53 ERROR dataset: Stage1 parse error intent=Information Retrieval: Expecting ',' delimiter: line 125 column 48 (char 6817)
2026-02-04 10:28:53 INFO dataset: Stage1 recovered 25 objects from fallback parse intent=Information Retrieval
2026-02-04 10:28:53 INFO dataset: Stage1 intent=Information Retrieval created=25 total=81
2026-02-04 10:28:56 ERROR dataset: Stage1 error intent=Information Retrieval: batch_timeout
2026-02-04 10:28:56 ERROR dataset: Stage1 error intent=Entertainment: batch_timeout
2026-02-04 10:28:56 ERROR dataset: Stage1 error intent=product_lookup: batch_timeout
2026-02-04 10:28:56 ERROR dataset: Stage1 error intent=Booking: batch_timeout
2026-02-04 10:28:56 ERROR dataset: Stage1 error intent=weather: batch_timeout
2026-02-04 10:28:56 ERROR dataset: Stage1 error intent=data visualisation: batch_timeout
2026-02-04 10:28:56 ERROR dataset: Stage1 error intent=Planning: batch_timeout
2026-02-04 10:28:56 ERROR dataset: Stage1 error intent=productivity: batch_timeout
2026-02-04 10:28:56 ERROR dataset: Stage1 error intent=Recipe: batch_timeout
2026-02-04 10:28:56 ERROR dataset: Stage1 error intent=Localization: batch_timeout
2026-02-04 10:28:56 ERROR dataset: Stage1 error intent=Technical support: batch_timeout
2026-02-04 10:28:56 ERROR dataset: Stage1 error intent=Creating Writing: batch_timeout
2026-02-04 10:28:56 ERROR dataset: Stage1 error intent=Event Schedule: batch_timeout
2026-02-04 10:28:56 ERROR dataset: Stage1 error intent=Research Analysis: batch_timeout
2026-02-04 10:28:56 ERROR dataset: Stage1 error intent=Comparison: batch_timeout
2026-02-04 10:28:56 ERROR dataset: Stage1 error intent=calculation: batch_timeout
2026-02-04 10:28:56 ERROR dataset: Stage1 error intent=Travel: batch_timeout
2026-02-04 10:28:56 ERROR dataset: Stage1 error intent=Navigation: batch_timeout
2026-02-04 10:28:56 ERROR dataset: Stage1 error intent=Education: batch_timeout
2026-02-04 10:28:56 ERROR dataset: Stage1 error intent=Documentation: batch_timeout
2026-02-04 10:28:56 ERROR dataset: Stage1 error intent=media playback: batch_timeout
2026-02-04 10:28:56 ERROR dataset: Stage1 error intent=qr scanner: batch_timeout
2026-02-04 10:28:56 ERROR dataset: Stage1 error intent=status check: batch_timeout
2026-02-04 10:29:32 INFO dataset: Stage1 intent=Information Retrieval created=6 total=87
2026-02-04 10:30:28 ERROR dataset: Stage1 parse error intent=Entertainment: Expecting ',' delimiter: line 140 column 42 (char 8485)
2026-02-04 10:30:28 INFO dataset: Stage1 recovered 28 objects from fallback parse intent=Entertainment
2026-02-04 10:30:28 INFO dataset: Stage1 intent=Entertainment created=28 total=28
2026-02-04 10:31:24 ERROR dataset: Stage1 parse error intent=Entertainment: Expecting ',' delimiter: line 150 column 53 (char 8018)
2026-02-04 10:31:24 INFO dataset: Stage1 recovered 30 objects from fallback parse intent=Entertainment
2026-02-04 10:31:24 INFO dataset: Stage1 intent=Entertainment created=30 total=58
2026-02-04 10:32:19 ERROR dataset: Stage1 parse error intent=Entertainment: Expecting ',' delimiter: line 70 column 72 (char 4548)
2026-02-04 10:32:19 INFO dataset: Stage1 recovered 13 objects from fallback parse intent=Entertainment
2026-02-04 10:32:19 INFO dataset: Stage1 intent=Entertainment created=13 total=71
2026-02-04 10:33:05 INFO dataset: Stage1 intent=Entertainment created=16 total=87
2026-02-04 10:33:59 ERROR dataset: Stage1 parse error intent=product_lookup: Expecting ',' delimiter: line 115 column 52 (char 7161)
2026-02-04 10:33:59 INFO dataset: Stage1 recovered 23 objects from fallback parse intent=product_lookup
2026-02-04 10:33:59 INFO dataset: Stage1 intent=product_lookup created=23 total=23
2026-02-04 10:34:54 ERROR dataset: Stage1 parse error intent=product_lookup: Expecting ',' delimiter: line 105 column 67 (char 7102)
2026-02-04 10:34:54 INFO dataset: Stage1 recovered 21 objects from fallback parse intent=product_lookup
2026-02-04 10:34:54 INFO dataset: Stage1 intent=product_lookup created=21 total=44
2026-02-04 10:35:47 ERROR dataset: Stage1 parse error intent=product_lookup: Expecting ',' delimiter: line 135 column 49 (char 7631)
2026-02-04 10:35:47 INFO dataset: Stage1 recovered 26 objects from fallback parse intent=product_lookup
2026-02-04 10:35:47 INFO dataset: Stage1 intent=product_lookup created=26 total=70
2026-02-04 10:36:33 INFO dataset: Stage1 intent=product_lookup created=17 total=87
2026-02-04 10:37:27 ERROR dataset: Stage1 parse error intent=Booking: Expecting ',' delimiter: line 95 column 55 (char 5802)
2026-02-04 10:37:27 INFO dataset: Stage1 recovered 19 objects from fallback parse intent=Booking
2026-02-04 10:37:27 INFO dataset: Stage1 intent=Booking created=19 total=19
2026-02-04 10:37:44 ERROR dataset: Stage1 parse error intent=Booking: Expecting ',' delimiter: line 120 column 49 (char 6108)
2026-02-04 10:37:44 INFO dataset: Stage1 recovered 24 objects from fallback parse intent=Booking
2026-02-04 10:37:44 INFO dataset: Stage1 intent=Booking created=24 total=24
2026-02-04 10:38:23 ERROR dataset: Stage1 parse error intent=Booking: Expecting ',' delimiter: line 65 column 62 (char 4874)
2026-02-04 10:38:23 INFO dataset: Stage1 recovered 13 objects from fallback parse intent=Booking
2026-02-04 10:38:23 INFO dataset: Stage1 intent=Booking created=13 total=32
2026-02-04 10:38:42 ERROR dataset: Stage1 parse error intent=Booking: Expecting ',' delimiter: line 75 column 46 (char 6661)
2026-02-04 10:38:42 INFO dataset: Stage1 recovered 15 objects from fallback parse intent=Booking
2026-02-04 10:38:42 INFO dataset: Stage1 intent=Booking created=15 total=39
2026-02-04 10:39:17 ERROR dataset: Stage1 parse error intent=Booking: Expecting ',' delimiter: line 70 column 50 (char 4950)
2026-02-04 10:39:17 INFO dataset: Stage1 recovered 14 objects from fallback parse intent=Booking
2026-02-04 10:39:17 INFO dataset: Stage1 intent=Booking created=14 total=46
2026-02-04 10:39:36 ERROR dataset: Stage1 parse error intent=Booking: Expecting ',' delimiter: line 95 column 46 (char 5930)
2026-02-04 10:39:36 INFO dataset: Stage1 recovered 19 objects from fallback parse intent=Booking
2026-02-04 10:39:36 INFO dataset: Stage1 intent=Booking created=19 total=58
2026-02-04 10:40:13 ERROR dataset: Stage1 parse error intent=Booking: Expecting ',' delimiter: line 75 column 55 (char 4275)
2026-02-04 10:40:13 INFO dataset: Stage1 recovered 15 objects from fallback parse intent=Booking
2026-02-04 10:40:13 INFO dataset: Stage1 intent=Booking created=15 total=61
2026-02-04 10:40:30 ERROR dataset: Stage1 parse error intent=Booking: Expecting ',' delimiter: line 10 column 52 (char 719)
2026-02-04 10:40:30 INFO dataset: Stage1 recovered 2 objects from fallback parse intent=Booking
2026-02-04 10:40:30 INFO dataset: Stage1 intent=Booking created=2 total=60
2026-02-04 10:41:09 ERROR dataset: Stage1 parse error intent=Booking: Expecting ',' delimiter: line 30 column 52 (char 2848)
2026-02-04 10:41:09 INFO dataset: Stage1 recovered 6 objects from fallback parse intent=Booking
2026-02-04 10:41:09 INFO dataset: Stage1 intent=Booking created=6 total=67
2026-02-04 10:41:23 ERROR dataset: Stage1 parse error intent=Booking: Unterminated string starting at: line 118 column 19 (char 6609)
2026-02-04 10:41:23 INFO dataset: Stage1 recovered 23 objects from fallback parse intent=Booking
2026-02-04 10:41:23 INFO dataset: Stage1 intent=Booking created=23 total=83
2026-02-04 10:42:00 ERROR dataset: Stage1 parse error intent=Booking: Expecting ',' delimiter: line 75 column 62 (char 4869)
2026-02-04 10:42:00 INFO dataset: Stage1 recovered 15 objects from fallback parse intent=Booking
2026-02-04 10:42:00 INFO dataset: Stage1 intent=Booking created=15 total=82
2026-02-04 10:42:02 INFO dataset: Stage1 intent=Booking created=4 total=87
2026-02-04 10:42:33 INFO dataset: Stage1 intent=Booking created=5 total=87
2026-02-04 10:42:56 ERROR dataset: Stage1 parse error intent=weather: Expecting ',' delimiter: line 125 column 50 (char 7363)
2026-02-04 10:42:56 INFO dataset: Stage1 recovered 25 objects from fallback parse intent=weather
2026-02-04 10:42:56 INFO dataset: Stage1 intent=weather created=25 total=25
2026-02-04 10:43:27 ERROR dataset: Stage1 parse error intent=weather: Expecting ',' delimiter: line 125 column 50 (char 7363)
2026-02-04 10:43:27 INFO dataset: Stage1 recovered 25 objects from fallback parse intent=weather
2026-02-04 10:43:27 INFO dataset: Stage1 intent=weather created=25 total=25
2026-02-04 10:43:53 ERROR dataset: Stage1 parse error intent=weather: Expecting ',' delimiter: line 90 column 46 (char 5546)
2026-02-04 10:43:53 INFO dataset: Stage1 recovered 18 objects from fallback parse intent=weather
2026-02-04 10:43:53 INFO dataset: Stage1 intent=weather created=18 total=43
2026-02-04 10:44:08 ERROR dataset: Stage1 error intent=Information Retrieval: batch_timeout
2026-02-04 10:44:08 ERROR dataset: Stage1 stopping intent=Information Retrieval after 3 failures
2026-02-04 10:44:08 ERROR dataset: Stage1 error intent=Entertainment: batch_timeout
2026-02-04 10:44:08 ERROR dataset: Stage1 stopping intent=Entertainment after 3 failures
2026-02-04 10:44:08 ERROR dataset: Stage1 error intent=product_lookup: batch_timeout
2026-02-04 10:44:08 ERROR dataset: Stage1 stopping intent=product_lookup after 3 failures
2026-02-04 10:44:08 ERROR dataset: Stage1 error intent=Booking: batch_timeout
2026-02-04 10:44:08 ERROR dataset: Stage1 stopping intent=Booking after 3 failures
2026-02-04 10:44:08 ERROR dataset: Stage1 error intent=weather: batch_timeout
2026-02-04 10:44:08 ERROR dataset: Stage1 stopping intent=weather after 3 failures
2026-02-04 10:44:08 ERROR dataset: Stage1 error intent=data visualisation: batch_timeout
2026-02-04 10:44:08 ERROR dataset: Stage1 stopping intent=data visualisation after 3 failures
2026-02-04 10:44:08 ERROR dataset: Stage1 error intent=Planning: batch_timeout
2026-02-04 10:44:08 ERROR dataset: Stage1 stopping intent=Planning after 3 failures
2026-02-04 10:44:08 ERROR dataset: Stage1 error intent=productivity: batch_timeout
2026-02-04 10:44:08 ERROR dataset: Stage1 stopping intent=productivity after 3 failures
2026-02-04 10:44:08 ERROR dataset: Stage1 error intent=Recipe: batch_timeout
2026-02-04 10:44:08 ERROR dataset: Stage1 stopping intent=Recipe after 3 failures
2026-02-04 10:44:08 ERROR dataset: Stage1 error intent=Localization: batch_timeout
2026-02-04 10:44:08 ERROR dataset: Stage1 stopping intent=Localization after 3 failures
2026-02-04 10:44:08 ERROR dataset: Stage1 error intent=Technical support: batch_timeout
2026-02-04 10:44:08 ERROR dataset: Stage1 stopping intent=Technical support after 3 failures
2026-02-04 10:44:08 ERROR dataset: Stage1 error intent=Creating Writing: batch_timeout
2026-02-04 10:44:08 ERROR dataset: Stage1 stopping intent=Creating Writing after 3 failures
2026-02-04 10:44:08 ERROR dataset: Stage1 error intent=Event Schedule: batch_timeout
2026-02-04 10:44:08 ERROR dataset: Stage1 stopping intent=Event Schedule after 3 failures
2026-02-04 10:44:08 ERROR dataset: Stage1 error intent=Research Analysis: batch_timeout
2026-02-04 10:44:08 ERROR dataset: Stage1 stopping intent=Research Analysis after 3 failures
2026-02-04 10:44:08 ERROR dataset: Stage1 error intent=Comparison: batch_timeout
2026-02-04 10:44:08 ERROR dataset: Stage1 stopping intent=Comparison after 3 failures
2026-02-04 10:44:08 ERROR dataset: Stage1 error intent=calculation: batch_timeout
2026-02-04 10:44:08 ERROR dataset: Stage1 stopping intent=calculation after 3 failures
2026-02-04 10:44:08 ERROR dataset: Stage1 error intent=Travel: batch_timeout
2026-02-04 10:44:08 ERROR dataset: Stage1 stopping intent=Travel after 3 failures
2026-02-04 10:44:08 ERROR dataset: Stage1 error intent=Navigation: batch_timeout
2026-02-04 10:44:08 ERROR dataset: Stage1 stopping intent=Navigation after 3 failures
2026-02-04 10:44:08 ERROR dataset: Stage1 error intent=Education: batch_timeout
2026-02-04 10:44:08 ERROR dataset: Stage1 stopping intent=Education after 3 failures
2026-02-04 10:44:08 ERROR dataset: Stage1 error intent=Documentation: batch_timeout
2026-02-04 10:44:08 ERROR dataset: Stage1 stopping intent=Documentation after 3 failures
2026-02-04 10:44:08 ERROR dataset: Stage1 error intent=media playback: batch_timeout
2026-02-04 10:44:08 ERROR dataset: Stage1 stopping intent=media playback after 3 failures
2026-02-04 10:44:08 ERROR dataset: Stage1 error intent=qr scanner: batch_timeout
2026-02-04 10:44:08 ERROR dataset: Stage1 stopping intent=qr scanner after 3 failures
2026-02-04 10:44:08 ERROR dataset: Stage1 error intent=status check: batch_timeout
2026-02-04 10:44:08 ERROR dataset: Stage1 stopping intent=status check after 3 failures
2026-02-04 10:44:22 ERROR dataset: Stage1 parse error intent=weather: Expecting ',' delimiter: line 105 column 51 (char 6908)
2026-02-04 10:44:22 INFO dataset: Stage1 recovered 21 objects from fallback parse intent=weather
2026-02-04 10:44:22 INFO dataset: Stage1 intent=weather created=21 total=46
2026-02-04 10:44:47 ERROR dataset: Stage1 parse error intent=weather: Unterminated string starting at: line 68 column 19 (char 4609)
2026-02-04 10:44:47 INFO dataset: Stage1 recovered 13 objects from fallback parse intent=weather
2026-02-04 10:44:47 INFO dataset: Stage1 intent=weather created=13 total=56
2026-02-04 10:45:15 ERROR dataset: Stage1 parse error intent=weather: Expecting ',' delimiter: line 90 column 45 (char 7015)
2026-02-04 10:45:15 INFO dataset: Stage1 recovered 18 objects from fallback parse intent=weather
2026-02-04 10:45:15 INFO dataset: Stage1 intent=weather created=18 total=64
2026-02-04 10:45:41 ERROR dataset: Stage1 parse error intent=weather: Expecting ',' delimiter: line 110 column 54 (char 7256)
2026-02-04 10:45:41 INFO dataset: Stage1 recovered 22 objects from fallback parse intent=weather
2026-02-04 10:45:41 INFO dataset: Stage1 intent=weather created=22 total=78
2026-02-04 10:46:09 ERROR dataset: Stage1 parse error intent=weather: Expecting ',' delimiter: line 70 column 43 (char 6644)
2026-02-04 10:46:09 INFO dataset: Stage1 recovered 14 objects from fallback parse intent=weather
2026-02-04 10:46:09 INFO dataset: Stage1 intent=weather created=14 total=78
2026-02-04 10:46:21 INFO dataset: Stage1 intent=weather created=9 total=87
2026-02-04 10:46:48 INFO dataset: Stage1 intent=weather created=9 total=87
2026-02-04 10:47:15 ERROR dataset: Stage1 parse error intent=data visualisation: Expecting ',' delimiter: line 120 column 56 (char 5971)
2026-02-04 10:47:15 INFO dataset: Stage1 recovered 24 objects from fallback parse intent=data visualisation
2026-02-04 10:47:15 INFO dataset: Stage1 intent=data visualisation created=24 total=24
2026-02-04 10:47:41 ERROR dataset: Stage1 parse error intent=data visualisation: Unterminated string starting at: line 105 column 5 (char 5995)
2026-02-04 10:47:41 INFO dataset: Stage1 recovered 20 objects from fallback parse intent=data visualisation
2026-02-04 10:47:41 INFO dataset: Stage1 intent=data visualisation created=20 total=20
2026-02-04 10:48:11 ERROR dataset: Stage1 parse error intent=data visualisation: Expecting ',' delimiter: line 50 column 67 (char 3738)
2026-02-04 10:48:11 INFO dataset: Stage1 recovered 10 objects from fallback parse intent=data visualisation
2026-02-04 10:48:11 INFO dataset: Stage1 intent=data visualisation created=10 total=34
2026-02-04 10:48:34 ERROR dataset: Stage1 parse error intent=data visualisation: Expecting ',' delimiter: line 105 column 47 (char 6756)
2026-02-04 10:48:34 INFO dataset: Stage1 recovered 21 objects from fallback parse intent=data visualisation
2026-02-04 10:48:34 INFO dataset: Stage1 intent=data visualisation created=21 total=41
2026-02-04 10:49:04 ERROR dataset: Stage1 parse error intent=data visualisation: Expecting ',' delimiter: line 50 column 49 (char 3740)
2026-02-04 10:49:04 INFO dataset: Stage1 recovered 10 objects from fallback parse intent=data visualisation
2026-02-04 10:49:04 INFO dataset: Stage1 intent=data visualisation created=10 total=44
2026-02-04 10:49:29 ERROR dataset: Stage1 parse error intent=data visualisation: Expecting ',' delimiter: line 90 column 65 (char 6250)
2026-02-04 10:49:29 INFO dataset: Stage1 recovered 18 objects from fallback parse intent=data visualisation
2026-02-04 10:49:29 INFO dataset: Stage1 intent=data visualisation created=18 total=59
2026-02-04 10:49:57 ERROR dataset: Stage1 parse error intent=data visualisation: Expecting ',' delimiter: line 135 column 53 (char 7668)
2026-02-04 10:49:57 INFO dataset: Stage1 recovered 27 objects from fallback parse intent=data visualisation
2026-02-04 10:49:57 INFO dataset: Stage1 intent=data visualisation created=27 total=71
2026-02-04 10:50:24 ERROR dataset: Stage1 parse error intent=data visualisation: Expecting ',' delimiter: line 100 column 65 (char 6246)
2026-02-04 10:50:24 INFO dataset: Stage1 recovered 20 objects from fallback parse intent=data visualisation
2026-02-04 10:50:24 INFO dataset: Stage1 intent=data visualisation created=20 total=79
2026-02-04 10:50:45 INFO dataset: Stage1 intent=data visualisation created=16 total=87
2026-02-04 10:51:03 INFO dataset: Stage1 intent=data visualisation created=8 total=87
2026-02-04 10:51:39 ERROR dataset: Stage1 parse error intent=Planning: Expecting ',' delimiter: line 95 column 62 (char 7032)
2026-02-04 10:51:39 INFO dataset: Stage1 recovered 19 objects from fallback parse intent=Planning
2026-02-04 10:51:39 INFO dataset: Stage1 intent=Planning created=19 total=19
2026-02-04 10:51:56 ERROR dataset: Stage1 parse error intent=Planning: Expecting ',' delimiter: line 120 column 55 (char 7550)
2026-02-04 10:51:56 INFO dataset: Stage1 recovered 24 objects from fallback parse intent=Planning
2026-02-04 10:51:56 INFO dataset: Stage1 intent=Planning created=24 total=24
2026-02-04 10:52:22 WARNING dataset: Stage2 batch error query_id=q_000001: batch_timeout
2026-02-04 10:52:22 WARNING dataset: Stage2 batch error query_id=q_000002: batch_timeout
2026-02-04 10:52:22 WARNING dataset: Stage2 batch error query_id=q_000003: batch_timeout
2026-02-04 10:52:22 WARNING dataset: Stage2 batch error query_id=q_000004: batch_timeout
2026-02-04 10:52:22 WARNING dataset: Stage2 batch error query_id=q_000005: batch_timeout
2026-02-04 10:52:22 WARNING dataset: Stage2 batch error query_id=q_000006: batch_timeout
2026-02-04 10:52:22 WARNING dataset: Stage2 batch error query_id=q_000007: batch_timeout
2026-02-04 10:52:22 WARNING dataset: Stage2 batch error query_id=q_000008: batch_timeout
2026-02-04 10:52:22 WARNING dataset: Stage2 batch error query_id=q_000009: batch_timeout
2026-02-04 10:52:22 WARNING dataset: Stage2 batch error query_id=q_000010: batch_timeout
2026-02-04 10:52:22 WARNING dataset: Stage2 batch error query_id=q_000011: batch_timeout
2026-02-04 10:52:22 WARNING dataset: Stage2 batch error query_id=q_000012: batch_timeout
2026-02-04 10:52:22 WARNING dataset: Stage2 batch error query_id=q_000013: batch_timeout
2026-02-04 10:52:22 WARNING dataset: Stage2 batch error query_id=q_000014: batch_timeout
2026-02-04 10:52:22 WARNING dataset: Stage2 batch error query_id=q_000015: batch_timeout
2026-02-04 10:52:22 WARNING dataset: Stage2 batch error query_id=q_000016: batch_timeout
2026-02-04 10:52:22 WARNING dataset: Stage2 batch error query_id=q_000017: batch_timeout
2026-02-04 10:52:22 WARNING dataset: Stage2 batch error query_id=q_000018: batch_timeout
2026-02-04 10:52:22 WARNING dataset: Stage2 batch error query_id=q_000019: batch_timeout
2026-02-04 10:52:22 WARNING dataset: Stage2 batch error query_id=q_000020: batch_timeout
2026-02-04 10:52:22 WARNING dataset: Stage2 batch error query_id=q_000021: batch_timeout
2026-02-04 10:52:22 WARNING dataset: Stage2 batch error query_id=q_000022: batch_timeout
2026-02-04 10:52:22 WARNING dataset: Stage2 batch error query_id=q_000023: batch_timeout
2026-02-04 10:52:22 WARNING dataset: Stage2 batch error query_id=q_000024: batch_timeout
2026-02-04 10:52:22 WARNING dataset: Stage2 batch error query_id=q_000025: batch_timeout
2026-02-04 10:52:22 WARNING dataset: Stage2 batch error query_id=q_000026: batch_timeout
2026-02-04 10:52:22 WARNING dataset: Stage2 batch error query_id=q_000027: batch_timeout
2026-02-04 10:52:22 WARNING dataset: Stage2 batch error query_id=q_000028: batch_timeout
2026-02-04 10:52:22 WARNING dataset: Stage2 batch error query_id=q_000029: batch_timeout
2026-02-04 10:52:22 WARNING dataset: Stage2 batch error query_id=q_000030: batch_timeout
2026-02-04 10:52:22 WARNING dataset: Stage2 batch error query_id=q_000031: batch_timeout
2026-02-04 10:52:22 WARNING dataset: Stage2 batch error query_id=q_000032: batch_timeout
2026-02-04 10:52:22 WARNING dataset: Stage2 batch error query_id=q_000033: batch_timeout
2026-02-04 10:52:22 WARNING dataset: Stage2 batch error query_id=q_000034: batch_timeout
2026-02-04 10:52:22 WARNING dataset: Stage2 batch error query_id=q_000035: batch_timeout
2026-02-04 10:52:22 WARNING dataset: Stage2 batch error query_id=q_000036: batch_timeout
2026-02-04 10:52:22 WARNING dataset: Stage2 batch error query_id=q_000037: batch_timeout
2026-02-04 10:52:22 WARNING dataset: Stage2 batch error query_id=q_000038: batch_timeout
2026-02-04 10:52:22 WARNING dataset: Stage2 batch error query_id=q_000039: batch_timeout
2026-02-04 10:52:22 WARNING dataset: Stage2 batch error query_id=q_000040: batch_timeout
2026-02-04 10:52:22 WARNING dataset: Stage2 batch error query_id=q_000041: batch_timeout
2026-02-04 10:52:22 WARNING dataset: Stage2 batch error query_id=q_000042: batch_timeout
2026-02-04 10:52:22 WARNING dataset: Stage2 batch error query_id=q_000043: batch_timeout
2026-02-04 10:52:22 WARNING dataset: Stage2 batch error query_id=q_000044: batch_timeout
2026-02-04 10:52:22 WARNING dataset: Stage2 batch error query_id=q_000045: batch_timeout
2026-02-04 10:52:22 WARNING dataset: Stage2 batch error query_id=q_000046: batch_timeout
2026-02-04 10:52:22 WARNING dataset: Stage2 batch error query_id=q_000047: batch_timeout
2026-02-04 10:52:22 WARNING dataset: Stage2 batch error query_id=q_000048: batch_timeout
2026-02-04 10:52:22 WARNING dataset: Stage2 batch error query_id=q_000049: batch_timeout
2026-02-04 10:52:22 WARNING dataset: Stage2 batch error query_id=q_000050: batch_timeout
2026-02-04 10:52:22 WARNING dataset: Stage2 batch error query_id=q_000051: batch_timeout
2026-02-04 10:52:22 WARNING dataset: Stage2 batch error query_id=q_000052: batch_timeout
2026-02-04 10:52:22 WARNING dataset: Stage2 batch error query_id=q_000053: batch_timeout
2026-02-04 10:52:22 WARNING dataset: Stage2 batch error query_id=q_000054: batch_timeout
2026-02-04 10:52:22 WARNING dataset: Stage2 batch error query_id=q_000055: batch_timeout
2026-02-04 10:52:22 WARNING dataset: Stage2 batch error query_id=q_000056: batch_timeout
2026-02-04 10:52:22 WARNING dataset: Stage2 batch error query_id=q_000057: batch_timeout
2026-02-04 10:52:22 WARNING dataset: Stage2 batch error query_id=q_000058: batch_timeout
2026-02-04 10:52:22 WARNING dataset: Stage2 batch error query_id=q_000059: batch_timeout
2026-02-04 10:52:22 WARNING dataset: Stage2 batch error query_id=q_000060: batch_timeout
2026-02-04 10:52:22 WARNING dataset: Stage2 batch error query_id=q_000061: batch_timeout
2026-02-04 10:52:22 WARNING dataset: Stage2 batch error query_id=q_000062: batch_timeout
2026-02-04 10:52:22 WARNING dataset: Stage2 batch error query_id=q_000063: batch_timeout
2026-02-04 10:52:22 WARNING dataset: Stage2 batch error query_id=q_000064: batch_timeout
2026-02-04 10:52:22 WARNING dataset: Stage2 batch error query_id=q_000065: batch_timeout
2026-02-04 10:52:22 WARNING dataset: Stage2 batch error query_id=q_000066: batch_timeout
2026-02-04 10:52:22 WARNING dataset: Stage2 batch error query_id=q_000067: batch_timeout
2026-02-04 10:52:22 WARNING dataset: Stage2 batch error query_id=q_000068: batch_timeout
2026-02-04 10:52:22 WARNING dataset: Stage2 batch error query_id=q_000069: batch_timeout
2026-02-04 10:52:22 WARNING dataset: Stage2 batch error query_id=q_000070: batch_timeout
2026-02-04 10:52:22 WARNING dataset: Stage2 batch error query_id=q_000071: batch_timeout
2026-02-04 10:52:22 WARNING dataset: Stage2 batch error query_id=q_000072: batch_timeout
2026-02-04 10:52:22 WARNING dataset: Stage2 batch error query_id=q_000073: batch_timeout
2026-02-04 10:52:22 WARNING dataset: Stage2 batch error query_id=q_000074: batch_timeout
2026-02-04 10:52:22 WARNING dataset: Stage2 batch error query_id=q_000075: batch_timeout
2026-02-04 10:52:22 WARNING dataset: Stage2 batch error query_id=q_000076: batch_timeout
2026-02-04 10:52:22 WARNING dataset: Stage2 batch error query_id=q_000077: batch_timeout
2026-02-04 10:52:22 WARNING dataset: Stage2 batch error query_id=q_000078: batch_timeout
2026-02-04 10:52:22 WARNING dataset: Stage2 batch error query_id=q_000079: batch_timeout
2026-02-04 10:52:22 WARNING dataset: Stage2 batch error query_id=q_000080: batch_timeout
2026-02-04 10:52:22 WARNING dataset: Stage2 batch error query_id=q_000081: batch_timeout
2026-02-04 10:52:22 WARNING dataset: Stage2 batch error query_id=q_000082: batch_timeout
2026-02-04 10:52:22 WARNING dataset: Stage2 batch error query_id=q_000083: batch_timeout
2026-02-04 10:52:22 WARNING dataset: Stage2 batch error query_id=q_000084: batch_timeout
2026-02-04 10:52:22 WARNING dataset: Stage2 batch error query_id=q_000085: batch_timeout
2026-02-04 10:52:22 WARNING dataset: Stage2 batch error query_id=q_000086: batch_timeout
2026-02-04 10:52:22 WARNING dataset: Stage2 batch error query_id=q_000087: batch_timeout
2026-02-04 10:52:32 ERROR dataset: Stage1 parse error intent=Planning: Expecting property name enclosed in double quotes: line 132 column 4 (char 7904)
2026-02-04 10:52:32 INFO dataset: Stage1 recovered 26 objects from fallback parse intent=Planning
2026-02-04 10:52:32 INFO dataset: Stage1 intent=Planning created=26 total=45
2026-02-04 10:52:52 ERROR dataset: Stage1 parse error intent=Planning: Expecting ',' delimiter: line 120 column 54 (char 8466)
2026-02-04 10:52:52 INFO dataset: Stage1 recovered 24 objects from fallback parse intent=Planning
2026-02-04 10:52:52 INFO dataset: Stage1 intent=Planning created=24 total=48
2026-02-04 10:53:27 ERROR dataset: Stage1 parse error intent=Planning: Expecting ',' delimiter: line 70 column 50 (char 5024)
2026-02-04 10:53:27 INFO dataset: Stage1 recovered 14 objects from fallback parse intent=Planning
2026-02-04 10:53:27 INFO dataset: Stage1 intent=Planning created=14 total=59
2026-02-04 10:53:46 ERROR dataset: Stage1 parse error intent=Planning: Expecting ',' delimiter: line 110 column 43 (char 8066)
2026-02-04 10:53:46 INFO dataset: Stage1 recovered 22 objects from fallback parse intent=Planning
2026-02-04 10:53:46 INFO dataset: Stage1 intent=Planning created=22 total=70
2026-02-04 10:54:21 ERROR dataset: Stage1 parse error intent=Planning: Expecting ',' delimiter: line 80 column 73 (char 7034)
2026-02-04 10:54:21 INFO dataset: Stage1 recovered 16 objects from fallback parse intent=Planning
2026-02-04 10:54:21 INFO dataset: Stage1 intent=Planning created=16 total=75
2026-02-04 10:54:37 ERROR dataset: Stage1 parse error intent=Planning: Expecting ',' delimiter: line 70 column 63 (char 5244)
2026-02-04 10:54:37 INFO dataset: Stage1 recovered 14 objects from fallback parse intent=Planning
2026-02-04 10:54:37 INFO dataset: Stage1 intent=Planning created=14 total=84
2026-02-04 10:55:03 INFO dataset: Stage1 intent=Planning created=12 total=87
2026-02-04 10:55:06 INFO dataset: Stage1 intent=Planning created=3 total=87
2026-02-04 10:55:57 ERROR dataset: Stage1 parse error intent=productivity: Expecting ',' delimiter: line 120 column 45 (char 7433)
2026-02-04 10:55:57 INFO dataset: Stage1 recovered 24 objects from fallback parse intent=productivity
2026-02-04 10:55:57 INFO dataset: Stage1 intent=productivity created=24 total=24
2026-02-04 10:55:58 ERROR dataset: Stage1 parse error intent=productivity: Expecting ',' delimiter: line 120 column 48 (char 7302)
2026-02-04 10:55:58 INFO dataset: Stage1 recovered 24 objects from fallback parse intent=productivity
2026-02-04 10:55:58 INFO dataset: Stage1 intent=productivity created=24 total=24
2026-02-04 10:56:51 ERROR dataset: Stage1 parse error intent=productivity: Expecting ',' delimiter: line 130 column 54 (char 7849)
2026-02-04 10:56:51 INFO dataset: Stage1 recovered 26 objects from fallback parse intent=productivity
2026-02-04 10:56:51 INFO dataset: Stage1 intent=productivity created=26 total=50
2026-02-04 10:56:53 ERROR dataset: Stage1 parse error intent=productivity: Expecting ',' delimiter: line 120 column 38 (char 8425)
2026-02-04 10:56:53 INFO dataset: Stage1 recovered 24 objects from fallback parse intent=productivity
2026-02-04 10:56:53 INFO dataset: Stage1 intent=productivity created=24 total=48
2026-02-04 10:57:34 WARNING dataset: Stage2 batch error query_id=q_000088: batch_timeout
2026-02-04 10:57:34 WARNING dataset: Stage2 batch error query_id=q_000089: batch_timeout
2026-02-04 10:57:34 WARNING dataset: Stage2 batch error query_id=q_000090: batch_timeout
2026-02-04 10:57:34 WARNING dataset: Stage2 batch error query_id=q_000091: batch_timeout
2026-02-04 10:57:34 WARNING dataset: Stage2 batch error query_id=q_000092: batch_timeout
2026-02-04 10:57:34 WARNING dataset: Stage2 batch error query_id=q_000093: batch_timeout
2026-02-04 10:57:34 WARNING dataset: Stage2 batch error query_id=q_000094: batch_timeout
2026-02-04 10:57:34 WARNING dataset: Stage2 batch error query_id=q_000095: batch_timeout
2026-02-04 10:57:34 WARNING dataset: Stage2 batch error query_id=q_000096: batch_timeout
2026-02-04 10:57:34 WARNING dataset: Stage2 batch error query_id=q_000097: batch_timeout
2026-02-04 10:57:34 WARNING dataset: Stage2 batch error query_id=q_000098: batch_timeout
2026-02-04 10:57:34 WARNING dataset: Stage2 batch error query_id=q_000099: batch_timeout
2026-02-04 10:57:34 WARNING dataset: Stage2 batch error query_id=q_000100: batch_timeout
2026-02-04 10:57:34 WARNING dataset: Stage2 batch error query_id=q_000101: batch_timeout
2026-02-04 10:57:34 WARNING dataset: Stage2 batch error query_id=q_000102: batch_timeout
2026-02-04 10:57:34 WARNING dataset: Stage2 batch error query_id=q_000103: batch_timeout
2026-02-04 10:57:34 WARNING dataset: Stage2 batch error query_id=q_000104: batch_timeout
2026-02-04 10:57:34 WARNING dataset: Stage2 batch error query_id=q_000105: batch_timeout
2026-02-04 10:57:34 WARNING dataset: Stage2 batch error query_id=q_000106: batch_timeout
2026-02-04 10:57:34 WARNING dataset: Stage2 batch error query_id=q_000107: batch_timeout
2026-02-04 10:57:34 WARNING dataset: Stage2 batch error query_id=q_000108: batch_timeout
2026-02-04 10:57:34 WARNING dataset: Stage2 batch error query_id=q_000109: batch_timeout
2026-02-04 10:57:34 WARNING dataset: Stage2 batch error query_id=q_000110: batch_timeout
2026-02-04 10:57:34 WARNING dataset: Stage2 batch error query_id=q_000111: batch_timeout
2026-02-04 10:57:34 WARNING dataset: Stage2 batch error query_id=q_000112: batch_timeout
2026-02-04 10:57:34 WARNING dataset: Stage2 batch error query_id=q_000113: batch_timeout
2026-02-04 10:57:34 WARNING dataset: Stage2 batch error query_id=q_000114: batch_timeout
2026-02-04 10:57:34 WARNING dataset: Stage2 batch error query_id=q_000115: batch_timeout
2026-02-04 10:57:34 WARNING dataset: Stage2 batch error query_id=q_000116: batch_timeout
2026-02-04 10:57:34 WARNING dataset: Stage2 batch error query_id=q_000117: batch_timeout
2026-02-04 10:57:34 WARNING dataset: Stage2 batch error query_id=q_000118: batch_timeout
2026-02-04 10:57:34 WARNING dataset: Stage2 batch error query_id=q_000119: batch_timeout
2026-02-04 10:57:34 WARNING dataset: Stage2 batch error query_id=q_000120: batch_timeout
2026-02-04 10:57:34 WARNING dataset: Stage2 batch error query_id=q_000121: batch_timeout
2026-02-04 10:57:34 WARNING dataset: Stage2 batch error query_id=q_000122: batch_timeout
2026-02-04 10:57:34 WARNING dataset: Stage2 batch error query_id=q_000123: batch_timeout
2026-02-04 10:57:34 WARNING dataset: Stage2 batch error query_id=q_000124: batch_timeout
2026-02-04 10:57:34 WARNING dataset: Stage2 batch error query_id=q_000125: batch_timeout
2026-02-04 10:57:34 WARNING dataset: Stage2 batch error query_id=q_000126: batch_timeout
2026-02-04 10:57:34 WARNING dataset: Stage2 batch error query_id=q_000127: batch_timeout
2026-02-04 10:57:34 WARNING dataset: Stage2 batch error query_id=q_000128: batch_timeout
2026-02-04 10:57:34 WARNING dataset: Stage2 batch error query_id=q_000129: batch_timeout
2026-02-04 10:57:34 WARNING dataset: Stage2 batch error query_id=q_000130: batch_timeout
2026-02-04 10:57:34 WARNING dataset: Stage2 batch error query_id=q_000131: batch_timeout
2026-02-04 10:57:34 WARNING dataset: Stage2 batch error query_id=q_000132: batch_timeout
2026-02-04 10:57:34 WARNING dataset: Stage2 batch error query_id=q_000133: batch_timeout
2026-02-04 10:57:34 WARNING dataset: Stage2 batch error query_id=q_000134: batch_timeout
2026-02-04 10:57:34 WARNING dataset: Stage2 batch error query_id=q_000135: batch_timeout
2026-02-04 10:57:34 WARNING dataset: Stage2 batch error query_id=q_000136: batch_timeout
2026-02-04 10:57:34 WARNING dataset: Stage2 batch error query_id=q_000137: batch_timeout
2026-02-04 10:57:34 WARNING dataset: Stage2 batch error query_id=q_000138: batch_timeout
2026-02-04 10:57:34 WARNING dataset: Stage2 batch error query_id=q_000139: batch_timeout
2026-02-04 10:57:34 WARNING dataset: Stage2 batch error query_id=q_000140: batch_timeout
2026-02-04 10:57:34 WARNING dataset: Stage2 batch error query_id=q_000141: batch_timeout
2026-02-04 10:57:34 WARNING dataset: Stage2 batch error query_id=q_000142: batch_timeout
2026-02-04 10:57:34 WARNING dataset: Stage2 batch error query_id=q_000143: batch_timeout
2026-02-04 10:57:34 WARNING dataset: Stage2 batch error query_id=q_000144: batch_timeout
2026-02-04 10:57:34 WARNING dataset: Stage2 batch error query_id=q_000145: batch_timeout
2026-02-04 10:57:34 WARNING dataset: Stage2 batch error query_id=q_000146: batch_timeout
2026-02-04 10:57:34 WARNING dataset: Stage2 batch error query_id=q_000147: batch_timeout
2026-02-04 10:57:34 WARNING dataset: Stage2 batch error query_id=q_000148: batch_timeout
2026-02-04 10:57:34 WARNING dataset: Stage2 batch error query_id=q_000149: batch_timeout
2026-02-04 10:57:34 WARNING dataset: Stage2 batch error query_id=q_000150: batch_timeout
2026-02-04 10:57:34 WARNING dataset: Stage2 batch error query_id=q_000151: batch_timeout
2026-02-04 10:57:34 WARNING dataset: Stage2 batch error query_id=q_000152: batch_timeout
2026-02-04 10:57:34 WARNING dataset: Stage2 batch error query_id=q_000153: batch_timeout
2026-02-04 10:57:34 WARNING dataset: Stage2 batch error query_id=q_000154: batch_timeout
2026-02-04 10:57:34 WARNING dataset: Stage2 batch error query_id=q_000155: batch_timeout
2026-02-04 10:57:34 WARNING dataset: Stage2 batch error query_id=q_000156: batch_timeout
2026-02-04 10:57:34 WARNING dataset: Stage2 batch error query_id=q_000157: batch_timeout
2026-02-04 10:57:34 WARNING dataset: Stage2 batch error query_id=q_000158: batch_timeout
2026-02-04 10:57:34 WARNING dataset: Stage2 batch error query_id=q_000159: batch_timeout
2026-02-04 10:57:34 WARNING dataset: Stage2 batch error query_id=q_000160: batch_timeout
2026-02-04 10:57:34 WARNING dataset: Stage2 batch error query_id=q_000161: batch_timeout
2026-02-04 10:57:34 WARNING dataset: Stage2 batch error query_id=q_000162: batch_timeout
2026-02-04 10:57:34 WARNING dataset: Stage2 batch error query_id=q_000163: batch_timeout
2026-02-04 10:57:34 WARNING dataset: Stage2 batch error query_id=q_000164: batch_timeout
2026-02-04 10:57:34 WARNING dataset: Stage2 batch error query_id=q_000165: batch_timeout
2026-02-04 10:57:34 WARNING dataset: Stage2 batch error query_id=q_000166: batch_timeout
2026-02-04 10:57:34 WARNING dataset: Stage2 batch error query_id=q_000167: batch_timeout
2026-02-04 10:57:34 WARNING dataset: Stage2 batch error query_id=q_000168: batch_timeout
2026-02-04 10:57:34 WARNING dataset: Stage2 batch error query_id=q_000169: batch_timeout
2026-02-04 10:57:34 WARNING dataset: Stage2 batch error query_id=q_000170: batch_timeout
2026-02-04 10:57:34 WARNING dataset: Stage2 batch error query_id=q_000171: batch_timeout
2026-02-04 10:57:34 WARNING dataset: Stage2 batch error query_id=q_000172: batch_timeout
2026-02-04 10:57:34 WARNING dataset: Stage2 batch error query_id=q_000173: batch_timeout
2026-02-04 10:57:34 WARNING dataset: Stage2 batch error query_id=q_000174: batch_timeout
2026-02-04 10:57:46 ERROR dataset: Stage1 parse error intent=productivity: Expecting ',' delimiter: line 100 column 59 (char 7124)
2026-02-04 10:57:46 INFO dataset: Stage1 recovered 20 objects from fallback parse intent=productivity
2026-02-04 10:57:46 INFO dataset: Stage1 intent=productivity created=20 total=70
2026-02-04 10:57:47 ERROR dataset: Stage1 parse error intent=productivity: Expecting ',' delimiter: line 80 column 45 (char 4877)
2026-02-04 10:57:47 INFO dataset: Stage1 recovered 16 objects from fallback parse intent=productivity
2026-02-04 10:57:47 INFO dataset: Stage1 intent=productivity created=16 total=64
2026-02-04 10:58:37 INFO dataset: Stage1 intent=productivity created=17 total=87
2026-02-04 10:58:43 ERROR dataset: Stage1 parse error intent=productivity: Expecting ',' delimiter: line 95 column 56 (char 7052)
2026-02-04 10:58:43 INFO dataset: Stage1 recovered 18 objects from fallback parse intent=productivity
2026-02-04 10:58:43 INFO dataset: Stage1 intent=productivity created=18 total=82
2026-02-04 10:59:19 INFO dataset: Stage1 intent=productivity created=5 total=87
2026-02-04 10:59:32 ERROR dataset: Stage1 parse error intent=Recipe: Expecting ',' delimiter: line 165 column 54 (char 8815)
2026-02-04 10:59:32 INFO dataset: Stage1 recovered 33 objects from fallback parse intent=Recipe
2026-02-04 10:59:32 INFO dataset: Stage1 intent=Recipe created=33 total=33
2026-02-04 11:00:13 ERROR dataset: Stage1 parse error intent=Recipe: Expecting ',' delimiter: line 165 column 54 (char 8815)
2026-02-04 11:00:13 INFO dataset: Stage1 recovered 33 objects from fallback parse intent=Recipe
2026-02-04 11:00:13 INFO dataset: Stage1 intent=Recipe created=33 total=33
2026-02-04 11:00:27 ERROR dataset: Stage1 parse error intent=Recipe: Expecting ',' delimiter: line 145 column 53 (char 9228)
2026-02-04 11:00:27 INFO dataset: Stage1 recovered 29 objects from fallback parse intent=Recipe
2026-02-04 11:00:27 INFO dataset: Stage1 intent=Recipe created=29 total=62
2026-02-04 11:01:06 ERROR dataset: Stage1 parse error intent=Recipe: Expecting ',' delimiter: line 140 column 62 (char 8478)
2026-02-04 11:01:06 INFO dataset: Stage1 recovered 28 objects from fallback parse intent=Recipe
2026-02-04 11:01:06 INFO dataset: Stage1 intent=Recipe created=28 total=61
2026-02-04 11:01:18 ERROR dataset: Stage1 parse error intent=Recipe: Expecting ',' delimiter: line 110 column 65 (char 6709)
2026-02-04 11:01:18 INFO dataset: Stage1 recovered 22 objects from fallback parse intent=Recipe
2026-02-04 11:01:18 INFO dataset: Stage1 intent=Recipe created=22 total=84
2026-02-04 11:01:45 INFO dataset: Stage1 intent=Recipe created=3 total=87
2026-02-04 11:01:58 INFO dataset: Stage1 intent=Recipe created=26 total=87
2026-02-04 11:02:44 ERROR dataset: Stage1 parse error intent=Localization: Expecting ',' delimiter: line 80 column 49 (char 5829)
2026-02-04 11:02:44 INFO dataset: Stage1 recovered 16 objects from fallback parse intent=Localization
2026-02-04 11:02:44 INFO dataset: Stage1 intent=Localization created=16 total=16
2026-02-04 11:02:46 WARNING dataset: Stage2 batch error query_id=q_000175: batch_timeout
2026-02-04 11:02:46 WARNING dataset: Stage2 batch error query_id=q_000176: batch_timeout
2026-02-04 11:02:46 WARNING dataset: Stage2 batch error query_id=q_000177: batch_timeout
2026-02-04 11:02:46 WARNING dataset: Stage2 batch error query_id=q_000178: batch_timeout
2026-02-04 11:02:46 WARNING dataset: Stage2 batch error query_id=q_000179: batch_timeout
2026-02-04 11:02:46 WARNING dataset: Stage2 batch error query_id=q_000180: batch_timeout
2026-02-04 11:02:46 WARNING dataset: Stage2 batch error query_id=q_000181: batch_timeout
2026-02-04 11:02:46 WARNING dataset: Stage2 batch error query_id=q_000182: batch_timeout
2026-02-04 11:02:46 WARNING dataset: Stage2 batch error query_id=q_000183: batch_timeout
2026-02-04 11:02:46 WARNING dataset: Stage2 batch error query_id=q_000184: batch_timeout
2026-02-04 11:02:46 WARNING dataset: Stage2 batch error query_id=q_000185: batch_timeout
2026-02-04 11:02:46 WARNING dataset: Stage2 batch error query_id=q_000186: batch_timeout
2026-02-04 11:02:46 WARNING dataset: Stage2 batch error query_id=q_000187: batch_timeout
2026-02-04 11:02:46 WARNING dataset: Stage2 batch error query_id=q_000188: batch_timeout
2026-02-04 11:02:46 WARNING dataset: Stage2 batch error query_id=q_000189: batch_timeout
2026-02-04 11:02:46 WARNING dataset: Stage2 batch error query_id=q_000190: batch_timeout
2026-02-04 11:02:46 WARNING dataset: Stage2 batch error query_id=q_000191: batch_timeout
2026-02-04 11:02:46 WARNING dataset: Stage2 batch error query_id=q_000192: batch_timeout
2026-02-04 11:02:46 WARNING dataset: Stage2 batch error query_id=q_000193: batch_timeout
2026-02-04 11:02:46 WARNING dataset: Stage2 batch error query_id=q_000194: batch_timeout
2026-02-04 11:02:46 WARNING dataset: Stage2 batch error query_id=q_000195: batch_timeout
2026-02-04 11:02:46 WARNING dataset: Stage2 batch error query_id=q_000196: batch_timeout
2026-02-04 11:02:46 WARNING dataset: Stage2 batch error query_id=q_000197: batch_timeout
2026-02-04 11:02:46 WARNING dataset: Stage2 batch error query_id=q_000198: batch_timeout
2026-02-04 11:02:46 WARNING dataset: Stage2 batch error query_id=q_000199: batch_timeout
2026-02-04 11:02:46 WARNING dataset: Stage2 batch error query_id=q_000200: batch_timeout
2026-02-04 11:02:46 WARNING dataset: Stage2 batch error query_id=q_000201: batch_timeout
2026-02-04 11:02:46 WARNING dataset: Stage2 batch error query_id=q_000202: batch_timeout
2026-02-04 11:02:46 WARNING dataset: Stage2 batch error query_id=q_000203: batch_timeout
2026-02-04 11:02:46 WARNING dataset: Stage2 batch error query_id=q_000204: batch_timeout
2026-02-04 11:02:46 WARNING dataset: Stage2 batch error query_id=q_000205: batch_timeout
2026-02-04 11:02:46 WARNING dataset: Stage2 batch error query_id=q_000206: batch_timeout
2026-02-04 11:02:46 WARNING dataset: Stage2 batch error query_id=q_000207: batch_timeout
2026-02-04 11:02:46 WARNING dataset: Stage2 batch error query_id=q_000208: batch_timeout
2026-02-04 11:02:46 WARNING dataset: Stage2 batch error query_id=q_000209: batch_timeout
2026-02-04 11:02:46 WARNING dataset: Stage2 batch error query_id=q_000210: batch_timeout
2026-02-04 11:02:46 WARNING dataset: Stage2 batch error query_id=q_000211: batch_timeout
2026-02-04 11:02:46 WARNING dataset: Stage2 batch error query_id=q_000212: batch_timeout
2026-02-04 11:02:46 WARNING dataset: Stage2 batch error query_id=q_000213: batch_timeout
2026-02-04 11:02:46 WARNING dataset: Stage2 batch error query_id=q_000214: batch_timeout
2026-02-04 11:02:46 WARNING dataset: Stage2 batch error query_id=q_000215: batch_timeout
2026-02-04 11:02:46 WARNING dataset: Stage2 batch error query_id=q_000216: batch_timeout
2026-02-04 11:02:46 WARNING dataset: Stage2 batch error query_id=q_000217: batch_timeout
2026-02-04 11:02:46 WARNING dataset: Stage2 batch error query_id=q_000218: batch_timeout
2026-02-04 11:02:46 WARNING dataset: Stage2 batch error query_id=q_000219: batch_timeout
2026-02-04 11:02:46 WARNING dataset: Stage2 batch error query_id=q_000220: batch_timeout
2026-02-04 11:02:46 WARNING dataset: Stage2 batch error query_id=q_000221: batch_timeout
2026-02-04 11:02:46 WARNING dataset: Stage2 batch error query_id=q_000222: batch_timeout
2026-02-04 11:02:46 WARNING dataset: Stage2 batch error query_id=q_000223: batch_timeout
2026-02-04 11:02:46 WARNING dataset: Stage2 batch error query_id=q_000224: batch_timeout
2026-02-04 11:02:46 WARNING dataset: Stage2 batch error query_id=q_000225: batch_timeout
2026-02-04 11:02:46 WARNING dataset: Stage2 batch error query_id=q_000226: batch_timeout
2026-02-04 11:02:46 WARNING dataset: Stage2 batch error query_id=q_000227: batch_timeout
2026-02-04 11:02:46 WARNING dataset: Stage2 batch error query_id=q_000228: batch_timeout
2026-02-04 11:02:46 WARNING dataset: Stage2 batch error query_id=q_000229: batch_timeout
2026-02-04 11:02:46 WARNING dataset: Stage2 batch error query_id=q_000230: batch_timeout
2026-02-04 11:02:46 WARNING dataset: Stage2 batch error query_id=q_000231: batch_timeout
2026-02-04 11:02:46 WARNING dataset: Stage2 batch error query_id=q_000232: batch_timeout
2026-02-04 11:02:46 WARNING dataset: Stage2 batch error query_id=q_000233: batch_timeout
2026-02-04 11:02:46 WARNING dataset: Stage2 batch error query_id=q_000234: batch_timeout
2026-02-04 11:02:46 WARNING dataset: Stage2 batch error query_id=q_000235: batch_timeout
2026-02-04 11:02:46 WARNING dataset: Stage2 batch error query_id=q_000236: batch_timeout
2026-02-04 11:02:46 WARNING dataset: Stage2 batch error query_id=q_000237: batch_timeout
2026-02-04 11:02:46 WARNING dataset: Stage2 batch error query_id=q_000238: batch_timeout
2026-02-04 11:02:46 WARNING dataset: Stage2 batch error query_id=q_000239: batch_timeout
2026-02-04 11:02:46 WARNING dataset: Stage2 batch error query_id=q_000240: batch_timeout
2026-02-04 11:02:46 WARNING dataset: Stage2 batch error query_id=q_000241: batch_timeout
2026-02-04 11:02:46 WARNING dataset: Stage2 batch error query_id=q_000242: batch_timeout
2026-02-04 11:02:46 WARNING dataset: Stage2 batch error query_id=q_000243: batch_timeout
2026-02-04 11:02:46 WARNING dataset: Stage2 batch error query_id=q_000244: batch_timeout
2026-02-04 11:02:46 WARNING dataset: Stage2 batch error query_id=q_000245: batch_timeout
2026-02-04 11:02:46 WARNING dataset: Stage2 batch error query_id=q_000246: batch_timeout
2026-02-04 11:02:46 WARNING dataset: Stage2 batch error query_id=q_000247: batch_timeout
2026-02-04 11:02:46 WARNING dataset: Stage2 batch error query_id=q_000248: batch_timeout
2026-02-04 11:02:46 WARNING dataset: Stage2 batch error query_id=q_000249: batch_timeout
2026-02-04 11:02:46 WARNING dataset: Stage2 batch error query_id=q_000250: batch_timeout
2026-02-04 11:02:46 WARNING dataset: Stage2 batch error query_id=q_000251: batch_timeout
2026-02-04 11:02:46 WARNING dataset: Stage2 batch error query_id=q_000252: batch_timeout
2026-02-04 11:02:46 WARNING dataset: Stage2 batch error query_id=q_000253: batch_timeout
2026-02-04 11:02:46 WARNING dataset: Stage2 batch error query_id=q_000254: batch_timeout
2026-02-04 11:02:46 WARNING dataset: Stage2 batch error query_id=q_000255: batch_timeout
2026-02-04 11:02:46 WARNING dataset: Stage2 batch error query_id=q_000256: batch_timeout
2026-02-04 11:02:46 WARNING dataset: Stage2 batch error query_id=q_000257: batch_timeout
2026-02-04 11:02:46 WARNING dataset: Stage2 batch error query_id=q_000258: batch_timeout
2026-02-04 11:02:46 WARNING dataset: Stage2 batch error query_id=q_000259: batch_timeout
2026-02-04 11:02:46 WARNING dataset: Stage2 batch error query_id=q_000260: batch_timeout
2026-02-04 11:02:46 WARNING dataset: Stage2 batch error query_id=q_000261: batch_timeout
2026-02-04 11:02:53 ERROR dataset: Stage1 parse error intent=Localization: Expecting ',' delimiter: line 90 column 46 (char 6459)
2026-02-04 11:02:53 INFO dataset: Stage1 recovered 17 objects from fallback parse intent=Localization
2026-02-04 11:02:53 INFO dataset: Stage1 intent=Localization created=17 total=17
2026-02-04 11:03:39 ERROR dataset: Stage1 parse error intent=Localization: Expecting ',' delimiter: line 75 column 62 (char 5327)
2026-02-04 11:03:39 INFO dataset: Stage1 recovered 15 objects from fallback parse intent=Localization
2026-02-04 11:03:39 INFO dataset: Stage1 intent=Localization created=15 total=31
2026-02-04 11:03:49 ERROR dataset: Stage1 parse error intent=Localization: Expecting ',' delimiter: line 115 column 70 (char 9175)
2026-02-04 11:03:49 INFO dataset: Stage1 recovered 23 objects from fallback parse intent=Localization
2026-02-04 11:03:49 INFO dataset: Stage1 intent=Localization created=23 total=40
2026-02-04 11:04:35 ERROR dataset: Stage1 parse error intent=Localization: Expecting ',' delimiter: line 65 column 56 (char 4717)
2026-02-04 11:04:35 INFO dataset: Stage1 recovered 12 objects from fallback parse intent=Localization
2026-02-04 11:04:35 INFO dataset: Stage1 intent=Localization created=12 total=43
2026-02-04 11:04:43 ERROR dataset: Stage1 parse error intent=Localization: Expecting ',' delimiter: line 85 column 60 (char 7238)
2026-02-04 11:04:43 INFO dataset: Stage1 recovered 17 objects from fallback parse intent=Localization
2026-02-04 11:04:43 INFO dataset: Stage1 intent=Localization created=17 total=57
2026-02-04 11:04:49 ERROR dataset: Stage1 error intent=Recipe: batch_no_inlined_responses
2026-02-04 11:04:49 ERROR dataset: Stage1 error intent=Localization: batch_no_inlined_responses
2026-02-04 11:04:49 ERROR dataset: Stage1 error intent=Technical support: batch_no_inlined_responses
2026-02-04 11:04:49 ERROR dataset: Stage1 error intent=Creating Writing: batch_no_inlined_responses
2026-02-04 11:04:49 ERROR dataset: Stage1 error intent=Event Schedule: batch_no_inlined_responses
2026-02-04 11:04:49 ERROR dataset: Stage1 error intent=Research Analysis: batch_no_inlined_responses
2026-02-04 11:04:49 ERROR dataset: Stage1 error intent=Comparison: batch_no_inlined_responses
2026-02-04 11:04:49 ERROR dataset: Stage1 error intent=calculation: batch_no_inlined_responses
2026-02-04 11:04:49 ERROR dataset: Stage1 error intent=Travel: batch_no_inlined_responses
2026-02-04 11:04:49 ERROR dataset: Stage1 error intent=Navigation: batch_no_inlined_responses
2026-02-04 11:04:49 ERROR dataset: Stage1 error intent=Education: batch_no_inlined_responses
2026-02-04 11:04:49 ERROR dataset: Stage1 error intent=Documentation: batch_no_inlined_responses
2026-02-04 11:04:49 ERROR dataset: Stage1 error intent=media playback: batch_no_inlined_responses
2026-02-04 11:04:49 ERROR dataset: Stage1 error intent=qr scanner: batch_no_inlined_responses
2026-02-04 11:04:49 ERROR dataset: Stage1 error intent=status check: batch_no_inlined_responses
2026-02-04 11:05:29 ERROR dataset: Stage1 parse error intent=Localization: Expecting ',' delimiter: line 65 column 63 (char 5236)
2026-02-04 11:05:29 INFO dataset: Stage1 recovered 13 objects from fallback parse intent=Localization
2026-02-04 11:05:29 INFO dataset: Stage1 intent=Localization created=13 total=56
2026-02-04 11:05:40 ERROR dataset: Stage1 parse error intent=Localization: Expecting ',' delimiter: line 75 column 47 (char 5210)
2026-02-04 11:05:40 INFO dataset: Stage1 recovered 15 objects from fallback parse intent=Localization
2026-02-04 11:05:40 INFO dataset: Stage1 intent=Localization created=15 total=72
2026-02-04 11:06:25 ERROR dataset: Stage1 parse error intent=Localization: Expecting ',' delimiter: line 65 column 57 (char 5803)
2026-02-04 11:06:25 INFO dataset: Stage1 recovered 13 objects from fallback parse intent=Localization
2026-02-04 11:06:25 INFO dataset: Stage1 intent=Localization created=13 total=69
2026-02-04 11:06:31 INFO dataset: Stage1 intent=Localization created=15 total=87
2026-02-04 11:07:19 INFO dataset: Stage1 intent=Localization created=18 total=87
2026-02-04 11:07:25 ERROR dataset: Stage1 parse error intent=Technical support: Expecting ',' delimiter: line 115 column 45 (char 6534)
2026-02-04 11:07:25 INFO dataset: Stage1 recovered 23 objects from fallback parse intent=Technical support
2026-02-04 11:07:25 INFO dataset: Stage1 intent=Technical support created=23 total=23
2026-02-04 11:07:58 WARNING dataset: Stage2 batch error query_id=q_000262: batch_timeout
2026-02-04 11:07:58 WARNING dataset: Stage2 batch error query_id=q_000263: batch_timeout
2026-02-04 11:07:58 WARNING dataset: Stage2 batch error query_id=q_000264: batch_timeout
2026-02-04 11:07:58 WARNING dataset: Stage2 batch error query_id=q_000265: batch_timeout
2026-02-04 11:07:58 WARNING dataset: Stage2 batch error query_id=q_000266: batch_timeout
2026-02-04 11:07:58 WARNING dataset: Stage2 batch error query_id=q_000267: batch_timeout
2026-02-04 11:07:58 WARNING dataset: Stage2 batch error query_id=q_000268: batch_timeout
2026-02-04 11:07:58 WARNING dataset: Stage2 batch error query_id=q_000269: batch_timeout
2026-02-04 11:07:58 WARNING dataset: Stage2 batch error query_id=q_000270: batch_timeout
2026-02-04 11:07:58 WARNING dataset: Stage2 batch error query_id=q_000271: batch_timeout
2026-02-04 11:07:58 WARNING dataset: Stage2 batch error query_id=q_000272: batch_timeout
2026-02-04 11:07:58 WARNING dataset: Stage2 batch error query_id=q_000273: batch_timeout
2026-02-04 11:07:58 WARNING dataset: Stage2 batch error query_id=q_000274: batch_timeout
2026-02-04 11:07:58 WARNING dataset: Stage2 batch error query_id=q_000275: batch_timeout
2026-02-04 11:07:58 WARNING dataset: Stage2 batch error query_id=q_000276: batch_timeout
2026-02-04 11:07:58 WARNING dataset: Stage2 batch error query_id=q_000277: batch_timeout
2026-02-04 11:07:58 WARNING dataset: Stage2 batch error query_id=q_000278: batch_timeout
2026-02-04 11:07:58 WARNING dataset: Stage2 batch error query_id=q_000279: batch_timeout
2026-02-04 11:07:58 WARNING dataset: Stage2 batch error query_id=q_000280: batch_timeout
2026-02-04 11:07:58 WARNING dataset: Stage2 batch error query_id=q_000262: batch_timeout
2026-02-04 11:07:58 WARNING dataset: Stage2 batch error query_id=q_000263: batch_timeout
2026-02-04 11:07:58 WARNING dataset: Stage2 batch error query_id=q_000264: batch_timeout
2026-02-04 11:07:58 WARNING dataset: Stage2 batch error query_id=q_000265: batch_timeout
2026-02-04 11:07:58 WARNING dataset: Stage2 batch error query_id=q_000266: batch_timeout
2026-02-04 11:07:58 WARNING dataset: Stage2 batch error query_id=q_000267: batch_timeout
2026-02-04 11:07:58 WARNING dataset: Stage2 batch error query_id=q_000268: batch_timeout
2026-02-04 11:07:58 WARNING dataset: Stage2 batch error query_id=q_000269: batch_timeout
2026-02-04 11:07:58 WARNING dataset: Stage2 batch error query_id=q_000270: batch_timeout
2026-02-04 11:07:58 WARNING dataset: Stage2 batch error query_id=q_000271: batch_timeout
2026-02-04 11:07:58 WARNING dataset: Stage2 batch error query_id=q_000272: batch_timeout
2026-02-04 11:07:58 WARNING dataset: Stage2 batch error query_id=q_000273: batch_timeout
2026-02-04 11:07:58 WARNING dataset: Stage2 batch error query_id=q_000274: batch_timeout
2026-02-04 11:07:58 WARNING dataset: Stage2 batch error query_id=q_000275: batch_timeout
2026-02-04 11:07:58 WARNING dataset: Stage2 batch error query_id=q_000276: batch_timeout
2026-02-04 11:07:58 WARNING dataset: Stage2 batch error query_id=q_000277: batch_timeout
2026-02-04 11:07:58 WARNING dataset: Stage2 batch error query_id=q_000278: batch_timeout
2026-02-04 11:07:58 WARNING dataset: Stage2 batch error query_id=q_000279: batch_timeout
2026-02-04 11:07:58 WARNING dataset: Stage2 batch error query_id=q_000280: batch_timeout
2026-02-04 11:07:58 WARNING dataset: Stage2 batch error query_id=q_000281: batch_timeout
2026-02-04 11:07:58 WARNING dataset: Stage2 batch error query_id=q_000282: batch_timeout
2026-02-04 11:07:58 WARNING dataset: Stage2 batch error query_id=q_000283: batch_timeout
2026-02-04 11:07:58 WARNING dataset: Stage2 batch error query_id=q_000284: batch_timeout
2026-02-04 11:07:58 WARNING dataset: Stage2 batch error query_id=q_000285: batch_timeout
2026-02-04 11:07:58 WARNING dataset: Stage2 batch error query_id=q_000281: batch_timeout
2026-02-04 11:07:58 WARNING dataset: Stage2 batch error query_id=q_000282: batch_timeout
2026-02-04 11:07:58 WARNING dataset: Stage2 batch error query_id=q_000283: batch_timeout
2026-02-04 11:07:58 WARNING dataset: Stage2 batch error query_id=q_000284: batch_timeout
2026-02-04 11:07:58 WARNING dataset: Stage2 batch error query_id=q_000285: batch_timeout
2026-02-04 11:07:58 WARNING dataset: Stage2 batch error query_id=q_000286: batch_timeout
2026-02-04 11:07:58 WARNING dataset: Stage2 batch error query_id=q_000287: batch_timeout
2026-02-04 11:07:58 WARNING dataset: Stage2 batch error query_id=q_000288: batch_timeout
2026-02-04 11:07:58 WARNING dataset: Stage2 batch error query_id=q_000289: batch_timeout
2026-02-04 11:07:58 WARNING dataset: Stage2 batch error query_id=q_000290: batch_timeout
2026-02-04 11:07:58 WARNING dataset: Stage2 batch error query_id=q_000291: batch_timeout
2026-02-04 11:07:58 WARNING dataset: Stage2 batch error query_id=q_000292: batch_timeout
2026-02-04 11:07:58 WARNING dataset: Stage2 batch error query_id=q_000293: batch_timeout
2026-02-04 11:07:58 WARNING dataset: Stage2 batch error query_id=q_000286: batch_timeout
2026-02-04 11:07:58 WARNING dataset: Stage2 batch error query_id=q_000287: batch_timeout
2026-02-04 11:07:58 WARNING dataset: Stage2 batch error query_id=q_000288: batch_timeout
2026-02-04 11:07:58 WARNING dataset: Stage2 batch error query_id=q_000289: batch_timeout
2026-02-04 11:07:58 WARNING dataset: Stage2 batch error query_id=q_000290: batch_timeout
2026-02-04 11:07:58 WARNING dataset: Stage2 batch error query_id=q_000291: batch_timeout
2026-02-04 11:07:58 WARNING dataset: Stage2 batch error query_id=q_000292: batch_timeout
2026-02-04 11:07:58 WARNING dataset: Stage2 batch error query_id=q_000293: batch_timeout
2026-02-04 11:07:58 WARNING dataset: Stage2 batch error query_id=q_000294: batch_timeout
2026-02-04 11:07:58 WARNING dataset: Stage2 batch error query_id=q_000295: batch_timeout
2026-02-04 11:07:58 WARNING dataset: Stage2 batch error query_id=q_000296: batch_timeout
2026-02-04 11:07:58 WARNING dataset: Stage2 batch error query_id=q_000297: batch_timeout
2026-02-04 11:07:58 WARNING dataset: Stage2 batch error query_id=q_000298: batch_timeout
2026-02-04 11:07:58 WARNING dataset: Stage2 batch error query_id=q_000299: batch_timeout
2026-02-04 11:07:58 WARNING dataset: Stage2 batch error query_id=q_000300: batch_timeout
2026-02-04 11:07:58 WARNING dataset: Stage2 batch error query_id=q_000294: batch_timeout
2026-02-04 11:07:58 WARNING dataset: Stage2 batch error query_id=q_000295: batch_timeout
2026-02-04 11:07:58 WARNING dataset: Stage2 batch error query_id=q_000296: batch_timeout
2026-02-04 11:07:58 WARNING dataset: Stage2 batch error query_id=q_000297: batch_timeout
2026-02-04 11:07:58 WARNING dataset: Stage2 batch error query_id=q_000298: batch_timeout
2026-02-04 11:07:58 WARNING dataset: Stage2 batch error query_id=q_000299: batch_timeout
2026-02-04 11:07:58 WARNING dataset: Stage2 batch error query_id=q_000300: batch_timeout
2026-02-04 11:07:58 WARNING dataset: Stage2 batch error query_id=q_000301: batch_timeout
2026-02-04 11:07:58 WARNING dataset: Stage2 batch error query_id=q_000302: batch_timeout
2026-02-04 11:07:58 WARNING dataset: Stage2 batch error query_id=q_000303: batch_timeout
2026-02-04 11:07:58 WARNING dataset: Stage2 batch error query_id=q_000304: batch_timeout
2026-02-04 11:07:58 WARNING dataset: Stage2 batch error query_id=q_000305: batch_timeout
2026-02-04 11:07:58 WARNING dataset: Stage2 batch error query_id=q_000306: batch_timeout
2026-02-04 11:07:58 WARNING dataset: Stage2 batch error query_id=q_000307: batch_timeout
2026-02-04 11:07:58 WARNING dataset: Stage2 batch error query_id=q_000301: batch_timeout
2026-02-04 11:07:58 WARNING dataset: Stage2 batch error query_id=q_000302: batch_timeout
2026-02-04 11:07:58 WARNING dataset: Stage2 batch error query_id=q_000303: batch_timeout
2026-02-04 11:07:58 WARNING dataset: Stage2 batch error query_id=q_000304: batch_timeout
2026-02-04 11:07:58 WARNING dataset: Stage2 batch error query_id=q_000305: batch_timeout
2026-02-04 11:07:58 WARNING dataset: Stage2 batch error query_id=q_000306: batch_timeout
2026-02-04 11:07:58 WARNING dataset: Stage2 batch error query_id=q_000307: batch_timeout
2026-02-04 11:07:58 WARNING dataset: Stage2 batch error query_id=q_000308: batch_timeout
2026-02-04 11:07:58 WARNING dataset: Stage2 batch error query_id=q_000309: batch_timeout
2026-02-04 11:07:58 WARNING dataset: Stage2 batch error query_id=q_000310: batch_timeout
2026-02-04 11:07:58 WARNING dataset: Stage2 batch error query_id=q_000311: batch_timeout
2026-02-04 11:07:58 WARNING dataset: Stage2 batch error query_id=q_000312: batch_timeout
2026-02-04 11:07:58 WARNING dataset: Stage2 batch error query_id=q_000313: batch_timeout
2026-02-04 11:07:58 WARNING dataset: Stage2 batch error query_id=q_000314: batch_timeout
2026-02-04 11:07:58 WARNING dataset: Stage2 batch error query_id=q_000315: batch_timeout
2026-02-04 11:07:58 WARNING dataset: Stage2 batch error query_id=q_000316: batch_timeout
2026-02-04 11:07:58 WARNING dataset: Stage2 batch error query_id=q_000317: batch_timeout
2026-02-04 11:07:58 WARNING dataset: Stage2 batch error query_id=q_000318: batch_timeout
2026-02-04 11:07:58 WARNING dataset: Stage2 batch error query_id=q_000319: batch_timeout
2026-02-04 11:07:58 WARNING dataset: Stage2 batch error query_id=q_000308: batch_timeout
2026-02-04 11:07:58 WARNING dataset: Stage2 batch error query_id=q_000309: batch_timeout
2026-02-04 11:07:58 WARNING dataset: Stage2 batch error query_id=q_000310: batch_timeout
2026-02-04 11:07:58 WARNING dataset: Stage2 batch error query_id=q_000311: batch_timeout
2026-02-04 11:07:58 WARNING dataset: Stage2 batch error query_id=q_000312: batch_timeout
2026-02-04 11:07:58 WARNING dataset: Stage2 batch error query_id=q_000313: batch_timeout
2026-02-04 11:07:58 WARNING dataset: Stage2 batch error query_id=q_000314: batch_timeout
2026-02-04 11:07:58 WARNING dataset: Stage2 batch error query_id=q_000315: batch_timeout
2026-02-04 11:07:58 WARNING dataset: Stage2 batch error query_id=q_000316: batch_timeout
2026-02-04 11:07:58 WARNING dataset: Stage2 batch error query_id=q_000317: batch_timeout
2026-02-04 11:07:58 WARNING dataset: Stage2 batch error query_id=q_000318: batch_timeout
2026-02-04 11:07:58 WARNING dataset: Stage2 batch error query_id=q_000319: batch_timeout
2026-02-04 11:07:58 WARNING dataset: Stage2 batch error query_id=q_000320: batch_timeout
2026-02-04 11:07:58 WARNING dataset: Stage2 batch error query_id=q_000321: batch_timeout
2026-02-04 11:07:58 WARNING dataset: Stage2 batch error query_id=q_000322: batch_timeout
2026-02-04 11:07:58 WARNING dataset: Stage2 batch error query_id=q_000320: batch_timeout
2026-02-04 11:07:58 WARNING dataset: Stage2 batch error query_id=q_000321: batch_timeout
2026-02-04 11:07:58 WARNING dataset: Stage2 batch error query_id=q_000323: batch_timeout
2026-02-04 11:07:58 WARNING dataset: Stage2 batch error query_id=q_000324: batch_timeout
2026-02-04 11:07:58 WARNING dataset: Stage2 batch error query_id=q_000325: batch_timeout
2026-02-04 11:07:58 WARNING dataset: Stage2 batch error query_id=q_000326: batch_timeout
2026-02-04 11:07:58 WARNING dataset: Stage2 batch error query_id=q_000327: batch_timeout
2026-02-04 11:07:58 WARNING dataset: Stage2 batch error query_id=q_000328: batch_timeout
2026-02-04 11:07:58 WARNING dataset: Stage2 batch error query_id=q_000322: batch_timeout
2026-02-04 11:07:58 WARNING dataset: Stage2 batch error query_id=q_000323: batch_timeout
2026-02-04 11:07:58 WARNING dataset: Stage2 batch error query_id=q_000324: batch_timeout
2026-02-04 11:07:58 WARNING dataset: Stage2 batch error query_id=q_000325: batch_timeout
2026-02-04 11:07:58 WARNING dataset: Stage2 batch error query_id=q_000326: batch_timeout
2026-02-04 11:07:58 WARNING dataset: Stage2 batch error query_id=q_000327: batch_timeout
2026-02-04 11:07:58 WARNING dataset: Stage2 batch error query_id=q_000328: batch_timeout
2026-02-04 11:07:58 WARNING dataset: Stage2 batch error query_id=q_000329: batch_timeout
2026-02-04 11:07:58 WARNING dataset: Stage2 batch error query_id=q_000330: batch_timeout
2026-02-04 11:07:58 WARNING dataset: Stage2 batch error query_id=q_000331: batch_timeout
2026-02-04 11:07:58 WARNING dataset: Stage2 batch error query_id=q_000332: batch_timeout
2026-02-04 11:07:58 WARNING dataset: Stage2 batch error query_id=q_000333: batch_timeout
2026-02-04 11:07:58 WARNING dataset: Stage2 batch error query_id=q_000334: batch_timeout
2026-02-04 11:07:58 WARNING dataset: Stage2 batch error query_id=q_000335: batch_timeout
2026-02-04 11:07:58 WARNING dataset: Stage2 batch error query_id=q_000336: batch_timeout
2026-02-04 11:07:58 WARNING dataset: Stage2 batch error query_id=q_000337: batch_timeout
2026-02-04 11:07:58 WARNING dataset: Stage2 batch error query_id=q_000338: batch_timeout
2026-02-04 11:07:58 WARNING dataset: Stage2 batch error query_id=q_000339: batch_timeout
2026-02-04 11:07:58 WARNING dataset: Stage2 batch error query_id=q_000340: batch_timeout
2026-02-04 11:07:58 WARNING dataset: Stage2 batch error query_id=q_000341: batch_timeout
2026-02-04 11:07:58 WARNING dataset: Stage2 batch error query_id=q_000342: batch_timeout
2026-02-04 11:07:58 WARNING dataset: Stage2 batch error query_id=q_000343: batch_timeout
2026-02-04 11:07:58 WARNING dataset: Stage2 batch error query_id=q_000344: batch_timeout
2026-02-04 11:07:58 WARNING dataset: Stage2 batch error query_id=q_000329: batch_timeout
2026-02-04 11:07:58 WARNING dataset: Stage2 batch error query_id=q_000330: batch_timeout
2026-02-04 11:07:58 WARNING dataset: Stage2 batch error query_id=q_000331: batch_timeout
2026-02-04 11:07:58 WARNING dataset: Stage2 batch error query_id=q_000332: batch_timeout
2026-02-04 11:07:58 WARNING dataset: Stage2 batch error query_id=q_000333: batch_timeout
2026-02-04 11:07:58 WARNING dataset: Stage2 batch error query_id=q_000334: batch_timeout
2026-02-04 11:07:58 WARNING dataset: Stage2 batch error query_id=q_000335: batch_timeout
2026-02-04 11:07:58 WARNING dataset: Stage2 batch error query_id=q_000336: batch_timeout
2026-02-04 11:07:58 WARNING dataset: Stage2 batch error query_id=q_000337: batch_timeout
2026-02-04 11:07:58 WARNING dataset: Stage2 batch error query_id=q_000338: batch_timeout
2026-02-04 11:07:58 WARNING dataset: Stage2 batch error query_id=q_000339: batch_timeout
2026-02-04 11:07:58 WARNING dataset: Stage2 batch error query_id=q_000340: batch_timeout
2026-02-04 11:07:58 WARNING dataset: Stage2 batch error query_id=q_000341: batch_timeout
2026-02-04 11:07:58 WARNING dataset: Stage2 batch error query_id=q_000342: batch_timeout
2026-02-04 11:07:58 WARNING dataset: Stage2 batch error query_id=q_000343: batch_timeout
2026-02-04 11:07:58 WARNING dataset: Stage2 batch error query_id=q_000345: batch_timeout
2026-02-04 11:07:58 WARNING dataset: Stage2 batch error query_id=q_000346: batch_timeout
2026-02-04 11:07:58 WARNING dataset: Stage2 batch error query_id=q_000347: batch_timeout
2026-02-04 11:07:58 WARNING dataset: Stage2 batch error query_id=q_000348: batch_timeout
2026-02-04 11:07:58 WARNING dataset: Stage2 batch error query_id=q_000344: batch_timeout
2026-02-04 11:07:58 WARNING dataset: Stage2 batch error query_id=q_000345: batch_timeout
2026-02-04 11:07:58 WARNING dataset: Stage2 batch error query_id=q_000346: batch_timeout
2026-02-04 11:07:58 WARNING dataset: Stage2 batch error query_id=q_000347: batch_timeout
2026-02-04 11:07:58 WARNING dataset: Stage2 batch error query_id=q_000348: batch_timeout
2026-02-04 11:08:12 ERROR dataset: Stage1 parse error intent=Technical support: Expecting ',' delimiter: line 115 column 45 (char 6534)
2026-02-04 11:08:12 INFO dataset: Stage1 recovered 23 objects from fallback parse intent=Technical support
2026-02-04 11:08:12 INFO dataset: Stage1 intent=Technical support created=23 total=23
2026-02-04 11:08:18 ERROR dataset: Stage1 parse error intent=Technical support: Expecting ',' delimiter: line 185 column 43 (char 9490)
2026-02-04 11:08:18 INFO dataset: Stage1 recovered 37 objects from fallback parse intent=Technical support
2026-02-04 11:08:18 INFO dataset: Stage1 intent=Technical support created=37 total=60
2026-02-04 11:09:06 ERROR dataset: Stage1 parse error intent=Technical support: Expecting ',' delimiter: line 185 column 43 (char 9490)
2026-02-04 11:09:06 INFO dataset: Stage1 recovered 37 objects from fallback parse intent=Technical support
2026-02-04 11:09:06 INFO dataset: Stage1 intent=Technical support created=37 total=60
2026-02-04 11:09:12 ERROR dataset: Stage1 parse error intent=Technical support: Expecting ',' delimiter: line 130 column 53 (char 8940)
2026-02-04 11:09:12 INFO dataset: Stage1 recovered 26 objects from fallback parse intent=Technical support
2026-02-04 11:09:12 INFO dataset: Stage1 intent=Technical support created=26 total=86
2026-02-04 11:09:37 INFO dataset: Stage1 intent=Technical support created=1 total=87
2026-02-04 11:09:59 ERROR dataset: Stage1 error intent=Recipe: batch_timeout
2026-02-04 11:09:59 ERROR dataset: Stage1 error intent=Localization: batch_timeout
2026-02-04 11:09:59 ERROR dataset: Stage1 error intent=Technical support: batch_timeout
2026-02-04 11:09:59 ERROR dataset: Stage1 error intent=Creating Writing: batch_timeout
2026-02-04 11:09:59 ERROR dataset: Stage1 error intent=Event Schedule: batch_timeout
2026-02-04 11:09:59 ERROR dataset: Stage1 error intent=Research Analysis: batch_timeout
2026-02-04 11:09:59 ERROR dataset: Stage1 error intent=Comparison: batch_timeout
2026-02-04 11:09:59 ERROR dataset: Stage1 error intent=calculation: batch_timeout
2026-02-04 11:09:59 ERROR dataset: Stage1 error intent=Travel: batch_timeout
2026-02-04 11:09:59 ERROR dataset: Stage1 error intent=Navigation: batch_timeout
2026-02-04 11:09:59 ERROR dataset: Stage1 error intent=Education: batch_timeout
2026-02-04 11:09:59 ERROR dataset: Stage1 error intent=Documentation: batch_timeout
2026-02-04 11:09:59 ERROR dataset: Stage1 error intent=media playback: batch_timeout
2026-02-04 11:09:59 ERROR dataset: Stage1 error intent=qr scanner: batch_timeout
2026-02-04 11:09:59 ERROR dataset: Stage1 error intent=status check: batch_timeout
2026-02-04 11:09:59 ERROR dataset: Stage1 parse error intent=Technical support: Expecting ',' delimiter: line 130 column 53 (char 8940)
2026-02-04 11:09:59 INFO dataset: Stage1 recovered 26 objects from fallback parse intent=Technical support
2026-02-04 11:09:59 INFO dataset: Stage1 intent=Technical support created=26 total=86
2026-02-04 11:10:30 INFO dataset: Stage1 intent=Technical support created=1 total=87
2026-02-04 11:10:31 ERROR dataset: Stage1 parse error intent=Creating Writing: Expecting ',' delimiter: line 150 column 54 (char 7637)
2026-02-04 11:10:31 INFO dataset: Stage1 recovered 30 objects from fallback parse intent=Creating Writing
2026-02-04 11:10:31 INFO dataset: Stage1 intent=Creating Writing created=30 total=30
2026-02-04 11:11:24 ERROR dataset: Stage1 parse error intent=Creating Writing: Expecting ',' delimiter: line 145 column 48 (char 7508)
2026-02-04 11:11:24 INFO dataset: Stage1 recovered 29 objects from fallback parse intent=Creating Writing
2026-02-04 11:11:24 INFO dataset: Stage1 intent=Creating Writing created=29 total=59
2026-02-04 11:11:26 ERROR dataset: Stage1 parse error intent=Creating Writing: Expecting ',' delimiter: line 155 column 44 (char 7853)
2026-02-04 11:11:26 INFO dataset: Stage1 recovered 31 objects from fallback parse intent=Creating Writing
2026-02-04 11:11:26 INFO dataset: Stage1 intent=Creating Writing created=31 total=31
2026-02-04 11:12:20 ERROR dataset: Stage1 parse error intent=Creating Writing: Expecting ',' delimiter: line 115 column 44 (char 7866)
2026-02-04 11:12:20 INFO dataset: Stage1 recovered 22 objects from fallback parse intent=Creating Writing
2026-02-04 11:12:20 INFO dataset: Stage1 intent=Creating Writing created=22 total=81
2026-02-04 11:12:21 ERROR dataset: Stage1 parse error intent=Creating Writing: Expecting ',' delimiter: line 145 column 63 (char 8660)
2026-02-04 11:12:21 INFO dataset: Stage1 recovered 29 objects from fallback parse intent=Creating Writing
2026-02-04 11:12:21 INFO dataset: Stage1 intent=Creating Writing created=29 total=60
2026-02-04 11:12:52 INFO dataset: Stage1 intent=Creating Writing created=6 total=87
2026-02-04 11:13:10 WARNING dataset: Stage2 batch error query_id=q_000349: batch_timeout
2026-02-04 11:13:10 WARNING dataset: Stage2 batch error query_id=q_000350: batch_timeout
2026-02-04 11:13:10 WARNING dataset: Stage2 batch error query_id=q_000351: batch_timeout
2026-02-04 11:13:10 WARNING dataset: Stage2 batch error query_id=q_000352: batch_timeout
2026-02-04 11:13:10 WARNING dataset: Stage2 batch error query_id=q_000353: batch_timeout
2026-02-04 11:13:10 WARNING dataset: Stage2 batch error query_id=q_000354: batch_timeout
2026-02-04 11:13:10 WARNING dataset: Stage2 batch error query_id=q_000355: batch_timeout
2026-02-04 11:13:10 WARNING dataset: Stage2 batch error query_id=q_000356: batch_timeout
2026-02-04 11:13:10 WARNING dataset: Stage2 batch error query_id=q_000357: batch_timeout
2026-02-04 11:13:10 WARNING dataset: Stage2 batch error query_id=q_000358: batch_timeout
2026-02-04 11:13:10 WARNING dataset: Stage2 batch error query_id=q_000359: batch_timeout
2026-02-04 11:13:10 WARNING dataset: Stage2 batch error query_id=q_000360: batch_timeout
2026-02-04 11:13:10 WARNING dataset: Stage2 batch error query_id=q_000361: batch_timeout
2026-02-04 11:13:10 WARNING dataset: Stage2 batch error query_id=q_000362: batch_timeout
2026-02-04 11:13:10 WARNING dataset: Stage2 batch error query_id=q_000363: batch_timeout
2026-02-04 11:13:10 WARNING dataset: Stage2 batch error query_id=q_000364: batch_timeout
2026-02-04 11:13:10 WARNING dataset: Stage2 batch error query_id=q_000365: batch_timeout
2026-02-04 11:13:10 WARNING dataset: Stage2 batch error query_id=q_000366: batch_timeout
2026-02-04 11:13:10 WARNING dataset: Stage2 batch error query_id=q_000367: batch_timeout
2026-02-04 11:13:10 WARNING dataset: Stage2 batch error query_id=q_000368: batch_timeout
2026-02-04 11:13:10 WARNING dataset: Stage2 batch error query_id=q_000369: batch_timeout
2026-02-04 11:13:10 WARNING dataset: Stage2 batch error query_id=q_000370: batch_timeout
2026-02-04 11:13:10 WARNING dataset: Stage2 batch error query_id=q_000371: batch_timeout
2026-02-04 11:13:10 WARNING dataset: Stage2 batch error query_id=q_000372: batch_timeout
2026-02-04 11:13:10 WARNING dataset: Stage2 batch error query_id=q_000373: batch_timeout
2026-02-04 11:13:10 WARNING dataset: Stage2 batch error query_id=q_000349: batch_timeout
2026-02-04 11:13:10 WARNING dataset: Stage2 batch error query_id=q_000350: batch_timeout
2026-02-04 11:13:10 WARNING dataset: Stage2 batch error query_id=q_000351: batch_timeout
2026-02-04 11:13:10 WARNING dataset: Stage2 batch error query_id=q_000352: batch_timeout
2026-02-04 11:13:10 WARNING dataset: Stage2 batch error query_id=q_000353: batch_timeout
2026-02-04 11:13:10 WARNING dataset: Stage2 batch error query_id=q_000354: batch_timeout
2026-02-04 11:13:10 WARNING dataset: Stage2 batch error query_id=q_000355: batch_timeout
2026-02-04 11:13:10 WARNING dataset: Stage2 batch error query_id=q_000356: batch_timeout
2026-02-04 11:13:10 WARNING dataset: Stage2 batch error query_id=q_000357: batch_timeout
2026-02-04 11:13:10 WARNING dataset: Stage2 batch error query_id=q_000358: batch_timeout
2026-02-04 11:13:10 WARNING dataset: Stage2 batch error query_id=q_000359: batch_timeout
2026-02-04 11:13:10 WARNING dataset: Stage2 batch error query_id=q_000360: batch_timeout
2026-02-04 11:13:10 WARNING dataset: Stage2 batch error query_id=q_000361: batch_timeout
2026-02-04 11:13:10 WARNING dataset: Stage2 batch error query_id=q_000362: batch_timeout
2026-02-04 11:13:10 WARNING dataset: Stage2 batch error query_id=q_000363: batch_timeout
2026-02-04 11:13:10 WARNING dataset: Stage2 batch error query_id=q_000364: batch_timeout
2026-02-04 11:13:10 WARNING dataset: Stage2 batch error query_id=q_000365: batch_timeout
2026-02-04 11:13:10 WARNING dataset: Stage2 batch error query_id=q_000366: batch_timeout
2026-02-04 11:13:10 WARNING dataset: Stage2 batch error query_id=q_000367: batch_timeout
2026-02-04 11:13:10 WARNING dataset: Stage2 batch error query_id=q_000368: batch_timeout
2026-02-04 11:13:10 WARNING dataset: Stage2 batch error query_id=q_000369: batch_timeout
2026-02-04 11:13:10 WARNING dataset: Stage2 batch error query_id=q_000370: batch_timeout
2026-02-04 11:13:10 WARNING dataset: Stage2 batch error query_id=q_000371: batch_timeout
2026-02-04 11:13:10 WARNING dataset: Stage2 batch error query_id=q_000372: batch_timeout
2026-02-04 11:13:10 WARNING dataset: Stage2 batch error query_id=q_000373: batch_timeout
2026-02-04 11:13:10 WARNING dataset: Stage2 batch error query_id=q_000374: batch_timeout
2026-02-04 11:13:10 WARNING dataset: Stage2 batch error query_id=q_000375: batch_timeout
2026-02-04 11:13:10 WARNING dataset: Stage2 batch error query_id=q_000376: batch_timeout
2026-02-04 11:13:10 WARNING dataset: Stage2 batch error query_id=q_000377: batch_timeout
2026-02-04 11:13:10 WARNING dataset: Stage2 batch error query_id=q_000378: batch_timeout
2026-02-04 11:13:10 WARNING dataset: Stage2 batch error query_id=q_000379: batch_timeout
2026-02-04 11:13:10 WARNING dataset: Stage2 batch error query_id=q_000380: batch_timeout
2026-02-04 11:13:10 WARNING dataset: Stage2 batch error query_id=q_000381: batch_timeout
2026-02-04 11:13:10 WARNING dataset: Stage2 batch error query_id=q_000382: batch_timeout
2026-02-04 11:13:10 WARNING dataset: Stage2 batch error query_id=q_000383: batch_timeout
2026-02-04 11:13:10 WARNING dataset: Stage2 batch error query_id=q_000384: batch_timeout
2026-02-04 11:13:10 WARNING dataset: Stage2 batch error query_id=q_000385: batch_timeout
2026-02-04 11:13:10 WARNING dataset: Stage2 batch error query_id=q_000386: batch_timeout
2026-02-04 11:13:10 WARNING dataset: Stage2 batch error query_id=q_000387: batch_timeout
2026-02-04 11:13:10 WARNING dataset: Stage2 batch error query_id=q_000388: batch_timeout
2026-02-04 11:13:10 WARNING dataset: Stage2 batch error query_id=q_000389: batch_timeout
2026-02-04 11:13:10 WARNING dataset: Stage2 batch error query_id=q_000390: batch_timeout
2026-02-04 11:13:10 WARNING dataset: Stage2 batch error query_id=q_000391: batch_timeout
2026-02-04 11:13:10 WARNING dataset: Stage2 batch error query_id=q_000374: batch_timeout
2026-02-04 11:13:10 WARNING dataset: Stage2 batch error query_id=q_000375: batch_timeout
2026-02-04 11:13:10 WARNING dataset: Stage2 batch error query_id=q_000376: batch_timeout
2026-02-04 11:13:10 WARNING dataset: Stage2 batch error query_id=q_000377: batch_timeout
2026-02-04 11:13:10 WARNING dataset: Stage2 batch error query_id=q_000378: batch_timeout
2026-02-04 11:13:10 WARNING dataset: Stage2 batch error query_id=q_000379: batch_timeout
2026-02-04 11:13:10 WARNING dataset: Stage2 batch error query_id=q_000380: batch_timeout
2026-02-04 11:13:10 WARNING dataset: Stage2 batch error query_id=q_000381: batch_timeout
2026-02-04 11:13:10 WARNING dataset: Stage2 batch error query_id=q_000382: batch_timeout
2026-02-04 11:13:10 WARNING dataset: Stage2 batch error query_id=q_000383: batch_timeout
2026-02-04 11:13:10 WARNING dataset: Stage2 batch error query_id=q_000384: batch_timeout
2026-02-04 11:13:10 WARNING dataset: Stage2 batch error query_id=q_000385: batch_timeout
2026-02-04 11:13:10 WARNING dataset: Stage2 batch error query_id=q_000386: batch_timeout
2026-02-04 11:13:10 WARNING dataset: Stage2 batch error query_id=q_000387: batch_timeout
2026-02-04 11:13:10 WARNING dataset: Stage2 batch error query_id=q_000388: batch_timeout
2026-02-04 11:13:10 WARNING dataset: Stage2 batch error query_id=q_000389: batch_timeout
2026-02-04 11:13:10 WARNING dataset: Stage2 batch error query_id=q_000390: batch_timeout
2026-02-04 11:13:10 WARNING dataset: Stage2 batch error query_id=q_000391: batch_timeout
2026-02-04 11:13:10 WARNING dataset: Stage2 batch error query_id=q_000392: batch_timeout
2026-02-04 11:13:10 WARNING dataset: Stage2 batch error query_id=q_000393: batch_timeout
2026-02-04 11:13:10 WARNING dataset: Stage2 batch error query_id=q_000394: batch_timeout
2026-02-04 11:13:10 WARNING dataset: Stage2 batch error query_id=q_000392: batch_timeout
2026-02-04 11:13:10 WARNING dataset: Stage2 batch error query_id=q_000393: batch_timeout
2026-02-04 11:13:10 WARNING dataset: Stage2 batch error query_id=q_000394: batch_timeout
2026-02-04 11:13:10 WARNING dataset: Stage2 batch error query_id=q_000395: batch_timeout
2026-02-04 11:13:10 WARNING dataset: Stage2 batch error query_id=q_000396: batch_timeout
2026-02-04 11:13:10 WARNING dataset: Stage2 batch error query_id=q_000397: batch_timeout
2026-02-04 11:13:10 WARNING dataset: Stage2 batch error query_id=q_000398: batch_timeout
2026-02-04 11:13:10 WARNING dataset: Stage2 batch error query_id=q_000399: batch_timeout
2026-02-04 11:13:10 WARNING dataset: Stage2 batch error query_id=q_000400: batch_timeout
2026-02-04 11:13:10 WARNING dataset: Stage2 batch error query_id=q_000401: batch_timeout
2026-02-04 11:13:10 WARNING dataset: Stage2 batch error query_id=q_000402: batch_timeout
2026-02-04 11:13:10 WARNING dataset: Stage2 batch error query_id=q_000403: batch_timeout
2026-02-04 11:13:10 WARNING dataset: Stage2 batch error query_id=q_000404: batch_timeout
2026-02-04 11:13:10 WARNING dataset: Stage2 batch error query_id=q_000395: batch_timeout
2026-02-04 11:13:10 WARNING dataset: Stage2 batch error query_id=q_000396: batch_timeout
2026-02-04 11:13:10 WARNING dataset: Stage2 batch error query_id=q_000397: batch_timeout
2026-02-04 11:13:10 WARNING dataset: Stage2 batch error query_id=q_000398: batch_timeout
2026-02-04 11:13:10 WARNING dataset: Stage2 batch error query_id=q_000399: batch_timeout
2026-02-04 11:13:10 WARNING dataset: Stage2 batch error query_id=q_000400: batch_timeout
2026-02-04 11:13:10 WARNING dataset: Stage2 batch error query_id=q_000401: batch_timeout
2026-02-04 11:13:10 WARNING dataset: Stage2 batch error query_id=q_000402: batch_timeout
2026-02-04 11:13:10 WARNING dataset: Stage2 batch error query_id=q_000403: batch_timeout
2026-02-04 11:13:10 WARNING dataset: Stage2 batch error query_id=q_000404: batch_timeout
2026-02-04 11:13:10 WARNING dataset: Stage2 batch error query_id=q_000405: batch_timeout
2026-02-04 11:13:10 WARNING dataset: Stage2 batch error query_id=q_000406: batch_timeout
2026-02-04 11:13:10 WARNING dataset: Stage2 batch error query_id=q_000407: batch_timeout
2026-02-04 11:13:10 WARNING dataset: Stage2 batch error query_id=q_000408: batch_timeout
2026-02-04 11:13:10 WARNING dataset: Stage2 batch error query_id=q_000409: batch_timeout
2026-02-04 11:13:10 WARNING dataset: Stage2 batch error query_id=q_000410: batch_timeout
2026-02-04 11:13:10 WARNING dataset: Stage2 batch error query_id=q_000411: batch_timeout
2026-02-04 11:13:10 WARNING dataset: Stage2 batch error query_id=q_000412: batch_timeout
2026-02-04 11:13:10 WARNING dataset: Stage2 batch error query_id=q_000405: batch_timeout
2026-02-04 11:13:10 WARNING dataset: Stage2 batch error query_id=q_000406: batch_timeout
2026-02-04 11:13:10 WARNING dataset: Stage2 batch error query_id=q_000407: batch_timeout
2026-02-04 11:13:10 WARNING dataset: Stage2 batch error query_id=q_000408: batch_timeout
2026-02-04 11:13:10 WARNING dataset: Stage2 batch error query_id=q_000409: batch_timeout
2026-02-04 11:13:10 WARNING dataset: Stage2 batch error query_id=q_000410: batch_timeout
2026-02-04 11:13:10 WARNING dataset: Stage2 batch error query_id=q_000411: batch_timeout
2026-02-04 11:13:10 WARNING dataset: Stage2 batch error query_id=q_000412: batch_timeout
2026-02-04 11:13:10 WARNING dataset: Stage2 batch error query_id=q_000413: batch_timeout
2026-02-04 11:13:10 WARNING dataset: Stage2 batch error query_id=q_000414: batch_timeout
2026-02-04 11:13:10 WARNING dataset: Stage2 batch error query_id=q_000415: batch_timeout
2026-02-04 11:13:10 WARNING dataset: Stage2 batch error query_id=q_000416: batch_timeout
2026-02-04 11:13:10 WARNING dataset: Stage2 batch error query_id=q_000417: batch_timeout
2026-02-04 11:13:10 WARNING dataset: Stage2 batch error query_id=q_000418: batch_timeout
2026-02-04 11:13:10 WARNING dataset: Stage2 batch error query_id=q_000419: batch_timeout
2026-02-04 11:13:10 WARNING dataset: Stage2 batch error query_id=q_000420: batch_timeout
2026-02-04 11:13:10 WARNING dataset: Stage2 batch error query_id=q_000421: batch_timeout
2026-02-04 11:13:10 WARNING dataset: Stage2 batch error query_id=q_000422: batch_timeout
2026-02-04 11:13:10 WARNING dataset: Stage2 batch error query_id=q_000423: batch_timeout
2026-02-04 11:13:10 WARNING dataset: Stage2 batch error query_id=q_000424: batch_timeout
2026-02-04 11:13:10 WARNING dataset: Stage2 batch error query_id=q_000425: batch_timeout
2026-02-04 11:13:10 WARNING dataset: Stage2 batch error query_id=q_000426: batch_timeout
2026-02-04 11:13:10 WARNING dataset: Stage2 batch error query_id=q_000413: batch_timeout
2026-02-04 11:13:10 WARNING dataset: Stage2 batch error query_id=q_000414: batch_timeout
2026-02-04 11:13:10 WARNING dataset: Stage2 batch error query_id=q_000415: batch_timeout
2026-02-04 11:13:10 WARNING dataset: Stage2 batch error query_id=q_000416: batch_timeout
2026-02-04 11:13:10 WARNING dataset: Stage2 batch error query_id=q_000417: batch_timeout
2026-02-04 11:13:10 WARNING dataset: Stage2 batch error query_id=q_000418: batch_timeout
2026-02-04 11:13:10 WARNING dataset: Stage2 batch error query_id=q_000419: batch_timeout
2026-02-04 11:13:10 WARNING dataset: Stage2 batch error query_id=q_000420: batch_timeout
2026-02-04 11:13:10 WARNING dataset: Stage2 batch error query_id=q_000421: batch_timeout
2026-02-04 11:13:10 WARNING dataset: Stage2 batch error query_id=q_000422: batch_timeout
2026-02-04 11:13:10 WARNING dataset: Stage2 batch error query_id=q_000423: batch_timeout
2026-02-04 11:13:10 WARNING dataset: Stage2 batch error query_id=q_000424: batch_timeout
2026-02-04 11:13:10 WARNING dataset: Stage2 batch error query_id=q_000425: batch_timeout
2026-02-04 11:13:10 WARNING dataset: Stage2 batch error query_id=q_000426: batch_timeout
2026-02-04 11:13:10 WARNING dataset: Stage2 batch error query_id=q_000427: batch_timeout
2026-02-04 11:13:10 WARNING dataset: Stage2 batch error query_id=q_000428: batch_timeout
2026-02-04 11:13:10 WARNING dataset: Stage2 batch error query_id=q_000429: batch_timeout
2026-02-04 11:13:10 WARNING dataset: Stage2 batch error query_id=q_000430: batch_timeout
2026-02-04 11:13:10 WARNING dataset: Stage2 batch error query_id=q_000431: batch_timeout
2026-02-04 11:13:10 WARNING dataset: Stage2 batch error query_id=q_000432: batch_timeout
2026-02-04 11:13:10 WARNING dataset: Stage2 batch error query_id=q_000433: batch_timeout
2026-02-04 11:13:10 WARNING dataset: Stage2 batch error query_id=q_000434: batch_timeout
2026-02-04 11:13:10 WARNING dataset: Stage2 batch error query_id=q_000435: batch_timeout
2026-02-04 11:13:10 WARNING dataset: Stage2 batch error query_id=q_000427: batch_timeout
2026-02-04 11:13:10 WARNING dataset: Stage2 batch error query_id=q_000428: batch_timeout
2026-02-04 11:13:10 WARNING dataset: Stage2 batch error query_id=q_000429: batch_timeout
2026-02-04 11:13:10 WARNING dataset: Stage2 batch error query_id=q_000430: batch_timeout
2026-02-04 11:13:10 WARNING dataset: Stage2 batch error query_id=q_000431: batch_timeout
2026-02-04 11:13:10 WARNING dataset: Stage2 batch error query_id=q_000432: batch_timeout
2026-02-04 11:13:10 WARNING dataset: Stage2 batch error query_id=q_000433: batch_timeout
2026-02-04 11:13:10 WARNING dataset: Stage2 batch error query_id=q_000434: batch_timeout
2026-02-04 11:13:10 WARNING dataset: Stage2 batch error query_id=q_000435: batch_timeout
2026-02-04 11:13:12 ERROR dataset: Stage1 parse error intent=Creating Writing: Expecting ',' delimiter: line 115 column 50 (char 7000)
2026-02-04 11:13:12 INFO dataset: Stage1 recovered 22 objects from fallback parse intent=Creating Writing
2026-02-04 11:13:12 INFO dataset: Stage1 intent=Creating Writing created=22 total=82
2026-02-04 11:13:42 INFO dataset: Stage1 intent=Creating Writing created=5 total=87
2026-02-04 11:13:47 ERROR dataset: Stage1 parse error intent=Event Schedule: Expecting ',' delimiter: line 110 column 45 (char 7392)
2026-02-04 11:13:47 INFO dataset: Stage1 recovered 22 objects from fallback parse intent=Event Schedule
2026-02-04 11:13:47 INFO dataset: Stage1 intent=Event Schedule created=22 total=22
2026-02-04 11:14:35 ERROR dataset: Stage1 parse error intent=Event Schedule: Expecting ',' delimiter: line 95 column 48 (char 7542)
2026-02-04 11:14:35 INFO dataset: Stage1 recovered 19 objects from fallback parse intent=Event Schedule
2026-02-04 11:14:35 INFO dataset: Stage1 intent=Event Schedule created=19 total=19
2026-02-04 11:14:41 ERROR dataset: Stage1 parse error intent=Event Schedule: Expecting ',' delimiter: line 110 column 53 (char 7889)
2026-02-04 11:14:41 INFO dataset: Stage1 recovered 22 objects from fallback parse intent=Event Schedule
2026-02-04 11:14:41 INFO dataset: Stage1 intent=Event Schedule created=22 total=44
2026-02-04 11:15:09 ERROR dataset: Stage1 error intent=Recipe: batch_timeout
2026-02-04 11:15:09 ERROR dataset: Stage1 stopping intent=Recipe after 3 failures
2026-02-04 11:15:09 ERROR dataset: Stage1 error intent=Localization: batch_timeout
2026-02-04 11:15:09 ERROR dataset: Stage1 stopping intent=Localization after 3 failures
2026-02-04 11:15:09 ERROR dataset: Stage1 error intent=Technical support: batch_timeout
2026-02-04 11:15:09 ERROR dataset: Stage1 stopping intent=Technical support after 3 failures
2026-02-04 11:15:09 ERROR dataset: Stage1 error intent=Creating Writing: batch_timeout
2026-02-04 11:15:09 ERROR dataset: Stage1 stopping intent=Creating Writing after 3 failures
2026-02-04 11:15:09 ERROR dataset: Stage1 error intent=Event Schedule: batch_timeout
2026-02-04 11:15:09 ERROR dataset: Stage1 stopping intent=Event Schedule after 3 failures
2026-02-04 11:15:09 ERROR dataset: Stage1 error intent=Research Analysis: batch_timeout
2026-02-04 11:15:09 ERROR dataset: Stage1 stopping intent=Research Analysis after 3 failures
2026-02-04 11:15:09 ERROR dataset: Stage1 error intent=Comparison: batch_timeout
2026-02-04 11:15:09 ERROR dataset: Stage1 stopping intent=Comparison after 3 failures
2026-02-04 11:15:09 ERROR dataset: Stage1 error intent=calculation: batch_timeout
2026-02-04 11:15:09 ERROR dataset: Stage1 stopping intent=calculation after 3 failures
2026-02-04 11:15:09 ERROR dataset: Stage1 error intent=Travel: batch_timeout
2026-02-04 11:15:09 ERROR dataset: Stage1 stopping intent=Travel after 3 failures
2026-02-04 11:15:09 ERROR dataset: Stage1 error intent=Navigation: batch_timeout
2026-02-04 11:15:09 ERROR dataset: Stage1 stopping intent=Navigation after 3 failures
2026-02-04 11:15:09 ERROR dataset: Stage1 error intent=Education: batch_timeout
2026-02-04 11:15:09 ERROR dataset: Stage1 stopping intent=Education after 3 failures
2026-02-04 11:15:09 ERROR dataset: Stage1 error intent=Documentation: batch_timeout
2026-02-04 11:15:09 ERROR dataset: Stage1 stopping intent=Documentation after 3 failures
2026-02-04 11:15:09 ERROR dataset: Stage1 error intent=media playback: batch_timeout
2026-02-04 11:15:09 ERROR dataset: Stage1 stopping intent=media playback after 3 failures
2026-02-04 11:15:09 ERROR dataset: Stage1 error intent=qr scanner: batch_timeout
2026-02-04 11:15:09 ERROR dataset: Stage1 stopping intent=qr scanner after 3 failures
2026-02-04 11:15:09 ERROR dataset: Stage1 error intent=status check: batch_timeout
2026-02-04 11:15:09 ERROR dataset: Stage1 stopping intent=status check after 3 failures
2026-02-04 11:15:30 ERROR dataset: Stage1 parse error intent=Event Schedule: Expecting ',' delimiter: line 85 column 50 (char 6795)
2026-02-04 11:15:30 INFO dataset: Stage1 recovered 17 objects from fallback parse intent=Event Schedule
2026-02-04 11:15:30 INFO dataset: Stage1 intent=Event Schedule created=17 total=36
2026-02-04 11:15:34 ERROR dataset: Stage1 parse error intent=Event Schedule: Expecting ',' delimiter: line 90 column 47 (char 7574)
2026-02-04 11:15:34 INFO dataset: Stage1 recovered 18 objects from fallback parse intent=Event Schedule
2026-02-04 11:15:34 INFO dataset: Stage1 intent=Event Schedule created=18 total=62
2026-02-04 11:16:20 ERROR dataset: Stage1 parse error intent=Event Schedule: Expecting ',' delimiter: line 60 column 71 (char 4469)
2026-02-04 11:16:21 INFO dataset: Stage1 recovered 12 objects from fallback parse intent=Event Schedule
2026-02-04 11:16:21 INFO dataset: Stage1 intent=Event Schedule created=12 total=75
2026-02-04 11:16:24 ERROR dataset: Stage1 parse error intent=Event Schedule: Expecting ',' delimiter: line 85 column 48 (char 6257)
2026-02-04 11:16:24 INFO dataset: Stage1 recovered 17 objects from fallback parse intent=Event Schedule
2026-02-04 11:16:24 INFO dataset: Stage1 intent=Event Schedule created=17 total=53
2026-02-04 11:16:25 ERROR dataset: Stage1 parse error intent=Event Schedule: Unterminated string starting at: line 98 column 19 (char 6991)
2026-02-04 11:16:25 INFO dataset: Stage1 recovered 19 objects from fallback parse intent=Event Schedule
2026-02-04 11:16:25 INFO dataset: Stage1 intent=Event Schedule created=19 total=81
2026-02-04 11:17:03 INFO dataset: Stage1 intent=Event Schedule created=6 total=87
2026-02-04 11:17:12 INFO dataset: Stage1 intent=Event Schedule created=12 total=87
2026-02-04 11:17:19 ERROR dataset: Stage1 parse error intent=Event Schedule: Expecting ',' delimiter: line 85 column 50 (char 6717)
2026-02-04 11:17:19 INFO dataset: Stage1 recovered 17 objects from fallback parse intent=Event Schedule
2026-02-04 11:17:19 INFO dataset: Stage1 intent=Event Schedule created=17 total=70
2026-02-04 11:18:04 ERROR dataset: Stage1 parse error intent=Research Analysis: Expecting ',' delimiter: line 135 column 44 (char 7866)
2026-02-04 11:18:04 INFO dataset: Stage1 recovered 27 objects from fallback parse intent=Research Analysis
2026-02-04 11:18:04 INFO dataset: Stage1 intent=Research Analysis created=27 total=27
2026-02-04 11:18:06 ERROR dataset: Stage1 parse error intent=Research Analysis: Expecting ',' delimiter: line 145 column 54 (char 9561)
2026-02-04 11:18:06 INFO dataset: Stage1 recovered 28 objects from fallback parse intent=Research Analysis
2026-02-04 11:18:06 INFO dataset: Stage1 intent=Research Analysis created=28 total=28
2026-02-04 11:18:12 ERROR dataset: Stage1 parse error intent=Event Schedule: Expecting ',' delimiter: line 65 column 58 (char 7505)
2026-02-04 11:18:12 INFO dataset: Stage1 recovered 13 objects from fallback parse intent=Event Schedule
2026-02-04 11:18:12 INFO dataset: Stage1 intent=Event Schedule created=13 total=83
2026-02-04 11:18:52 INFO dataset: Stage1 intent=Event Schedule created=4 total=87
2026-02-04 11:18:58 ERROR dataset: Stage1 parse error intent=Research Analysis: Expecting ',' delimiter: line 125 column 57 (char 8436)
2026-02-04 11:18:58 INFO dataset: Stage1 recovered 25 objects from fallback parse intent=Research Analysis
2026-02-04 11:18:58 INFO dataset: Stage1 intent=Research Analysis created=25 total=52
2026-02-04 11:19:02 ERROR dataset: Stage1 parse error intent=Research Analysis: Expecting value: line 80 column 35 (char 5832)
2026-02-04 11:19:02 INFO dataset: Stage1 recovered 15 objects from fallback parse intent=Research Analysis
2026-02-04 11:19:02 INFO dataset: Stage1 intent=Research Analysis created=15 total=43
2026-02-04 11:19:45 ERROR dataset: Stage1 parse error intent=Research Analysis: Expecting ',' delimiter: line 145 column 54 (char 9561)
2026-02-04 11:19:45 INFO dataset: Stage1 recovered 28 objects from fallback parse intent=Research Analysis
2026-02-04 11:19:45 INFO dataset: Stage1 intent=Research Analysis created=28 total=28
2026-02-04 11:19:54 ERROR dataset: Stage1 parse error intent=Research Analysis: Expecting ',' delimiter: line 115 column 51 (char 9568)
2026-02-04 11:19:54 INFO dataset: Stage1 recovered 23 objects from fallback parse intent=Research Analysis
2026-02-04 11:19:54 INFO dataset: Stage1 intent=Research Analysis created=23 total=75
2026-02-04 11:19:55 ERROR dataset: Stage1 parse error intent=Research Analysis: Unterminated string starting at: line 153 column 19 (char 9382)
2026-02-04 11:19:55 INFO dataset: Stage1 recovered 30 objects from fallback parse intent=Research Analysis
2026-02-04 11:19:55 INFO dataset: Stage1 intent=Research Analysis created=30 total=73
2026-02-04 11:20:37 INFO dataset: Stage1 intent=Research Analysis created=12 total=87
2026-02-04 11:20:39 ERROR dataset: Stage1 parse error intent=Research Analysis: Unterminated string starting at: line 133 column 19 (char 9067)
2026-02-04 11:20:39 INFO dataset: Stage1 recovered 26 objects from fallback parse intent=Research Analysis
2026-02-04 11:20:39 INFO dataset: Stage1 intent=Research Analysis created=26 total=54
2026-02-04 11:20:41 INFO dataset: Stage1 intent=Research Analysis created=14 total=87
2026-02-04 11:21:32 ERROR dataset: Stage1 parse error intent=Comparison: Expecting ',' delimiter: line 110 column 47 (char 5718)
2026-02-04 11:21:32 INFO dataset: Stage1 recovered 22 objects from fallback parse intent=Comparison
2026-02-04 11:21:32 INFO dataset: Stage1 intent=Comparison created=22 total=22
2026-02-04 11:21:35 ERROR dataset: Stage1 parse error intent=Comparison: Expecting ',' delimiter: line 110 column 47 (char 5718)
2026-02-04 11:21:35 INFO dataset: Stage1 recovered 22 objects from fallback parse intent=Comparison
2026-02-04 11:21:35 INFO dataset: Stage1 intent=Comparison created=22 total=22
2026-02-04 11:21:39 ERROR dataset: Stage1 parse error intent=Research Analysis: Expecting ',' delimiter: line 120 column 59 (char 9483)
2026-02-04 11:21:39 INFO dataset: Stage1 recovered 24 objects from fallback parse intent=Research Analysis
2026-02-04 11:21:39 INFO dataset: Stage1 intent=Research Analysis created=24 total=78
2026-02-04 11:22:20 INFO dataset: Stage1 intent=Research Analysis created=9 total=87
2026-02-04 11:22:26 ERROR dataset: Stage1 parse error intent=Comparison: Expecting ',' delimiter: line 130 column 47 (char 8400)
2026-02-04 11:22:26 INFO dataset: Stage1 recovered 26 objects from fallback parse intent=Comparison
2026-02-04 11:22:26 INFO dataset: Stage1 intent=Comparison created=25 total=47
2026-02-04 11:22:29 ERROR dataset: Stage1 parse error intent=Comparison: Expecting ',' delimiter: line 120 column 54 (char 7417)
2026-02-04 11:22:29 INFO dataset: Stage1 recovered 24 objects from fallback parse intent=Comparison
2026-02-04 11:22:29 INFO dataset: Stage1 intent=Comparison created=24 total=46
2026-02-04 11:23:15 ERROR dataset: Stage1 parse error intent=Comparison: Expecting ',' delimiter: line 110 column 47 (char 5718)
2026-02-04 11:23:15 INFO dataset: Stage1 recovered 22 objects from fallback parse intent=Comparison
2026-02-04 11:23:15 INFO dataset: Stage1 intent=Comparison created=22 total=22
2026-02-04 11:23:21 ERROR dataset: Stage1 parse error intent=Comparison: Expecting ',' delimiter: line 70 column 60 (char 5460)
2026-02-04 11:23:21 INFO dataset: Stage1 recovered 14 objects from fallback parse intent=Comparison
2026-02-04 11:23:21 INFO dataset: Stage1 intent=Comparison created=14 total=61
2026-02-04 11:23:22 ERROR dataset: Stage1 parse error intent=Comparison: Expecting ',' delimiter: line 95 column 46 (char 6863)
2026-02-04 11:23:22 INFO dataset: Stage1 recovered 19 objects from fallback parse intent=Comparison
2026-02-04 11:23:22 INFO dataset: Stage1 intent=Comparison created=19 total=65
2026-02-04 11:24:08 ERROR dataset: Stage1 parse error intent=Comparison: Expecting ',' delimiter: line 120 column 54 (char 7417)
2026-02-04 11:24:08 INFO dataset: Stage1 recovered 24 objects from fallback parse intent=Comparison
2026-02-04 11:24:08 INFO dataset: Stage1 intent=Comparison created=24 total=46
2026-02-04 11:24:13 ERROR dataset: Stage1 parse error intent=Comparison: Expecting ',' delimiter: line 110 column 61 (char 7979)
2026-02-04 11:24:13 INFO dataset: Stage1 recovered 22 objects from fallback parse intent=Comparison
2026-02-04 11:24:13 INFO dataset: Stage1 intent=Comparison created=22 total=83
2026-02-04 11:24:13 INFO dataset: Stage1 intent=Comparison created=22 total=87
2026-02-04 11:24:42 INFO dataset: Stage1 intent=Comparison created=4 total=87
2026-02-04 11:25:05 ERROR dataset: Stage1 parse error intent=Comparison: Expecting ',' delimiter: line 115 column 50 (char 7524)
2026-02-04 11:25:05 INFO dataset: Stage1 recovered 23 objects from fallback parse intent=Comparison
2026-02-04 11:25:05 INFO dataset: Stage1 intent=Comparison created=23 total=69
2026-02-04 11:25:06 ERROR dataset: Stage1 parse error intent=calculation: Expecting ',' delimiter: line 140 column 41 (char 5605)
2026-02-04 11:25:06 INFO dataset: Stage1 recovered 28 objects from fallback parse intent=calculation
2026-02-04 11:25:06 INFO dataset: Stage1 intent=calculation created=28 total=28
2026-02-04 11:25:35 ERROR dataset: Stage1 parse error intent=calculation: Expecting ',' delimiter: line 140 column 41 (char 5605)
2026-02-04 11:25:35 INFO dataset: Stage1 recovered 28 objects from fallback parse intent=calculation
2026-02-04 11:25:35 INFO dataset: Stage1 intent=calculation created=28 total=28
2026-02-04 11:25:53 INFO dataset: Stage1 intent=Comparison created=18 total=87
2026-02-04 11:26:00 ERROR dataset: Stage1 parse error intent=calculation: Expecting ',' delimiter: line 160 column 47 (char 7301)
2026-02-04 11:26:00 INFO dataset: Stage1 recovered 32 objects from fallback parse intent=calculation
2026-02-04 11:26:00 INFO dataset: Stage1 intent=calculation created=32 total=60
2026-02-04 11:26:31 ERROR dataset: Stage1 parse error intent=calculation: Expecting ',' delimiter: line 140 column 44 (char 6925)
2026-02-04 11:26:31 INFO dataset: Stage1 recovered 28 objects from fallback parse intent=calculation
2026-02-04 11:26:31 INFO dataset: Stage1 intent=calculation created=28 total=56
2026-02-04 11:26:46 ERROR dataset: Stage1 parse error intent=calculation: Expecting ',' delimiter: line 140 column 41 (char 5605)
2026-02-04 11:26:46 INFO dataset: Stage1 recovered 28 objects from fallback parse intent=calculation
2026-02-04 11:26:46 INFO dataset: Stage1 intent=calculation created=28 total=28
2026-02-04 11:26:56 ERROR dataset: Stage1 parse error intent=calculation: Expecting ',' delimiter: line 105 column 44 (char 6245)
2026-02-04 11:26:56 INFO dataset: Stage1 recovered 21 objects from fallback parse intent=calculation
2026-02-04 11:26:56 INFO dataset: Stage1 intent=calculation created=21 total=81
2026-02-04 11:27:24 ERROR dataset: Stage1 parse error intent=calculation: Expecting ',' delimiter: line 150 column 43 (char 8115)
2026-02-04 11:27:24 INFO dataset: Stage1 recovered 30 objects from fallback parse intent=calculation
2026-02-04 11:27:24 INFO dataset: Stage1 intent=calculation created=30 total=86
2026-02-04 11:27:31 INFO dataset: Stage1 intent=calculation created=6 total=87
2026-02-04 11:27:40 ERROR dataset: Stage1 parse error intent=calculation: Expecting ',' delimiter: line 140 column 44 (char 6925)
2026-02-04 11:27:40 INFO dataset: Stage1 recovered 28 objects from fallback parse intent=calculation
2026-02-04 11:27:40 INFO dataset: Stage1 intent=calculation created=28 total=56
2026-02-04 11:27:52 INFO dataset: Stage1 intent=calculation created=1 total=87
2026-02-04 11:28:25 ERROR dataset: Stage1 parse error intent=Travel: Expecting ',' delimiter: line 120 column 58 (char 8424)
2026-02-04 11:28:25 INFO dataset: Stage1 recovered 24 objects from fallback parse intent=Travel
2026-02-04 11:28:25 INFO dataset: Stage1 intent=Travel created=24 total=24
2026-02-04 11:28:32 ERROR dataset: Stage1 parse error intent=calculation: Expecting ',' delimiter: line 150 column 43 (char 8115)
2026-02-04 11:28:32 INFO dataset: Stage1 recovered 30 objects from fallback parse intent=calculation
2026-02-04 11:28:32 INFO dataset: Stage1 intent=calculation created=30 total=86
2026-02-04 11:28:47 ERROR dataset: Stage1 parse error intent=Travel: Expecting ',' delimiter: line 120 column 53 (char 8734)
2026-02-04 11:28:47 INFO dataset: Stage1 recovered 24 objects from fallback parse intent=Travel
2026-02-04 11:28:47 INFO dataset: Stage1 intent=Travel created=24 total=24
2026-02-04 11:28:55 INFO dataset: Stage1 intent=calculation created=1 total=87
2026-02-04 11:29:22 ERROR dataset: Stage1 parse error intent=Travel: Expecting ',' delimiter: line 45 column 52 (char 3683)
2026-02-04 11:29:22 INFO dataset: Stage1 recovered 9 objects from fallback parse intent=Travel
2026-02-04 11:29:22 INFO dataset: Stage1 intent=Travel created=9 total=33
2026-02-04 11:29:43 ERROR dataset: Stage1 parse error intent=Travel: Expecting ',' delimiter: line 45 column 52 (char 3683)
2026-02-04 11:29:43 INFO dataset: Stage1 recovered 9 objects from fallback parse intent=Travel
2026-02-04 11:29:43 INFO dataset: Stage1 intent=Travel created=9 total=33
2026-02-04 11:29:51 ERROR dataset: Stage1 parse error intent=Travel: Expecting ',' delimiter: line 120 column 53 (char 8734)
2026-02-04 11:29:51 INFO dataset: Stage1 recovered 24 objects from fallback parse intent=Travel
2026-02-04 11:29:51 INFO dataset: Stage1 intent=Travel created=24 total=24
2026-02-04 11:30:20 ERROR dataset: Stage1 parse error intent=Travel: Expecting ',' delimiter: line 40 column 53 (char 3383)
2026-02-04 11:30:20 INFO dataset: Stage1 recovered 8 objects from fallback parse intent=Travel
2026-02-04 11:30:20 INFO dataset: Stage1 intent=Travel created=8 total=41
2026-02-04 11:30:39 ERROR dataset: Stage1 parse error intent=Travel: Expecting ',' delimiter: line 140 column 44 (char 9258)
2026-02-04 11:30:39 INFO dataset: Stage1 recovered 28 objects from fallback parse intent=Travel
2026-02-04 11:30:39 INFO dataset: Stage1 intent=Travel created=28 total=61
2026-02-04 11:30:46 ERROR dataset: Stage1 parse error intent=Travel: Expecting ',' delimiter: line 45 column 52 (char 3683)
2026-02-04 11:30:46 INFO dataset: Stage1 recovered 9 objects from fallback parse intent=Travel
2026-02-04 11:30:46 INFO dataset: Stage1 intent=Travel created=9 total=33
2026-02-04 11:31:15 ERROR dataset: Stage1 parse error intent=Travel: Expecting ',' delimiter: line 115 column 49 (char 7773)
2026-02-04 11:31:15 INFO dataset: Stage1 recovered 23 objects from fallback parse intent=Travel
2026-02-04 11:31:15 INFO dataset: Stage1 intent=Travel created=23 total=64
2026-02-04 11:31:34 ERROR dataset: Stage1 parse error intent=Travel: Expecting ',' delimiter: line 110 column 48 (char 8210)
2026-02-04 11:31:34 INFO dataset: Stage1 recovered 22 objects from fallback parse intent=Travel
2026-02-04 11:31:34 INFO dataset: Stage1 intent=Travel created=22 total=83
2026-02-04 11:31:40 ERROR dataset: Stage1 parse error intent=Travel: Expecting ',' delimiter: line 40 column 53 (char 3383)
2026-02-04 11:31:40 INFO dataset: Stage1 recovered 8 objects from fallback parse intent=Travel
2026-02-04 11:31:40 INFO dataset: Stage1 intent=Travel created=8 total=41
2026-02-04 11:32:10 ERROR dataset: Stage1 parse error intent=Travel: Expecting value: line 100 column 12 (char 8308)
2026-02-04 11:32:10 INFO dataset: Stage1 recovered 19 objects from fallback parse intent=Travel
2026-02-04 11:32:10 INFO dataset: Stage1 intent=Travel created=19 total=83
2026-02-04 11:32:12 INFO dataset: Stage1 intent=Travel created=4 total=87
2026-02-04 11:32:34 ERROR dataset: Stage1 parse error intent=Travel: Expecting ',' delimiter: line 105 column 51 (char 7968)
2026-02-04 11:32:34 INFO dataset: Stage1 recovered 21 objects from fallback parse intent=Travel
2026-02-04 11:32:34 INFO dataset: Stage1 intent=Travel created=21 total=62
2026-02-04 11:32:52 INFO dataset: Stage1 intent=Travel created=4 total=87
2026-02-04 11:33:08 ERROR dataset: Stage1 parse error intent=Navigation: Expecting ',' delimiter: line 65 column 48 (char 4131)
2026-02-04 11:33:08 INFO dataset: Stage1 recovered 13 objects from fallback parse intent=Navigation
2026-02-04 11:33:08 INFO dataset: Stage1 intent=Navigation created=13 total=13
2026-02-04 11:33:29 ERROR dataset: Stage1 parse error intent=Travel: Expecting ',' delimiter: line 85 column 55 (char 7789)
2026-02-04 11:33:29 INFO dataset: Stage1 recovered 17 objects from fallback parse intent=Travel
2026-02-04 11:33:29 INFO dataset: Stage1 intent=Travel created=17 total=79
2026-02-04 11:33:48 ERROR dataset: Stage1 parse error intent=Navigation: Expecting ',' delimiter: line 65 column 48 (char 4131)
2026-02-04 11:33:48 INFO dataset: Stage1 recovered 13 objects from fallback parse intent=Navigation
2026-02-04 11:33:48 INFO dataset: Stage1 intent=Navigation created=13 total=13
2026-02-04 11:34:05 ERROR dataset: Stage1 parse error intent=Navigation: Expecting ',' delimiter: line 125 column 59 (char 6750)
2026-02-04 11:34:05 INFO dataset: Stage1 recovered 25 objects from fallback parse intent=Navigation
2026-02-04 11:34:05 INFO dataset: Stage1 intent=Navigation created=25 total=38
2026-02-04 11:34:16 INFO dataset: Stage1 intent=Travel created=8 total=87
2026-02-04 11:34:45 ERROR dataset: Stage1 parse error intent=Navigation: Expecting ',' delimiter: line 125 column 59 (char 6750)
2026-02-04 11:34:45 INFO dataset: Stage1 recovered 25 objects from fallback parse intent=Navigation
2026-02-04 11:34:45 INFO dataset: Stage1 intent=Navigation created=25 total=38
2026-02-04 11:35:03 ERROR dataset: Stage1 parse error intent=Navigation: Expecting ',' delimiter: line 140 column 49 (char 8095)
2026-02-04 11:35:03 INFO dataset: Stage1 recovered 28 objects from fallback parse intent=Navigation
2026-02-04 11:35:03 INFO dataset: Stage1 intent=Navigation created=28 total=66
2026-02-04 11:35:15 ERROR dataset: Stage1 parse error intent=Navigation: Expecting ',' delimiter: line 60 column 61 (char 3641)
2026-02-04 11:35:15 INFO dataset: Stage1 recovered 12 objects from fallback parse intent=Navigation
2026-02-04 11:35:15 INFO dataset: Stage1 intent=Navigation created=12 total=12
2026-02-04 11:36:33 WARNING dataset: Stage2 batch error query_id=q_000001: batch_timeout
2026-02-04 11:36:33 WARNING dataset: Stage2 batch error query_id=q_000002: batch_timeout
2026-02-04 11:36:33 WARNING dataset: Stage2 batch error query_id=q_000003: batch_timeout
2026-02-04 11:36:33 WARNING dataset: Stage2 batch error query_id=q_000004: batch_timeout
2026-02-04 11:36:33 WARNING dataset: Stage2 batch error query_id=q_000005: batch_timeout
2026-02-04 11:36:33 WARNING dataset: Stage2 batch error query_id=q_000006: batch_timeout
2026-02-04 11:36:33 WARNING dataset: Stage2 batch error query_id=q_000007: batch_timeout
2026-02-04 11:36:33 WARNING dataset: Stage2 batch error query_id=q_000008: batch_timeout
2026-02-04 11:36:33 WARNING dataset: Stage2 batch error query_id=q_000009: batch_timeout
2026-02-04 11:36:33 WARNING dataset: Stage2 batch error query_id=q_000010: batch_timeout
2026-02-04 11:36:33 WARNING dataset: Stage2 batch error query_id=q_000011: batch_timeout
2026-02-04 11:36:33 WARNING dataset: Stage2 batch error query_id=q_000012: batch_timeout
2026-02-04 11:36:33 WARNING dataset: Stage2 batch error query_id=q_000013: batch_timeout
2026-02-04 11:36:33 WARNING dataset: Stage2 batch error query_id=q_000014: batch_timeout
2026-02-04 11:36:33 WARNING dataset: Stage2 batch error query_id=q_000015: batch_timeout
2026-02-04 11:36:33 WARNING dataset: Stage2 batch error query_id=q_000016: batch_timeout
2026-02-04 11:36:33 WARNING dataset: Stage2 batch error query_id=q_000017: batch_timeout
2026-02-04 11:36:33 WARNING dataset: Stage2 batch error query_id=q_000018: batch_timeout
2026-02-04 11:36:33 WARNING dataset: Stage2 batch error query_id=q_000019: batch_timeout
2026-02-04 11:36:33 WARNING dataset: Stage2 batch error query_id=q_000020: batch_timeout
2026-02-04 11:36:33 WARNING dataset: Stage2 batch error query_id=q_000021: batch_timeout
2026-02-04 11:36:33 WARNING dataset: Stage2 batch error query_id=q_000022: batch_timeout
2026-02-04 11:36:33 WARNING dataset: Stage2 batch error query_id=q_000023: batch_timeout
2026-02-04 11:36:33 WARNING dataset: Stage2 batch error query_id=q_000024: batch_timeout
2026-02-04 11:36:33 WARNING dataset: Stage2 batch error query_id=q_000025: batch_timeout
2026-02-04 11:36:33 WARNING dataset: Stage2 batch error query_id=q_000026: batch_timeout
2026-02-04 11:36:33 WARNING dataset: Stage2 batch error query_id=q_000027: batch_timeout
2026-02-04 11:36:33 WARNING dataset: Stage2 batch error query_id=q_000028: batch_timeout
2026-02-04 11:36:33 WARNING dataset: Stage2 batch error query_id=q_000029: batch_timeout
2026-02-04 11:36:33 WARNING dataset: Stage2 batch error query_id=q_000030: batch_timeout
2026-02-04 11:36:33 WARNING dataset: Stage2 batch error query_id=q_000031: batch_timeout
2026-02-04 11:36:33 WARNING dataset: Stage2 batch error query_id=q_000032: batch_timeout
2026-02-04 11:36:33 WARNING dataset: Stage2 batch error query_id=q_000033: batch_timeout
2026-02-04 11:36:33 WARNING dataset: Stage2 batch error query_id=q_000034: batch_timeout
2026-02-04 11:36:33 WARNING dataset: Stage2 batch error query_id=q_000035: batch_timeout
2026-02-04 11:36:33 WARNING dataset: Stage2 batch error query_id=q_000036: batch_timeout
2026-02-04 11:36:33 WARNING dataset: Stage2 batch error query_id=q_000037: batch_timeout
2026-02-04 11:36:33 WARNING dataset: Stage2 batch error query_id=q_000038: batch_timeout
2026-02-04 11:36:33 WARNING dataset: Stage2 batch error query_id=q_000039: batch_timeout
2026-02-04 11:36:33 WARNING dataset: Stage2 batch error query_id=q_000040: batch_timeout
2026-02-04 11:36:33 WARNING dataset: Stage2 batch error query_id=q_000041: batch_timeout
2026-02-04 11:36:33 WARNING dataset: Stage2 batch error query_id=q_000042: batch_timeout
2026-02-04 11:36:33 WARNING dataset: Stage2 batch error query_id=q_000043: batch_timeout
2026-02-04 11:36:33 WARNING dataset: Stage2 batch error query_id=q_000044: batch_timeout
2026-02-04 11:36:33 WARNING dataset: Stage2 batch error query_id=q_000045: batch_timeout
2026-02-04 11:36:33 WARNING dataset: Stage2 batch error query_id=q_000046: batch_timeout
2026-02-04 11:36:33 WARNING dataset: Stage2 batch error query_id=q_000047: batch_timeout
2026-02-04 11:36:33 WARNING dataset: Stage2 batch error query_id=q_000048: batch_timeout
2026-02-04 11:36:33 WARNING dataset: Stage2 batch error query_id=q_000049: batch_timeout
2026-02-04 11:36:33 WARNING dataset: Stage2 batch error query_id=q_000050: batch_timeout
2026-02-04 11:36:33 WARNING dataset: Stage2 batch error query_id=q_000051: batch_timeout
2026-02-04 11:36:33 WARNING dataset: Stage2 batch error query_id=q_000052: batch_timeout
2026-02-04 11:36:33 WARNING dataset: Stage2 batch error query_id=q_000053: batch_timeout
2026-02-04 11:36:33 WARNING dataset: Stage2 batch error query_id=q_000054: batch_timeout
2026-02-04 11:36:33 WARNING dataset: Stage2 batch error query_id=q_000055: batch_timeout
2026-02-04 11:36:33 WARNING dataset: Stage2 batch error query_id=q_000056: batch_timeout
2026-02-04 11:36:33 WARNING dataset: Stage2 batch error query_id=q_000057: batch_timeout
2026-02-04 11:36:33 WARNING dataset: Stage2 batch error query_id=q_000058: batch_timeout
2026-02-04 11:36:33 WARNING dataset: Stage2 batch error query_id=q_000059: batch_timeout
2026-02-04 11:36:33 WARNING dataset: Stage2 batch error query_id=q_000060: batch_timeout
2026-02-04 11:36:33 WARNING dataset: Stage2 batch error query_id=q_000061: batch_timeout
2026-02-04 11:36:33 WARNING dataset: Stage2 batch error query_id=q_000062: batch_timeout
2026-02-04 11:36:33 WARNING dataset: Stage2 batch error query_id=q_000063: batch_timeout
2026-02-04 11:36:33 WARNING dataset: Stage2 batch error query_id=q_000064: batch_timeout
2026-02-04 11:36:33 WARNING dataset: Stage2 batch error query_id=q_000065: batch_timeout
2026-02-04 11:36:33 WARNING dataset: Stage2 batch error query_id=q_000066: batch_timeout
2026-02-04 11:36:33 WARNING dataset: Stage2 batch error query_id=q_000067: batch_timeout
2026-02-04 11:36:33 WARNING dataset: Stage2 batch error query_id=q_000068: batch_timeout
2026-02-04 11:36:33 WARNING dataset: Stage2 batch error query_id=q_000069: batch_timeout
2026-02-04 11:36:33 WARNING dataset: Stage2 batch error query_id=q_000070: batch_timeout
2026-02-04 11:36:33 WARNING dataset: Stage2 batch error query_id=q_000071: batch_timeout
2026-02-04 11:36:33 WARNING dataset: Stage2 batch error query_id=q_000072: batch_timeout
2026-02-04 11:36:33 WARNING dataset: Stage2 batch error query_id=q_000073: batch_timeout
2026-02-04 11:36:33 WARNING dataset: Stage2 batch error query_id=q_000074: batch_timeout
2026-02-04 11:36:33 WARNING dataset: Stage2 batch error query_id=q_000075: batch_timeout
2026-02-04 11:36:33 WARNING dataset: Stage2 batch error query_id=q_000076: batch_timeout
2026-02-04 11:36:33 WARNING dataset: Stage2 batch error query_id=q_000077: batch_timeout
2026-02-04 11:36:33 WARNING dataset: Stage2 batch error query_id=q_000078: batch_timeout
2026-02-04 11:36:33 WARNING dataset: Stage2 batch error query_id=q_000079: batch_timeout
2026-02-04 11:36:33 WARNING dataset: Stage2 batch error query_id=q_000080: batch_timeout
2026-02-04 11:36:33 WARNING dataset: Stage2 batch error query_id=q_000081: batch_timeout
2026-02-04 11:36:33 WARNING dataset: Stage2 batch error query_id=q_000082: batch_timeout
2026-02-04 11:36:33 WARNING dataset: Stage2 batch error query_id=q_000083: batch_timeout
2026-02-04 11:36:33 WARNING dataset: Stage2 batch error query_id=q_000084: batch_timeout
2026-02-04 11:36:33 WARNING dataset: Stage2 batch error query_id=q_000085: batch_timeout
2026-02-04 11:36:33 WARNING dataset: Stage2 batch error query_id=q_000086: batch_timeout
2026-02-04 11:36:33 WARNING dataset: Stage2 batch error query_id=q_000087: batch_timeout
2026-02-04 11:41:45 WARNING dataset: Stage2 batch error query_id=q_000088: batch_timeout
2026-02-04 11:41:45 WARNING dataset: Stage2 batch error query_id=q_000089: batch_timeout
2026-02-04 11:41:45 WARNING dataset: Stage2 batch error query_id=q_000090: batch_timeout
2026-02-04 11:41:45 WARNING dataset: Stage2 batch error query_id=q_000091: batch_timeout
2026-02-04 11:41:45 WARNING dataset: Stage2 batch error query_id=q_000092: batch_timeout
2026-02-04 11:41:45 WARNING dataset: Stage2 batch error query_id=q_000093: batch_timeout
2026-02-04 11:41:45 WARNING dataset: Stage2 batch error query_id=q_000094: batch_timeout
2026-02-04 11:41:45 WARNING dataset: Stage2 batch error query_id=q_000095: batch_timeout
2026-02-04 11:41:45 WARNING dataset: Stage2 batch error query_id=q_000096: batch_timeout
2026-02-04 11:41:45 WARNING dataset: Stage2 batch error query_id=q_000097: batch_timeout
2026-02-04 11:41:45 WARNING dataset: Stage2 batch error query_id=q_000098: batch_timeout
2026-02-04 11:41:45 WARNING dataset: Stage2 batch error query_id=q_000099: batch_timeout
2026-02-04 11:41:45 WARNING dataset: Stage2 batch error query_id=q_000100: batch_timeout
2026-02-04 11:41:45 WARNING dataset: Stage2 batch error query_id=q_000101: batch_timeout
2026-02-04 11:41:45 WARNING dataset: Stage2 batch error query_id=q_000102: batch_timeout
2026-02-04 11:41:45 WARNING dataset: Stage2 batch error query_id=q_000103: batch_timeout
2026-02-04 11:41:45 WARNING dataset: Stage2 batch error query_id=q_000104: batch_timeout
2026-02-04 11:41:45 WARNING dataset: Stage2 batch error query_id=q_000105: batch_timeout
2026-02-04 11:41:45 WARNING dataset: Stage2 batch error query_id=q_000106: batch_timeout
2026-02-04 11:41:45 WARNING dataset: Stage2 batch error query_id=q_000107: batch_timeout
2026-02-04 11:41:45 WARNING dataset: Stage2 batch error query_id=q_000108: batch_timeout
2026-02-04 11:41:45 WARNING dataset: Stage2 batch error query_id=q_000109: batch_timeout
2026-02-04 11:41:45 WARNING dataset: Stage2 batch error query_id=q_000110: batch_timeout
2026-02-04 11:41:45 WARNING dataset: Stage2 batch error query_id=q_000111: batch_timeout
2026-02-04 11:41:45 WARNING dataset: Stage2 batch error query_id=q_000112: batch_timeout
2026-02-04 11:41:45 WARNING dataset: Stage2 batch error query_id=q_000113: batch_timeout
2026-02-04 11:41:45 WARNING dataset: Stage2 batch error query_id=q_000114: batch_timeout
2026-02-04 11:41:45 WARNING dataset: Stage2 batch error query_id=q_000115: batch_timeout
2026-02-04 11:41:45 WARNING dataset: Stage2 batch error query_id=q_000116: batch_timeout
2026-02-04 11:41:45 WARNING dataset: Stage2 batch error query_id=q_000117: batch_timeout
2026-02-04 11:41:45 WARNING dataset: Stage2 batch error query_id=q_000118: batch_timeout
2026-02-04 11:41:45 WARNING dataset: Stage2 batch error query_id=q_000119: batch_timeout
2026-02-04 11:41:45 WARNING dataset: Stage2 batch error query_id=q_000120: batch_timeout
2026-02-04 11:41:45 WARNING dataset: Stage2 batch error query_id=q_000121: batch_timeout
2026-02-04 11:41:45 WARNING dataset: Stage2 batch error query_id=q_000122: batch_timeout
2026-02-04 11:41:45 WARNING dataset: Stage2 batch error query_id=q_000123: batch_timeout
2026-02-04 11:41:45 WARNING dataset: Stage2 batch error query_id=q_000124: batch_timeout
2026-02-04 11:41:45 WARNING dataset: Stage2 batch error query_id=q_000125: batch_timeout
2026-02-04 11:41:45 WARNING dataset: Stage2 batch error query_id=q_000126: batch_timeout
2026-02-04 11:41:45 WARNING dataset: Stage2 batch error query_id=q_000127: batch_timeout
2026-02-04 11:41:45 WARNING dataset: Stage2 batch error query_id=q_000128: batch_timeout
2026-02-04 11:41:45 WARNING dataset: Stage2 batch error query_id=q_000129: batch_timeout
2026-02-04 11:41:45 WARNING dataset: Stage2 batch error query_id=q_000130: batch_timeout
2026-02-04 11:41:45 WARNING dataset: Stage2 batch error query_id=q_000131: batch_timeout
2026-02-04 11:41:45 WARNING dataset: Stage2 batch error query_id=q_000132: batch_timeout
2026-02-04 11:41:45 WARNING dataset: Stage2 batch error query_id=q_000133: batch_timeout
2026-02-04 11:41:45 WARNING dataset: Stage2 batch error query_id=q_000134: batch_timeout
2026-02-04 11:41:45 WARNING dataset: Stage2 batch error query_id=q_000135: batch_timeout
2026-02-04 11:41:45 WARNING dataset: Stage2 batch error query_id=q_000136: batch_timeout
2026-02-04 11:41:45 WARNING dataset: Stage2 batch error query_id=q_000137: batch_timeout
2026-02-04 11:41:45 WARNING dataset: Stage2 batch error query_id=q_000138: batch_timeout
2026-02-04 11:41:45 WARNING dataset: Stage2 batch error query_id=q_000139: batch_timeout
2026-02-04 11:41:45 WARNING dataset: Stage2 batch error query_id=q_000140: batch_timeout
2026-02-04 11:41:45 WARNING dataset: Stage2 batch error query_id=q_000141: batch_timeout
2026-02-04 11:41:45 WARNING dataset: Stage2 batch error query_id=q_000142: batch_timeout
2026-02-04 11:41:45 WARNING dataset: Stage2 batch error query_id=q_000143: batch_timeout
2026-02-04 11:41:45 WARNING dataset: Stage2 batch error query_id=q_000144: batch_timeout
2026-02-04 11:41:45 WARNING dataset: Stage2 batch error query_id=q_000145: batch_timeout
2026-02-04 11:41:45 WARNING dataset: Stage2 batch error query_id=q_000146: batch_timeout
2026-02-04 11:41:45 WARNING dataset: Stage2 batch error query_id=q_000147: batch_timeout
2026-02-04 11:41:45 WARNING dataset: Stage2 batch error query_id=q_000148: batch_timeout
2026-02-04 11:41:45 WARNING dataset: Stage2 batch error query_id=q_000149: batch_timeout
2026-02-04 11:41:45 WARNING dataset: Stage2 batch error query_id=q_000150: batch_timeout
2026-02-04 11:41:45 WARNING dataset: Stage2 batch error query_id=q_000151: batch_timeout
2026-02-04 11:41:45 WARNING dataset: Stage2 batch error query_id=q_000152: batch_timeout
2026-02-04 11:41:45 WARNING dataset: Stage2 batch error query_id=q_000153: batch_timeout
2026-02-04 11:41:45 WARNING dataset: Stage2 batch error query_id=q_000154: batch_timeout
2026-02-04 11:41:45 WARNING dataset: Stage2 batch error query_id=q_000155: batch_timeout
2026-02-04 11:41:45 WARNING dataset: Stage2 batch error query_id=q_000156: batch_timeout
2026-02-04 11:41:45 WARNING dataset: Stage2 batch error query_id=q_000157: batch_timeout
2026-02-04 11:41:45 WARNING dataset: Stage2 batch error query_id=q_000158: batch_timeout
2026-02-04 11:41:45 WARNING dataset: Stage2 batch error query_id=q_000159: batch_timeout
2026-02-04 11:41:45 WARNING dataset: Stage2 batch error query_id=q_000160: batch_timeout
2026-02-04 11:41:45 WARNING dataset: Stage2 batch error query_id=q_000161: batch_timeout
2026-02-04 11:41:45 WARNING dataset: Stage2 batch error query_id=q_000162: batch_timeout
2026-02-04 11:41:45 WARNING dataset: Stage2 batch error query_id=q_000163: batch_timeout
2026-02-04 11:41:45 WARNING dataset: Stage2 batch error query_id=q_000164: batch_timeout
2026-02-04 11:41:45 WARNING dataset: Stage2 batch error query_id=q_000165: batch_timeout
2026-02-04 11:41:45 WARNING dataset: Stage2 batch error query_id=q_000166: batch_timeout
2026-02-04 11:41:45 WARNING dataset: Stage2 batch error query_id=q_000167: batch_timeout
2026-02-04 11:41:45 WARNING dataset: Stage2 batch error query_id=q_000168: batch_timeout
2026-02-04 11:41:45 WARNING dataset: Stage2 batch error query_id=q_000169: batch_timeout
2026-02-04 11:41:45 WARNING dataset: Stage2 batch error query_id=q_000170: batch_timeout
2026-02-04 11:41:45 WARNING dataset: Stage2 batch error query_id=q_000171: batch_timeout
2026-02-04 11:41:45 WARNING dataset: Stage2 batch error query_id=q_000172: batch_timeout
2026-02-04 11:41:45 WARNING dataset: Stage2 batch error query_id=q_000173: batch_timeout
2026-02-04 11:41:45 WARNING dataset: Stage2 batch error query_id=q_000174: batch_timeout
2026-02-04 11:43:06 ERROR dataset: Stage1 rate limit info: limits={'rpm': None, 'tpm': None, 'rpd': None, 'note': 'set per your Google project tier'} headers=none
2026-02-04 11:43:06 ERROR dataset: Stage1 error intent=Information Retrieval: rate limit hit provider=gemini model=gemini-3-pro-preview limits={'rpm': None, 'tpm': None, 'rpd': None, 'note': 'set per your Google project tier'} headers=none
2026-02-04 11:43:19 ERROR dataset: Stage1 rate limit info: limits={'rpm': None, 'tpm': None, 'rpd': None, 'note': 'set per your Google project tier'} headers=none
2026-02-04 11:43:19 ERROR dataset: Stage1 error intent=Navigation: rate limit hit provider=gemini model=gemini-3-pro-preview limits={'rpm': None, 'tpm': None, 'rpd': None, 'note': 'set per your Google project tier'} headers=none
2026-02-04 11:43:38 ERROR dataset: Stage1 rate limit info: limits={'rpm': None, 'tpm': None, 'rpd': None, 'note': 'set per your Google project tier'} headers=none
2026-02-04 11:43:38 ERROR dataset: Stage1 error intent=Navigation: rate limit hit provider=gemini model=gemini-3-pro-preview limits={'rpm': None, 'tpm': None, 'rpd': None, 'note': 'set per your Google project tier'} headers=none
2026-02-04 11:43:49 ERROR dataset: Stage1 rate limit info: limits={'rpm': None, 'tpm': None, 'rpd': None, 'note': 'set per your Google project tier'} headers=none
2026-02-04 11:43:49 ERROR dataset: Stage1 error intent=Navigation: rate limit hit provider=gemini model=gemini-3-pro-preview limits={'rpm': None, 'tpm': None, 'rpd': None, 'note': 'set per your Google project tier'} headers=none
2026-02-04 11:46:56 WARNING dataset: Stage2 batch error query_id=q_000175: batch_timeout
2026-02-04 11:46:56 WARNING dataset: Stage2 batch error query_id=q_000176: batch_timeout
2026-02-04 11:46:56 WARNING dataset: Stage2 batch error query_id=q_000177: batch_timeout
2026-02-04 11:46:56 WARNING dataset: Stage2 batch error query_id=q_000178: batch_timeout
2026-02-04 11:46:56 WARNING dataset: Stage2 batch error query_id=q_000179: batch_timeout
2026-02-04 11:46:56 WARNING dataset: Stage2 batch error query_id=q_000180: batch_timeout
2026-02-04 11:46:56 WARNING dataset: Stage2 batch error query_id=q_000181: batch_timeout
2026-02-04 11:46:56 WARNING dataset: Stage2 batch error query_id=q_000182: batch_timeout
2026-02-04 11:46:56 WARNING dataset: Stage2 batch error query_id=q_000183: batch_timeout
2026-02-04 11:46:56 WARNING dataset: Stage2 batch error query_id=q_000184: batch_timeout
2026-02-04 11:46:56 WARNING dataset: Stage2 batch error query_id=q_000185: batch_timeout
2026-02-04 11:46:56 WARNING dataset: Stage2 batch error query_id=q_000186: batch_timeout
2026-02-04 11:46:56 WARNING dataset: Stage2 batch error query_id=q_000187: batch_timeout
2026-02-04 11:46:56 WARNING dataset: Stage2 batch error query_id=q_000188: batch_timeout
2026-02-04 11:46:56 WARNING dataset: Stage2 batch error query_id=q_000189: batch_timeout
2026-02-04 11:46:56 WARNING dataset: Stage2 batch error query_id=q_000190: batch_timeout
2026-02-04 11:46:56 WARNING dataset: Stage2 batch error query_id=q_000191: batch_timeout
2026-02-04 11:46:56 WARNING dataset: Stage2 batch error query_id=q_000192: batch_timeout
2026-02-04 11:46:56 WARNING dataset: Stage2 batch error query_id=q_000193: batch_timeout
2026-02-04 11:46:56 WARNING dataset: Stage2 batch error query_id=q_000194: batch_timeout
2026-02-04 11:46:56 WARNING dataset: Stage2 batch error query_id=q_000195: batch_timeout
2026-02-04 11:46:56 WARNING dataset: Stage2 batch error query_id=q_000196: batch_timeout
2026-02-04 11:46:56 WARNING dataset: Stage2 batch error query_id=q_000197: batch_timeout
2026-02-04 11:46:56 WARNING dataset: Stage2 batch error query_id=q_000198: batch_timeout
2026-02-04 11:46:56 WARNING dataset: Stage2 batch error query_id=q_000199: batch_timeout
2026-02-04 11:46:56 WARNING dataset: Stage2 batch error query_id=q_000200: batch_timeout
2026-02-04 11:46:56 WARNING dataset: Stage2 batch error query_id=q_000201: batch_timeout
2026-02-04 11:46:56 WARNING dataset: Stage2 batch error query_id=q_000202: batch_timeout
2026-02-04 11:46:56 WARNING dataset: Stage2 batch error query_id=q_000203: batch_timeout
2026-02-04 11:46:56 WARNING dataset: Stage2 batch error query_id=q_000204: batch_timeout
2026-02-04 11:46:56 WARNING dataset: Stage2 batch error query_id=q_000205: batch_timeout
2026-02-04 11:46:56 WARNING dataset: Stage2 batch error query_id=q_000206: batch_timeout
2026-02-04 11:46:56 WARNING dataset: Stage2 batch error query_id=q_000207: batch_timeout
2026-02-04 11:46:56 WARNING dataset: Stage2 batch error query_id=q_000208: batch_timeout
2026-02-04 11:46:56 WARNING dataset: Stage2 batch error query_id=q_000209: batch_timeout
2026-02-04 11:46:56 WARNING dataset: Stage2 batch error query_id=q_000210: batch_timeout
2026-02-04 11:46:56 WARNING dataset: Stage2 batch error query_id=q_000211: batch_timeout
2026-02-04 11:46:56 WARNING dataset: Stage2 batch error query_id=q_000212: batch_timeout
2026-02-04 11:46:56 WARNING dataset: Stage2 batch error query_id=q_000213: batch_timeout
2026-02-04 11:46:56 WARNING dataset: Stage2 batch error query_id=q_000214: batch_timeout
2026-02-04 11:46:56 WARNING dataset: Stage2 batch error query_id=q_000215: batch_timeout
2026-02-04 11:46:56 WARNING dataset: Stage2 batch error query_id=q_000216: batch_timeout
2026-02-04 11:46:56 WARNING dataset: Stage2 batch error query_id=q_000217: batch_timeout
2026-02-04 11:46:56 WARNING dataset: Stage2 batch error query_id=q_000218: batch_timeout
2026-02-04 11:46:56 WARNING dataset: Stage2 batch error query_id=q_000219: batch_timeout
2026-02-04 11:46:56 WARNING dataset: Stage2 batch error query_id=q_000220: batch_timeout
2026-02-04 11:46:56 WARNING dataset: Stage2 batch error query_id=q_000221: batch_timeout
2026-02-04 11:46:56 WARNING dataset: Stage2 batch error query_id=q_000222: batch_timeout
2026-02-04 11:46:56 WARNING dataset: Stage2 batch error query_id=q_000223: batch_timeout
2026-02-04 11:46:56 WARNING dataset: Stage2 batch error query_id=q_000224: batch_timeout
2026-02-04 11:46:56 WARNING dataset: Stage2 batch error query_id=q_000225: batch_timeout
2026-02-04 11:46:56 WARNING dataset: Stage2 batch error query_id=q_000226: batch_timeout
2026-02-04 11:46:56 WARNING dataset: Stage2 batch error query_id=q_000227: batch_timeout
2026-02-04 11:46:56 WARNING dataset: Stage2 batch error query_id=q_000228: batch_timeout
2026-02-04 11:46:56 WARNING dataset: Stage2 batch error query_id=q_000229: batch_timeout
2026-02-04 11:46:56 WARNING dataset: Stage2 batch error query_id=q_000230: batch_timeout
2026-02-04 11:46:56 WARNING dataset: Stage2 batch error query_id=q_000231: batch_timeout
2026-02-04 11:46:56 WARNING dataset: Stage2 batch error query_id=q_000232: batch_timeout
2026-02-04 11:46:56 WARNING dataset: Stage2 batch error query_id=q_000233: batch_timeout
2026-02-04 11:46:56 WARNING dataset: Stage2 batch error query_id=q_000234: batch_timeout
2026-02-04 11:46:56 WARNING dataset: Stage2 batch error query_id=q_000235: batch_timeout
2026-02-04 11:46:56 WARNING dataset: Stage2 batch error query_id=q_000236: batch_timeout
2026-02-04 11:46:56 WARNING dataset: Stage2 batch error query_id=q_000237: batch_timeout
2026-02-04 11:46:56 WARNING dataset: Stage2 batch error query_id=q_000238: batch_timeout
2026-02-04 11:46:56 WARNING dataset: Stage2 batch error query_id=q_000239: batch_timeout
2026-02-04 11:46:56 WARNING dataset: Stage2 batch error query_id=q_000240: batch_timeout
2026-02-04 11:46:56 WARNING dataset: Stage2 batch error query_id=q_000241: batch_timeout
2026-02-04 11:46:56 WARNING dataset: Stage2 batch error query_id=q_000242: batch_timeout
2026-02-04 11:46:56 WARNING dataset: Stage2 batch error query_id=q_000243: batch_timeout
2026-02-04 11:46:56 WARNING dataset: Stage2 batch error query_id=q_000244: batch_timeout
2026-02-04 11:46:56 WARNING dataset: Stage2 batch error query_id=q_000245: batch_timeout
2026-02-04 11:46:56 WARNING dataset: Stage2 batch error query_id=q_000246: batch_timeout
2026-02-04 11:46:56 WARNING dataset: Stage2 batch error query_id=q_000247: batch_timeout
2026-02-04 11:46:56 WARNING dataset: Stage2 batch error query_id=q_000248: batch_timeout
2026-02-04 11:46:56 WARNING dataset: Stage2 batch error query_id=q_000249: batch_timeout
2026-02-04 11:46:56 WARNING dataset: Stage2 batch error query_id=q_000250: batch_timeout
2026-02-04 11:46:56 WARNING dataset: Stage2 batch error query_id=q_000251: batch_timeout
2026-02-04 11:46:56 WARNING dataset: Stage2 batch error query_id=q_000252: batch_timeout
2026-02-04 11:46:56 WARNING dataset: Stage2 batch error query_id=q_000253: batch_timeout
2026-02-04 11:46:56 WARNING dataset: Stage2 batch error query_id=q_000254: batch_timeout
2026-02-04 11:46:56 WARNING dataset: Stage2 batch error query_id=q_000255: batch_timeout
2026-02-04 11:46:56 WARNING dataset: Stage2 batch error query_id=q_000256: batch_timeout
2026-02-04 11:46:56 WARNING dataset: Stage2 batch error query_id=q_000257: batch_timeout
2026-02-04 11:46:56 WARNING dataset: Stage2 batch error query_id=q_000258: batch_timeout
2026-02-04 11:46:56 WARNING dataset: Stage2 batch error query_id=q_000259: batch_timeout
2026-02-04 11:46:56 WARNING dataset: Stage2 batch error query_id=q_000260: batch_timeout
2026-02-04 11:46:56 WARNING dataset: Stage2 batch error query_id=q_000261: batch_timeout
2026-02-04 11:51:50 ERROR dataset: Stage1 rate limit info: limits={'rpm': None, 'tpm': None, 'rpd': None, 'note': 'set per your Google project tier'} headers=none
2026-02-04 11:51:50 ERROR dataset: Stage1 error intent=Information Retrieval: rate limit hit provider=gemini model=gemini-3-pro-preview limits={'rpm': None, 'tpm': None, 'rpd': None, 'note': 'set per your Google project tier'} headers=none
2026-02-04 11:52:03 ERROR dataset: Stage1 rate limit info: limits={'rpm': None, 'tpm': None, 'rpd': None, 'note': 'set per your Google project tier'} headers=none
2026-02-04 11:52:03 ERROR dataset: Stage1 error intent=Navigation: rate limit hit provider=gemini model=gemini-3-pro-preview limits={'rpm': None, 'tpm': None, 'rpd': None, 'note': 'set per your Google project tier'} headers=none
2026-02-04 11:52:06 WARNING dataset: Stage2 batch error query_id=q_000262: batch_timeout
2026-02-04 11:52:06 WARNING dataset: Stage2 batch error query_id=q_000263: batch_timeout
2026-02-04 11:52:06 WARNING dataset: Stage2 batch error query_id=q_000264: batch_timeout
2026-02-04 11:52:06 WARNING dataset: Stage2 batch error query_id=q_000265: batch_timeout
2026-02-04 11:52:06 WARNING dataset: Stage2 batch error query_id=q_000266: batch_timeout
2026-02-04 11:52:06 WARNING dataset: Stage2 batch error query_id=q_000267: batch_timeout
2026-02-04 11:52:06 WARNING dataset: Stage2 batch error query_id=q_000268: batch_timeout
2026-02-04 11:52:06 WARNING dataset: Stage2 batch error query_id=q_000269: batch_timeout
2026-02-04 11:52:06 WARNING dataset: Stage2 batch error query_id=q_000270: batch_timeout
2026-02-04 11:52:06 WARNING dataset: Stage2 batch error query_id=q_000271: batch_timeout
2026-02-04 11:52:06 WARNING dataset: Stage2 batch error query_id=q_000272: batch_timeout
2026-02-04 11:52:06 WARNING dataset: Stage2 batch error query_id=q_000273: batch_timeout
2026-02-04 11:52:06 WARNING dataset: Stage2 batch error query_id=q_000274: batch_timeout
2026-02-04 11:52:06 WARNING dataset: Stage2 batch error query_id=q_000275: batch_timeout
2026-02-04 11:52:06 WARNING dataset: Stage2 batch error query_id=q_000276: batch_timeout
2026-02-04 11:52:06 WARNING dataset: Stage2 batch error query_id=q_000277: batch_timeout
2026-02-04 11:52:06 WARNING dataset: Stage2 batch error query_id=q_000278: batch_timeout
2026-02-04 11:52:06 WARNING dataset: Stage2 batch error query_id=q_000279: batch_timeout
2026-02-04 11:52:06 WARNING dataset: Stage2 batch error query_id=q_000280: batch_timeout
2026-02-04 11:52:06 WARNING dataset: Stage2 batch error query_id=q_000262: batch_timeout
2026-02-04 11:52:06 WARNING dataset: Stage2 batch error query_id=q_000263: batch_timeout
2026-02-04 11:52:06 WARNING dataset: Stage2 batch error query_id=q_000264: batch_timeout
2026-02-04 11:52:06 WARNING dataset: Stage2 batch error query_id=q_000265: batch_timeout
2026-02-04 11:52:06 WARNING dataset: Stage2 batch error query_id=q_000266: batch_timeout
2026-02-04 11:52:06 WARNING dataset: Stage2 batch error query_id=q_000267: batch_timeout
2026-02-04 11:52:06 WARNING dataset: Stage2 batch error query_id=q_000268: batch_timeout
2026-02-04 11:52:06 WARNING dataset: Stage2 batch error query_id=q_000269: batch_timeout
2026-02-04 11:52:06 WARNING dataset: Stage2 batch error query_id=q_000270: batch_timeout
2026-02-04 11:52:06 WARNING dataset: Stage2 batch error query_id=q_000271: batch_timeout
2026-02-04 11:52:06 WARNING dataset: Stage2 batch error query_id=q_000272: batch_timeout
2026-02-04 11:52:06 WARNING dataset: Stage2 batch error query_id=q_000273: batch_timeout
2026-02-04 11:52:06 WARNING dataset: Stage2 batch error query_id=q_000274: batch_timeout
2026-02-04 11:52:06 WARNING dataset: Stage2 batch error query_id=q_000275: batch_timeout
2026-02-04 11:52:06 WARNING dataset: Stage2 batch error query_id=q_000276: batch_timeout
2026-02-04 11:52:06 WARNING dataset: Stage2 batch error query_id=q_000277: batch_timeout
2026-02-04 11:52:06 WARNING dataset: Stage2 batch error query_id=q_000278: batch_timeout
2026-02-04 11:52:06 WARNING dataset: Stage2 batch error query_id=q_000279: batch_timeout
2026-02-04 11:52:06 WARNING dataset: Stage2 batch error query_id=q_000280: batch_timeout
2026-02-04 11:52:06 WARNING dataset: Stage2 batch error query_id=q_000281: batch_timeout
2026-02-04 11:52:06 WARNING dataset: Stage2 batch error query_id=q_000282: batch_timeout
2026-02-04 11:52:06 WARNING dataset: Stage2 batch error query_id=q_000283: batch_timeout
2026-02-04 11:52:06 WARNING dataset: Stage2 batch error query_id=q_000284: batch_timeout
2026-02-04 11:52:06 WARNING dataset: Stage2 batch error query_id=q_000285: batch_timeout
2026-02-04 11:52:06 WARNING dataset: Stage2 batch error query_id=q_000281: batch_timeout
2026-02-04 11:52:06 WARNING dataset: Stage2 batch error query_id=q_000282: batch_timeout
2026-02-04 11:52:06 WARNING dataset: Stage2 batch error query_id=q_000283: batch_timeout
2026-02-04 11:52:06 WARNING dataset: Stage2 batch error query_id=q_000284: batch_timeout
2026-02-04 11:52:06 WARNING dataset: Stage2 batch error query_id=q_000285: batch_timeout
2026-02-04 11:52:06 WARNING dataset: Stage2 batch error query_id=q_000286: batch_timeout
2026-02-04 11:52:06 WARNING dataset: Stage2 batch error query_id=q_000287: batch_timeout
2026-02-04 11:52:06 WARNING dataset: Stage2 batch error query_id=q_000288: batch_timeout
2026-02-04 11:52:06 WARNING dataset: Stage2 batch error query_id=q_000289: batch_timeout
2026-02-04 11:52:06 WARNING dataset: Stage2 batch error query_id=q_000290: batch_timeout
2026-02-04 11:52:06 WARNING dataset: Stage2 batch error query_id=q_000291: batch_timeout
2026-02-04 11:52:06 WARNING dataset: Stage2 batch error query_id=q_000292: batch_timeout
2026-02-04 11:52:06 WARNING dataset: Stage2 batch error query_id=q_000293: batch_timeout
2026-02-04 11:52:06 WARNING dataset: Stage2 batch error query_id=q_000286: batch_timeout
2026-02-04 11:52:06 WARNING dataset: Stage2 batch error query_id=q_000287: batch_timeout
2026-02-04 11:52:06 WARNING dataset: Stage2 batch error query_id=q_000288: batch_timeout
2026-02-04 11:52:06 WARNING dataset: Stage2 batch error query_id=q_000289: batch_timeout
2026-02-04 11:52:06 WARNING dataset: Stage2 batch error query_id=q_000290: batch_timeout
2026-02-04 11:52:06 WARNING dataset: Stage2 batch error query_id=q_000291: batch_timeout
2026-02-04 11:52:06 WARNING dataset: Stage2 batch error query_id=q_000292: batch_timeout
2026-02-04 11:52:06 WARNING dataset: Stage2 batch error query_id=q_000293: batch_timeout
2026-02-04 11:52:06 WARNING dataset: Stage2 batch error query_id=q_000294: batch_timeout
2026-02-04 11:52:06 WARNING dataset: Stage2 batch error query_id=q_000295: batch_timeout
2026-02-04 11:52:06 WARNING dataset: Stage2 batch error query_id=q_000296: batch_timeout
2026-02-04 11:52:06 WARNING dataset: Stage2 batch error query_id=q_000297: batch_timeout
2026-02-04 11:52:06 WARNING dataset: Stage2 batch error query_id=q_000298: batch_timeout
2026-02-04 11:52:06 WARNING dataset: Stage2 batch error query_id=q_000299: batch_timeout
2026-02-04 11:52:06 WARNING dataset: Stage2 batch error query_id=q_000300: batch_timeout
2026-02-04 11:52:06 WARNING dataset: Stage2 batch error query_id=q_000294: batch_timeout
2026-02-04 11:52:06 WARNING dataset: Stage2 batch error query_id=q_000295: batch_timeout
2026-02-04 11:52:06 WARNING dataset: Stage2 batch error query_id=q_000296: batch_timeout
2026-02-04 11:52:06 WARNING dataset: Stage2 batch error query_id=q_000297: batch_timeout
2026-02-04 11:52:06 WARNING dataset: Stage2 batch error query_id=q_000298: batch_timeout
2026-02-04 11:52:06 WARNING dataset: Stage2 batch error query_id=q_000299: batch_timeout
2026-02-04 11:52:06 WARNING dataset: Stage2 batch error query_id=q_000300: batch_timeout
2026-02-04 11:52:06 WARNING dataset: Stage2 batch error query_id=q_000301: batch_timeout
2026-02-04 11:52:06 WARNING dataset: Stage2 batch error query_id=q_000302: batch_timeout
2026-02-04 11:52:06 WARNING dataset: Stage2 batch error query_id=q_000303: batch_timeout
2026-02-04 11:52:06 WARNING dataset: Stage2 batch error query_id=q_000304: batch_timeout
2026-02-04 11:52:06 WARNING dataset: Stage2 batch error query_id=q_000305: batch_timeout
2026-02-04 11:52:06 WARNING dataset: Stage2 batch error query_id=q_000306: batch_timeout
2026-02-04 11:52:06 WARNING dataset: Stage2 batch error query_id=q_000307: batch_timeout
2026-02-04 11:52:06 WARNING dataset: Stage2 batch error query_id=q_000301: batch_timeout
2026-02-04 11:52:06 WARNING dataset: Stage2 batch error query_id=q_000302: batch_timeout
2026-02-04 11:52:06 WARNING dataset: Stage2 batch error query_id=q_000303: batch_timeout
2026-02-04 11:52:06 WARNING dataset: Stage2 batch error query_id=q_000304: batch_timeout
2026-02-04 11:52:06 WARNING dataset: Stage2 batch error query_id=q_000305: batch_timeout
2026-02-04 11:52:06 WARNING dataset: Stage2 batch error query_id=q_000306: batch_timeout
2026-02-04 11:52:06 WARNING dataset: Stage2 batch error query_id=q_000307: batch_timeout
2026-02-04 11:52:06 WARNING dataset: Stage2 batch error query_id=q_000308: batch_timeout
2026-02-04 11:52:06 WARNING dataset: Stage2 batch error query_id=q_000309: batch_timeout
2026-02-04 11:52:06 WARNING dataset: Stage2 batch error query_id=q_000310: batch_timeout
2026-02-04 11:52:06 WARNING dataset: Stage2 batch error query_id=q_000311: batch_timeout
2026-02-04 11:52:06 WARNING dataset: Stage2 batch error query_id=q_000312: batch_timeout
2026-02-04 11:52:06 WARNING dataset: Stage2 batch error query_id=q_000313: batch_timeout
2026-02-04 11:52:06 WARNING dataset: Stage2 batch error query_id=q_000314: batch_timeout
2026-02-04 11:52:06 WARNING dataset: Stage2 batch error query_id=q_000315: batch_timeout
2026-02-04 11:52:06 WARNING dataset: Stage2 batch error query_id=q_000316: batch_timeout
2026-02-04 11:52:06 WARNING dataset: Stage2 batch error query_id=q_000317: batch_timeout
2026-02-04 11:52:06 WARNING dataset: Stage2 batch error query_id=q_000318: batch_timeout
2026-02-04 11:52:06 WARNING dataset: Stage2 batch error query_id=q_000319: batch_timeout
2026-02-04 11:52:06 WARNING dataset: Stage2 batch error query_id=q_000308: batch_timeout
2026-02-04 11:52:06 WARNING dataset: Stage2 batch error query_id=q_000309: batch_timeout
2026-02-04 11:52:06 WARNING dataset: Stage2 batch error query_id=q_000310: batch_timeout
2026-02-04 11:52:06 WARNING dataset: Stage2 batch error query_id=q_000311: batch_timeout
2026-02-04 11:52:06 WARNING dataset: Stage2 batch error query_id=q_000312: batch_timeout
2026-02-04 11:52:06 WARNING dataset: Stage2 batch error query_id=q_000313: batch_timeout
2026-02-04 11:52:06 WARNING dataset: Stage2 batch error query_id=q_000314: batch_timeout
2026-02-04 11:52:06 WARNING dataset: Stage2 batch error query_id=q_000315: batch_timeout
2026-02-04 11:52:06 WARNING dataset: Stage2 batch error query_id=q_000316: batch_timeout
2026-02-04 11:52:06 WARNING dataset: Stage2 batch error query_id=q_000317: batch_timeout
2026-02-04 11:52:06 WARNING dataset: Stage2 batch error query_id=q_000318: batch_timeout
2026-02-04 11:52:06 WARNING dataset: Stage2 batch error query_id=q_000319: batch_timeout
2026-02-04 11:52:06 WARNING dataset: Stage2 batch error query_id=q_000320: batch_timeout
2026-02-04 11:52:06 WARNING dataset: Stage2 batch error query_id=q_000321: batch_timeout
2026-02-04 11:52:06 WARNING dataset: Stage2 batch error query_id=q_000322: batch_timeout
2026-02-04 11:52:06 WARNING dataset: Stage2 batch error query_id=q_000320: batch_timeout
2026-02-04 11:52:06 WARNING dataset: Stage2 batch error query_id=q_000321: batch_timeout
2026-02-04 11:52:06 WARNING dataset: Stage2 batch error query_id=q_000323: batch_timeout
2026-02-04 11:52:06 WARNING dataset: Stage2 batch error query_id=q_000324: batch_timeout
2026-02-04 11:52:06 WARNING dataset: Stage2 batch error query_id=q_000325: batch_timeout
2026-02-04 11:52:06 WARNING dataset: Stage2 batch error query_id=q_000326: batch_timeout
2026-02-04 11:52:06 WARNING dataset: Stage2 batch error query_id=q_000327: batch_timeout
2026-02-04 11:52:06 WARNING dataset: Stage2 batch error query_id=q_000328: batch_timeout
2026-02-04 11:52:06 WARNING dataset: Stage2 batch error query_id=q_000322: batch_timeout
2026-02-04 11:52:06 WARNING dataset: Stage2 batch error query_id=q_000323: batch_timeout
2026-02-04 11:52:06 WARNING dataset: Stage2 batch error query_id=q_000324: batch_timeout
2026-02-04 11:52:06 WARNING dataset: Stage2 batch error query_id=q_000325: batch_timeout
2026-02-04 11:52:06 WARNING dataset: Stage2 batch error query_id=q_000326: batch_timeout
2026-02-04 11:52:06 WARNING dataset: Stage2 batch error query_id=q_000327: batch_timeout
2026-02-04 11:52:06 WARNING dataset: Stage2 batch error query_id=q_000328: batch_timeout
2026-02-04 11:52:06 WARNING dataset: Stage2 batch error query_id=q_000329: batch_timeout
2026-02-04 11:52:06 WARNING dataset: Stage2 batch error query_id=q_000330: batch_timeout
2026-02-04 11:52:06 WARNING dataset: Stage2 batch error query_id=q_000331: batch_timeout
2026-02-04 11:52:06 WARNING dataset: Stage2 batch error query_id=q_000332: batch_timeout
2026-02-04 11:52:06 WARNING dataset: Stage2 batch error query_id=q_000333: batch_timeout
2026-02-04 11:52:06 WARNING dataset: Stage2 batch error query_id=q_000334: batch_timeout
2026-02-04 11:52:06 WARNING dataset: Stage2 batch error query_id=q_000335: batch_timeout
2026-02-04 11:52:06 WARNING dataset: Stage2 batch error query_id=q_000336: batch_timeout
2026-02-04 11:52:06 WARNING dataset: Stage2 batch error query_id=q_000337: batch_timeout
2026-02-04 11:52:06 WARNING dataset: Stage2 batch error query_id=q_000338: batch_timeout
2026-02-04 11:52:06 WARNING dataset: Stage2 batch error query_id=q_000339: batch_timeout
2026-02-04 11:52:06 WARNING dataset: Stage2 batch error query_id=q_000340: batch_timeout
2026-02-04 11:52:06 WARNING dataset: Stage2 batch error query_id=q_000341: batch_timeout
2026-02-04 11:52:06 WARNING dataset: Stage2 batch error query_id=q_000342: batch_timeout
2026-02-04 11:52:06 WARNING dataset: Stage2 batch error query_id=q_000343: batch_timeout
2026-02-04 11:52:06 WARNING dataset: Stage2 batch error query_id=q_000344: batch_timeout
2026-02-04 11:52:06 WARNING dataset: Stage2 batch error query_id=q_000329: batch_timeout
2026-02-04 11:52:06 WARNING dataset: Stage2 batch error query_id=q_000330: batch_timeout
2026-02-04 11:52:06 WARNING dataset: Stage2 batch error query_id=q_000331: batch_timeout
2026-02-04 11:52:06 WARNING dataset: Stage2 batch error query_id=q_000332: batch_timeout
2026-02-04 11:52:06 WARNING dataset: Stage2 batch error query_id=q_000333: batch_timeout
2026-02-04 11:52:06 WARNING dataset: Stage2 batch error query_id=q_000334: batch_timeout
2026-02-04 11:52:06 WARNING dataset: Stage2 batch error query_id=q_000335: batch_timeout
2026-02-04 11:52:06 WARNING dataset: Stage2 batch error query_id=q_000336: batch_timeout
2026-02-04 11:52:06 WARNING dataset: Stage2 batch error query_id=q_000337: batch_timeout
2026-02-04 11:52:06 WARNING dataset: Stage2 batch error query_id=q_000338: batch_timeout
2026-02-04 11:52:06 WARNING dataset: Stage2 batch error query_id=q_000339: batch_timeout
2026-02-04 11:52:06 WARNING dataset: Stage2 batch error query_id=q_000340: batch_timeout
2026-02-04 11:52:06 WARNING dataset: Stage2 batch error query_id=q_000341: batch_timeout
2026-02-04 11:52:06 WARNING dataset: Stage2 batch error query_id=q_000342: batch_timeout
2026-02-04 11:52:06 WARNING dataset: Stage2 batch error query_id=q_000343: batch_timeout
2026-02-04 11:52:06 WARNING dataset: Stage2 batch error query_id=q_000345: batch_timeout
2026-02-04 11:52:06 WARNING dataset: Stage2 batch error query_id=q_000346: batch_timeout
2026-02-04 11:52:06 WARNING dataset: Stage2 batch error query_id=q_000347: batch_timeout
2026-02-04 11:52:06 WARNING dataset: Stage2 batch error query_id=q_000348: batch_timeout
2026-02-04 11:52:06 WARNING dataset: Stage2 batch error query_id=q_000344: batch_timeout
2026-02-04 11:52:06 WARNING dataset: Stage2 batch error query_id=q_000345: batch_timeout
2026-02-04 11:52:06 WARNING dataset: Stage2 batch error query_id=q_000346: batch_timeout
2026-02-04 11:52:06 WARNING dataset: Stage2 batch error query_id=q_000347: batch_timeout
2026-02-04 11:52:06 WARNING dataset: Stage2 batch error query_id=q_000348: batch_timeout
2026-02-04 11:52:21 ERROR dataset: Stage1 rate limit info: limits={'rpm': None, 'tpm': None, 'rpd': None, 'note': 'set per your Google project tier'} headers=none
2026-02-04 11:52:21 ERROR dataset: Stage1 error intent=Navigation: rate limit hit provider=gemini model=gemini-3-pro-preview limits={'rpm': None, 'tpm': None, 'rpd': None, 'note': 'set per your Google project tier'} headers=none
2026-02-04 11:52:32 ERROR dataset: Stage1 rate limit info: limits={'rpm': None, 'tpm': None, 'rpd': None, 'note': 'set per your Google project tier'} headers=none
2026-02-04 11:52:32 ERROR dataset: Stage1 error intent=Navigation: rate limit hit provider=gemini model=gemini-3-pro-preview limits={'rpm': None, 'tpm': None, 'rpd': None, 'note': 'set per your Google project tier'} headers=none
2026-02-04 11:57:17 WARNING dataset: Stage2 batch error query_id=q_000349: batch_timeout
2026-02-04 11:57:17 WARNING dataset: Stage2 batch error query_id=q_000350: batch_timeout
2026-02-04 11:57:17 WARNING dataset: Stage2 batch error query_id=q_000351: batch_timeout
2026-02-04 11:57:17 WARNING dataset: Stage2 batch error query_id=q_000352: batch_timeout
2026-02-04 11:57:17 WARNING dataset: Stage2 batch error query_id=q_000353: batch_timeout
2026-02-04 11:57:17 WARNING dataset: Stage2 batch error query_id=q_000354: batch_timeout
2026-02-04 11:57:17 WARNING dataset: Stage2 batch error query_id=q_000355: batch_timeout
2026-02-04 11:57:17 WARNING dataset: Stage2 batch error query_id=q_000356: batch_timeout
2026-02-04 11:57:17 WARNING dataset: Stage2 batch error query_id=q_000357: batch_timeout
2026-02-04 11:57:17 WARNING dataset: Stage2 batch error query_id=q_000358: batch_timeout
2026-02-04 11:57:17 WARNING dataset: Stage2 batch error query_id=q_000359: batch_timeout
2026-02-04 11:57:17 WARNING dataset: Stage2 batch error query_id=q_000360: batch_timeout
2026-02-04 11:57:17 WARNING dataset: Stage2 batch error query_id=q_000361: batch_timeout
2026-02-04 11:57:17 WARNING dataset: Stage2 batch error query_id=q_000362: batch_timeout
2026-02-04 11:57:17 WARNING dataset: Stage2 batch error query_id=q_000363: batch_timeout
2026-02-04 11:57:17 WARNING dataset: Stage2 batch error query_id=q_000364: batch_timeout
2026-02-04 11:57:17 WARNING dataset: Stage2 batch error query_id=q_000365: batch_timeout
2026-02-04 11:57:17 WARNING dataset: Stage2 batch error query_id=q_000366: batch_timeout
2026-02-04 11:57:17 WARNING dataset: Stage2 batch error query_id=q_000367: batch_timeout
2026-02-04 11:57:17 WARNING dataset: Stage2 batch error query_id=q_000368: batch_timeout
2026-02-04 11:57:17 WARNING dataset: Stage2 batch error query_id=q_000369: batch_timeout
2026-02-04 11:57:17 WARNING dataset: Stage2 batch error query_id=q_000370: batch_timeout
2026-02-04 11:57:17 WARNING dataset: Stage2 batch error query_id=q_000371: batch_timeout
2026-02-04 11:57:17 WARNING dataset: Stage2 batch error query_id=q_000372: batch_timeout
2026-02-04 11:57:17 WARNING dataset: Stage2 batch error query_id=q_000373: batch_timeout
2026-02-04 11:57:17 WARNING dataset: Stage2 batch error query_id=q_000349: batch_timeout
2026-02-04 11:57:17 WARNING dataset: Stage2 batch error query_id=q_000350: batch_timeout
2026-02-04 11:57:17 WARNING dataset: Stage2 batch error query_id=q_000351: batch_timeout
2026-02-04 11:57:17 WARNING dataset: Stage2 batch error query_id=q_000352: batch_timeout
2026-02-04 11:57:17 WARNING dataset: Stage2 batch error query_id=q_000353: batch_timeout
2026-02-04 11:57:17 WARNING dataset: Stage2 batch error query_id=q_000354: batch_timeout
2026-02-04 11:57:17 WARNING dataset: Stage2 batch error query_id=q_000355: batch_timeout
2026-02-04 11:57:17 WARNING dataset: Stage2 batch error query_id=q_000356: batch_timeout
2026-02-04 11:57:17 WARNING dataset: Stage2 batch error query_id=q_000357: batch_timeout
2026-02-04 11:57:17 WARNING dataset: Stage2 batch error query_id=q_000358: batch_timeout
2026-02-04 11:57:17 WARNING dataset: Stage2 batch error query_id=q_000359: batch_timeout
2026-02-04 11:57:17 WARNING dataset: Stage2 batch error query_id=q_000360: batch_timeout
2026-02-04 11:57:17 WARNING dataset: Stage2 batch error query_id=q_000361: batch_timeout
2026-02-04 11:57:17 WARNING dataset: Stage2 batch error query_id=q_000362: batch_timeout
2026-02-04 11:57:17 WARNING dataset: Stage2 batch error query_id=q_000363: batch_timeout
2026-02-04 11:57:17 WARNING dataset: Stage2 batch error query_id=q_000364: batch_timeout
2026-02-04 11:57:17 WARNING dataset: Stage2 batch error query_id=q_000365: batch_timeout
2026-02-04 11:57:17 WARNING dataset: Stage2 batch error query_id=q_000366: batch_timeout
2026-02-04 11:57:17 WARNING dataset: Stage2 batch error query_id=q_000367: batch_timeout
2026-02-04 11:57:17 WARNING dataset: Stage2 batch error query_id=q_000368: batch_timeout
2026-02-04 11:57:17 WARNING dataset: Stage2 batch error query_id=q_000369: batch_timeout
2026-02-04 11:57:17 WARNING dataset: Stage2 batch error query_id=q_000370: batch_timeout
2026-02-04 11:57:17 WARNING dataset: Stage2 batch error query_id=q_000371: batch_timeout
2026-02-04 11:57:17 WARNING dataset: Stage2 batch error query_id=q_000372: batch_timeout
2026-02-04 11:57:17 WARNING dataset: Stage2 batch error query_id=q_000373: batch_timeout
2026-02-04 11:57:17 WARNING dataset: Stage2 batch error query_id=q_000374: batch_timeout
2026-02-04 11:57:17 WARNING dataset: Stage2 batch error query_id=q_000375: batch_timeout
2026-02-04 11:57:17 WARNING dataset: Stage2 batch error query_id=q_000376: batch_timeout
2026-02-04 11:57:17 WARNING dataset: Stage2 batch error query_id=q_000377: batch_timeout
2026-02-04 11:57:17 WARNING dataset: Stage2 batch error query_id=q_000378: batch_timeout
2026-02-04 11:57:17 WARNING dataset: Stage2 batch error query_id=q_000379: batch_timeout
2026-02-04 11:57:17 WARNING dataset: Stage2 batch error query_id=q_000380: batch_timeout
2026-02-04 11:57:17 WARNING dataset: Stage2 batch error query_id=q_000381: batch_timeout
2026-02-04 11:57:17 WARNING dataset: Stage2 batch error query_id=q_000382: batch_timeout
2026-02-04 11:57:17 WARNING dataset: Stage2 batch error query_id=q_000383: batch_timeout
2026-02-04 11:57:17 WARNING dataset: Stage2 batch error query_id=q_000384: batch_timeout
2026-02-04 11:57:17 WARNING dataset: Stage2 batch error query_id=q_000385: batch_timeout
2026-02-04 11:57:17 WARNING dataset: Stage2 batch error query_id=q_000386: batch_timeout
2026-02-04 11:57:17 WARNING dataset: Stage2 batch error query_id=q_000387: batch_timeout
2026-02-04 11:57:17 WARNING dataset: Stage2 batch error query_id=q_000388: batch_timeout
2026-02-04 11:57:17 WARNING dataset: Stage2 batch error query_id=q_000389: batch_timeout
2026-02-04 11:57:17 WARNING dataset: Stage2 batch error query_id=q_000390: batch_timeout
2026-02-04 11:57:17 WARNING dataset: Stage2 batch error query_id=q_000391: batch_timeout
2026-02-04 11:57:17 WARNING dataset: Stage2 batch error query_id=q_000374: batch_timeout
2026-02-04 11:57:17 WARNING dataset: Stage2 batch error query_id=q_000375: batch_timeout
2026-02-04 11:57:17 WARNING dataset: Stage2 batch error query_id=q_000376: batch_timeout
2026-02-04 11:57:17 WARNING dataset: Stage2 batch error query_id=q_000377: batch_timeout
2026-02-04 11:57:17 WARNING dataset: Stage2 batch error query_id=q_000378: batch_timeout
2026-02-04 11:57:17 WARNING dataset: Stage2 batch error query_id=q_000379: batch_timeout
2026-02-04 11:57:17 WARNING dataset: Stage2 batch error query_id=q_000380: batch_timeout
2026-02-04 11:57:17 WARNING dataset: Stage2 batch error query_id=q_000381: batch_timeout
2026-02-04 11:57:17 WARNING dataset: Stage2 batch error query_id=q_000382: batch_timeout
2026-02-04 11:57:17 WARNING dataset: Stage2 batch error query_id=q_000383: batch_timeout
2026-02-04 11:57:17 WARNING dataset: Stage2 batch error query_id=q_000384: batch_timeout
2026-02-04 11:57:17 WARNING dataset: Stage2 batch error query_id=q_000385: batch_timeout
2026-02-04 11:57:17 WARNING dataset: Stage2 batch error query_id=q_000386: batch_timeout
2026-02-04 11:57:17 WARNING dataset: Stage2 batch error query_id=q_000387: batch_timeout
2026-02-04 11:57:17 WARNING dataset: Stage2 batch error query_id=q_000388: batch_timeout
2026-02-04 11:57:17 WARNING dataset: Stage2 batch error query_id=q_000389: batch_timeout
2026-02-04 11:57:17 WARNING dataset: Stage2 batch error query_id=q_000390: batch_timeout
2026-02-04 11:57:17 WARNING dataset: Stage2 batch error query_id=q_000391: batch_timeout
2026-02-04 11:57:17 WARNING dataset: Stage2 batch error query_id=q_000392: batch_timeout
2026-02-04 11:57:17 WARNING dataset: Stage2 batch error query_id=q_000393: batch_timeout
2026-02-04 11:57:17 WARNING dataset: Stage2 batch error query_id=q_000394: batch_timeout
2026-02-04 11:57:17 WARNING dataset: Stage2 batch error query_id=q_000392: batch_timeout
2026-02-04 11:57:17 WARNING dataset: Stage2 batch error query_id=q_000393: batch_timeout
2026-02-04 11:57:17 WARNING dataset: Stage2 batch error query_id=q_000394: batch_timeout
2026-02-04 11:57:17 WARNING dataset: Stage2 batch error query_id=q_000395: batch_timeout
2026-02-04 11:57:17 WARNING dataset: Stage2 batch error query_id=q_000396: batch_timeout
2026-02-04 11:57:17 WARNING dataset: Stage2 batch error query_id=q_000397: batch_timeout
2026-02-04 11:57:17 WARNING dataset: Stage2 batch error query_id=q_000398: batch_timeout
2026-02-04 11:57:17 WARNING dataset: Stage2 batch error query_id=q_000399: batch_timeout
2026-02-04 11:57:17 WARNING dataset: Stage2 batch error query_id=q_000400: batch_timeout
2026-02-04 11:57:17 WARNING dataset: Stage2 batch error query_id=q_000401: batch_timeout
2026-02-04 11:57:17 WARNING dataset: Stage2 batch error query_id=q_000402: batch_timeout
2026-02-04 11:57:17 WARNING dataset: Stage2 batch error query_id=q_000403: batch_timeout
2026-02-04 11:57:17 WARNING dataset: Stage2 batch error query_id=q_000404: batch_timeout
2026-02-04 11:57:17 WARNING dataset: Stage2 batch error query_id=q_000395: batch_timeout
2026-02-04 11:57:17 WARNING dataset: Stage2 batch error query_id=q_000396: batch_timeout
2026-02-04 11:57:17 WARNING dataset: Stage2 batch error query_id=q_000397: batch_timeout
2026-02-04 11:57:17 WARNING dataset: Stage2 batch error query_id=q_000398: batch_timeout
2026-02-04 11:57:17 WARNING dataset: Stage2 batch error query_id=q_000399: batch_timeout
2026-02-04 11:57:17 WARNING dataset: Stage2 batch error query_id=q_000400: batch_timeout
2026-02-04 11:57:17 WARNING dataset: Stage2 batch error query_id=q_000401: batch_timeout
2026-02-04 11:57:17 WARNING dataset: Stage2 batch error query_id=q_000402: batch_timeout
2026-02-04 11:57:17 WARNING dataset: Stage2 batch error query_id=q_000403: batch_timeout
2026-02-04 11:57:17 WARNING dataset: Stage2 batch error query_id=q_000404: batch_timeout
2026-02-04 11:57:17 WARNING dataset: Stage2 batch error query_id=q_000405: batch_timeout
2026-02-04 11:57:17 WARNING dataset: Stage2 batch error query_id=q_000406: batch_timeout
2026-02-04 11:57:17 WARNING dataset: Stage2 batch error query_id=q_000407: batch_timeout
2026-02-04 11:57:17 WARNING dataset: Stage2 batch error query_id=q_000408: batch_timeout
2026-02-04 11:57:17 WARNING dataset: Stage2 batch error query_id=q_000409: batch_timeout
2026-02-04 11:57:17 WARNING dataset: Stage2 batch error query_id=q_000410: batch_timeout
2026-02-04 11:57:17 WARNING dataset: Stage2 batch error query_id=q_000411: batch_timeout
2026-02-04 11:57:17 WARNING dataset: Stage2 batch error query_id=q_000412: batch_timeout
2026-02-04 11:57:17 WARNING dataset: Stage2 batch error query_id=q_000405: batch_timeout
2026-02-04 11:57:17 WARNING dataset: Stage2 batch error query_id=q_000406: batch_timeout
2026-02-04 11:57:17 WARNING dataset: Stage2 batch error query_id=q_000407: batch_timeout
2026-02-04 11:57:17 WARNING dataset: Stage2 batch error query_id=q_000408: batch_timeout
2026-02-04 11:57:17 WARNING dataset: Stage2 batch error query_id=q_000409: batch_timeout
2026-02-04 11:57:17 WARNING dataset: Stage2 batch error query_id=q_000410: batch_timeout
2026-02-04 11:57:17 WARNING dataset: Stage2 batch error query_id=q_000411: batch_timeout
2026-02-04 11:57:17 WARNING dataset: Stage2 batch error query_id=q_000412: batch_timeout
2026-02-04 11:57:17 WARNING dataset: Stage2 batch error query_id=q_000413: batch_timeout
2026-02-04 11:57:17 WARNING dataset: Stage2 batch error query_id=q_000414: batch_timeout
2026-02-04 11:57:17 WARNING dataset: Stage2 batch error query_id=q_000415: batch_timeout
2026-02-04 11:57:17 WARNING dataset: Stage2 batch error query_id=q_000416: batch_timeout
2026-02-04 11:57:17 WARNING dataset: Stage2 batch error query_id=q_000417: batch_timeout
2026-02-04 11:57:17 WARNING dataset: Stage2 batch error query_id=q_000418: batch_timeout
2026-02-04 11:57:17 WARNING dataset: Stage2 batch error query_id=q_000419: batch_timeout
2026-02-04 11:57:17 WARNING dataset: Stage2 batch error query_id=q_000420: batch_timeout
2026-02-04 11:57:17 WARNING dataset: Stage2 batch error query_id=q_000421: batch_timeout
2026-02-04 11:57:17 WARNING dataset: Stage2 batch error query_id=q_000422: batch_timeout
2026-02-04 11:57:17 WARNING dataset: Stage2 batch error query_id=q_000423: batch_timeout
2026-02-04 11:57:17 WARNING dataset: Stage2 batch error query_id=q_000424: batch_timeout
2026-02-04 11:57:17 WARNING dataset: Stage2 batch error query_id=q_000425: batch_timeout
2026-02-04 11:57:17 WARNING dataset: Stage2 batch error query_id=q_000426: batch_timeout
2026-02-04 11:57:17 WARNING dataset: Stage2 batch error query_id=q_000413: batch_timeout
2026-02-04 11:57:17 WARNING dataset: Stage2 batch error query_id=q_000414: batch_timeout
2026-02-04 11:57:17 WARNING dataset: Stage2 batch error query_id=q_000415: batch_timeout
2026-02-04 11:57:17 WARNING dataset: Stage2 batch error query_id=q_000416: batch_timeout
2026-02-04 11:57:17 WARNING dataset: Stage2 batch error query_id=q_000417: batch_timeout
2026-02-04 11:57:17 WARNING dataset: Stage2 batch error query_id=q_000418: batch_timeout
2026-02-04 11:57:17 WARNING dataset: Stage2 batch error query_id=q_000419: batch_timeout
2026-02-04 11:57:17 WARNING dataset: Stage2 batch error query_id=q_000420: batch_timeout
2026-02-04 11:57:17 WARNING dataset: Stage2 batch error query_id=q_000421: batch_timeout
2026-02-04 11:57:17 WARNING dataset: Stage2 batch error query_id=q_000422: batch_timeout
2026-02-04 11:57:17 WARNING dataset: Stage2 batch error query_id=q_000423: batch_timeout
2026-02-04 11:57:17 WARNING dataset: Stage2 batch error query_id=q_000424: batch_timeout
2026-02-04 11:57:17 WARNING dataset: Stage2 batch error query_id=q_000425: batch_timeout
2026-02-04 11:57:17 WARNING dataset: Stage2 batch error query_id=q_000426: batch_timeout
2026-02-04 11:57:17 WARNING dataset: Stage2 batch error query_id=q_000427: batch_timeout
2026-02-04 11:57:17 WARNING dataset: Stage2 batch error query_id=q_000428: batch_timeout
2026-02-04 11:57:17 WARNING dataset: Stage2 batch error query_id=q_000429: batch_timeout
2026-02-04 11:57:17 WARNING dataset: Stage2 batch error query_id=q_000430: batch_timeout
2026-02-04 11:57:17 WARNING dataset: Stage2 batch error query_id=q_000431: batch_timeout
2026-02-04 11:57:17 WARNING dataset: Stage2 batch error query_id=q_000432: batch_timeout
2026-02-04 11:57:17 WARNING dataset: Stage2 batch error query_id=q_000433: batch_timeout
2026-02-04 11:57:17 WARNING dataset: Stage2 batch error query_id=q_000434: batch_timeout
2026-02-04 11:57:17 WARNING dataset: Stage2 batch error query_id=q_000435: batch_timeout
2026-02-04 11:57:17 WARNING dataset: Stage2 batch error query_id=q_000427: batch_timeout
2026-02-04 11:57:17 WARNING dataset: Stage2 batch error query_id=q_000428: batch_timeout
2026-02-04 11:57:17 WARNING dataset: Stage2 batch error query_id=q_000429: batch_timeout
2026-02-04 11:57:17 WARNING dataset: Stage2 batch error query_id=q_000430: batch_timeout
2026-02-04 11:57:17 WARNING dataset: Stage2 batch error query_id=q_000431: batch_timeout
2026-02-04 11:57:17 WARNING dataset: Stage2 batch error query_id=q_000432: batch_timeout
2026-02-04 11:57:17 WARNING dataset: Stage2 batch error query_id=q_000433: batch_timeout
2026-02-04 11:57:17 WARNING dataset: Stage2 batch error query_id=q_000434: batch_timeout
2026-02-04 11:57:17 WARNING dataset: Stage2 batch error query_id=q_000435: batch_timeout
2026-02-04 12:00:31 WARNING dataset: Stage2 batch error query_id=q_000001: batch_timeout
2026-02-04 12:00:33 ERROR dataset: Stage1 rate limit info: limits={'rpm': None, 'tpm': None, 'rpd': None, 'note': 'set per your Google project tier'} headers=none
2026-02-04 12:00:33 ERROR dataset: Stage1 error intent=Information Retrieval: rate limit hit provider=gemini model=gemini-3-pro-preview limits={'rpm': None, 'tpm': None, 'rpd': None, 'note': 'set per your Google project tier'} headers=none
2026-02-04 12:00:33 ERROR dataset: Stage1 stopping intent=Information Retrieval after 3 failures
2026-02-04 12:00:46 ERROR dataset: Stage1 rate limit info: limits={'rpm': None, 'tpm': None, 'rpd': None, 'note': 'set per your Google project tier'} headers=none
2026-02-04 12:00:46 ERROR dataset: Stage1 error intent=Navigation: rate limit hit provider=gemini model=gemini-3-pro-preview limits={'rpm': None, 'tpm': None, 'rpd': None, 'note': 'set per your Google project tier'} headers=none
2026-02-04 12:00:46 ERROR dataset: Stage1 stopping intent=Navigation after 3 failures
2026-02-04 12:01:03 ERROR dataset: Stage1 rate limit info: limits={'rpm': None, 'tpm': None, 'rpd': None, 'note': 'set per your Google project tier'} headers=none
2026-02-04 12:01:03 ERROR dataset: Stage1 error intent=Navigation: rate limit hit provider=gemini model=gemini-3-pro-preview limits={'rpm': None, 'tpm': None, 'rpd': None, 'note': 'set per your Google project tier'} headers=none
2026-02-04 12:01:03 ERROR dataset: Stage1 stopping intent=Navigation after 3 failures
2026-02-04 12:01:15 ERROR dataset: Stage1 rate limit info: limits={'rpm': None, 'tpm': None, 'rpd': None, 'note': 'set per your Google project tier'} headers=none
2026-02-04 12:01:15 ERROR dataset: Stage1 error intent=Navigation: rate limit hit provider=gemini model=gemini-3-pro-preview limits={'rpm': None, 'tpm': None, 'rpd': None, 'note': 'set per your Google project tier'} headers=none
2026-02-04 12:01:15 ERROR dataset: Stage1 stopping intent=Navigation after 3 failures
2026-02-04 12:02:27 WARNING dataset: Stage2 batch error query_id=q_000436: batch_timeout
2026-02-04 12:02:27 WARNING dataset: Stage2 batch error query_id=q_000437: batch_timeout
2026-02-04 12:02:27 WARNING dataset: Stage2 batch error query_id=q_000438: batch_timeout
2026-02-04 12:02:27 WARNING dataset: Stage2 batch error query_id=q_000439: batch_timeout
2026-02-04 12:02:27 WARNING dataset: Stage2 batch error query_id=q_000440: batch_timeout
2026-02-04 12:02:27 WARNING dataset: Stage2 batch error query_id=q_000441: batch_timeout
2026-02-04 12:02:27 WARNING dataset: Stage2 batch error query_id=q_000442: batch_timeout
2026-02-04 12:02:27 WARNING dataset: Stage2 batch error query_id=q_000443: batch_timeout
2026-02-04 12:02:27 WARNING dataset: Stage2 batch error query_id=q_000444: batch_timeout
2026-02-04 12:02:27 WARNING dataset: Stage2 batch error query_id=q_000445: batch_timeout
2026-02-04 12:02:27 WARNING dataset: Stage2 batch error query_id=q_000446: batch_timeout
2026-02-04 12:02:27 WARNING dataset: Stage2 batch error query_id=q_000447: batch_timeout
2026-02-04 12:02:27 WARNING dataset: Stage2 batch error query_id=q_000448: batch_timeout
2026-02-04 12:02:27 WARNING dataset: Stage2 batch error query_id=q_000449: batch_timeout
2026-02-04 12:02:27 WARNING dataset: Stage2 batch error query_id=q_000450: batch_timeout
2026-02-04 12:02:27 WARNING dataset: Stage2 batch error query_id=q_000451: batch_timeout
2026-02-04 12:02:27 WARNING dataset: Stage2 batch error query_id=q_000452: batch_timeout
2026-02-04 12:02:27 WARNING dataset: Stage2 batch error query_id=q_000453: batch_timeout
2026-02-04 12:02:27 WARNING dataset: Stage2 batch error query_id=q_000454: batch_timeout
2026-02-04 12:02:27 WARNING dataset: Stage2 batch error query_id=q_000455: batch_timeout
2026-02-04 12:02:27 WARNING dataset: Stage2 batch error query_id=q_000456: batch_timeout
2026-02-04 12:02:27 WARNING dataset: Stage2 batch error query_id=q_000457: batch_timeout
2026-02-04 12:02:27 WARNING dataset: Stage2 batch error query_id=q_000458: batch_timeout
2026-02-04 12:02:27 WARNING dataset: Stage2 batch error query_id=q_000459: batch_timeout
2026-02-04 12:02:27 WARNING dataset: Stage2 batch error query_id=q_000436: batch_timeout
2026-02-04 12:02:27 WARNING dataset: Stage2 batch error query_id=q_000437: batch_timeout
2026-02-04 12:02:27 WARNING dataset: Stage2 batch error query_id=q_000438: batch_timeout
2026-02-04 12:02:27 WARNING dataset: Stage2 batch error query_id=q_000439: batch_timeout
2026-02-04 12:02:27 WARNING dataset: Stage2 batch error query_id=q_000440: batch_timeout
2026-02-04 12:02:27 WARNING dataset: Stage2 batch error query_id=q_000441: batch_timeout
2026-02-04 12:02:27 WARNING dataset: Stage2 batch error query_id=q_000442: batch_timeout
2026-02-04 12:02:27 WARNING dataset: Stage2 batch error query_id=q_000443: batch_timeout
2026-02-04 12:02:27 WARNING dataset: Stage2 batch error query_id=q_000444: batch_timeout
2026-02-04 12:02:27 WARNING dataset: Stage2 batch error query_id=q_000445: batch_timeout
2026-02-04 12:02:27 WARNING dataset: Stage2 batch error query_id=q_000446: batch_timeout
2026-02-04 12:02:27 WARNING dataset: Stage2 batch error query_id=q_000447: batch_timeout
2026-02-04 12:02:27 WARNING dataset: Stage2 batch error query_id=q_000448: batch_timeout
2026-02-04 12:02:27 WARNING dataset: Stage2 batch error query_id=q_000449: batch_timeout
2026-02-04 12:02:27 WARNING dataset: Stage2 batch error query_id=q_000450: batch_timeout
2026-02-04 12:02:27 WARNING dataset: Stage2 batch error query_id=q_000451: batch_timeout
2026-02-04 12:02:27 WARNING dataset: Stage2 batch error query_id=q_000452: batch_timeout
2026-02-04 12:02:27 WARNING dataset: Stage2 batch error query_id=q_000453: batch_timeout
2026-02-04 12:02:27 WARNING dataset: Stage2 batch error query_id=q_000454: batch_timeout
2026-02-04 12:02:27 WARNING dataset: Stage2 batch error query_id=q_000455: batch_timeout
2026-02-04 12:02:27 WARNING dataset: Stage2 batch error query_id=q_000460: batch_timeout
2026-02-04 12:02:27 WARNING dataset: Stage2 batch error query_id=q_000461: batch_timeout
2026-02-04 12:02:27 WARNING dataset: Stage2 batch error query_id=q_000462: batch_timeout
2026-02-04 12:02:27 WARNING dataset: Stage2 batch error query_id=q_000463: batch_timeout
2026-02-04 12:02:27 WARNING dataset: Stage2 batch error query_id=q_000464: batch_timeout
2026-02-04 12:02:27 WARNING dataset: Stage2 batch error query_id=q_000465: batch_timeout
2026-02-04 12:02:27 WARNING dataset: Stage2 batch error query_id=q_000466: batch_timeout
2026-02-04 12:02:27 WARNING dataset: Stage2 batch error query_id=q_000467: batch_timeout
2026-02-04 12:02:27 WARNING dataset: Stage2 batch error query_id=q_000468: batch_timeout
2026-02-04 12:02:27 WARNING dataset: Stage2 batch error query_id=q_000469: batch_timeout
2026-02-04 12:02:27 WARNING dataset: Stage2 batch error query_id=q_000456: batch_timeout
2026-02-04 12:02:27 WARNING dataset: Stage2 batch error query_id=q_000457: batch_timeout
2026-02-04 12:02:27 WARNING dataset: Stage2 batch error query_id=q_000458: batch_timeout
2026-02-04 12:02:27 WARNING dataset: Stage2 batch error query_id=q_000459: batch_timeout
2026-02-04 12:02:27 WARNING dataset: Stage2 batch error query_id=q_000460: batch_timeout
2026-02-04 12:02:27 WARNING dataset: Stage2 batch error query_id=q_000461: batch_timeout
2026-02-04 12:02:27 WARNING dataset: Stage2 batch error query_id=q_000462: batch_timeout
2026-02-04 12:02:27 WARNING dataset: Stage2 batch error query_id=q_000463: batch_timeout
2026-02-04 12:02:27 WARNING dataset: Stage2 batch error query_id=q_000464: batch_timeout
2026-02-04 12:02:27 WARNING dataset: Stage2 batch error query_id=q_000465: batch_timeout
2026-02-04 12:02:27 WARNING dataset: Stage2 batch error query_id=q_000466: batch_timeout
2026-02-04 12:02:27 WARNING dataset: Stage2 batch error query_id=q_000467: batch_timeout
2026-02-04 12:02:27 WARNING dataset: Stage2 batch error query_id=q_000468: batch_timeout
2026-02-04 12:02:27 WARNING dataset: Stage2 batch error query_id=q_000469: batch_timeout
2026-02-04 12:02:27 WARNING dataset: Stage2 batch error query_id=q_000470: batch_timeout
2026-02-04 12:02:27 WARNING dataset: Stage2 batch error query_id=q_000471: batch_timeout
2026-02-04 12:02:27 WARNING dataset: Stage2 batch error query_id=q_000472: batch_timeout
2026-02-04 12:02:27 WARNING dataset: Stage2 batch error query_id=q_000473: batch_timeout
2026-02-04 12:02:27 WARNING dataset: Stage2 batch error query_id=q_000474: batch_timeout
2026-02-04 12:02:27 WARNING dataset: Stage2 batch error query_id=q_000475: batch_timeout
2026-02-04 12:02:27 WARNING dataset: Stage2 batch error query_id=q_000476: batch_timeout
2026-02-04 12:02:27 WARNING dataset: Stage2 batch error query_id=q_000470: batch_timeout
2026-02-04 12:02:27 WARNING dataset: Stage2 batch error query_id=q_000471: batch_timeout
2026-02-04 12:02:27 WARNING dataset: Stage2 batch error query_id=q_000472: batch_timeout
2026-02-04 12:02:27 WARNING dataset: Stage2 batch error query_id=q_000473: batch_timeout
2026-02-04 12:02:27 WARNING dataset: Stage2 batch error query_id=q_000474: batch_timeout
2026-02-04 12:02:27 WARNING dataset: Stage2 batch error query_id=q_000475: batch_timeout
2026-02-04 12:02:27 WARNING dataset: Stage2 batch error query_id=q_000476: batch_timeout
2026-02-04 12:02:27 WARNING dataset: Stage2 batch error query_id=q_000477: batch_timeout
2026-02-04 12:02:27 WARNING dataset: Stage2 batch error query_id=q_000478: batch_timeout
2026-02-04 12:02:27 WARNING dataset: Stage2 batch error query_id=q_000479: batch_timeout
2026-02-04 12:02:27 WARNING dataset: Stage2 batch error query_id=q_000477: batch_timeout
2026-02-04 12:02:27 WARNING dataset: Stage2 batch error query_id=q_000478: batch_timeout
2026-02-04 12:02:27 WARNING dataset: Stage2 batch error query_id=q_000479: batch_timeout
2026-02-04 12:02:27 WARNING dataset: Stage2 batch error query_id=q_000480: batch_timeout
2026-02-04 12:02:27 WARNING dataset: Stage2 batch error query_id=q_000481: batch_timeout
2026-02-04 12:02:27 WARNING dataset: Stage2 batch error query_id=q_000482: batch_timeout
2026-02-04 12:02:27 WARNING dataset: Stage2 batch error query_id=q_000483: batch_timeout
2026-02-04 12:02:27 WARNING dataset: Stage2 batch error query_id=q_000484: batch_timeout
2026-02-04 12:02:27 WARNING dataset: Stage2 batch error query_id=q_000485: batch_timeout
2026-02-04 12:02:27 WARNING dataset: Stage2 batch error query_id=q_000486: batch_timeout
2026-02-04 12:02:27 WARNING dataset: Stage2 batch error query_id=q_000487: batch_timeout
2026-02-04 12:02:27 WARNING dataset: Stage2 batch error query_id=q_000488: batch_timeout
2026-02-04 12:02:27 WARNING dataset: Stage2 batch error query_id=q_000489: batch_timeout
2026-02-04 12:02:27 WARNING dataset: Stage2 batch error query_id=q_000490: batch_timeout
2026-02-04 12:02:27 WARNING dataset: Stage2 batch error query_id=q_000491: batch_timeout
2026-02-04 12:02:27 WARNING dataset: Stage2 batch error query_id=q_000492: batch_timeout
2026-02-04 12:02:27 WARNING dataset: Stage2 batch error query_id=q_000493: batch_timeout
2026-02-04 12:02:27 WARNING dataset: Stage2 batch error query_id=q_000494: batch_timeout
2026-02-04 12:02:27 WARNING dataset: Stage2 batch error query_id=q_000480: batch_timeout
2026-02-04 12:02:27 WARNING dataset: Stage2 batch error query_id=q_000481: batch_timeout
2026-02-04 12:02:27 WARNING dataset: Stage2 batch error query_id=q_000482: batch_timeout
2026-02-04 12:02:27 WARNING dataset: Stage2 batch error query_id=q_000483: batch_timeout
2026-02-04 12:02:27 WARNING dataset: Stage2 batch error query_id=q_000484: batch_timeout
2026-02-04 12:02:27 WARNING dataset: Stage2 batch error query_id=q_000485: batch_timeout
2026-02-04 12:02:27 WARNING dataset: Stage2 batch error query_id=q_000486: batch_timeout
2026-02-04 12:02:27 WARNING dataset: Stage2 batch error query_id=q_000487: batch_timeout
2026-02-04 12:02:27 WARNING dataset: Stage2 batch error query_id=q_000488: batch_timeout
2026-02-04 12:02:27 WARNING dataset: Stage2 batch error query_id=q_000489: batch_timeout
2026-02-04 12:02:27 WARNING dataset: Stage2 batch error query_id=q_000490: batch_timeout
2026-02-04 12:02:27 WARNING dataset: Stage2 batch error query_id=q_000491: batch_timeout
2026-02-04 12:02:27 WARNING dataset: Stage2 batch error query_id=q_000492: batch_timeout
2026-02-04 12:02:27 WARNING dataset: Stage2 batch error query_id=q_000493: batch_timeout
2026-02-04 12:02:27 WARNING dataset: Stage2 batch error query_id=q_000494: batch_timeout
2026-02-04 12:02:27 WARNING dataset: Stage2 batch error query_id=q_000495: batch_timeout
2026-02-04 12:02:27 WARNING dataset: Stage2 batch error query_id=q_000496: batch_timeout
2026-02-04 12:02:27 WARNING dataset: Stage2 batch error query_id=q_000497: batch_timeout
2026-02-04 12:02:27 WARNING dataset: Stage2 batch error query_id=q_000498: batch_timeout
2026-02-04 12:02:27 WARNING dataset: Stage2 batch error query_id=q_000499: batch_timeout
2026-02-04 12:02:27 WARNING dataset: Stage2 batch error query_id=q_000500: batch_timeout
2026-02-04 12:02:27 WARNING dataset: Stage2 batch error query_id=q_000501: batch_timeout
2026-02-04 12:02:27 WARNING dataset: Stage2 batch error query_id=q_000502: batch_timeout
2026-02-04 12:02:27 WARNING dataset: Stage2 batch error query_id=q_000503: batch_timeout
2026-02-04 12:02:27 WARNING dataset: Stage2 batch error query_id=q_000504: batch_timeout
2026-02-04 12:02:27 WARNING dataset: Stage2 batch error query_id=q_000505: batch_timeout
2026-02-04 12:02:27 WARNING dataset: Stage2 batch error query_id=q_000506: batch_timeout
2026-02-04 12:02:27 WARNING dataset: Stage2 batch error query_id=q_000495: batch_timeout
2026-02-04 12:02:27 WARNING dataset: Stage2 batch error query_id=q_000496: batch_timeout
2026-02-04 12:02:27 WARNING dataset: Stage2 batch error query_id=q_000497: batch_timeout
2026-02-04 12:02:27 WARNING dataset: Stage2 batch error query_id=q_000498: batch_timeout
2026-02-04 12:02:27 WARNING dataset: Stage2 batch error query_id=q_000499: batch_timeout
2026-02-04 12:02:27 WARNING dataset: Stage2 batch error query_id=q_000500: batch_timeout
2026-02-04 12:02:27 WARNING dataset: Stage2 batch error query_id=q_000501: batch_timeout
2026-02-04 12:02:27 WARNING dataset: Stage2 batch error query_id=q_000502: batch_timeout
2026-02-04 12:02:27 WARNING dataset: Stage2 batch error query_id=q_000503: batch_timeout
2026-02-04 12:02:27 WARNING dataset: Stage2 batch error query_id=q_000504: batch_timeout
2026-02-04 12:02:27 WARNING dataset: Stage2 batch error query_id=q_000505: batch_timeout
2026-02-04 12:02:27 WARNING dataset: Stage2 batch error query_id=q_000506: batch_timeout
2026-02-04 12:02:27 WARNING dataset: Stage2 batch error query_id=q_000507: batch_timeout
2026-02-04 12:02:27 WARNING dataset: Stage2 batch error query_id=q_000508: batch_timeout
2026-02-04 12:02:27 WARNING dataset: Stage2 batch error query_id=q_000509: batch_timeout
2026-02-04 12:02:27 WARNING dataset: Stage2 batch error query_id=q_000510: batch_timeout
2026-02-04 12:02:27 WARNING dataset: Stage2 batch error query_id=q_000511: batch_timeout
2026-02-04 12:02:27 WARNING dataset: Stage2 batch error query_id=q_000512: batch_timeout
2026-02-04 12:02:27 WARNING dataset: Stage2 batch error query_id=q_000513: batch_timeout
2026-02-04 12:02:27 WARNING dataset: Stage2 batch error query_id=q_000514: batch_timeout
2026-02-04 12:02:27 WARNING dataset: Stage2 batch error query_id=q_000507: batch_timeout
2026-02-04 12:02:27 WARNING dataset: Stage2 batch error query_id=q_000508: batch_timeout
2026-02-04 12:02:27 WARNING dataset: Stage2 batch error query_id=q_000509: batch_timeout
2026-02-04 12:02:27 WARNING dataset: Stage2 batch error query_id=q_000510: batch_timeout
2026-02-04 12:02:27 WARNING dataset: Stage2 batch error query_id=q_000511: batch_timeout
2026-02-04 12:02:27 WARNING dataset: Stage2 batch error query_id=q_000512: batch_timeout
2026-02-04 12:02:27 WARNING dataset: Stage2 batch error query_id=q_000513: batch_timeout
2026-02-04 12:02:27 WARNING dataset: Stage2 batch error query_id=q_000514: batch_timeout
2026-02-04 12:02:27 WARNING dataset: Stage2 batch error query_id=q_000515: batch_timeout
2026-02-04 12:02:27 WARNING dataset: Stage2 batch error query_id=q_000516: batch_timeout
2026-02-04 12:02:27 WARNING dataset: Stage2 batch error query_id=q_000517: batch_timeout
2026-02-04 12:02:27 WARNING dataset: Stage2 batch error query_id=q_000518: batch_timeout
2026-02-04 12:02:27 WARNING dataset: Stage2 batch error query_id=q_000519: batch_timeout
2026-02-04 12:02:27 WARNING dataset: Stage2 batch error query_id=q_000520: batch_timeout
2026-02-04 12:02:27 WARNING dataset: Stage2 batch error query_id=q_000521: batch_timeout
2026-02-04 12:02:27 WARNING dataset: Stage2 batch error query_id=q_000522: batch_timeout
2026-02-04 12:02:27 WARNING dataset: Stage2 batch error query_id=q_000515: batch_timeout
2026-02-04 12:02:27 WARNING dataset: Stage2 batch error query_id=q_000516: batch_timeout
2026-02-04 12:02:27 WARNING dataset: Stage2 batch error query_id=q_000517: batch_timeout
2026-02-04 12:02:27 WARNING dataset: Stage2 batch error query_id=q_000518: batch_timeout
2026-02-04 12:02:27 WARNING dataset: Stage2 batch error query_id=q_000519: batch_timeout
2026-02-04 12:02:27 WARNING dataset: Stage2 batch error query_id=q_000520: batch_timeout
2026-02-04 12:02:27 WARNING dataset: Stage2 batch error query_id=q_000521: batch_timeout
2026-02-04 12:02:27 WARNING dataset: Stage2 batch error query_id=q_000522: batch_timeout
2026-02-04 12:07:38 WARNING dataset: Stage2 batch error query_id=q_000523: batch_timeout
2026-02-04 12:07:38 WARNING dataset: Stage2 batch error query_id=q_000524: batch_timeout
2026-02-04 12:07:38 WARNING dataset: Stage2 batch error query_id=q_000525: batch_timeout
2026-02-04 12:07:38 WARNING dataset: Stage2 batch error query_id=q_000526: batch_timeout
2026-02-04 12:07:38 WARNING dataset: Stage2 batch error query_id=q_000527: batch_timeout
2026-02-04 12:07:38 WARNING dataset: Stage2 batch error query_id=q_000528: batch_timeout
2026-02-04 12:07:38 WARNING dataset: Stage2 batch error query_id=q_000529: batch_timeout
2026-02-04 12:07:38 WARNING dataset: Stage2 batch error query_id=q_000530: batch_timeout
2026-02-04 12:07:38 WARNING dataset: Stage2 batch error query_id=q_000531: batch_timeout
2026-02-04 12:07:38 WARNING dataset: Stage2 batch error query_id=q_000532: batch_timeout
2026-02-04 12:07:38 WARNING dataset: Stage2 batch error query_id=q_000533: batch_timeout
2026-02-04 12:07:38 WARNING dataset: Stage2 batch error query_id=q_000534: batch_timeout
2026-02-04 12:07:38 WARNING dataset: Stage2 batch error query_id=q_000535: batch_timeout
2026-02-04 12:07:38 WARNING dataset: Stage2 batch error query_id=q_000536: batch_timeout
2026-02-04 12:07:38 WARNING dataset: Stage2 batch error query_id=q_000537: batch_timeout
2026-02-04 12:07:38 WARNING dataset: Stage2 batch error query_id=q_000538: batch_timeout
2026-02-04 12:07:38 WARNING dataset: Stage2 batch error query_id=q_000539: batch_timeout
2026-02-04 12:07:38 WARNING dataset: Stage2 batch error query_id=q_000540: batch_timeout
2026-02-04 12:07:38 WARNING dataset: Stage2 batch error query_id=q_000541: batch_timeout
2026-02-04 12:07:38 WARNING dataset: Stage2 batch error query_id=q_000523: batch_timeout
2026-02-04 12:07:38 WARNING dataset: Stage2 batch error query_id=q_000524: batch_timeout
2026-02-04 12:07:38 WARNING dataset: Stage2 batch error query_id=q_000525: batch_timeout
2026-02-04 12:07:38 WARNING dataset: Stage2 batch error query_id=q_000526: batch_timeout
2026-02-04 12:07:38 WARNING dataset: Stage2 batch error query_id=q_000527: batch_timeout
2026-02-04 12:07:38 WARNING dataset: Stage2 batch error query_id=q_000528: batch_timeout
2026-02-04 12:07:38 WARNING dataset: Stage2 batch error query_id=q_000529: batch_timeout
2026-02-04 12:07:38 WARNING dataset: Stage2 batch error query_id=q_000530: batch_timeout
2026-02-04 12:07:38 WARNING dataset: Stage2 batch error query_id=q_000531: batch_timeout
2026-02-04 12:07:38 WARNING dataset: Stage2 batch error query_id=q_000532: batch_timeout
2026-02-04 12:07:38 WARNING dataset: Stage2 batch error query_id=q_000533: batch_timeout
2026-02-04 12:07:38 WARNING dataset: Stage2 batch error query_id=q_000534: batch_timeout
2026-02-04 12:07:38 WARNING dataset: Stage2 batch error query_id=q_000535: batch_timeout
2026-02-04 12:07:38 WARNING dataset: Stage2 batch error query_id=q_000536: batch_timeout
2026-02-04 12:07:38 WARNING dataset: Stage2 batch error query_id=q_000537: batch_timeout
2026-02-04 12:07:38 WARNING dataset: Stage2 batch error query_id=q_000538: batch_timeout
2026-02-04 12:07:38 WARNING dataset: Stage2 batch error query_id=q_000539: batch_timeout
2026-02-04 12:07:38 WARNING dataset: Stage2 batch error query_id=q_000540: batch_timeout
2026-02-04 12:07:38 WARNING dataset: Stage2 batch error query_id=q_000541: batch_timeout
2026-02-04 12:07:38 WARNING dataset: Stage2 batch error query_id=q_000542: batch_timeout
2026-02-04 12:07:38 WARNING dataset: Stage2 batch error query_id=q_000543: batch_timeout
2026-02-04 12:07:38 WARNING dataset: Stage2 batch error query_id=q_000544: batch_timeout
2026-02-04 12:07:38 WARNING dataset: Stage2 batch error query_id=q_000545: batch_timeout
2026-02-04 12:07:38 WARNING dataset: Stage2 batch error query_id=q_000546: batch_timeout
2026-02-04 12:07:38 WARNING dataset: Stage2 batch error query_id=q_000542: batch_timeout
2026-02-04 12:07:38 WARNING dataset: Stage2 batch error query_id=q_000543: batch_timeout
2026-02-04 12:07:38 WARNING dataset: Stage2 batch error query_id=q_000544: batch_timeout
2026-02-04 12:07:38 WARNING dataset: Stage2 batch error query_id=q_000545: batch_timeout
2026-02-04 12:07:38 WARNING dataset: Stage2 batch error query_id=q_000546: batch_timeout
2026-02-04 12:07:38 WARNING dataset: Stage2 batch error query_id=q_000547: batch_timeout
2026-02-04 12:07:38 WARNING dataset: Stage2 batch error query_id=q_000548: batch_timeout
2026-02-04 12:07:38 WARNING dataset: Stage2 batch error query_id=q_000549: batch_timeout
2026-02-04 12:07:38 WARNING dataset: Stage2 batch error query_id=q_000550: batch_timeout
2026-02-04 12:07:38 WARNING dataset: Stage2 batch error query_id=q_000551: batch_timeout
2026-02-04 12:07:38 WARNING dataset: Stage2 batch error query_id=q_000552: batch_timeout
2026-02-04 12:07:38 WARNING dataset: Stage2 batch error query_id=q_000553: batch_timeout
2026-02-04 12:07:38 WARNING dataset: Stage2 batch error query_id=q_000554: batch_timeout
2026-02-04 12:07:38 WARNING dataset: Stage2 batch error query_id=q_000555: batch_timeout
2026-02-04 12:07:38 WARNING dataset: Stage2 batch error query_id=q_000556: batch_timeout
2026-02-04 12:07:38 WARNING dataset: Stage2 batch error query_id=q_000557: batch_timeout
2026-02-04 12:07:38 WARNING dataset: Stage2 batch error query_id=q_000558: batch_timeout
2026-02-04 12:07:38 WARNING dataset: Stage2 batch error query_id=q_000559: batch_timeout
2026-02-04 12:07:38 WARNING dataset: Stage2 batch error query_id=q_000560: batch_timeout
2026-02-04 12:07:38 WARNING dataset: Stage2 batch error query_id=q_000561: batch_timeout
2026-02-04 12:07:38 WARNING dataset: Stage2 batch error query_id=q_000562: batch_timeout
2026-02-04 12:07:38 WARNING dataset: Stage2 batch error query_id=q_000563: batch_timeout
2026-02-04 12:07:38 WARNING dataset: Stage2 batch error query_id=q_000564: batch_timeout
2026-02-04 12:07:38 WARNING dataset: Stage2 batch error query_id=q_000565: batch_timeout
2026-02-04 12:07:38 WARNING dataset: Stage2 batch error query_id=q_000566: batch_timeout
2026-02-04 12:07:38 WARNING dataset: Stage2 batch error query_id=q_000567: batch_timeout
2026-02-04 12:07:38 WARNING dataset: Stage2 batch error query_id=q_000547: batch_timeout
2026-02-04 12:07:38 WARNING dataset: Stage2 batch error query_id=q_000548: batch_timeout
2026-02-04 12:07:38 WARNING dataset: Stage2 batch error query_id=q_000549: batch_timeout
2026-02-04 12:07:38 WARNING dataset: Stage2 batch error query_id=q_000550: batch_timeout
2026-02-04 12:07:38 WARNING dataset: Stage2 batch error query_id=q_000551: batch_timeout
2026-02-04 12:07:38 WARNING dataset: Stage2 batch error query_id=q_000552: batch_timeout
2026-02-04 12:07:38 WARNING dataset: Stage2 batch error query_id=q_000553: batch_timeout
2026-02-04 12:07:38 WARNING dataset: Stage2 batch error query_id=q_000554: batch_timeout
2026-02-04 12:07:38 WARNING dataset: Stage2 batch error query_id=q_000555: batch_timeout
2026-02-04 12:07:38 WARNING dataset: Stage2 batch error query_id=q_000556: batch_timeout
2026-02-04 12:07:38 WARNING dataset: Stage2 batch error query_id=q_000557: batch_timeout
2026-02-04 12:07:38 WARNING dataset: Stage2 batch error query_id=q_000558: batch_timeout
2026-02-04 12:07:38 WARNING dataset: Stage2 batch error query_id=q_000559: batch_timeout
2026-02-04 12:07:38 WARNING dataset: Stage2 batch error query_id=q_000560: batch_timeout
2026-02-04 12:07:38 WARNING dataset: Stage2 batch error query_id=q_000561: batch_timeout
2026-02-04 12:07:38 WARNING dataset: Stage2 batch error query_id=q_000562: batch_timeout
2026-02-04 12:07:38 WARNING dataset: Stage2 batch error query_id=q_000563: batch_timeout
2026-02-04 12:07:38 WARNING dataset: Stage2 batch error query_id=q_000564: batch_timeout
2026-02-04 12:07:38 WARNING dataset: Stage2 batch error query_id=q_000565: batch_timeout
2026-02-04 12:07:38 WARNING dataset: Stage2 batch error query_id=q_000566: batch_timeout
2026-02-04 12:07:38 WARNING dataset: Stage2 batch error query_id=q_000567: batch_timeout
2026-02-04 12:07:38 WARNING dataset: Stage2 batch error query_id=q_000568: batch_timeout
2026-02-04 12:07:38 WARNING dataset: Stage2 batch error query_id=q_000569: batch_timeout
2026-02-04 12:07:38 WARNING dataset: Stage2 batch error query_id=q_000570: batch_timeout
2026-02-04 12:07:38 WARNING dataset: Stage2 batch error query_id=q_000568: batch_timeout
2026-02-04 12:07:38 WARNING dataset: Stage2 batch error query_id=q_000569: batch_timeout
2026-02-04 12:07:38 WARNING dataset: Stage2 batch error query_id=q_000570: batch_timeout
2026-02-04 12:07:38 WARNING dataset: Stage2 batch error query_id=q_000571: batch_timeout
2026-02-04 12:07:38 WARNING dataset: Stage2 batch error query_id=q_000572: batch_timeout
2026-02-04 12:07:38 WARNING dataset: Stage2 batch error query_id=q_000573: batch_timeout
2026-02-04 12:07:38 WARNING dataset: Stage2 batch error query_id=q_000574: batch_timeout
2026-02-04 12:07:38 WARNING dataset: Stage2 batch error query_id=q_000575: batch_timeout
2026-02-04 12:07:38 WARNING dataset: Stage2 batch error query_id=q_000576: batch_timeout
2026-02-04 12:07:38 WARNING dataset: Stage2 batch error query_id=q_000577: batch_timeout
2026-02-04 12:07:38 WARNING dataset: Stage2 batch error query_id=q_000578: batch_timeout
2026-02-04 12:07:38 WARNING dataset: Stage2 batch error query_id=q_000579: batch_timeout
2026-02-04 12:07:38 WARNING dataset: Stage2 batch error query_id=q_000580: batch_timeout
2026-02-04 12:07:38 WARNING dataset: Stage2 batch error query_id=q_000581: batch_timeout
2026-02-04 12:07:38 WARNING dataset: Stage2 batch error query_id=q_000571: batch_timeout
2026-02-04 12:07:38 WARNING dataset: Stage2 batch error query_id=q_000572: batch_timeout
2026-02-04 12:07:38 WARNING dataset: Stage2 batch error query_id=q_000573: batch_timeout
2026-02-04 12:07:38 WARNING dataset: Stage2 batch error query_id=q_000574: batch_timeout
2026-02-04 12:07:38 WARNING dataset: Stage2 batch error query_id=q_000575: batch_timeout
2026-02-04 12:07:38 WARNING dataset: Stage2 batch error query_id=q_000576: batch_timeout
2026-02-04 12:07:38 WARNING dataset: Stage2 batch error query_id=q_000577: batch_timeout
2026-02-04 12:07:38 WARNING dataset: Stage2 batch error query_id=q_000578: batch_timeout
2026-02-04 12:07:38 WARNING dataset: Stage2 batch error query_id=q_000579: batch_timeout
2026-02-04 12:07:38 WARNING dataset: Stage2 batch error query_id=q_000580: batch_timeout
2026-02-04 12:07:38 WARNING dataset: Stage2 batch error query_id=q_000581: batch_timeout
2026-02-04 12:07:38 WARNING dataset: Stage2 batch error query_id=q_000582: batch_timeout
2026-02-04 12:07:38 WARNING dataset: Stage2 batch error query_id=q_000583: batch_timeout
2026-02-04 12:07:38 WARNING dataset: Stage2 batch error query_id=q_000584: batch_timeout
2026-02-04 12:07:38 WARNING dataset: Stage2 batch error query_id=q_000585: batch_timeout
2026-02-04 12:07:38 WARNING dataset: Stage2 batch error query_id=q_000586: batch_timeout
2026-02-04 12:07:38 WARNING dataset: Stage2 batch error query_id=q_000587: batch_timeout
2026-02-04 12:07:38 WARNING dataset: Stage2 batch error query_id=q_000588: batch_timeout
2026-02-04 12:07:38 WARNING dataset: Stage2 batch error query_id=q_000589: batch_timeout
2026-02-04 12:07:38 WARNING dataset: Stage2 batch error query_id=q_000590: batch_timeout
2026-02-04 12:07:38 WARNING dataset: Stage2 batch error query_id=q_000591: batch_timeout
2026-02-04 12:07:38 WARNING dataset: Stage2 batch error query_id=q_000592: batch_timeout
2026-02-04 12:07:38 WARNING dataset: Stage2 batch error query_id=q_000582: batch_timeout
2026-02-04 12:07:38 WARNING dataset: Stage2 batch error query_id=q_000583: batch_timeout
2026-02-04 12:07:38 WARNING dataset: Stage2 batch error query_id=q_000584: batch_timeout
2026-02-04 12:07:38 WARNING dataset: Stage2 batch error query_id=q_000585: batch_timeout
2026-02-04 12:07:38 WARNING dataset: Stage2 batch error query_id=q_000586: batch_timeout
2026-02-04 12:07:38 WARNING dataset: Stage2 batch error query_id=q_000587: batch_timeout
2026-02-04 12:07:38 WARNING dataset: Stage2 batch error query_id=q_000588: batch_timeout
2026-02-04 12:07:38 WARNING dataset: Stage2 batch error query_id=q_000589: batch_timeout
2026-02-04 12:07:38 WARNING dataset: Stage2 batch error query_id=q_000590: batch_timeout
2026-02-04 12:07:38 WARNING dataset: Stage2 batch error query_id=q_000591: batch_timeout
2026-02-04 12:07:38 WARNING dataset: Stage2 batch error query_id=q_000592: batch_timeout
2026-02-04 12:07:38 WARNING dataset: Stage2 batch error query_id=q_000593: batch_timeout
2026-02-04 12:07:38 WARNING dataset: Stage2 batch error query_id=q_000594: batch_timeout
2026-02-04 12:07:38 WARNING dataset: Stage2 batch error query_id=q_000595: batch_timeout
2026-02-04 12:07:38 WARNING dataset: Stage2 batch error query_id=q_000596: batch_timeout
2026-02-04 12:07:38 WARNING dataset: Stage2 batch error query_id=q_000597: batch_timeout
2026-02-04 12:07:38 WARNING dataset: Stage2 batch error query_id=q_000593: batch_timeout
2026-02-04 12:07:38 WARNING dataset: Stage2 batch error query_id=q_000594: batch_timeout
2026-02-04 12:07:38 WARNING dataset: Stage2 batch error query_id=q_000595: batch_timeout
2026-02-04 12:07:38 WARNING dataset: Stage2 batch error query_id=q_000596: batch_timeout
2026-02-04 12:07:38 WARNING dataset: Stage2 batch error query_id=q_000597: batch_timeout
2026-02-04 12:07:38 WARNING dataset: Stage2 batch error query_id=q_000598: batch_timeout
2026-02-04 12:07:38 WARNING dataset: Stage2 batch error query_id=q_000599: batch_timeout
2026-02-04 12:07:38 WARNING dataset: Stage2 batch error query_id=q_000600: batch_timeout
2026-02-04 12:07:38 WARNING dataset: Stage2 batch error query_id=q_000601: batch_timeout
2026-02-04 12:07:38 WARNING dataset: Stage2 batch error query_id=q_000602: batch_timeout
2026-02-04 12:07:38 WARNING dataset: Stage2 batch error query_id=q_000603: batch_timeout
2026-02-04 12:07:38 WARNING dataset: Stage2 batch error query_id=q_000604: batch_timeout
2026-02-04 12:07:38 WARNING dataset: Stage2 batch error query_id=q_000605: batch_timeout
2026-02-04 12:07:38 WARNING dataset: Stage2 batch error query_id=q_000606: batch_timeout
2026-02-04 12:07:38 WARNING dataset: Stage2 batch error query_id=q_000598: batch_timeout
2026-02-04 12:07:38 WARNING dataset: Stage2 batch error query_id=q_000599: batch_timeout
2026-02-04 12:07:38 WARNING dataset: Stage2 batch error query_id=q_000600: batch_timeout
2026-02-04 12:07:38 WARNING dataset: Stage2 batch error query_id=q_000601: batch_timeout
2026-02-04 12:07:38 WARNING dataset: Stage2 batch error query_id=q_000602: batch_timeout
2026-02-04 12:07:38 WARNING dataset: Stage2 batch error query_id=q_000603: batch_timeout
2026-02-04 12:07:38 WARNING dataset: Stage2 batch error query_id=q_000604: batch_timeout
2026-02-04 12:07:38 WARNING dataset: Stage2 batch error query_id=q_000605: batch_timeout
2026-02-04 12:07:38 WARNING dataset: Stage2 batch error query_id=q_000606: batch_timeout
2026-02-04 12:07:38 WARNING dataset: Stage2 batch error query_id=q_000607: batch_timeout
2026-02-04 12:07:38 WARNING dataset: Stage2 batch error query_id=q_000608: batch_timeout
2026-02-04 12:07:38 WARNING dataset: Stage2 batch error query_id=q_000609: batch_timeout
2026-02-04 12:07:38 WARNING dataset: Stage2 batch error query_id=q_000607: batch_timeout
2026-02-04 12:07:38 WARNING dataset: Stage2 batch error query_id=q_000608: batch_timeout
2026-02-04 12:07:38 WARNING dataset: Stage2 batch error query_id=q_000609: batch_timeout
2026-02-04 12:09:16 ERROR dataset: Stage1 rate limit info: limits={'rpm': None, 'tpm': None, 'rpd': None, 'note': 'set per your Google project tier'} headers=none
2026-02-04 12:09:16 ERROR dataset: Stage1 error intent=Entertainment: rate limit hit provider=gemini model=gemini-3-pro-preview limits={'rpm': None, 'tpm': None, 'rpd': None, 'note': 'set per your Google project tier'} headers=none
2026-02-04 12:09:30 ERROR dataset: Stage1 rate limit info: limits={'rpm': None, 'tpm': None, 'rpd': None, 'note': 'set per your Google project tier'} headers=none
2026-02-04 12:09:30 ERROR dataset: Stage1 error intent=Education: rate limit hit provider=gemini model=gemini-3-pro-preview limits={'rpm': None, 'tpm': None, 'rpd': None, 'note': 'set per your Google project tier'} headers=none
2026-02-04 12:09:46 ERROR dataset: Stage1 rate limit info: limits={'rpm': None, 'tpm': None, 'rpd': None, 'note': 'set per your Google project tier'} headers=none
2026-02-04 12:09:46 ERROR dataset: Stage1 error intent=Education: rate limit hit provider=gemini model=gemini-3-pro-preview limits={'rpm': None, 'tpm': None, 'rpd': None, 'note': 'set per your Google project tier'} headers=none
2026-02-04 12:09:59 ERROR dataset: Stage1 rate limit info: limits={'rpm': None, 'tpm': None, 'rpd': None, 'note': 'set per your Google project tier'} headers=none
2026-02-04 12:09:59 ERROR dataset: Stage1 error intent=Education: rate limit hit provider=gemini model=gemini-3-pro-preview limits={'rpm': None, 'tpm': None, 'rpd': None, 'note': 'set per your Google project tier'} headers=none
2026-02-04 12:12:50 WARNING dataset: Stage2 batch error query_id=q_000610: batch_timeout
2026-02-04 12:12:50 WARNING dataset: Stage2 batch error query_id=q_000611: batch_timeout
2026-02-04 12:12:50 WARNING dataset: Stage2 batch error query_id=q_000612: batch_timeout
2026-02-04 12:12:50 WARNING dataset: Stage2 batch error query_id=q_000613: batch_timeout
2026-02-04 12:12:50 WARNING dataset: Stage2 batch error query_id=q_000614: batch_timeout
2026-02-04 12:12:50 WARNING dataset: Stage2 batch error query_id=q_000615: batch_timeout
2026-02-04 12:12:50 WARNING dataset: Stage2 batch error query_id=q_000616: batch_timeout
2026-02-04 12:12:50 WARNING dataset: Stage2 batch error query_id=q_000617: batch_timeout
2026-02-04 12:12:50 WARNING dataset: Stage2 batch error query_id=q_000618: batch_timeout
2026-02-04 12:12:50 WARNING dataset: Stage2 batch error query_id=q_000619: batch_timeout
2026-02-04 12:12:50 WARNING dataset: Stage2 batch error query_id=q_000620: batch_timeout
2026-02-04 12:12:50 WARNING dataset: Stage2 batch error query_id=q_000621: batch_timeout
2026-02-04 12:12:50 WARNING dataset: Stage2 batch error query_id=q_000622: batch_timeout
2026-02-04 12:12:50 WARNING dataset: Stage2 batch error query_id=q_000623: batch_timeout
2026-02-04 12:12:50 WARNING dataset: Stage2 batch error query_id=q_000624: batch_timeout
2026-02-04 12:12:50 WARNING dataset: Stage2 batch error query_id=q_000625: batch_timeout
2026-02-04 12:12:50 WARNING dataset: Stage2 batch error query_id=q_000626: batch_timeout
2026-02-04 12:12:50 WARNING dataset: Stage2 batch error query_id=q_000627: batch_timeout
2026-02-04 12:12:50 WARNING dataset: Stage2 batch error query_id=q_000628: batch_timeout
2026-02-04 12:12:50 WARNING dataset: Stage2 batch error query_id=q_000629: batch_timeout
2026-02-04 12:12:50 WARNING dataset: Stage2 batch error query_id=q_000630: batch_timeout
2026-02-04 12:12:50 WARNING dataset: Stage2 batch error query_id=q_000631: batch_timeout
2026-02-04 12:12:50 WARNING dataset: Stage2 batch error query_id=q_000632: batch_timeout
2026-02-04 12:12:50 WARNING dataset: Stage2 batch error query_id=q_000633: batch_timeout
2026-02-04 12:12:50 WARNING dataset: Stage2 batch error query_id=q_000610: batch_timeout
2026-02-04 12:12:50 WARNING dataset: Stage2 batch error query_id=q_000611: batch_timeout
2026-02-04 12:12:50 WARNING dataset: Stage2 batch error query_id=q_000612: batch_timeout
2026-02-04 12:12:50 WARNING dataset: Stage2 batch error query_id=q_000613: batch_timeout
2026-02-04 12:12:50 WARNING dataset: Stage2 batch error query_id=q_000614: batch_timeout
2026-02-04 12:12:50 WARNING dataset: Stage2 batch error query_id=q_000615: batch_timeout
2026-02-04 12:12:50 WARNING dataset: Stage2 batch error query_id=q_000616: batch_timeout
2026-02-04 12:12:50 WARNING dataset: Stage2 batch error query_id=q_000617: batch_timeout
2026-02-04 12:12:50 WARNING dataset: Stage2 batch error query_id=q_000618: batch_timeout
2026-02-04 12:12:50 WARNING dataset: Stage2 batch error query_id=q_000619: batch_timeout
2026-02-04 12:12:50 WARNING dataset: Stage2 batch error query_id=q_000620: batch_timeout
2026-02-04 12:12:50 WARNING dataset: Stage2 batch error query_id=q_000621: batch_timeout
2026-02-04 12:12:50 WARNING dataset: Stage2 batch error query_id=q_000622: batch_timeout
2026-02-04 12:12:50 WARNING dataset: Stage2 batch error query_id=q_000623: batch_timeout
2026-02-04 12:12:50 WARNING dataset: Stage2 batch error query_id=q_000624: batch_timeout
2026-02-04 12:12:50 WARNING dataset: Stage2 batch error query_id=q_000625: batch_timeout
2026-02-04 12:12:50 WARNING dataset: Stage2 batch error query_id=q_000626: batch_timeout
2026-02-04 12:12:50 WARNING dataset: Stage2 batch error query_id=q_000627: batch_timeout
2026-02-04 12:12:50 WARNING dataset: Stage2 batch error query_id=q_000628: batch_timeout
2026-02-04 12:12:50 WARNING dataset: Stage2 batch error query_id=q_000629: batch_timeout
2026-02-04 12:12:50 WARNING dataset: Stage2 batch error query_id=q_000630: batch_timeout
2026-02-04 12:12:50 WARNING dataset: Stage2 batch error query_id=q_000631: batch_timeout
2026-02-04 12:12:50 WARNING dataset: Stage2 batch error query_id=q_000632: batch_timeout
2026-02-04 12:12:50 WARNING dataset: Stage2 batch error query_id=q_000633: batch_timeout
2026-02-04 12:12:50 WARNING dataset: Stage2 batch error query_id=q_000634: batch_timeout
2026-02-04 12:12:50 WARNING dataset: Stage2 batch error query_id=q_000635: batch_timeout
2026-02-04 12:12:50 WARNING dataset: Stage2 batch error query_id=q_000636: batch_timeout
2026-02-04 12:12:50 WARNING dataset: Stage2 batch error query_id=q_000637: batch_timeout
2026-02-04 12:12:50 WARNING dataset: Stage2 batch error query_id=q_000638: batch_timeout
2026-02-04 12:12:50 WARNING dataset: Stage2 batch error query_id=q_000639: batch_timeout
2026-02-04 12:12:50 WARNING dataset: Stage2 batch error query_id=q_000640: batch_timeout
2026-02-04 12:12:50 WARNING dataset: Stage2 batch error query_id=q_000641: batch_timeout
2026-02-04 12:12:50 WARNING dataset: Stage2 batch error query_id=q_000642: batch_timeout
2026-02-04 12:12:50 WARNING dataset: Stage2 batch error query_id=q_000643: batch_timeout
2026-02-04 12:12:50 WARNING dataset: Stage2 batch error query_id=q_000644: batch_timeout
2026-02-04 12:12:50 WARNING dataset: Stage2 batch error query_id=q_000645: batch_timeout
2026-02-04 12:12:50 WARNING dataset: Stage2 batch error query_id=q_000646: batch_timeout
2026-02-04 12:12:50 WARNING dataset: Stage2 batch error query_id=q_000647: batch_timeout
2026-02-04 12:12:50 WARNING dataset: Stage2 batch error query_id=q_000648: batch_timeout
2026-02-04 12:12:50 WARNING dataset: Stage2 batch error query_id=q_000649: batch_timeout
2026-02-04 12:12:50 WARNING dataset: Stage2 batch error query_id=q_000650: batch_timeout
2026-02-04 12:12:50 WARNING dataset: Stage2 batch error query_id=q_000651: batch_timeout
2026-02-04 12:12:50 WARNING dataset: Stage2 batch error query_id=q_000652: batch_timeout
2026-02-04 12:12:50 WARNING dataset: Stage2 batch error query_id=q_000653: batch_timeout
2026-02-04 12:12:50 WARNING dataset: Stage2 batch error query_id=q_000654: batch_timeout
2026-02-04 12:12:50 WARNING dataset: Stage2 batch error query_id=q_000655: batch_timeout
2026-02-04 12:12:50 WARNING dataset: Stage2 batch error query_id=q_000656: batch_timeout
2026-02-04 12:12:50 WARNING dataset: Stage2 batch error query_id=q_000657: batch_timeout
2026-02-04 12:12:50 WARNING dataset: Stage2 batch error query_id=q_000658: batch_timeout
2026-02-04 12:12:50 WARNING dataset: Stage2 batch error query_id=q_000659: batch_timeout
2026-02-04 12:12:50 WARNING dataset: Stage2 batch error query_id=q_000634: batch_timeout
2026-02-04 12:12:50 WARNING dataset: Stage2 batch error query_id=q_000635: batch_timeout
2026-02-04 12:12:50 WARNING dataset: Stage2 batch error query_id=q_000636: batch_timeout
2026-02-04 12:12:50 WARNING dataset: Stage2 batch error query_id=q_000637: batch_timeout
2026-02-04 12:12:50 WARNING dataset: Stage2 batch error query_id=q_000638: batch_timeout
2026-02-04 12:12:50 WARNING dataset: Stage2 batch error query_id=q_000639: batch_timeout
2026-02-04 12:12:50 WARNING dataset: Stage2 batch error query_id=q_000640: batch_timeout
2026-02-04 12:12:50 WARNING dataset: Stage2 batch error query_id=q_000641: batch_timeout
2026-02-04 12:12:50 WARNING dataset: Stage2 batch error query_id=q_000642: batch_timeout
2026-02-04 12:12:50 WARNING dataset: Stage2 batch error query_id=q_000643: batch_timeout
2026-02-04 12:12:50 WARNING dataset: Stage2 batch error query_id=q_000644: batch_timeout
2026-02-04 12:12:50 WARNING dataset: Stage2 batch error query_id=q_000645: batch_timeout
2026-02-04 12:12:50 WARNING dataset: Stage2 batch error query_id=q_000646: batch_timeout
2026-02-04 12:12:50 WARNING dataset: Stage2 batch error query_id=q_000647: batch_timeout
2026-02-04 12:12:50 WARNING dataset: Stage2 batch error query_id=q_000648: batch_timeout
2026-02-04 12:12:50 WARNING dataset: Stage2 batch error query_id=q_000649: batch_timeout
2026-02-04 12:12:50 WARNING dataset: Stage2 batch error query_id=q_000650: batch_timeout
2026-02-04 12:12:50 WARNING dataset: Stage2 batch error query_id=q_000651: batch_timeout
2026-02-04 12:12:50 WARNING dataset: Stage2 batch error query_id=q_000652: batch_timeout
2026-02-04 12:12:50 WARNING dataset: Stage2 batch error query_id=q_000653: batch_timeout
2026-02-04 12:12:50 WARNING dataset: Stage2 batch error query_id=q_000654: batch_timeout
2026-02-04 12:12:50 WARNING dataset: Stage2 batch error query_id=q_000655: batch_timeout
2026-02-04 12:12:50 WARNING dataset: Stage2 batch error query_id=q_000656: batch_timeout
2026-02-04 12:12:50 WARNING dataset: Stage2 batch error query_id=q_000657: batch_timeout
2026-02-04 12:12:50 WARNING dataset: Stage2 batch error query_id=q_000660: batch_timeout
2026-02-04 12:12:50 WARNING dataset: Stage2 batch error query_id=q_000661: batch_timeout
2026-02-04 12:12:50 WARNING dataset: Stage2 batch error query_id=q_000662: batch_timeout
2026-02-04 12:12:50 WARNING dataset: Stage2 batch error query_id=q_000663: batch_timeout
2026-02-04 12:12:50 WARNING dataset: Stage2 batch error query_id=q_000664: batch_timeout
2026-02-04 12:12:50 WARNING dataset: Stage2 batch error query_id=q_000665: batch_timeout
2026-02-04 12:12:50 WARNING dataset: Stage2 batch error query_id=q_000666: batch_timeout
2026-02-04 12:12:50 WARNING dataset: Stage2 batch error query_id=q_000667: batch_timeout
2026-02-04 12:12:50 WARNING dataset: Stage2 batch error query_id=q_000668: batch_timeout
2026-02-04 12:12:50 WARNING dataset: Stage2 batch error query_id=q_000669: batch_timeout
2026-02-04 12:12:50 WARNING dataset: Stage2 batch error query_id=q_000670: batch_timeout
2026-02-04 12:12:50 WARNING dataset: Stage2 batch error query_id=q_000671: batch_timeout
2026-02-04 12:12:50 WARNING dataset: Stage2 batch error query_id=q_000672: batch_timeout
2026-02-04 12:12:50 WARNING dataset: Stage2 batch error query_id=q_000673: batch_timeout
2026-02-04 12:12:50 WARNING dataset: Stage2 batch error query_id=q_000674: batch_timeout
2026-02-04 12:12:50 WARNING dataset: Stage2 batch error query_id=q_000675: batch_timeout
2026-02-04 12:12:50 WARNING dataset: Stage2 batch error query_id=q_000676: batch_timeout
2026-02-04 12:12:50 WARNING dataset: Stage2 batch error query_id=q_000677: batch_timeout
2026-02-04 12:12:50 WARNING dataset: Stage2 batch error query_id=q_000678: batch_timeout
2026-02-04 12:12:50 WARNING dataset: Stage2 batch error query_id=q_000679: batch_timeout
2026-02-04 12:12:50 WARNING dataset: Stage2 batch error query_id=q_000658: batch_timeout
2026-02-04 12:12:50 WARNING dataset: Stage2 batch error query_id=q_000659: batch_timeout
2026-02-04 12:12:50 WARNING dataset: Stage2 batch error query_id=q_000660: batch_timeout
2026-02-04 12:12:50 WARNING dataset: Stage2 batch error query_id=q_000661: batch_timeout
2026-02-04 12:12:50 WARNING dataset: Stage2 batch error query_id=q_000662: batch_timeout
2026-02-04 12:12:50 WARNING dataset: Stage2 batch error query_id=q_000663: batch_timeout
2026-02-04 12:12:50 WARNING dataset: Stage2 batch error query_id=q_000664: batch_timeout
2026-02-04 12:12:50 WARNING dataset: Stage2 batch error query_id=q_000665: batch_timeout
2026-02-04 12:12:50 WARNING dataset: Stage2 batch error query_id=q_000666: batch_timeout
2026-02-04 12:12:50 WARNING dataset: Stage2 batch error query_id=q_000667: batch_timeout
2026-02-04 12:12:50 WARNING dataset: Stage2 batch error query_id=q_000668: batch_timeout
2026-02-04 12:12:50 WARNING dataset: Stage2 batch error query_id=q_000669: batch_timeout
2026-02-04 12:12:50 WARNING dataset: Stage2 batch error query_id=q_000670: batch_timeout
2026-02-04 12:12:50 WARNING dataset: Stage2 batch error query_id=q_000671: batch_timeout
2026-02-04 12:12:50 WARNING dataset: Stage2 batch error query_id=q_000672: batch_timeout
2026-02-04 12:12:50 WARNING dataset: Stage2 batch error query_id=q_000673: batch_timeout
2026-02-04 12:12:50 WARNING dataset: Stage2 batch error query_id=q_000680: batch_timeout
2026-02-04 12:12:50 WARNING dataset: Stage2 batch error query_id=q_000681: batch_timeout
2026-02-04 12:12:50 WARNING dataset: Stage2 batch error query_id=q_000682: batch_timeout
2026-02-04 12:12:50 WARNING dataset: Stage2 batch error query_id=q_000683: batch_timeout
2026-02-04 12:12:50 WARNING dataset: Stage2 batch error query_id=q_000684: batch_timeout
2026-02-04 12:12:50 WARNING dataset: Stage2 batch error query_id=q_000685: batch_timeout
2026-02-04 12:12:50 WARNING dataset: Stage2 batch error query_id=q_000686: batch_timeout
2026-02-04 12:12:50 WARNING dataset: Stage2 batch error query_id=q_000687: batch_timeout
2026-02-04 12:12:50 WARNING dataset: Stage2 batch error query_id=q_000688: batch_timeout
2026-02-04 12:12:50 WARNING dataset: Stage2 batch error query_id=q_000689: batch_timeout
2026-02-04 12:12:50 WARNING dataset: Stage2 batch error query_id=q_000690: batch_timeout
2026-02-04 12:12:50 WARNING dataset: Stage2 batch error query_id=q_000691: batch_timeout
2026-02-04 12:12:50 WARNING dataset: Stage2 batch error query_id=q_000692: batch_timeout
2026-02-04 12:12:50 WARNING dataset: Stage2 batch error query_id=q_000693: batch_timeout
2026-02-04 12:12:50 WARNING dataset: Stage2 batch error query_id=q_000694: batch_timeout
2026-02-04 12:12:50 WARNING dataset: Stage2 batch error query_id=q_000695: batch_timeout
2026-02-04 12:12:50 WARNING dataset: Stage2 batch error query_id=q_000696: batch_timeout
2026-02-04 12:12:50 WARNING dataset: Stage2 batch error query_id=q_000674: batch_timeout
2026-02-04 12:12:50 WARNING dataset: Stage2 batch error query_id=q_000675: batch_timeout
2026-02-04 12:12:50 WARNING dataset: Stage2 batch error query_id=q_000676: batch_timeout
2026-02-04 12:12:50 WARNING dataset: Stage2 batch error query_id=q_000677: batch_timeout
2026-02-04 12:12:50 WARNING dataset: Stage2 batch error query_id=q_000678: batch_timeout
2026-02-04 12:12:50 WARNING dataset: Stage2 batch error query_id=q_000679: batch_timeout
2026-02-04 12:12:50 WARNING dataset: Stage2 batch error query_id=q_000680: batch_timeout
2026-02-04 12:12:50 WARNING dataset: Stage2 batch error query_id=q_000681: batch_timeout
2026-02-04 12:12:50 WARNING dataset: Stage2 batch error query_id=q_000682: batch_timeout
2026-02-04 12:12:50 WARNING dataset: Stage2 batch error query_id=q_000683: batch_timeout
2026-02-04 12:12:50 WARNING dataset: Stage2 batch error query_id=q_000684: batch_timeout
2026-02-04 12:12:50 WARNING dataset: Stage2 batch error query_id=q_000685: batch_timeout
2026-02-04 12:12:50 WARNING dataset: Stage2 batch error query_id=q_000686: batch_timeout
2026-02-04 12:12:50 WARNING dataset: Stage2 batch error query_id=q_000687: batch_timeout
2026-02-04 12:12:50 WARNING dataset: Stage2 batch error query_id=q_000688: batch_timeout
2026-02-04 12:12:50 WARNING dataset: Stage2 batch error query_id=q_000689: batch_timeout
2026-02-04 12:12:50 WARNING dataset: Stage2 batch error query_id=q_000690: batch_timeout
2026-02-04 12:12:50 WARNING dataset: Stage2 batch error query_id=q_000691: batch_timeout
2026-02-04 12:12:50 WARNING dataset: Stage2 batch error query_id=q_000692: batch_timeout
2026-02-04 12:12:50 WARNING dataset: Stage2 batch error query_id=q_000693: batch_timeout
2026-02-04 12:12:50 WARNING dataset: Stage2 batch error query_id=q_000694: batch_timeout
2026-02-04 12:12:50 WARNING dataset: Stage2 batch error query_id=q_000695: batch_timeout
2026-02-04 12:12:50 WARNING dataset: Stage2 batch error query_id=q_000696: batch_timeout
2026-02-04 12:14:53 WARNING dataset: Stage2 batch error query_id=q_000001: batch_timeout
2026-02-04 12:17:59 ERROR dataset: Stage1 rate limit info: limits={'rpm': None, 'tpm': None, 'rpd': None, 'note': 'set per your Google project tier'} headers=none
2026-02-04 12:17:59 ERROR dataset: Stage1 error intent=Entertainment: rate limit hit provider=gemini model=gemini-3-pro-preview limits={'rpm': None, 'tpm': None, 'rpd': None, 'note': 'set per your Google project tier'} headers=none
2026-02-04 12:18:02 WARNING dataset: Stage2 batch error query_id=q_000697: batch_timeout
2026-02-04 12:18:02 WARNING dataset: Stage2 batch error query_id=q_000698: batch_timeout
2026-02-04 12:18:02 WARNING dataset: Stage2 batch error query_id=q_000699: batch_timeout
2026-02-04 12:18:02 WARNING dataset: Stage2 batch error query_id=q_000700: batch_timeout
2026-02-04 12:18:02 WARNING dataset: Stage2 batch error query_id=q_000701: batch_timeout
2026-02-04 12:18:02 WARNING dataset: Stage2 batch error query_id=q_000702: batch_timeout
2026-02-04 12:18:02 WARNING dataset: Stage2 batch error query_id=q_000703: batch_timeout
2026-02-04 12:18:02 WARNING dataset: Stage2 batch error query_id=q_000704: batch_timeout
2026-02-04 12:18:02 WARNING dataset: Stage2 batch error query_id=q_000705: batch_timeout
2026-02-04 12:18:02 WARNING dataset: Stage2 batch error query_id=q_000706: batch_timeout
2026-02-04 12:18:02 WARNING dataset: Stage2 batch error query_id=q_000707: batch_timeout
2026-02-04 12:18:02 WARNING dataset: Stage2 batch error query_id=q_000708: batch_timeout
2026-02-04 12:18:02 WARNING dataset: Stage2 batch error query_id=q_000709: batch_timeout
2026-02-04 12:18:02 WARNING dataset: Stage2 batch error query_id=q_000710: batch_timeout
2026-02-04 12:18:02 WARNING dataset: Stage2 batch error query_id=q_000711: batch_timeout
2026-02-04 12:18:02 WARNING dataset: Stage2 batch error query_id=q_000712: batch_timeout
2026-02-04 12:18:02 WARNING dataset: Stage2 batch error query_id=q_000713: batch_timeout
2026-02-04 12:18:02 WARNING dataset: Stage2 batch error query_id=q_000714: batch_timeout
2026-02-04 12:18:02 WARNING dataset: Stage2 batch error query_id=q_000715: batch_timeout
2026-02-04 12:18:02 WARNING dataset: Stage2 batch error query_id=q_000716: batch_timeout
2026-02-04 12:18:02 WARNING dataset: Stage2 batch error query_id=q_000717: batch_timeout
2026-02-04 12:18:02 WARNING dataset: Stage2 batch error query_id=q_000718: batch_timeout
2026-02-04 12:18:02 WARNING dataset: Stage2 batch error query_id=q_000719: batch_timeout
2026-02-04 12:18:02 WARNING dataset: Stage2 batch error query_id=q_000720: batch_timeout
2026-02-04 12:18:02 WARNING dataset: Stage2 batch error query_id=q_000721: batch_timeout
2026-02-04 12:18:02 WARNING dataset: Stage2 batch error query_id=q_000722: batch_timeout
2026-02-04 12:18:02 WARNING dataset: Stage2 batch error query_id=q_000723: batch_timeout
2026-02-04 12:18:02 WARNING dataset: Stage2 batch error query_id=q_000724: batch_timeout
2026-02-04 12:18:02 WARNING dataset: Stage2 batch error query_id=q_000725: batch_timeout
2026-02-04 12:18:02 WARNING dataset: Stage2 batch error query_id=q_000726: batch_timeout
2026-02-04 12:18:02 WARNING dataset: Stage2 batch error query_id=q_000727: batch_timeout
2026-02-04 12:18:02 WARNING dataset: Stage2 batch error query_id=q_000728: batch_timeout
2026-02-04 12:18:02 WARNING dataset: Stage2 batch error query_id=q_000729: batch_timeout
2026-02-04 12:18:02 WARNING dataset: Stage2 batch error query_id=q_000697: batch_timeout
2026-02-04 12:18:02 WARNING dataset: Stage2 batch error query_id=q_000698: batch_timeout
2026-02-04 12:18:02 WARNING dataset: Stage2 batch error query_id=q_000699: batch_timeout
2026-02-04 12:18:02 WARNING dataset: Stage2 batch error query_id=q_000700: batch_timeout
2026-02-04 12:18:02 WARNING dataset: Stage2 batch error query_id=q_000701: batch_timeout
2026-02-04 12:18:02 WARNING dataset: Stage2 batch error query_id=q_000702: batch_timeout
2026-02-04 12:18:02 WARNING dataset: Stage2 batch error query_id=q_000703: batch_timeout
2026-02-04 12:18:02 WARNING dataset: Stage2 batch error query_id=q_000704: batch_timeout
2026-02-04 12:18:02 WARNING dataset: Stage2 batch error query_id=q_000705: batch_timeout
2026-02-04 12:18:02 WARNING dataset: Stage2 batch error query_id=q_000706: batch_timeout
2026-02-04 12:18:02 WARNING dataset: Stage2 batch error query_id=q_000707: batch_timeout
2026-02-04 12:18:02 WARNING dataset: Stage2 batch error query_id=q_000708: batch_timeout
2026-02-04 12:18:02 WARNING dataset: Stage2 batch error query_id=q_000709: batch_timeout
2026-02-04 12:18:02 WARNING dataset: Stage2 batch error query_id=q_000710: batch_timeout
2026-02-04 12:18:02 WARNING dataset: Stage2 batch error query_id=q_000711: batch_timeout
2026-02-04 12:18:02 WARNING dataset: Stage2 batch error query_id=q_000712: batch_timeout
2026-02-04 12:18:02 WARNING dataset: Stage2 batch error query_id=q_000713: batch_timeout
2026-02-04 12:18:02 WARNING dataset: Stage2 batch error query_id=q_000714: batch_timeout
2026-02-04 12:18:02 WARNING dataset: Stage2 batch error query_id=q_000715: batch_timeout
2026-02-04 12:18:02 WARNING dataset: Stage2 batch error query_id=q_000716: batch_timeout
2026-02-04 12:18:02 WARNING dataset: Stage2 batch error query_id=q_000717: batch_timeout
2026-02-04 12:18:02 WARNING dataset: Stage2 batch error query_id=q_000718: batch_timeout
2026-02-04 12:18:02 WARNING dataset: Stage2 batch error query_id=q_000719: batch_timeout
2026-02-04 12:18:02 WARNING dataset: Stage2 batch error query_id=q_000720: batch_timeout
2026-02-04 12:18:02 WARNING dataset: Stage2 batch error query_id=q_000721: batch_timeout
2026-02-04 12:18:02 WARNING dataset: Stage2 batch error query_id=q_000722: batch_timeout
2026-02-04 12:18:02 WARNING dataset: Stage2 batch error query_id=q_000723: batch_timeout
2026-02-04 12:18:02 WARNING dataset: Stage2 batch error query_id=q_000724: batch_timeout
2026-02-04 12:18:02 WARNING dataset: Stage2 batch error query_id=q_000725: batch_timeout
2026-02-04 12:18:02 WARNING dataset: Stage2 batch error query_id=q_000726: batch_timeout
2026-02-04 12:18:02 WARNING dataset: Stage2 batch error query_id=q_000727: batch_timeout
2026-02-04 12:18:02 WARNING dataset: Stage2 batch error query_id=q_000728: batch_timeout
2026-02-04 12:18:02 WARNING dataset: Stage2 batch error query_id=q_000729: batch_timeout
2026-02-04 12:18:02 WARNING dataset: Stage2 batch error query_id=q_000730: batch_timeout
2026-02-04 12:18:02 WARNING dataset: Stage2 batch error query_id=q_000731: batch_timeout
2026-02-04 12:18:02 WARNING dataset: Stage2 batch error query_id=q_000732: batch_timeout
2026-02-04 12:18:02 WARNING dataset: Stage2 batch error query_id=q_000733: batch_timeout
2026-02-04 12:18:02 WARNING dataset: Stage2 batch error query_id=q_000734: batch_timeout
2026-02-04 12:18:02 WARNING dataset: Stage2 batch error query_id=q_000735: batch_timeout
2026-02-04 12:18:02 WARNING dataset: Stage2 batch error query_id=q_000736: batch_timeout
2026-02-04 12:18:02 WARNING dataset: Stage2 batch error query_id=q_000737: batch_timeout
2026-02-04 12:18:02 WARNING dataset: Stage2 batch error query_id=q_000738: batch_timeout
2026-02-04 12:18:02 WARNING dataset: Stage2 batch error query_id=q_000739: batch_timeout
2026-02-04 12:18:02 WARNING dataset: Stage2 batch error query_id=q_000740: batch_timeout
2026-02-04 12:18:02 WARNING dataset: Stage2 batch error query_id=q_000741: batch_timeout
2026-02-04 12:18:02 WARNING dataset: Stage2 batch error query_id=q_000742: batch_timeout
2026-02-04 12:18:02 WARNING dataset: Stage2 batch error query_id=q_000743: batch_timeout
2026-02-04 12:18:02 WARNING dataset: Stage2 batch error query_id=q_000744: batch_timeout
2026-02-04 12:18:02 WARNING dataset: Stage2 batch error query_id=q_000745: batch_timeout
2026-02-04 12:18:02 WARNING dataset: Stage2 batch error query_id=q_000746: batch_timeout
2026-02-04 12:18:02 WARNING dataset: Stage2 batch error query_id=q_000747: batch_timeout
2026-02-04 12:18:02 WARNING dataset: Stage2 batch error query_id=q_000748: batch_timeout
2026-02-04 12:18:02 WARNING dataset: Stage2 batch error query_id=q_000749: batch_timeout
2026-02-04 12:18:02 WARNING dataset: Stage2 batch error query_id=q_000750: batch_timeout
2026-02-04 12:18:02 WARNING dataset: Stage2 batch error query_id=q_000751: batch_timeout
2026-02-04 12:18:02 WARNING dataset: Stage2 batch error query_id=q_000752: batch_timeout
2026-02-04 12:18:02 WARNING dataset: Stage2 batch error query_id=q_000753: batch_timeout
2026-02-04 12:18:02 WARNING dataset: Stage2 batch error query_id=q_000754: batch_timeout
2026-02-04 12:18:02 WARNING dataset: Stage2 batch error query_id=q_000755: batch_timeout
2026-02-04 12:18:02 WARNING dataset: Stage2 batch error query_id=q_000756: batch_timeout
2026-02-04 12:18:02 WARNING dataset: Stage2 batch error query_id=q_000757: batch_timeout
2026-02-04 12:18:02 WARNING dataset: Stage2 batch error query_id=q_000758: batch_timeout
2026-02-04 12:18:02 WARNING dataset: Stage2 batch error query_id=q_000730: batch_timeout
2026-02-04 12:18:02 WARNING dataset: Stage2 batch error query_id=q_000731: batch_timeout
2026-02-04 12:18:02 WARNING dataset: Stage2 batch error query_id=q_000732: batch_timeout
2026-02-04 12:18:02 WARNING dataset: Stage2 batch error query_id=q_000733: batch_timeout
2026-02-04 12:18:02 WARNING dataset: Stage2 batch error query_id=q_000734: batch_timeout
2026-02-04 12:18:02 WARNING dataset: Stage2 batch error query_id=q_000735: batch_timeout
2026-02-04 12:18:02 WARNING dataset: Stage2 batch error query_id=q_000736: batch_timeout
2026-02-04 12:18:02 WARNING dataset: Stage2 batch error query_id=q_000737: batch_timeout
2026-02-04 12:18:02 WARNING dataset: Stage2 batch error query_id=q_000738: batch_timeout
2026-02-04 12:18:02 WARNING dataset: Stage2 batch error query_id=q_000739: batch_timeout
2026-02-04 12:18:02 WARNING dataset: Stage2 batch error query_id=q_000740: batch_timeout
2026-02-04 12:18:02 WARNING dataset: Stage2 batch error query_id=q_000741: batch_timeout
2026-02-04 12:18:02 WARNING dataset: Stage2 batch error query_id=q_000742: batch_timeout
2026-02-04 12:18:02 WARNING dataset: Stage2 batch error query_id=q_000743: batch_timeout
2026-02-04 12:18:02 WARNING dataset: Stage2 batch error query_id=q_000744: batch_timeout
2026-02-04 12:18:02 WARNING dataset: Stage2 batch error query_id=q_000745: batch_timeout
2026-02-04 12:18:02 WARNING dataset: Stage2 batch error query_id=q_000746: batch_timeout
2026-02-04 12:18:02 WARNING dataset: Stage2 batch error query_id=q_000747: batch_timeout
2026-02-04 12:18:02 WARNING dataset: Stage2 batch error query_id=q_000748: batch_timeout
2026-02-04 12:18:02 WARNING dataset: Stage2 batch error query_id=q_000749: batch_timeout
2026-02-04 12:18:02 WARNING dataset: Stage2 batch error query_id=q_000750: batch_timeout
2026-02-04 12:18:02 WARNING dataset: Stage2 batch error query_id=q_000751: batch_timeout
2026-02-04 12:18:02 WARNING dataset: Stage2 batch error query_id=q_000752: batch_timeout
2026-02-04 12:18:02 WARNING dataset: Stage2 batch error query_id=q_000753: batch_timeout
2026-02-04 12:18:02 WARNING dataset: Stage2 batch error query_id=q_000754: batch_timeout
2026-02-04 12:18:02 WARNING dataset: Stage2 batch error query_id=q_000755: batch_timeout
2026-02-04 12:18:02 WARNING dataset: Stage2 batch error query_id=q_000756: batch_timeout
2026-02-04 12:18:02 WARNING dataset: Stage2 batch error query_id=q_000757: batch_timeout
2026-02-04 12:18:02 WARNING dataset: Stage2 batch error query_id=q_000759: batch_timeout
2026-02-04 12:18:02 WARNING dataset: Stage2 batch error query_id=q_000760: batch_timeout
2026-02-04 12:18:02 WARNING dataset: Stage2 batch error query_id=q_000761: batch_timeout
2026-02-04 12:18:02 WARNING dataset: Stage2 batch error query_id=q_000762: batch_timeout
2026-02-04 12:18:02 WARNING dataset: Stage2 batch error query_id=q_000763: batch_timeout
2026-02-04 12:18:02 WARNING dataset: Stage2 batch error query_id=q_000764: batch_timeout
2026-02-04 12:18:02 WARNING dataset: Stage2 batch error query_id=q_000765: batch_timeout
2026-02-04 12:18:02 WARNING dataset: Stage2 batch error query_id=q_000766: batch_timeout
2026-02-04 12:18:02 WARNING dataset: Stage2 batch error query_id=q_000767: batch_timeout
2026-02-04 12:18:02 WARNING dataset: Stage2 batch error query_id=q_000768: batch_timeout
2026-02-04 12:18:02 WARNING dataset: Stage2 batch error query_id=q_000769: batch_timeout
2026-02-04 12:18:02 WARNING dataset: Stage2 batch error query_id=q_000770: batch_timeout
2026-02-04 12:18:02 WARNING dataset: Stage2 batch error query_id=q_000771: batch_timeout
2026-02-04 12:18:02 WARNING dataset: Stage2 batch error query_id=q_000772: batch_timeout
2026-02-04 12:18:02 WARNING dataset: Stage2 batch error query_id=q_000773: batch_timeout
2026-02-04 12:18:02 WARNING dataset: Stage2 batch error query_id=q_000774: batch_timeout
2026-02-04 12:18:02 WARNING dataset: Stage2 batch error query_id=q_000775: batch_timeout
2026-02-04 12:18:02 WARNING dataset: Stage2 batch error query_id=q_000776: batch_timeout
2026-02-04 12:18:02 WARNING dataset: Stage2 batch error query_id=q_000777: batch_timeout
2026-02-04 12:18:02 WARNING dataset: Stage2 batch error query_id=q_000778: batch_timeout
2026-02-04 12:18:02 WARNING dataset: Stage2 batch error query_id=q_000779: batch_timeout
2026-02-04 12:18:02 WARNING dataset: Stage2 batch error query_id=q_000780: batch_timeout
2026-02-04 12:18:02 WARNING dataset: Stage2 batch error query_id=q_000781: batch_timeout
2026-02-04 12:18:02 WARNING dataset: Stage2 batch error query_id=q_000782: batch_timeout
2026-02-04 12:18:02 WARNING dataset: Stage2 batch error query_id=q_000783: batch_timeout
2026-02-04 12:18:02 WARNING dataset: Stage2 batch error query_id=q_000758: batch_timeout
2026-02-04 12:18:02 WARNING dataset: Stage2 batch error query_id=q_000759: batch_timeout
2026-02-04 12:18:02 WARNING dataset: Stage2 batch error query_id=q_000760: batch_timeout
2026-02-04 12:18:02 WARNING dataset: Stage2 batch error query_id=q_000761: batch_timeout
2026-02-04 12:18:02 WARNING dataset: Stage2 batch error query_id=q_000762: batch_timeout
2026-02-04 12:18:02 WARNING dataset: Stage2 batch error query_id=q_000763: batch_timeout
2026-02-04 12:18:02 WARNING dataset: Stage2 batch error query_id=q_000764: batch_timeout
2026-02-04 12:18:02 WARNING dataset: Stage2 batch error query_id=q_000765: batch_timeout
2026-02-04 12:18:02 WARNING dataset: Stage2 batch error query_id=q_000766: batch_timeout
2026-02-04 12:18:02 WARNING dataset: Stage2 batch error query_id=q_000767: batch_timeout
2026-02-04 12:18:02 WARNING dataset: Stage2 batch error query_id=q_000768: batch_timeout
2026-02-04 12:18:02 WARNING dataset: Stage2 batch error query_id=q_000769: batch_timeout
2026-02-04 12:18:02 WARNING dataset: Stage2 batch error query_id=q_000770: batch_timeout
2026-02-04 12:18:02 WARNING dataset: Stage2 batch error query_id=q_000771: batch_timeout
2026-02-04 12:18:02 WARNING dataset: Stage2 batch error query_id=q_000772: batch_timeout
2026-02-04 12:18:02 WARNING dataset: Stage2 batch error query_id=q_000773: batch_timeout
2026-02-04 12:18:02 WARNING dataset: Stage2 batch error query_id=q_000774: batch_timeout
2026-02-04 12:18:02 WARNING dataset: Stage2 batch error query_id=q_000775: batch_timeout
2026-02-04 12:18:02 WARNING dataset: Stage2 batch error query_id=q_000776: batch_timeout
2026-02-04 12:18:02 WARNING dataset: Stage2 batch error query_id=q_000777: batch_timeout
2026-02-04 12:18:02 WARNING dataset: Stage2 batch error query_id=q_000778: batch_timeout
2026-02-04 12:18:02 WARNING dataset: Stage2 batch error query_id=q_000779: batch_timeout
2026-02-04 12:18:02 WARNING dataset: Stage2 batch error query_id=q_000780: batch_timeout
2026-02-04 12:18:02 WARNING dataset: Stage2 batch error query_id=q_000781: batch_timeout
2026-02-04 12:18:02 WARNING dataset: Stage2 batch error query_id=q_000782: batch_timeout
2026-02-04 12:18:02 WARNING dataset: Stage2 batch error query_id=q_000783: batch_timeout
2026-02-04 12:18:14 ERROR dataset: Stage1 rate limit info: limits={'rpm': None, 'tpm': None, 'rpd': None, 'note': 'set per your Google project tier'} headers=none
2026-02-04 12:18:14 ERROR dataset: Stage1 error intent=Education: rate limit hit provider=gemini model=gemini-3-pro-preview limits={'rpm': None, 'tpm': None, 'rpd': None, 'note': 'set per your Google project tier'} headers=none
2026-02-04 12:18:29 ERROR dataset: Stage1 rate limit info: limits={'rpm': None, 'tpm': None, 'rpd': None, 'note': 'set per your Google project tier'} headers=none
2026-02-04 12:18:29 ERROR dataset: Stage1 error intent=Education: rate limit hit provider=gemini model=gemini-3-pro-preview limits={'rpm': None, 'tpm': None, 'rpd': None, 'note': 'set per your Google project tier'} headers=none
2026-02-04 12:18:42 ERROR dataset: Stage1 rate limit info: limits={'rpm': None, 'tpm': None, 'rpd': None, 'note': 'set per your Google project tier'} headers=none
2026-02-04 12:18:42 ERROR dataset: Stage1 error intent=Education: rate limit hit provider=gemini model=gemini-3-pro-preview limits={'rpm': None, 'tpm': None, 'rpd': None, 'note': 'set per your Google project tier'} headers=none
2026-02-04 12:23:12 WARNING dataset: Stage2 batch error query_id=q_000784: batch_timeout
2026-02-04 12:23:12 WARNING dataset: Stage2 batch error query_id=q_000785: batch_timeout
2026-02-04 12:23:12 WARNING dataset: Stage2 batch error query_id=q_000786: batch_timeout
2026-02-04 12:23:12 WARNING dataset: Stage2 batch error query_id=q_000787: batch_timeout
2026-02-04 12:23:12 WARNING dataset: Stage2 batch error query_id=q_000788: batch_timeout
2026-02-04 12:23:12 WARNING dataset: Stage2 batch error query_id=q_000789: batch_timeout
2026-02-04 12:23:12 WARNING dataset: Stage2 batch error query_id=q_000790: batch_timeout
2026-02-04 12:23:12 WARNING dataset: Stage2 batch error query_id=q_000791: batch_timeout
2026-02-04 12:23:12 WARNING dataset: Stage2 batch error query_id=q_000792: batch_timeout
2026-02-04 12:23:12 WARNING dataset: Stage2 batch error query_id=q_000793: batch_timeout
2026-02-04 12:23:12 WARNING dataset: Stage2 batch error query_id=q_000794: batch_timeout
2026-02-04 12:23:12 WARNING dataset: Stage2 batch error query_id=q_000795: batch_timeout
2026-02-04 12:23:12 WARNING dataset: Stage2 batch error query_id=q_000796: batch_timeout
2026-02-04 12:23:12 WARNING dataset: Stage2 batch error query_id=q_000797: batch_timeout
2026-02-04 12:23:12 WARNING dataset: Stage2 batch error query_id=q_000798: batch_timeout
2026-02-04 12:23:12 WARNING dataset: Stage2 batch error query_id=q_000799: batch_timeout
2026-02-04 12:23:12 WARNING dataset: Stage2 batch error query_id=q_000784: batch_timeout
2026-02-04 12:23:12 WARNING dataset: Stage2 batch error query_id=q_000785: batch_timeout
2026-02-04 12:23:12 WARNING dataset: Stage2 batch error query_id=q_000786: batch_timeout
2026-02-04 12:23:12 WARNING dataset: Stage2 batch error query_id=q_000787: batch_timeout
2026-02-04 12:23:12 WARNING dataset: Stage2 batch error query_id=q_000788: batch_timeout
2026-02-04 12:23:12 WARNING dataset: Stage2 batch error query_id=q_000789: batch_timeout
2026-02-04 12:23:12 WARNING dataset: Stage2 batch error query_id=q_000790: batch_timeout
2026-02-04 12:23:12 WARNING dataset: Stage2 batch error query_id=q_000791: batch_timeout
2026-02-04 12:23:12 WARNING dataset: Stage2 batch error query_id=q_000792: batch_timeout
2026-02-04 12:23:12 WARNING dataset: Stage2 batch error query_id=q_000793: batch_timeout
2026-02-04 12:23:12 WARNING dataset: Stage2 batch error query_id=q_000794: batch_timeout
2026-02-04 12:23:12 WARNING dataset: Stage2 batch error query_id=q_000795: batch_timeout
2026-02-04 12:23:12 WARNING dataset: Stage2 batch error query_id=q_000796: batch_timeout
2026-02-04 12:23:12 WARNING dataset: Stage2 batch error query_id=q_000797: batch_timeout
2026-02-04 12:23:12 WARNING dataset: Stage2 batch error query_id=q_000798: batch_timeout
2026-02-04 12:23:12 WARNING dataset: Stage2 batch error query_id=q_000799: batch_timeout
2026-02-04 12:23:12 WARNING dataset: Stage2 batch error query_id=q_000800: batch_timeout
2026-02-04 12:23:12 WARNING dataset: Stage2 batch error query_id=q_000800: batch_timeout
2026-02-04 12:23:12 WARNING dataset: Stage2 batch error query_id=q_000801: batch_timeout
2026-02-04 12:23:12 WARNING dataset: Stage2 batch error query_id=q_000802: batch_timeout
2026-02-04 12:23:12 WARNING dataset: Stage2 batch error query_id=q_000803: batch_timeout
2026-02-04 12:23:12 WARNING dataset: Stage2 batch error query_id=q_000804: batch_timeout
2026-02-04 12:23:12 WARNING dataset: Stage2 batch error query_id=q_000805: batch_timeout
2026-02-04 12:23:12 WARNING dataset: Stage2 batch error query_id=q_000806: batch_timeout
2026-02-04 12:23:12 WARNING dataset: Stage2 batch error query_id=q_000807: batch_timeout
2026-02-04 12:23:12 WARNING dataset: Stage2 batch error query_id=q_000808: batch_timeout
2026-02-04 12:23:12 WARNING dataset: Stage2 batch error query_id=q_000809: batch_timeout
2026-02-04 12:23:12 WARNING dataset: Stage2 batch error query_id=q_000810: batch_timeout
2026-02-04 12:23:12 WARNING dataset: Stage2 batch error query_id=q_000811: batch_timeout
2026-02-04 12:23:12 WARNING dataset: Stage2 batch error query_id=q_000812: batch_timeout
2026-02-04 12:23:12 WARNING dataset: Stage2 batch error query_id=q_000813: batch_timeout
2026-02-04 12:23:12 WARNING dataset: Stage2 batch error query_id=q_000814: batch_timeout
2026-02-04 12:23:12 WARNING dataset: Stage2 batch error query_id=q_000801: batch_timeout
2026-02-04 12:23:12 WARNING dataset: Stage2 batch error query_id=q_000802: batch_timeout
2026-02-04 12:23:12 WARNING dataset: Stage2 batch error query_id=q_000803: batch_timeout
2026-02-04 12:23:12 WARNING dataset: Stage2 batch error query_id=q_000804: batch_timeout
2026-02-04 12:23:12 WARNING dataset: Stage2 batch error query_id=q_000805: batch_timeout
2026-02-04 12:23:12 WARNING dataset: Stage2 batch error query_id=q_000806: batch_timeout
2026-02-04 12:23:12 WARNING dataset: Stage2 batch error query_id=q_000807: batch_timeout
2026-02-04 12:23:12 WARNING dataset: Stage2 batch error query_id=q_000808: batch_timeout
2026-02-04 12:23:12 WARNING dataset: Stage2 batch error query_id=q_000809: batch_timeout
2026-02-04 12:23:12 WARNING dataset: Stage2 batch error query_id=q_000810: batch_timeout
2026-02-04 12:23:12 WARNING dataset: Stage2 batch error query_id=q_000811: batch_timeout
2026-02-04 12:23:12 WARNING dataset: Stage2 batch error query_id=q_000812: batch_timeout
2026-02-04 12:23:12 WARNING dataset: Stage2 batch error query_id=q_000813: batch_timeout
2026-02-04 12:23:12 WARNING dataset: Stage2 batch error query_id=q_000814: batch_timeout
2026-02-04 12:23:12 WARNING dataset: Stage2 batch error query_id=q_000815: batch_timeout
2026-02-04 12:23:12 WARNING dataset: Stage2 batch error query_id=q_000816: batch_timeout
2026-02-04 12:23:12 WARNING dataset: Stage2 batch error query_id=q_000817: batch_timeout
2026-02-04 12:23:12 WARNING dataset: Stage2 batch error query_id=q_000818: batch_timeout
2026-02-04 12:23:12 WARNING dataset: Stage2 batch error query_id=q_000819: batch_timeout
2026-02-04 12:23:12 WARNING dataset: Stage2 batch error query_id=q_000820: batch_timeout
2026-02-04 12:23:12 WARNING dataset: Stage2 batch error query_id=q_000821: batch_timeout
2026-02-04 12:23:12 WARNING dataset: Stage2 batch error query_id=q_000822: batch_timeout
2026-02-04 12:23:12 WARNING dataset: Stage2 batch error query_id=q_000823: batch_timeout
2026-02-04 12:23:12 WARNING dataset: Stage2 batch error query_id=q_000815: batch_timeout
2026-02-04 12:23:12 WARNING dataset: Stage2 batch error query_id=q_000816: batch_timeout
2026-02-04 12:23:12 WARNING dataset: Stage2 batch error query_id=q_000817: batch_timeout
2026-02-04 12:23:12 WARNING dataset: Stage2 batch error query_id=q_000818: batch_timeout
2026-02-04 12:23:12 WARNING dataset: Stage2 batch error query_id=q_000819: batch_timeout
2026-02-04 12:23:12 WARNING dataset: Stage2 batch error query_id=q_000820: batch_timeout
2026-02-04 12:23:12 WARNING dataset: Stage2 batch error query_id=q_000821: batch_timeout
2026-02-04 12:23:12 WARNING dataset: Stage2 batch error query_id=q_000822: batch_timeout
2026-02-04 12:23:12 WARNING dataset: Stage2 batch error query_id=q_000823: batch_timeout
2026-02-04 12:23:12 WARNING dataset: Stage2 batch error query_id=q_000824: batch_timeout
2026-02-04 12:23:12 WARNING dataset: Stage2 batch error query_id=q_000825: batch_timeout
2026-02-04 12:23:12 WARNING dataset: Stage2 batch error query_id=q_000826: batch_timeout
2026-02-04 12:23:12 WARNING dataset: Stage2 batch error query_id=q_000824: batch_timeout
2026-02-04 12:23:12 WARNING dataset: Stage2 batch error query_id=q_000825: batch_timeout
2026-02-04 12:23:12 WARNING dataset: Stage2 batch error query_id=q_000826: batch_timeout
2026-02-04 12:23:12 WARNING dataset: Stage2 batch error query_id=q_000827: batch_timeout
2026-02-04 12:23:12 WARNING dataset: Stage2 batch error query_id=q_000828: batch_timeout
2026-02-04 12:23:12 WARNING dataset: Stage2 batch error query_id=q_000829: batch_timeout
2026-02-04 12:23:12 WARNING dataset: Stage2 batch error query_id=q_000830: batch_timeout
2026-02-04 12:23:12 WARNING dataset: Stage2 batch error query_id=q_000831: batch_timeout
2026-02-04 12:23:12 WARNING dataset: Stage2 batch error query_id=q_000832: batch_timeout
2026-02-04 12:23:12 WARNING dataset: Stage2 batch error query_id=q_000833: batch_timeout
2026-02-04 12:23:12 WARNING dataset: Stage2 batch error query_id=q_000834: batch_timeout
2026-02-04 12:23:12 WARNING dataset: Stage2 batch error query_id=q_000835: batch_timeout
2026-02-04 12:23:12 WARNING dataset: Stage2 batch error query_id=q_000836: batch_timeout
2026-02-04 12:23:12 WARNING dataset: Stage2 batch error query_id=q_000837: batch_timeout
2026-02-04 12:23:12 WARNING dataset: Stage2 batch error query_id=q_000838: batch_timeout
2026-02-04 12:23:12 WARNING dataset: Stage2 batch error query_id=q_000839: batch_timeout
2026-02-04 12:23:12 WARNING dataset: Stage2 batch error query_id=q_000840: batch_timeout
2026-02-04 12:23:12 WARNING dataset: Stage2 batch error query_id=q_000827: batch_timeout
2026-02-04 12:23:12 WARNING dataset: Stage2 batch error query_id=q_000828: batch_timeout
2026-02-04 12:23:12 WARNING dataset: Stage2 batch error query_id=q_000829: batch_timeout
2026-02-04 12:23:12 WARNING dataset: Stage2 batch error query_id=q_000830: batch_timeout
2026-02-04 12:23:12 WARNING dataset: Stage2 batch error query_id=q_000831: batch_timeout
2026-02-04 12:23:12 WARNING dataset: Stage2 batch error query_id=q_000832: batch_timeout
2026-02-04 12:23:12 WARNING dataset: Stage2 batch error query_id=q_000833: batch_timeout
2026-02-04 12:23:12 WARNING dataset: Stage2 batch error query_id=q_000834: batch_timeout
2026-02-04 12:23:12 WARNING dataset: Stage2 batch error query_id=q_000835: batch_timeout
2026-02-04 12:23:12 WARNING dataset: Stage2 batch error query_id=q_000836: batch_timeout
2026-02-04 12:23:12 WARNING dataset: Stage2 batch error query_id=q_000837: batch_timeout
2026-02-04 12:23:12 WARNING dataset: Stage2 batch error query_id=q_000838: batch_timeout
2026-02-04 12:23:12 WARNING dataset: Stage2 batch error query_id=q_000839: batch_timeout
2026-02-04 12:23:12 WARNING dataset: Stage2 batch error query_id=q_000841: batch_timeout
2026-02-04 12:23:12 WARNING dataset: Stage2 batch error query_id=q_000842: batch_timeout
2026-02-04 12:23:12 WARNING dataset: Stage2 batch error query_id=q_000843: batch_timeout
2026-02-04 12:23:12 WARNING dataset: Stage2 batch error query_id=q_000844: batch_timeout
2026-02-04 12:23:12 WARNING dataset: Stage2 batch error query_id=q_000845: batch_timeout
2026-02-04 12:23:12 WARNING dataset: Stage2 batch error query_id=q_000846: batch_timeout
2026-02-04 12:23:12 WARNING dataset: Stage2 batch error query_id=q_000847: batch_timeout
2026-02-04 12:23:12 WARNING dataset: Stage2 batch error query_id=q_000848: batch_timeout
2026-02-04 12:23:12 WARNING dataset: Stage2 batch error query_id=q_000849: batch_timeout
2026-02-04 12:23:12 WARNING dataset: Stage2 batch error query_id=q_000850: batch_timeout
2026-02-04 12:23:12 WARNING dataset: Stage2 batch error query_id=q_000851: batch_timeout
2026-02-04 12:23:12 WARNING dataset: Stage2 batch error query_id=q_000852: batch_timeout
2026-02-04 12:23:12 WARNING dataset: Stage2 batch error query_id=q_000853: batch_timeout
2026-02-04 12:23:12 WARNING dataset: Stage2 batch error query_id=q_000854: batch_timeout
2026-02-04 12:23:12 WARNING dataset: Stage2 batch error query_id=q_000855: batch_timeout
2026-02-04 12:23:12 WARNING dataset: Stage2 batch error query_id=q_000840: batch_timeout
2026-02-04 12:23:12 WARNING dataset: Stage2 batch error query_id=q_000841: batch_timeout
2026-02-04 12:23:12 WARNING dataset: Stage2 batch error query_id=q_000842: batch_timeout
2026-02-04 12:23:12 WARNING dataset: Stage2 batch error query_id=q_000843: batch_timeout
2026-02-04 12:23:12 WARNING dataset: Stage2 batch error query_id=q_000844: batch_timeout
2026-02-04 12:23:12 WARNING dataset: Stage2 batch error query_id=q_000845: batch_timeout
2026-02-04 12:23:12 WARNING dataset: Stage2 batch error query_id=q_000846: batch_timeout
2026-02-04 12:23:12 WARNING dataset: Stage2 batch error query_id=q_000847: batch_timeout
2026-02-04 12:23:12 WARNING dataset: Stage2 batch error query_id=q_000848: batch_timeout
2026-02-04 12:23:12 WARNING dataset: Stage2 batch error query_id=q_000849: batch_timeout
2026-02-04 12:23:12 WARNING dataset: Stage2 batch error query_id=q_000850: batch_timeout
2026-02-04 12:23:12 WARNING dataset: Stage2 batch error query_id=q_000851: batch_timeout
2026-02-04 12:23:12 WARNING dataset: Stage2 batch error query_id=q_000852: batch_timeout
2026-02-04 12:23:12 WARNING dataset: Stage2 batch error query_id=q_000856: batch_timeout
2026-02-04 12:23:12 WARNING dataset: Stage2 batch error query_id=q_000857: batch_timeout
2026-02-04 12:23:12 WARNING dataset: Stage2 batch error query_id=q_000858: batch_timeout
2026-02-04 12:23:12 WARNING dataset: Stage2 batch error query_id=q_000859: batch_timeout
2026-02-04 12:23:12 WARNING dataset: Stage2 batch error query_id=q_000860: batch_timeout
2026-02-04 12:23:12 WARNING dataset: Stage2 batch error query_id=q_000861: batch_timeout
2026-02-04 12:23:12 WARNING dataset: Stage2 batch error query_id=q_000862: batch_timeout
2026-02-04 12:23:12 WARNING dataset: Stage2 batch error query_id=q_000863: batch_timeout
2026-02-04 12:23:12 WARNING dataset: Stage2 batch error query_id=q_000864: batch_timeout
2026-02-04 12:23:12 WARNING dataset: Stage2 batch error query_id=q_000865: batch_timeout
2026-02-04 12:23:12 WARNING dataset: Stage2 batch error query_id=q_000866: batch_timeout
2026-02-04 12:23:12 WARNING dataset: Stage2 batch error query_id=q_000867: batch_timeout
2026-02-04 12:23:12 WARNING dataset: Stage2 batch error query_id=q_000868: batch_timeout
2026-02-04 12:23:12 WARNING dataset: Stage2 batch error query_id=q_000869: batch_timeout
2026-02-04 12:23:12 WARNING dataset: Stage2 batch error query_id=q_000870: batch_timeout
2026-02-04 12:23:12 WARNING dataset: Stage2 batch error query_id=q_000853: batch_timeout
2026-02-04 12:23:12 WARNING dataset: Stage2 batch error query_id=q_000854: batch_timeout
2026-02-04 12:23:12 WARNING dataset: Stage2 batch error query_id=q_000855: batch_timeout
2026-02-04 12:23:12 WARNING dataset: Stage2 batch error query_id=q_000856: batch_timeout
2026-02-04 12:23:12 WARNING dataset: Stage2 batch error query_id=q_000857: batch_timeout
2026-02-04 12:23:12 WARNING dataset: Stage2 batch error query_id=q_000858: batch_timeout
2026-02-04 12:23:12 WARNING dataset: Stage2 batch error query_id=q_000859: batch_timeout
2026-02-04 12:23:12 WARNING dataset: Stage2 batch error query_id=q_000860: batch_timeout
2026-02-04 12:23:12 WARNING dataset: Stage2 batch error query_id=q_000861: batch_timeout
2026-02-04 12:23:12 WARNING dataset: Stage2 batch error query_id=q_000862: batch_timeout
2026-02-04 12:23:12 WARNING dataset: Stage2 batch error query_id=q_000863: batch_timeout
2026-02-04 12:23:12 WARNING dataset: Stage2 batch error query_id=q_000864: batch_timeout
2026-02-04 12:23:12 WARNING dataset: Stage2 batch error query_id=q_000865: batch_timeout
2026-02-04 12:23:12 WARNING dataset: Stage2 batch error query_id=q_000866: batch_timeout
2026-02-04 12:23:12 WARNING dataset: Stage2 batch error query_id=q_000867: batch_timeout
2026-02-04 12:23:12 WARNING dataset: Stage2 batch error query_id=q_000868: batch_timeout
2026-02-04 12:23:12 WARNING dataset: Stage2 batch error query_id=q_000869: batch_timeout
2026-02-04 12:23:12 WARNING dataset: Stage2 batch error query_id=q_000870: batch_timeout
2026-02-04 12:26:41 ERROR dataset: Stage1 rate limit info: limits={'rpm': None, 'tpm': None, 'rpd': None, 'note': 'set per your Google project tier'} headers=none
2026-02-04 12:26:41 ERROR dataset: Stage1 error intent=Entertainment: rate limit hit provider=gemini model=gemini-3-pro-preview limits={'rpm': None, 'tpm': None, 'rpd': None, 'note': 'set per your Google project tier'} headers=none
2026-02-04 12:26:41 ERROR dataset: Stage1 stopping intent=Entertainment after 3 failures
2026-02-04 12:26:56 ERROR dataset: Stage1 rate limit info: limits={'rpm': None, 'tpm': None, 'rpd': None, 'note': 'set per your Google project tier'} headers=none
2026-02-04 12:26:56 ERROR dataset: Stage1 error intent=Education: rate limit hit provider=gemini model=gemini-3-pro-preview limits={'rpm': None, 'tpm': None, 'rpd': None, 'note': 'set per your Google project tier'} headers=none
2026-02-04 12:26:56 ERROR dataset: Stage1 stopping intent=Education after 3 failures
2026-02-04 12:27:11 ERROR dataset: Stage1 rate limit info: limits={'rpm': None, 'tpm': None, 'rpd': None, 'note': 'set per your Google project tier'} headers=none
2026-02-04 12:27:11 ERROR dataset: Stage1 error intent=Education: rate limit hit provider=gemini model=gemini-3-pro-preview limits={'rpm': None, 'tpm': None, 'rpd': None, 'note': 'set per your Google project tier'} headers=none
2026-02-04 12:27:11 ERROR dataset: Stage1 stopping intent=Education after 3 failures
2026-02-04 12:27:24 ERROR dataset: Stage1 rate limit info: limits={'rpm': None, 'tpm': None, 'rpd': None, 'note': 'set per your Google project tier'} headers=none
2026-02-04 12:27:24 ERROR dataset: Stage1 error intent=Education: rate limit hit provider=gemini model=gemini-3-pro-preview limits={'rpm': None, 'tpm': None, 'rpd': None, 'note': 'set per your Google project tier'} headers=none
2026-02-04 12:27:24 ERROR dataset: Stage1 stopping intent=Education after 3 failures
2026-02-04 12:28:23 WARNING dataset: Stage2 batch error query_id=q_000871: batch_timeout
2026-02-04 12:28:23 WARNING dataset: Stage2 batch error query_id=q_000872: batch_timeout
2026-02-04 12:28:23 WARNING dataset: Stage2 batch error query_id=q_000873: batch_timeout
2026-02-04 12:28:23 WARNING dataset: Stage2 batch error query_id=q_000874: batch_timeout
2026-02-04 12:28:23 WARNING dataset: Stage2 batch error query_id=q_000875: batch_timeout
2026-02-04 12:28:23 WARNING dataset: Stage2 batch error query_id=q_000876: batch_timeout
2026-02-04 12:28:23 WARNING dataset: Stage2 batch error query_id=q_000877: batch_timeout
2026-02-04 12:28:23 WARNING dataset: Stage2 batch error query_id=q_000878: batch_timeout
2026-02-04 12:28:23 WARNING dataset: Stage2 batch error query_id=q_000879: batch_timeout
2026-02-04 12:28:23 WARNING dataset: Stage2 batch error query_id=q_000880: batch_timeout
2026-02-04 12:28:23 WARNING dataset: Stage2 batch error query_id=q_000881: batch_timeout
2026-02-04 12:28:23 WARNING dataset: Stage2 batch error query_id=q_000882: batch_timeout
2026-02-04 12:28:23 WARNING dataset: Stage2 batch error query_id=q_000883: batch_timeout
2026-02-04 12:28:23 WARNING dataset: Stage2 batch error query_id=q_000884: batch_timeout
2026-02-04 12:28:23 WARNING dataset: Stage2 batch error query_id=q_000885: batch_timeout
2026-02-04 12:28:23 WARNING dataset: Stage2 batch error query_id=q_000886: batch_timeout
2026-02-04 12:28:23 WARNING dataset: Stage2 batch error query_id=q_000887: batch_timeout
2026-02-04 12:28:23 WARNING dataset: Stage2 batch error query_id=q_000888: batch_timeout
2026-02-04 12:28:23 WARNING dataset: Stage2 batch error query_id=q_000889: batch_timeout
2026-02-04 12:28:23 WARNING dataset: Stage2 batch error query_id=q_000890: batch_timeout
2026-02-04 12:28:23 WARNING dataset: Stage2 batch error query_id=q_000891: batch_timeout
2026-02-04 12:28:23 WARNING dataset: Stage2 batch error query_id=q_000892: batch_timeout
2026-02-04 12:28:23 WARNING dataset: Stage2 batch error query_id=q_000893: batch_timeout
2026-02-04 12:28:23 WARNING dataset: Stage2 batch error query_id=q_000871: batch_timeout
2026-02-04 12:28:23 WARNING dataset: Stage2 batch error query_id=q_000872: batch_timeout
2026-02-04 12:28:23 WARNING dataset: Stage2 batch error query_id=q_000873: batch_timeout
2026-02-04 12:28:23 WARNING dataset: Stage2 batch error query_id=q_000874: batch_timeout
2026-02-04 12:28:23 WARNING dataset: Stage2 batch error query_id=q_000875: batch_timeout
2026-02-04 12:28:23 WARNING dataset: Stage2 batch error query_id=q_000876: batch_timeout
2026-02-04 12:28:23 WARNING dataset: Stage2 batch error query_id=q_000877: batch_timeout
2026-02-04 12:28:23 WARNING dataset: Stage2 batch error query_id=q_000878: batch_timeout
2026-02-04 12:28:23 WARNING dataset: Stage2 batch error query_id=q_000879: batch_timeout
2026-02-04 12:28:23 WARNING dataset: Stage2 batch error query_id=q_000880: batch_timeout
2026-02-04 12:28:23 WARNING dataset: Stage2 batch error query_id=q_000881: batch_timeout
2026-02-04 12:28:23 WARNING dataset: Stage2 batch error query_id=q_000882: batch_timeout
2026-02-04 12:28:23 WARNING dataset: Stage2 batch error query_id=q_000883: batch_timeout
2026-02-04 12:28:23 WARNING dataset: Stage2 batch error query_id=q_000884: batch_timeout
2026-02-04 12:28:23 WARNING dataset: Stage2 batch error query_id=q_000885: batch_timeout
2026-02-04 12:28:23 WARNING dataset: Stage2 batch error query_id=q_000886: batch_timeout
2026-02-04 12:28:23 WARNING dataset: Stage2 batch error query_id=q_000887: batch_timeout
2026-02-04 12:28:23 WARNING dataset: Stage2 batch error query_id=q_000888: batch_timeout
2026-02-04 12:28:23 WARNING dataset: Stage2 batch error query_id=q_000889: batch_timeout
2026-02-04 12:28:23 WARNING dataset: Stage2 batch error query_id=q_000890: batch_timeout
2026-02-04 12:28:23 WARNING dataset: Stage2 batch error query_id=q_000891: batch_timeout
2026-02-04 12:28:23 WARNING dataset: Stage2 batch error query_id=q_000892: batch_timeout
2026-02-04 12:28:23 WARNING dataset: Stage2 batch error query_id=q_000893: batch_timeout
2026-02-04 12:28:23 WARNING dataset: Stage2 batch error query_id=q_000894: batch_timeout
2026-02-04 12:28:23 WARNING dataset: Stage2 batch error query_id=q_000895: batch_timeout
2026-02-04 12:28:23 WARNING dataset: Stage2 batch error query_id=q_000896: batch_timeout
2026-02-04 12:28:23 WARNING dataset: Stage2 batch error query_id=q_000897: batch_timeout
2026-02-04 12:28:23 WARNING dataset: Stage2 batch error query_id=q_000898: batch_timeout
2026-02-04 12:28:23 WARNING dataset: Stage2 batch error query_id=q_000899: batch_timeout
2026-02-04 12:28:23 WARNING dataset: Stage2 batch error query_id=q_000900: batch_timeout
2026-02-04 12:28:23 WARNING dataset: Stage2 batch error query_id=q_000901: batch_timeout
2026-02-04 12:28:23 WARNING dataset: Stage2 batch error query_id=q_000902: batch_timeout
2026-02-04 12:28:23 WARNING dataset: Stage2 batch error query_id=q_000903: batch_timeout
2026-02-04 12:28:23 WARNING dataset: Stage2 batch error query_id=q_000904: batch_timeout
2026-02-04 12:28:23 WARNING dataset: Stage2 batch error query_id=q_000905: batch_timeout
2026-02-04 12:28:23 WARNING dataset: Stage2 batch error query_id=q_000906: batch_timeout
2026-02-04 12:28:23 WARNING dataset: Stage2 batch error query_id=q_000907: batch_timeout
2026-02-04 12:28:23 WARNING dataset: Stage2 batch error query_id=q_000908: batch_timeout
2026-02-04 12:28:23 WARNING dataset: Stage2 batch error query_id=q_000909: batch_timeout
2026-02-04 12:28:23 WARNING dataset: Stage2 batch error query_id=q_000910: batch_timeout
2026-02-04 12:28:23 WARNING dataset: Stage2 batch error query_id=q_000911: batch_timeout
2026-02-04 12:28:23 WARNING dataset: Stage2 batch error query_id=q_000912: batch_timeout
2026-02-04 12:28:23 WARNING dataset: Stage2 batch error query_id=q_000913: batch_timeout
2026-02-04 12:28:23 WARNING dataset: Stage2 batch error query_id=q_000914: batch_timeout
2026-02-04 12:28:23 WARNING dataset: Stage2 batch error query_id=q_000915: batch_timeout
2026-02-04 12:28:23 WARNING dataset: Stage2 batch error query_id=q_000916: batch_timeout
2026-02-04 12:28:23 WARNING dataset: Stage2 batch error query_id=q_000917: batch_timeout
2026-02-04 12:28:23 WARNING dataset: Stage2 batch error query_id=q_000918: batch_timeout
2026-02-04 12:28:23 WARNING dataset: Stage2 batch error query_id=q_000919: batch_timeout
2026-02-04 12:28:23 WARNING dataset: Stage2 batch error query_id=q_000920: batch_timeout
2026-02-04 12:28:23 WARNING dataset: Stage2 batch error query_id=q_000921: batch_timeout
2026-02-04 12:28:23 WARNING dataset: Stage2 batch error query_id=q_000922: batch_timeout
2026-02-04 12:28:23 WARNING dataset: Stage2 batch error query_id=q_000923: batch_timeout
2026-02-04 12:28:23 WARNING dataset: Stage2 batch error query_id=q_000924: batch_timeout
2026-02-04 12:28:23 WARNING dataset: Stage2 batch error query_id=q_000925: batch_timeout
2026-02-04 12:28:23 WARNING dataset: Stage2 batch error query_id=q_000926: batch_timeout
2026-02-04 12:28:23 WARNING dataset: Stage2 batch error query_id=q_000927: batch_timeout
2026-02-04 12:28:23 WARNING dataset: Stage2 batch error query_id=q_000928: batch_timeout
2026-02-04 12:28:23 WARNING dataset: Stage2 batch error query_id=q_000929: batch_timeout
2026-02-04 12:28:23 WARNING dataset: Stage2 batch error query_id=q_000930: batch_timeout
2026-02-04 12:28:23 WARNING dataset: Stage2 batch error query_id=q_000894: batch_timeout
2026-02-04 12:28:23 WARNING dataset: Stage2 batch error query_id=q_000895: batch_timeout
2026-02-04 12:28:23 WARNING dataset: Stage2 batch error query_id=q_000896: batch_timeout
2026-02-04 12:28:23 WARNING dataset: Stage2 batch error query_id=q_000897: batch_timeout
2026-02-04 12:28:23 WARNING dataset: Stage2 batch error query_id=q_000898: batch_timeout
2026-02-04 12:28:23 WARNING dataset: Stage2 batch error query_id=q_000899: batch_timeout
2026-02-04 12:28:23 WARNING dataset: Stage2 batch error query_id=q_000900: batch_timeout
2026-02-04 12:28:23 WARNING dataset: Stage2 batch error query_id=q_000901: batch_timeout
2026-02-04 12:28:23 WARNING dataset: Stage2 batch error query_id=q_000902: batch_timeout
2026-02-04 12:28:23 WARNING dataset: Stage2 batch error query_id=q_000903: batch_timeout
2026-02-04 12:28:23 WARNING dataset: Stage2 batch error query_id=q_000904: batch_timeout
2026-02-04 12:28:23 WARNING dataset: Stage2 batch error query_id=q_000905: batch_timeout
2026-02-04 12:28:23 WARNING dataset: Stage2 batch error query_id=q_000906: batch_timeout
2026-02-04 12:28:23 WARNING dataset: Stage2 batch error query_id=q_000907: batch_timeout
2026-02-04 12:28:23 WARNING dataset: Stage2 batch error query_id=q_000908: batch_timeout
2026-02-04 12:28:23 WARNING dataset: Stage2 batch error query_id=q_000909: batch_timeout
2026-02-04 12:28:23 WARNING dataset: Stage2 batch error query_id=q_000910: batch_timeout
2026-02-04 12:28:23 WARNING dataset: Stage2 batch error query_id=q_000911: batch_timeout
2026-02-04 12:28:23 WARNING dataset: Stage2 batch error query_id=q_000912: batch_timeout
2026-02-04 12:28:23 WARNING dataset: Stage2 batch error query_id=q_000913: batch_timeout
2026-02-04 12:28:23 WARNING dataset: Stage2 batch error query_id=q_000914: batch_timeout
2026-02-04 12:28:23 WARNING dataset: Stage2 batch error query_id=q_000915: batch_timeout
2026-02-04 12:28:23 WARNING dataset: Stage2 batch error query_id=q_000916: batch_timeout
2026-02-04 12:28:23 WARNING dataset: Stage2 batch error query_id=q_000917: batch_timeout
2026-02-04 12:28:23 WARNING dataset: Stage2 batch error query_id=q_000918: batch_timeout
2026-02-04 12:28:23 WARNING dataset: Stage2 batch error query_id=q_000919: batch_timeout
2026-02-04 12:28:23 WARNING dataset: Stage2 batch error query_id=q_000920: batch_timeout
2026-02-04 12:28:23 WARNING dataset: Stage2 batch error query_id=q_000921: batch_timeout
2026-02-04 12:28:23 WARNING dataset: Stage2 batch error query_id=q_000922: batch_timeout
2026-02-04 12:28:23 WARNING dataset: Stage2 batch error query_id=q_000923: batch_timeout
2026-02-04 12:28:23 WARNING dataset: Stage2 batch error query_id=q_000924: batch_timeout
2026-02-04 12:28:23 WARNING dataset: Stage2 batch error query_id=q_000925: batch_timeout
2026-02-04 12:28:23 WARNING dataset: Stage2 batch error query_id=q_000926: batch_timeout
2026-02-04 12:28:23 WARNING dataset: Stage2 batch error query_id=q_000927: batch_timeout
2026-02-04 12:28:23 WARNING dataset: Stage2 batch error query_id=q_000928: batch_timeout
2026-02-04 12:28:23 WARNING dataset: Stage2 batch error query_id=q_000929: batch_timeout
2026-02-04 12:28:23 WARNING dataset: Stage2 batch error query_id=q_000930: batch_timeout
2026-02-04 12:28:23 WARNING dataset: Stage2 batch error query_id=q_000931: batch_timeout
2026-02-04 12:28:23 WARNING dataset: Stage2 batch error query_id=q_000932: batch_timeout
2026-02-04 12:28:23 WARNING dataset: Stage2 batch error query_id=q_000933: batch_timeout
2026-02-04 12:28:23 WARNING dataset: Stage2 batch error query_id=q_000934: batch_timeout
2026-02-04 12:28:23 WARNING dataset: Stage2 batch error query_id=q_000935: batch_timeout
2026-02-04 12:28:23 WARNING dataset: Stage2 batch error query_id=q_000936: batch_timeout
2026-02-04 12:28:23 WARNING dataset: Stage2 batch error query_id=q_000937: batch_timeout
2026-02-04 12:28:23 WARNING dataset: Stage2 batch error query_id=q_000938: batch_timeout
2026-02-04 12:28:23 WARNING dataset: Stage2 batch error query_id=q_000939: batch_timeout
2026-02-04 12:28:23 WARNING dataset: Stage2 batch error query_id=q_000940: batch_timeout
2026-02-04 12:28:23 WARNING dataset: Stage2 batch error query_id=q_000941: batch_timeout
2026-02-04 12:28:23 WARNING dataset: Stage2 batch error query_id=q_000942: batch_timeout
2026-02-04 12:28:23 WARNING dataset: Stage2 batch error query_id=q_000943: batch_timeout
2026-02-04 12:28:23 WARNING dataset: Stage2 batch error query_id=q_000944: batch_timeout
2026-02-04 12:28:23 WARNING dataset: Stage2 batch error query_id=q_000945: batch_timeout
2026-02-04 12:28:23 WARNING dataset: Stage2 batch error query_id=q_000946: batch_timeout
2026-02-04 12:28:23 WARNING dataset: Stage2 batch error query_id=q_000947: batch_timeout
2026-02-04 12:28:23 WARNING dataset: Stage2 batch error query_id=q_000948: batch_timeout
2026-02-04 12:28:23 WARNING dataset: Stage2 batch error query_id=q_000949: batch_timeout
2026-02-04 12:28:23 WARNING dataset: Stage2 batch error query_id=q_000950: batch_timeout
2026-02-04 12:28:23 WARNING dataset: Stage2 batch error query_id=q_000951: batch_timeout
2026-02-04 12:28:23 WARNING dataset: Stage2 batch error query_id=q_000952: batch_timeout
2026-02-04 12:28:23 WARNING dataset: Stage2 batch error query_id=q_000953: batch_timeout
2026-02-04 12:28:23 WARNING dataset: Stage2 batch error query_id=q_000954: batch_timeout
2026-02-04 12:28:23 WARNING dataset: Stage2 batch error query_id=q_000955: batch_timeout
2026-02-04 12:28:23 WARNING dataset: Stage2 batch error query_id=q_000956: batch_timeout
2026-02-04 12:28:23 WARNING dataset: Stage2 batch error query_id=q_000957: batch_timeout
2026-02-04 12:28:23 WARNING dataset: Stage2 batch error query_id=q_000931: batch_timeout
2026-02-04 12:28:23 WARNING dataset: Stage2 batch error query_id=q_000932: batch_timeout
2026-02-04 12:28:23 WARNING dataset: Stage2 batch error query_id=q_000933: batch_timeout
2026-02-04 12:28:23 WARNING dataset: Stage2 batch error query_id=q_000934: batch_timeout
2026-02-04 12:28:23 WARNING dataset: Stage2 batch error query_id=q_000935: batch_timeout
2026-02-04 12:28:23 WARNING dataset: Stage2 batch error query_id=q_000936: batch_timeout
2026-02-04 12:28:23 WARNING dataset: Stage2 batch error query_id=q_000937: batch_timeout
2026-02-04 12:28:23 WARNING dataset: Stage2 batch error query_id=q_000938: batch_timeout
2026-02-04 12:28:23 WARNING dataset: Stage2 batch error query_id=q_000939: batch_timeout
2026-02-04 12:28:23 WARNING dataset: Stage2 batch error query_id=q_000940: batch_timeout
2026-02-04 12:28:23 WARNING dataset: Stage2 batch error query_id=q_000941: batch_timeout
2026-02-04 12:28:23 WARNING dataset: Stage2 batch error query_id=q_000942: batch_timeout
2026-02-04 12:28:23 WARNING dataset: Stage2 batch error query_id=q_000943: batch_timeout
2026-02-04 12:28:23 WARNING dataset: Stage2 batch error query_id=q_000944: batch_timeout
2026-02-04 12:28:23 WARNING dataset: Stage2 batch error query_id=q_000945: batch_timeout
2026-02-04 12:28:23 WARNING dataset: Stage2 batch error query_id=q_000946: batch_timeout
2026-02-04 12:28:23 WARNING dataset: Stage2 batch error query_id=q_000947: batch_timeout
2026-02-04 12:28:23 WARNING dataset: Stage2 batch error query_id=q_000948: batch_timeout
2026-02-04 12:28:23 WARNING dataset: Stage2 batch error query_id=q_000949: batch_timeout
2026-02-04 12:28:23 WARNING dataset: Stage2 batch error query_id=q_000950: batch_timeout
2026-02-04 12:28:23 WARNING dataset: Stage2 batch error query_id=q_000951: batch_timeout
2026-02-04 12:28:23 WARNING dataset: Stage2 batch error query_id=q_000952: batch_timeout
2026-02-04 12:28:23 WARNING dataset: Stage2 batch error query_id=q_000953: batch_timeout
2026-02-04 12:28:23 WARNING dataset: Stage2 batch error query_id=q_000954: batch_timeout
2026-02-04 12:28:23 WARNING dataset: Stage2 batch error query_id=q_000955: batch_timeout
2026-02-04 12:28:23 WARNING dataset: Stage2 batch error query_id=q_000956: batch_timeout
2026-02-04 12:28:23 WARNING dataset: Stage2 batch error query_id=q_000957: batch_timeout
2026-02-04 12:33:35 WARNING dataset: Stage2 batch error query_id=q_000958: batch_timeout
2026-02-04 12:33:35 WARNING dataset: Stage2 batch error query_id=q_000959: batch_timeout
2026-02-04 12:33:35 WARNING dataset: Stage2 batch error query_id=q_000960: batch_timeout
2026-02-04 12:33:35 WARNING dataset: Stage2 batch error query_id=q_000961: batch_timeout
2026-02-04 12:33:35 WARNING dataset: Stage2 batch error query_id=q_000962: batch_timeout
2026-02-04 12:33:35 WARNING dataset: Stage2 batch error query_id=q_000963: batch_timeout
2026-02-04 12:33:35 WARNING dataset: Stage2 batch error query_id=q_000964: batch_timeout
2026-02-04 12:33:35 WARNING dataset: Stage2 batch error query_id=q_000965: batch_timeout
2026-02-04 12:33:35 WARNING dataset: Stage2 batch error query_id=q_000966: batch_timeout
2026-02-04 12:33:35 WARNING dataset: Stage2 batch error query_id=q_000967: batch_timeout
2026-02-04 12:33:35 WARNING dataset: Stage2 batch error query_id=q_000968: batch_timeout
2026-02-04 12:33:35 WARNING dataset: Stage2 batch error query_id=q_000969: batch_timeout
2026-02-04 12:33:35 WARNING dataset: Stage2 batch error query_id=q_000970: batch_timeout
2026-02-04 12:33:35 WARNING dataset: Stage2 batch error query_id=q_000971: batch_timeout
2026-02-04 12:33:35 WARNING dataset: Stage2 batch error query_id=q_000972: batch_timeout
2026-02-04 12:33:35 WARNING dataset: Stage2 batch error query_id=q_000973: batch_timeout
2026-02-04 12:33:35 WARNING dataset: Stage2 batch error query_id=q_000974: batch_timeout
2026-02-04 12:33:35 WARNING dataset: Stage2 batch error query_id=q_000975: batch_timeout
2026-02-04 12:33:35 WARNING dataset: Stage2 batch error query_id=q_000976: batch_timeout
2026-02-04 12:33:35 WARNING dataset: Stage2 batch error query_id=q_000977: batch_timeout
2026-02-04 12:33:35 WARNING dataset: Stage2 batch error query_id=q_000978: batch_timeout
2026-02-04 12:33:35 WARNING dataset: Stage2 batch error query_id=q_000979: batch_timeout
2026-02-04 12:33:35 WARNING dataset: Stage2 batch error query_id=q_000980: batch_timeout
2026-02-04 12:33:35 WARNING dataset: Stage2 batch error query_id=q_000981: batch_timeout
2026-02-04 12:33:35 WARNING dataset: Stage2 batch error query_id=q_000982: batch_timeout
2026-02-04 12:33:35 WARNING dataset: Stage2 batch error query_id=q_000983: batch_timeout
2026-02-04 12:33:35 WARNING dataset: Stage2 batch error query_id=q_000984: batch_timeout
2026-02-04 12:33:35 WARNING dataset: Stage2 batch error query_id=q_000985: batch_timeout
2026-02-04 12:33:35 WARNING dataset: Stage2 batch error query_id=q_000986: batch_timeout
2026-02-04 12:33:35 WARNING dataset: Stage2 batch error query_id=q_000987: batch_timeout
2026-02-04 12:33:35 WARNING dataset: Stage2 batch error query_id=q_000988: batch_timeout
2026-02-04 12:33:35 WARNING dataset: Stage2 batch error query_id=q_000989: batch_timeout
2026-02-04 12:33:35 WARNING dataset: Stage2 batch error query_id=q_000990: batch_timeout
2026-02-04 12:33:35 WARNING dataset: Stage2 batch error query_id=q_000991: batch_timeout
2026-02-04 12:33:35 WARNING dataset: Stage2 batch error query_id=q_000992: batch_timeout
2026-02-04 12:33:35 WARNING dataset: Stage2 batch error query_id=q_000993: batch_timeout
2026-02-04 12:33:35 WARNING dataset: Stage2 batch error query_id=q_000994: batch_timeout
2026-02-04 12:33:35 WARNING dataset: Stage2 batch error query_id=q_000995: batch_timeout
2026-02-04 12:33:35 WARNING dataset: Stage2 batch error query_id=q_000996: batch_timeout
2026-02-04 12:33:35 WARNING dataset: Stage2 batch error query_id=q_000997: batch_timeout
2026-02-04 12:33:35 WARNING dataset: Stage2 batch error query_id=q_000998: batch_timeout
2026-02-04 12:33:35 WARNING dataset: Stage2 batch error query_id=q_000999: batch_timeout
2026-02-04 12:33:35 WARNING dataset: Stage2 batch error query_id=q_001000: batch_timeout
2026-02-04 12:33:35 WARNING dataset: Stage2 batch error query_id=q_001001: batch_timeout
2026-02-04 12:33:35 WARNING dataset: Stage2 batch error query_id=q_001002: batch_timeout
2026-02-04 12:33:35 WARNING dataset: Stage2 batch error query_id=q_001003: batch_timeout
2026-02-04 12:33:35 WARNING dataset: Stage2 batch error query_id=q_001004: batch_timeout
2026-02-04 12:33:35 WARNING dataset: Stage2 batch error query_id=q_001005: batch_timeout
2026-02-04 12:33:35 WARNING dataset: Stage2 batch error query_id=q_001006: batch_timeout
2026-02-04 12:33:35 WARNING dataset: Stage2 batch error query_id=q_001007: batch_timeout
2026-02-04 12:33:35 WARNING dataset: Stage2 batch error query_id=q_001008: batch_timeout
2026-02-04 12:33:35 WARNING dataset: Stage2 batch error query_id=q_001009: batch_timeout
2026-02-04 12:33:35 WARNING dataset: Stage2 batch error query_id=q_001010: batch_timeout
2026-02-04 12:33:35 WARNING dataset: Stage2 batch error query_id=q_001011: batch_timeout
2026-02-04 12:33:35 WARNING dataset: Stage2 batch error query_id=q_001012: batch_timeout
2026-02-04 12:33:35 WARNING dataset: Stage2 batch error query_id=q_001013: batch_timeout
2026-02-04 12:33:35 WARNING dataset: Stage2 batch error query_id=q_001014: batch_timeout
2026-02-04 12:33:35 WARNING dataset: Stage2 batch error query_id=q_001015: batch_timeout
2026-02-04 12:33:35 WARNING dataset: Stage2 batch error query_id=q_001016: batch_timeout
2026-02-04 12:33:35 WARNING dataset: Stage2 batch error query_id=q_000958: batch_timeout
2026-02-04 12:33:35 WARNING dataset: Stage2 batch error query_id=q_000959: batch_timeout
2026-02-04 12:33:35 WARNING dataset: Stage2 batch error query_id=q_000960: batch_timeout
2026-02-04 12:33:35 WARNING dataset: Stage2 batch error query_id=q_000961: batch_timeout
2026-02-04 12:33:35 WARNING dataset: Stage2 batch error query_id=q_000962: batch_timeout
2026-02-04 12:33:35 WARNING dataset: Stage2 batch error query_id=q_000963: batch_timeout
2026-02-04 12:33:35 WARNING dataset: Stage2 batch error query_id=q_000964: batch_timeout
2026-02-04 12:33:35 WARNING dataset: Stage2 batch error query_id=q_000965: batch_timeout
2026-02-04 12:33:35 WARNING dataset: Stage2 batch error query_id=q_000966: batch_timeout
2026-02-04 12:33:35 WARNING dataset: Stage2 batch error query_id=q_000967: batch_timeout
2026-02-04 12:33:35 WARNING dataset: Stage2 batch error query_id=q_000968: batch_timeout
2026-02-04 12:33:35 WARNING dataset: Stage2 batch error query_id=q_000969: batch_timeout
2026-02-04 12:33:35 WARNING dataset: Stage2 batch error query_id=q_000970: batch_timeout
2026-02-04 12:33:35 WARNING dataset: Stage2 batch error query_id=q_000971: batch_timeout
2026-02-04 12:33:35 WARNING dataset: Stage2 batch error query_id=q_000972: batch_timeout
2026-02-04 12:33:35 WARNING dataset: Stage2 batch error query_id=q_000973: batch_timeout
2026-02-04 12:33:35 WARNING dataset: Stage2 batch error query_id=q_000974: batch_timeout
2026-02-04 12:33:35 WARNING dataset: Stage2 batch error query_id=q_000975: batch_timeout
2026-02-04 12:33:35 WARNING dataset: Stage2 batch error query_id=q_000976: batch_timeout
2026-02-04 12:33:35 WARNING dataset: Stage2 batch error query_id=q_000977: batch_timeout
2026-02-04 12:33:35 WARNING dataset: Stage2 batch error query_id=q_000978: batch_timeout
2026-02-04 12:33:35 WARNING dataset: Stage2 batch error query_id=q_000979: batch_timeout
2026-02-04 12:33:35 WARNING dataset: Stage2 batch error query_id=q_000980: batch_timeout
2026-02-04 12:33:35 WARNING dataset: Stage2 batch error query_id=q_000981: batch_timeout
2026-02-04 12:33:35 WARNING dataset: Stage2 batch error query_id=q_000982: batch_timeout
2026-02-04 12:33:35 WARNING dataset: Stage2 batch error query_id=q_000983: batch_timeout
2026-02-04 12:33:35 WARNING dataset: Stage2 batch error query_id=q_000984: batch_timeout
2026-02-04 12:33:35 WARNING dataset: Stage2 batch error query_id=q_000985: batch_timeout
2026-02-04 12:33:35 WARNING dataset: Stage2 batch error query_id=q_000986: batch_timeout
2026-02-04 12:33:35 WARNING dataset: Stage2 batch error query_id=q_000987: batch_timeout
2026-02-04 12:33:35 WARNING dataset: Stage2 batch error query_id=q_000988: batch_timeout
2026-02-04 12:33:35 WARNING dataset: Stage2 batch error query_id=q_001017: batch_timeout
2026-02-04 12:33:35 WARNING dataset: Stage2 batch error query_id=q_001018: batch_timeout
2026-02-04 12:33:35 WARNING dataset: Stage2 batch error query_id=q_001019: batch_timeout
2026-02-04 12:33:35 WARNING dataset: Stage2 batch error query_id=q_001020: batch_timeout
2026-02-04 12:33:35 WARNING dataset: Stage2 batch error query_id=q_001021: batch_timeout
2026-02-04 12:33:35 WARNING dataset: Stage2 batch error query_id=q_001022: batch_timeout
2026-02-04 12:33:35 WARNING dataset: Stage2 batch error query_id=q_001023: batch_timeout
2026-02-04 12:33:35 WARNING dataset: Stage2 batch error query_id=q_001024: batch_timeout
2026-02-04 12:33:35 WARNING dataset: Stage2 batch error query_id=q_001025: batch_timeout
2026-02-04 12:33:35 WARNING dataset: Stage2 batch error query_id=q_001026: batch_timeout
2026-02-04 12:33:35 WARNING dataset: Stage2 batch error query_id=q_001027: batch_timeout
2026-02-04 12:33:35 WARNING dataset: Stage2 batch error query_id=q_001028: batch_timeout
2026-02-04 12:33:35 WARNING dataset: Stage2 batch error query_id=q_001029: batch_timeout
2026-02-04 12:33:35 WARNING dataset: Stage2 batch error query_id=q_001030: batch_timeout
2026-02-04 12:33:35 WARNING dataset: Stage2 batch error query_id=q_001031: batch_timeout
2026-02-04 12:33:35 WARNING dataset: Stage2 batch error query_id=q_001032: batch_timeout
2026-02-04 12:33:35 WARNING dataset: Stage2 batch error query_id=q_001033: batch_timeout
2026-02-04 12:33:35 WARNING dataset: Stage2 batch error query_id=q_001034: batch_timeout
2026-02-04 12:33:35 WARNING dataset: Stage2 batch error query_id=q_001035: batch_timeout
2026-02-04 12:33:35 WARNING dataset: Stage2 batch error query_id=q_001036: batch_timeout
2026-02-04 12:33:35 WARNING dataset: Stage2 batch error query_id=q_001037: batch_timeout
2026-02-04 12:33:35 WARNING dataset: Stage2 batch error query_id=q_001038: batch_timeout
2026-02-04 12:33:35 WARNING dataset: Stage2 batch error query_id=q_000989: batch_timeout
2026-02-04 12:33:35 WARNING dataset: Stage2 batch error query_id=q_000990: batch_timeout
2026-02-04 12:33:35 WARNING dataset: Stage2 batch error query_id=q_000991: batch_timeout
2026-02-04 12:33:35 WARNING dataset: Stage2 batch error query_id=q_000992: batch_timeout
2026-02-04 12:33:35 WARNING dataset: Stage2 batch error query_id=q_000993: batch_timeout
2026-02-04 12:33:35 WARNING dataset: Stage2 batch error query_id=q_000994: batch_timeout
2026-02-04 12:33:35 WARNING dataset: Stage2 batch error query_id=q_000995: batch_timeout
2026-02-04 12:33:35 WARNING dataset: Stage2 batch error query_id=q_000996: batch_timeout
2026-02-04 12:33:35 WARNING dataset: Stage2 batch error query_id=q_000997: batch_timeout
2026-02-04 12:33:35 WARNING dataset: Stage2 batch error query_id=q_000998: batch_timeout
2026-02-04 12:33:35 WARNING dataset: Stage2 batch error query_id=q_000999: batch_timeout
2026-02-04 12:33:35 WARNING dataset: Stage2 batch error query_id=q_001000: batch_timeout
2026-02-04 12:33:35 WARNING dataset: Stage2 batch error query_id=q_001001: batch_timeout
2026-02-04 12:33:35 WARNING dataset: Stage2 batch error query_id=q_001002: batch_timeout
2026-02-04 12:33:35 WARNING dataset: Stage2 batch error query_id=q_001003: batch_timeout
2026-02-04 12:33:35 WARNING dataset: Stage2 batch error query_id=q_001004: batch_timeout
2026-02-04 12:33:35 WARNING dataset: Stage2 batch error query_id=q_001005: batch_timeout
2026-02-04 12:33:35 WARNING dataset: Stage2 batch error query_id=q_001006: batch_timeout
2026-02-04 12:33:35 WARNING dataset: Stage2 batch error query_id=q_001007: batch_timeout
2026-02-04 12:33:35 WARNING dataset: Stage2 batch error query_id=q_001008: batch_timeout
2026-02-04 12:33:35 WARNING dataset: Stage2 batch error query_id=q_001009: batch_timeout
2026-02-04 12:33:35 WARNING dataset: Stage2 batch error query_id=q_001010: batch_timeout
2026-02-04 12:33:35 WARNING dataset: Stage2 batch error query_id=q_001011: batch_timeout
2026-02-04 12:33:35 WARNING dataset: Stage2 batch error query_id=q_001012: batch_timeout
2026-02-04 12:33:35 WARNING dataset: Stage2 batch error query_id=q_001013: batch_timeout
2026-02-04 12:33:35 WARNING dataset: Stage2 batch error query_id=q_001014: batch_timeout
2026-02-04 12:33:35 WARNING dataset: Stage2 batch error query_id=q_001015: batch_timeout
2026-02-04 12:33:35 WARNING dataset: Stage2 batch error query_id=q_001016: batch_timeout
2026-02-04 12:33:35 WARNING dataset: Stage2 batch error query_id=q_001017: batch_timeout
2026-02-04 12:33:35 WARNING dataset: Stage2 batch error query_id=q_001039: batch_timeout
2026-02-04 12:33:35 WARNING dataset: Stage2 batch error query_id=q_001040: batch_timeout
2026-02-04 12:33:35 WARNING dataset: Stage2 batch error query_id=q_001041: batch_timeout
2026-02-04 12:33:35 WARNING dataset: Stage2 batch error query_id=q_001042: batch_timeout
2026-02-04 12:33:35 WARNING dataset: Stage2 batch error query_id=q_001043: batch_timeout
2026-02-04 12:33:35 WARNING dataset: Stage2 batch error query_id=q_001044: batch_timeout
2026-02-04 12:33:35 WARNING dataset: Stage2 batch error query_id=q_001018: batch_timeout
2026-02-04 12:33:35 WARNING dataset: Stage2 batch error query_id=q_001019: batch_timeout
2026-02-04 12:33:35 WARNING dataset: Stage2 batch error query_id=q_001020: batch_timeout
2026-02-04 12:33:35 WARNING dataset: Stage2 batch error query_id=q_001021: batch_timeout
2026-02-04 12:33:35 WARNING dataset: Stage2 batch error query_id=q_001022: batch_timeout
2026-02-04 12:33:35 WARNING dataset: Stage2 batch error query_id=q_001023: batch_timeout
2026-02-04 12:33:35 WARNING dataset: Stage2 batch error query_id=q_001024: batch_timeout
2026-02-04 12:33:35 WARNING dataset: Stage2 batch error query_id=q_001025: batch_timeout
2026-02-04 12:33:35 WARNING dataset: Stage2 batch error query_id=q_001026: batch_timeout
2026-02-04 12:33:35 WARNING dataset: Stage2 batch error query_id=q_001027: batch_timeout
2026-02-04 12:33:35 WARNING dataset: Stage2 batch error query_id=q_001028: batch_timeout
2026-02-04 12:33:35 WARNING dataset: Stage2 batch error query_id=q_001029: batch_timeout
2026-02-04 12:33:35 WARNING dataset: Stage2 batch error query_id=q_001030: batch_timeout
2026-02-04 12:33:35 WARNING dataset: Stage2 batch error query_id=q_001031: batch_timeout
2026-02-04 12:33:35 WARNING dataset: Stage2 batch error query_id=q_001032: batch_timeout
2026-02-04 12:33:35 WARNING dataset: Stage2 batch error query_id=q_001033: batch_timeout
2026-02-04 12:33:35 WARNING dataset: Stage2 batch error query_id=q_001034: batch_timeout
2026-02-04 12:33:35 WARNING dataset: Stage2 batch error query_id=q_001035: batch_timeout
2026-02-04 12:33:35 WARNING dataset: Stage2 batch error query_id=q_001036: batch_timeout
2026-02-04 12:33:35 WARNING dataset: Stage2 batch error query_id=q_001037: batch_timeout
2026-02-04 12:33:35 WARNING dataset: Stage2 batch error query_id=q_001038: batch_timeout
2026-02-04 12:33:35 WARNING dataset: Stage2 batch error query_id=q_001039: batch_timeout
2026-02-04 12:33:35 WARNING dataset: Stage2 batch error query_id=q_001040: batch_timeout
2026-02-04 12:33:35 WARNING dataset: Stage2 batch error query_id=q_001041: batch_timeout
2026-02-04 12:33:35 WARNING dataset: Stage2 batch error query_id=q_001042: batch_timeout
2026-02-04 12:33:35 WARNING dataset: Stage2 batch error query_id=q_001043: batch_timeout
2026-02-04 12:33:35 WARNING dataset: Stage2 batch error query_id=q_001044: batch_timeout
2026-02-04 12:35:24 ERROR dataset: Stage1 rate limit info: limits={'rpm': None, 'tpm': None, 'rpd': None, 'note': 'set per your Google project tier'} headers=none
2026-02-04 12:35:24 ERROR dataset: Stage1 error intent=product_lookup: rate limit hit provider=gemini model=gemini-3-pro-preview limits={'rpm': None, 'tpm': None, 'rpd': None, 'note': 'set per your Google project tier'} headers=none
2026-02-04 12:35:39 ERROR dataset: Stage1 rate limit info: limits={'rpm': None, 'tpm': None, 'rpd': None, 'note': 'set per your Google project tier'} headers=none
2026-02-04 12:35:39 ERROR dataset: Stage1 error intent=Documentation: rate limit hit provider=gemini model=gemini-3-pro-preview limits={'rpm': None, 'tpm': None, 'rpd': None, 'note': 'set per your Google project tier'} headers=none
2026-02-04 12:35:54 ERROR dataset: Stage1 rate limit info: limits={'rpm': None, 'tpm': None, 'rpd': None, 'note': 'set per your Google project tier'} headers=none
2026-02-04 12:35:54 ERROR dataset: Stage1 error intent=Documentation: rate limit hit provider=gemini model=gemini-3-pro-preview limits={'rpm': None, 'tpm': None, 'rpd': None, 'note': 'set per your Google project tier'} headers=none
2026-02-04 12:36:07 ERROR dataset: Stage1 rate limit info: limits={'rpm': None, 'tpm': None, 'rpd': None, 'note': 'set per your Google project tier'} headers=none
2026-02-04 12:36:07 ERROR dataset: Stage1 error intent=Documentation: rate limit hit provider=gemini model=gemini-3-pro-preview limits={'rpm': None, 'tpm': None, 'rpd': None, 'note': 'set per your Google project tier'} headers=none
2026-02-04 12:38:46 WARNING dataset: Stage2 batch error query_id=q_001045: batch_timeout
2026-02-04 12:38:46 WARNING dataset: Stage2 batch error query_id=q_001046: batch_timeout
2026-02-04 12:38:46 WARNING dataset: Stage2 batch error query_id=q_001047: batch_timeout
2026-02-04 12:38:46 WARNING dataset: Stage2 batch error query_id=q_001048: batch_timeout
2026-02-04 12:38:46 WARNING dataset: Stage2 batch error query_id=q_001049: batch_timeout
2026-02-04 12:38:46 WARNING dataset: Stage2 batch error query_id=q_001050: batch_timeout
2026-02-04 12:38:46 WARNING dataset: Stage2 batch error query_id=q_001051: batch_timeout
2026-02-04 12:38:46 WARNING dataset: Stage2 batch error query_id=q_001052: batch_timeout
2026-02-04 12:38:46 WARNING dataset: Stage2 batch error query_id=q_001053: batch_timeout
2026-02-04 12:38:46 WARNING dataset: Stage2 batch error query_id=q_001054: batch_timeout
2026-02-04 12:38:46 WARNING dataset: Stage2 batch error query_id=q_001055: batch_timeout
2026-02-04 12:38:46 WARNING dataset: Stage2 batch error query_id=q_001056: batch_timeout
2026-02-04 12:38:46 WARNING dataset: Stage2 batch error query_id=q_001057: batch_timeout
2026-02-04 12:38:46 WARNING dataset: Stage2 batch error query_id=q_001058: batch_timeout
2026-02-04 12:38:46 WARNING dataset: Stage2 batch error query_id=q_001059: batch_timeout
2026-02-04 12:38:46 WARNING dataset: Stage2 batch error query_id=q_001060: batch_timeout
2026-02-04 12:38:46 WARNING dataset: Stage2 batch error query_id=q_001061: batch_timeout
2026-02-04 12:38:46 WARNING dataset: Stage2 batch error query_id=q_001062: batch_timeout
2026-02-04 12:38:46 WARNING dataset: Stage2 batch error query_id=q_001063: batch_timeout
2026-02-04 12:38:46 WARNING dataset: Stage2 batch error query_id=q_001064: batch_timeout
2026-02-04 12:38:46 WARNING dataset: Stage2 batch error query_id=q_001065: batch_timeout
2026-02-04 12:38:46 WARNING dataset: Stage2 batch error query_id=q_001066: batch_timeout
2026-02-04 12:38:46 WARNING dataset: Stage2 batch error query_id=q_001045: batch_timeout
2026-02-04 12:38:46 WARNING dataset: Stage2 batch error query_id=q_001046: batch_timeout
2026-02-04 12:38:46 WARNING dataset: Stage2 batch error query_id=q_001047: batch_timeout
2026-02-04 12:38:46 WARNING dataset: Stage2 batch error query_id=q_001048: batch_timeout
2026-02-04 12:38:46 WARNING dataset: Stage2 batch error query_id=q_001049: batch_timeout
2026-02-04 12:38:46 WARNING dataset: Stage2 batch error query_id=q_001050: batch_timeout
2026-02-04 12:38:46 WARNING dataset: Stage2 batch error query_id=q_001051: batch_timeout
2026-02-04 12:38:46 WARNING dataset: Stage2 batch error query_id=q_001052: batch_timeout
2026-02-04 12:38:46 WARNING dataset: Stage2 batch error query_id=q_001053: batch_timeout
2026-02-04 12:38:46 WARNING dataset: Stage2 batch error query_id=q_001054: batch_timeout
2026-02-04 12:38:46 WARNING dataset: Stage2 batch error query_id=q_001055: batch_timeout
2026-02-04 12:38:46 WARNING dataset: Stage2 batch error query_id=q_001056: batch_timeout
2026-02-04 12:38:46 WARNING dataset: Stage2 batch error query_id=q_001057: batch_timeout
2026-02-04 12:38:46 WARNING dataset: Stage2 batch error query_id=q_001058: batch_timeout
2026-02-04 12:38:46 WARNING dataset: Stage2 batch error query_id=q_001059: batch_timeout
2026-02-04 12:38:46 WARNING dataset: Stage2 batch error query_id=q_001060: batch_timeout
2026-02-04 12:38:46 WARNING dataset: Stage2 batch error query_id=q_001061: batch_timeout
2026-02-04 12:38:46 WARNING dataset: Stage2 batch error query_id=q_001062: batch_timeout
2026-02-04 12:38:46 WARNING dataset: Stage2 batch error query_id=q_001063: batch_timeout
2026-02-04 12:38:46 WARNING dataset: Stage2 batch error query_id=q_001067: batch_timeout
2026-02-04 12:38:46 WARNING dataset: Stage2 batch error query_id=q_001068: batch_timeout
2026-02-04 12:38:46 WARNING dataset: Stage2 batch error query_id=q_001069: batch_timeout
2026-02-04 12:38:46 WARNING dataset: Stage2 batch error query_id=q_001070: batch_timeout
2026-02-04 12:38:46 WARNING dataset: Stage2 batch error query_id=q_001071: batch_timeout
2026-02-04 12:38:46 WARNING dataset: Stage2 batch error query_id=q_001072: batch_timeout
2026-02-04 12:38:46 WARNING dataset: Stage2 batch error query_id=q_001073: batch_timeout
2026-02-04 12:38:46 WARNING dataset: Stage2 batch error query_id=q_001074: batch_timeout
2026-02-04 12:38:46 WARNING dataset: Stage2 batch error query_id=q_001075: batch_timeout
2026-02-04 12:38:46 WARNING dataset: Stage2 batch error query_id=q_001076: batch_timeout
2026-02-04 12:38:46 WARNING dataset: Stage2 batch error query_id=q_001077: batch_timeout
2026-02-04 12:38:46 WARNING dataset: Stage2 batch error query_id=q_001078: batch_timeout
2026-02-04 12:38:46 WARNING dataset: Stage2 batch error query_id=q_001079: batch_timeout
2026-02-04 12:38:46 WARNING dataset: Stage2 batch error query_id=q_001080: batch_timeout
2026-02-04 12:38:46 WARNING dataset: Stage2 batch error query_id=q_001081: batch_timeout
2026-02-04 12:38:46 WARNING dataset: Stage2 batch error query_id=q_001082: batch_timeout
2026-02-04 12:38:46 WARNING dataset: Stage2 batch error query_id=q_001083: batch_timeout
2026-02-04 12:38:46 WARNING dataset: Stage2 batch error query_id=q_001084: batch_timeout
2026-02-04 12:38:46 WARNING dataset: Stage2 batch error query_id=q_001085: batch_timeout
2026-02-04 12:38:46 WARNING dataset: Stage2 batch error query_id=q_001086: batch_timeout
2026-02-04 12:38:46 WARNING dataset: Stage2 batch error query_id=q_001087: batch_timeout
2026-02-04 12:38:46 WARNING dataset: Stage2 batch error query_id=q_001088: batch_timeout
2026-02-04 12:38:46 WARNING dataset: Stage2 batch error query_id=q_001064: batch_timeout
2026-02-04 12:38:46 WARNING dataset: Stage2 batch error query_id=q_001065: batch_timeout
2026-02-04 12:38:46 WARNING dataset: Stage2 batch error query_id=q_001066: batch_timeout
2026-02-04 12:38:46 WARNING dataset: Stage2 batch error query_id=q_001067: batch_timeout
2026-02-04 12:38:46 WARNING dataset: Stage2 batch error query_id=q_001068: batch_timeout
2026-02-04 12:38:46 WARNING dataset: Stage2 batch error query_id=q_001069: batch_timeout
2026-02-04 12:38:46 WARNING dataset: Stage2 batch error query_id=q_001070: batch_timeout
2026-02-04 12:38:46 WARNING dataset: Stage2 batch error query_id=q_001071: batch_timeout
2026-02-04 12:38:46 WARNING dataset: Stage2 batch error query_id=q_001072: batch_timeout
2026-02-04 12:38:46 WARNING dataset: Stage2 batch error query_id=q_001073: batch_timeout
2026-02-04 12:38:46 WARNING dataset: Stage2 batch error query_id=q_001074: batch_timeout
2026-02-04 12:38:46 WARNING dataset: Stage2 batch error query_id=q_001075: batch_timeout
2026-02-04 12:38:46 WARNING dataset: Stage2 batch error query_id=q_001076: batch_timeout
2026-02-04 12:38:46 WARNING dataset: Stage2 batch error query_id=q_001077: batch_timeout
2026-02-04 12:38:46 WARNING dataset: Stage2 batch error query_id=q_001078: batch_timeout
2026-02-04 12:38:46 WARNING dataset: Stage2 batch error query_id=q_001079: batch_timeout
2026-02-04 12:38:46 WARNING dataset: Stage2 batch error query_id=q_001080: batch_timeout
2026-02-04 12:38:46 WARNING dataset: Stage2 batch error query_id=q_001089: batch_timeout
2026-02-04 12:38:46 WARNING dataset: Stage2 batch error query_id=q_001090: batch_timeout
2026-02-04 12:38:46 WARNING dataset: Stage2 batch error query_id=q_001091: batch_timeout
2026-02-04 12:38:46 WARNING dataset: Stage2 batch error query_id=q_001092: batch_timeout
2026-02-04 12:38:46 WARNING dataset: Stage2 batch error query_id=q_001093: batch_timeout
2026-02-04 12:38:46 WARNING dataset: Stage2 batch error query_id=q_001094: batch_timeout
2026-02-04 12:38:46 WARNING dataset: Stage2 batch error query_id=q_001095: batch_timeout
2026-02-04 12:38:46 WARNING dataset: Stage2 batch error query_id=q_001096: batch_timeout
2026-02-04 12:38:46 WARNING dataset: Stage2 batch error query_id=q_001097: batch_timeout
2026-02-04 12:38:46 WARNING dataset: Stage2 batch error query_id=q_001098: batch_timeout
2026-02-04 12:38:46 WARNING dataset: Stage2 batch error query_id=q_001099: batch_timeout
2026-02-04 12:38:46 WARNING dataset: Stage2 batch error query_id=q_001100: batch_timeout
2026-02-04 12:38:46 WARNING dataset: Stage2 batch error query_id=q_001101: batch_timeout
2026-02-04 12:38:46 WARNING dataset: Stage2 batch error query_id=q_001102: batch_timeout
2026-02-04 12:38:46 WARNING dataset: Stage2 batch error query_id=q_001103: batch_timeout
2026-02-04 12:38:46 WARNING dataset: Stage2 batch error query_id=q_001104: batch_timeout
2026-02-04 12:38:46 WARNING dataset: Stage2 batch error query_id=q_001105: batch_timeout
2026-02-04 12:38:46 WARNING dataset: Stage2 batch error query_id=q_001106: batch_timeout
2026-02-04 12:38:46 WARNING dataset: Stage2 batch error query_id=q_001089: batch_timeout
2026-02-04 12:38:46 WARNING dataset: Stage2 batch error query_id=q_001090: batch_timeout
2026-02-04 12:38:46 WARNING dataset: Stage2 batch error query_id=q_001091: batch_timeout
2026-02-04 12:38:46 WARNING dataset: Stage2 batch error query_id=q_001092: batch_timeout
2026-02-04 12:38:46 WARNING dataset: Stage2 batch error query_id=q_001093: batch_timeout
2026-02-04 12:38:46 WARNING dataset: Stage2 batch error query_id=q_001094: batch_timeout
2026-02-04 12:38:46 WARNING dataset: Stage2 batch error query_id=q_001095: batch_timeout
2026-02-04 12:38:46 WARNING dataset: Stage2 batch error query_id=q_001096: batch_timeout
2026-02-04 12:38:46 WARNING dataset: Stage2 batch error query_id=q_001097: batch_timeout
2026-02-04 12:38:46 WARNING dataset: Stage2 batch error query_id=q_001098: batch_timeout
2026-02-04 12:38:46 WARNING dataset: Stage2 batch error query_id=q_001099: batch_timeout
2026-02-04 12:38:46 WARNING dataset: Stage2 batch error query_id=q_001100: batch_timeout
2026-02-04 12:38:46 WARNING dataset: Stage2 batch error query_id=q_001081: batch_timeout
2026-02-04 12:38:46 WARNING dataset: Stage2 batch error query_id=q_001082: batch_timeout
2026-02-04 12:38:46 WARNING dataset: Stage2 batch error query_id=q_001083: batch_timeout
2026-02-04 12:38:46 WARNING dataset: Stage2 batch error query_id=q_001084: batch_timeout
2026-02-04 12:38:46 WARNING dataset: Stage2 batch error query_id=q_001085: batch_timeout
2026-02-04 12:38:46 WARNING dataset: Stage2 batch error query_id=q_001086: batch_timeout
2026-02-04 12:38:46 WARNING dataset: Stage2 batch error query_id=q_001087: batch_timeout
2026-02-04 12:38:46 WARNING dataset: Stage2 batch error query_id=q_001088: batch_timeout
2026-02-04 12:38:46 WARNING dataset: Stage2 batch error query_id=q_001089: batch_timeout
2026-02-04 12:38:46 WARNING dataset: Stage2 batch error query_id=q_001090: batch_timeout
2026-02-04 12:38:46 WARNING dataset: Stage2 batch error query_id=q_001091: batch_timeout
2026-02-04 12:38:46 WARNING dataset: Stage2 batch error query_id=q_001092: batch_timeout
2026-02-04 12:38:46 WARNING dataset: Stage2 batch error query_id=q_001093: batch_timeout
2026-02-04 12:38:46 WARNING dataset: Stage2 batch error query_id=q_001094: batch_timeout
2026-02-04 12:38:46 WARNING dataset: Stage2 batch error query_id=q_001095: batch_timeout
2026-02-04 12:38:46 WARNING dataset: Stage2 batch error query_id=q_001096: batch_timeout
2026-02-04 12:38:46 WARNING dataset: Stage2 batch error query_id=q_001097: batch_timeout
2026-02-04 12:38:46 WARNING dataset: Stage2 batch error query_id=q_001107: batch_timeout
2026-02-04 12:38:46 WARNING dataset: Stage2 batch error query_id=q_001108: batch_timeout
2026-02-04 12:38:46 WARNING dataset: Stage2 batch error query_id=q_001109: batch_timeout
2026-02-04 12:38:46 WARNING dataset: Stage2 batch error query_id=q_001110: batch_timeout
2026-02-04 12:38:46 WARNING dataset: Stage2 batch error query_id=q_001111: batch_timeout
2026-02-04 12:38:46 WARNING dataset: Stage2 batch error query_id=q_001112: batch_timeout
2026-02-04 12:38:46 WARNING dataset: Stage2 batch error query_id=q_001113: batch_timeout
2026-02-04 12:38:46 WARNING dataset: Stage2 batch error query_id=q_001114: batch_timeout
2026-02-04 12:38:46 WARNING dataset: Stage2 batch error query_id=q_001115: batch_timeout
2026-02-04 12:38:46 WARNING dataset: Stage2 batch error query_id=q_001116: batch_timeout
2026-02-04 12:38:46 WARNING dataset: Stage2 batch error query_id=q_001117: batch_timeout
2026-02-04 12:38:46 WARNING dataset: Stage2 batch error query_id=q_001118: batch_timeout
2026-02-04 12:38:46 WARNING dataset: Stage2 batch error query_id=q_001119: batch_timeout
2026-02-04 12:38:46 WARNING dataset: Stage2 batch error query_id=q_001120: batch_timeout
2026-02-04 12:38:46 WARNING dataset: Stage2 batch error query_id=q_001121: batch_timeout
2026-02-04 12:38:46 WARNING dataset: Stage2 batch error query_id=q_001122: batch_timeout
2026-02-04 12:38:46 WARNING dataset: Stage2 batch error query_id=q_001123: batch_timeout
2026-02-04 12:38:46 WARNING dataset: Stage2 batch error query_id=q_001124: batch_timeout
2026-02-04 12:38:46 WARNING dataset: Stage2 batch error query_id=q_001125: batch_timeout
2026-02-04 12:38:46 WARNING dataset: Stage2 batch error query_id=q_001126: batch_timeout
2026-02-04 12:38:46 WARNING dataset: Stage2 batch error query_id=q_001127: batch_timeout
2026-02-04 12:38:46 WARNING dataset: Stage2 batch error query_id=q_001128: batch_timeout
2026-02-04 12:38:46 WARNING dataset: Stage2 batch error query_id=q_001129: batch_timeout
2026-02-04 12:38:46 WARNING dataset: Stage2 batch error query_id=q_001130: batch_timeout
2026-02-04 12:38:46 WARNING dataset: Stage2 batch error query_id=q_001131: batch_timeout
2026-02-04 12:38:46 WARNING dataset: Stage2 batch error query_id=q_001101: batch_timeout
2026-02-04 12:38:46 WARNING dataset: Stage2 batch error query_id=q_001102: batch_timeout
2026-02-04 12:38:46 WARNING dataset: Stage2 batch error query_id=q_001103: batch_timeout
2026-02-04 12:38:46 WARNING dataset: Stage2 batch error query_id=q_001104: batch_timeout
2026-02-04 12:38:46 WARNING dataset: Stage2 batch error query_id=q_001105: batch_timeout
2026-02-04 12:38:46 WARNING dataset: Stage2 batch error query_id=q_001106: batch_timeout
2026-02-04 12:38:46 WARNING dataset: Stage2 batch error query_id=q_001107: batch_timeout
2026-02-04 12:38:46 WARNING dataset: Stage2 batch error query_id=q_001108: batch_timeout
2026-02-04 12:38:46 WARNING dataset: Stage2 batch error query_id=q_001109: batch_timeout
2026-02-04 12:38:46 WARNING dataset: Stage2 batch error query_id=q_001110: batch_timeout
2026-02-04 12:38:46 WARNING dataset: Stage2 batch error query_id=q_001111: batch_timeout
2026-02-04 12:38:46 WARNING dataset: Stage2 batch error query_id=q_001112: batch_timeout
2026-02-04 12:38:46 WARNING dataset: Stage2 batch error query_id=q_001098: batch_timeout
2026-02-04 12:38:46 WARNING dataset: Stage2 batch error query_id=q_001099: batch_timeout
2026-02-04 12:38:46 WARNING dataset: Stage2 batch error query_id=q_001100: batch_timeout
2026-02-04 12:38:46 WARNING dataset: Stage2 batch error query_id=q_001101: batch_timeout
2026-02-04 12:38:46 WARNING dataset: Stage2 batch error query_id=q_001102: batch_timeout
2026-02-04 12:38:46 WARNING dataset: Stage2 batch error query_id=q_001103: batch_timeout
2026-02-04 12:38:46 WARNING dataset: Stage2 batch error query_id=q_001104: batch_timeout
2026-02-04 12:38:46 WARNING dataset: Stage2 batch error query_id=q_001105: batch_timeout
2026-02-04 12:38:46 WARNING dataset: Stage2 batch error query_id=q_001106: batch_timeout
2026-02-04 12:38:46 WARNING dataset: Stage2 batch error query_id=q_001107: batch_timeout
2026-02-04 12:38:46 WARNING dataset: Stage2 batch error query_id=q_001108: batch_timeout
2026-02-04 12:38:46 WARNING dataset: Stage2 batch error query_id=q_001109: batch_timeout
2026-02-04 12:38:46 WARNING dataset: Stage2 batch error query_id=q_001110: batch_timeout
2026-02-04 12:38:46 WARNING dataset: Stage2 batch error query_id=q_001111: batch_timeout
2026-02-04 12:38:46 WARNING dataset: Stage2 batch error query_id=q_001112: batch_timeout
2026-02-04 12:38:46 WARNING dataset: Stage2 batch error query_id=q_001113: batch_timeout
2026-02-04 12:38:46 WARNING dataset: Stage2 batch error query_id=q_001114: batch_timeout
2026-02-04 12:38:46 WARNING dataset: Stage2 batch error query_id=q_001115: batch_timeout
2026-02-04 12:38:46 WARNING dataset: Stage2 batch error query_id=q_001116: batch_timeout
2026-02-04 12:38:46 WARNING dataset: Stage2 batch error query_id=q_001117: batch_timeout
2026-02-04 12:38:46 WARNING dataset: Stage2 batch error query_id=q_001118: batch_timeout
2026-02-04 12:38:46 WARNING dataset: Stage2 batch error query_id=q_001119: batch_timeout
2026-02-04 12:38:46 WARNING dataset: Stage2 batch error query_id=q_001120: batch_timeout
2026-02-04 12:38:46 WARNING dataset: Stage2 batch error query_id=q_001121: batch_timeout
2026-02-04 12:38:46 WARNING dataset: Stage2 batch error query_id=q_001122: batch_timeout
2026-02-04 12:38:46 WARNING dataset: Stage2 batch error query_id=q_001123: batch_timeout
2026-02-04 12:38:46 WARNING dataset: Stage2 batch error query_id=q_001124: batch_timeout
2026-02-04 12:38:46 WARNING dataset: Stage2 batch error query_id=q_001125: batch_timeout
2026-02-04 12:38:46 WARNING dataset: Stage2 batch error query_id=q_001126: batch_timeout
2026-02-04 12:38:46 WARNING dataset: Stage2 batch error query_id=q_001127: batch_timeout
2026-02-04 12:38:46 WARNING dataset: Stage2 batch error query_id=q_001128: batch_timeout
2026-02-04 12:38:46 WARNING dataset: Stage2 batch error query_id=q_001129: batch_timeout
2026-02-04 12:38:46 WARNING dataset: Stage2 batch error query_id=q_001130: batch_timeout
2026-02-04 12:38:46 WARNING dataset: Stage2 batch error query_id=q_001131: batch_timeout
2026-02-04 12:40:37 WARNING dataset: Stage2 batch error query_id=q_000001: batch_timeout
2026-02-04 12:43:56 WARNING dataset: Stage2 batch error query_id=q_001132: batch_timeout
2026-02-04 12:43:56 WARNING dataset: Stage2 batch error query_id=q_001133: batch_timeout
2026-02-04 12:43:56 WARNING dataset: Stage2 batch error query_id=q_001134: batch_timeout
2026-02-04 12:43:56 WARNING dataset: Stage2 batch error query_id=q_001135: batch_timeout
2026-02-04 12:43:56 WARNING dataset: Stage2 batch error query_id=q_001136: batch_timeout
2026-02-04 12:43:56 WARNING dataset: Stage2 batch error query_id=q_001137: batch_timeout
2026-02-04 12:43:56 WARNING dataset: Stage2 batch error query_id=q_001138: batch_timeout
2026-02-04 12:43:56 WARNING dataset: Stage2 batch error query_id=q_001139: batch_timeout
2026-02-04 12:43:56 WARNING dataset: Stage2 batch error query_id=q_001140: batch_timeout
2026-02-04 12:43:56 WARNING dataset: Stage2 batch error query_id=q_001141: batch_timeout
2026-02-04 12:43:56 WARNING dataset: Stage2 batch error query_id=q_001142: batch_timeout
2026-02-04 12:43:56 WARNING dataset: Stage2 batch error query_id=q_001143: batch_timeout
2026-02-04 12:43:56 WARNING dataset: Stage2 batch error query_id=q_001144: batch_timeout
2026-02-04 12:43:56 WARNING dataset: Stage2 batch error query_id=q_001145: batch_timeout
2026-02-04 12:43:56 WARNING dataset: Stage2 batch error query_id=q_001146: batch_timeout
2026-02-04 12:43:56 WARNING dataset: Stage2 batch error query_id=q_001147: batch_timeout
2026-02-04 12:43:56 WARNING dataset: Stage2 batch error query_id=q_001148: batch_timeout
2026-02-04 12:43:56 WARNING dataset: Stage2 batch error query_id=q_001149: batch_timeout
2026-02-04 12:43:56 WARNING dataset: Stage2 batch error query_id=q_001150: batch_timeout
2026-02-04 12:43:56 WARNING dataset: Stage2 batch error query_id=q_001151: batch_timeout
2026-02-04 12:43:56 WARNING dataset: Stage2 batch error query_id=q_001152: batch_timeout
2026-02-04 12:43:56 WARNING dataset: Stage2 batch error query_id=q_001153: batch_timeout
2026-02-04 12:43:56 WARNING dataset: Stage2 batch error query_id=q_001154: batch_timeout
2026-02-04 12:43:56 WARNING dataset: Stage2 batch error query_id=q_001155: batch_timeout
2026-02-04 12:43:56 WARNING dataset: Stage2 batch error query_id=q_001156: batch_timeout
2026-02-04 12:43:56 WARNING dataset: Stage2 batch error query_id=q_001157: batch_timeout
2026-02-04 12:43:56 WARNING dataset: Stage2 batch error query_id=q_001158: batch_timeout
2026-02-04 12:43:56 WARNING dataset: Stage2 batch error query_id=q_001113: batch_timeout
2026-02-04 12:43:56 WARNING dataset: Stage2 batch error query_id=q_001114: batch_timeout
2026-02-04 12:43:56 WARNING dataset: Stage2 batch error query_id=q_001115: batch_timeout
2026-02-04 12:43:56 WARNING dataset: Stage2 batch error query_id=q_001116: batch_timeout
2026-02-04 12:43:56 WARNING dataset: Stage2 batch error query_id=q_001117: batch_timeout
2026-02-04 12:43:56 WARNING dataset: Stage2 batch error query_id=q_001118: batch_timeout
2026-02-04 12:43:56 WARNING dataset: Stage2 batch error query_id=q_001119: batch_timeout
2026-02-04 12:43:56 WARNING dataset: Stage2 batch error query_id=q_001120: batch_timeout
2026-02-04 12:43:56 WARNING dataset: Stage2 batch error query_id=q_001121: batch_timeout
2026-02-04 12:43:56 WARNING dataset: Stage2 batch error query_id=q_001122: batch_timeout
2026-02-04 12:43:56 WARNING dataset: Stage2 batch error query_id=q_001123: batch_timeout
2026-02-04 12:43:56 WARNING dataset: Stage2 batch error query_id=q_001124: batch_timeout
2026-02-04 12:43:56 WARNING dataset: Stage2 batch error query_id=q_001125: batch_timeout
2026-02-04 12:43:56 WARNING dataset: Stage2 batch error query_id=q_001126: batch_timeout
2026-02-04 12:43:56 WARNING dataset: Stage2 batch error query_id=q_001127: batch_timeout
2026-02-04 12:43:56 WARNING dataset: Stage2 batch error query_id=q_001128: batch_timeout
2026-02-04 12:43:56 WARNING dataset: Stage2 batch error query_id=q_001129: batch_timeout
2026-02-04 12:43:56 WARNING dataset: Stage2 batch error query_id=q_001130: batch_timeout
2026-02-04 12:43:56 WARNING dataset: Stage2 batch error query_id=q_001131: batch_timeout
2026-02-04 12:43:56 WARNING dataset: Stage2 batch error query_id=q_001132: batch_timeout
2026-02-04 12:43:56 WARNING dataset: Stage2 batch error query_id=q_001133: batch_timeout
2026-02-04 12:43:56 WARNING dataset: Stage2 batch error query_id=q_001134: batch_timeout
2026-02-04 12:43:56 WARNING dataset: Stage2 batch error query_id=q_001135: batch_timeout
2026-02-04 12:43:56 WARNING dataset: Stage2 batch error query_id=q_001136: batch_timeout
2026-02-04 12:43:56 WARNING dataset: Stage2 batch error query_id=q_001137: batch_timeout
2026-02-04 12:43:56 WARNING dataset: Stage2 batch error query_id=q_001138: batch_timeout
2026-02-04 12:43:56 WARNING dataset: Stage2 batch error query_id=q_001139: batch_timeout
2026-02-04 12:43:56 WARNING dataset: Stage2 batch error query_id=q_001140: batch_timeout
2026-02-04 12:43:56 WARNING dataset: Stage2 batch error query_id=q_001159: batch_timeout
2026-02-04 12:43:56 WARNING dataset: Stage2 batch error query_id=q_001160: batch_timeout
2026-02-04 12:43:56 WARNING dataset: Stage2 batch error query_id=q_001161: batch_timeout
2026-02-04 12:43:56 WARNING dataset: Stage2 batch error query_id=q_001162: batch_timeout
2026-02-04 12:43:56 WARNING dataset: Stage2 batch error query_id=q_001163: batch_timeout
2026-02-04 12:43:56 WARNING dataset: Stage2 batch error query_id=q_001164: batch_timeout
2026-02-04 12:43:56 WARNING dataset: Stage2 batch error query_id=q_001165: batch_timeout
2026-02-04 12:43:56 WARNING dataset: Stage2 batch error query_id=q_001166: batch_timeout
2026-02-04 12:43:56 WARNING dataset: Stage2 batch error query_id=q_001167: batch_timeout
2026-02-04 12:43:56 WARNING dataset: Stage2 batch error query_id=q_001168: batch_timeout
2026-02-04 12:43:56 WARNING dataset: Stage2 batch error query_id=q_001169: batch_timeout
2026-02-04 12:43:56 WARNING dataset: Stage2 batch error query_id=q_001170: batch_timeout
2026-02-04 12:43:56 WARNING dataset: Stage2 batch error query_id=q_001171: batch_timeout
2026-02-04 12:43:56 WARNING dataset: Stage2 batch error query_id=q_001172: batch_timeout
2026-02-04 12:43:56 WARNING dataset: Stage2 batch error query_id=q_001173: batch_timeout
2026-02-04 12:43:56 WARNING dataset: Stage2 batch error query_id=q_001174: batch_timeout
2026-02-04 12:43:56 WARNING dataset: Stage2 batch error query_id=q_001175: batch_timeout
2026-02-04 12:43:56 WARNING dataset: Stage2 batch error query_id=q_001176: batch_timeout
2026-02-04 12:43:56 WARNING dataset: Stage2 batch error query_id=q_001177: batch_timeout
2026-02-04 12:43:56 WARNING dataset: Stage2 batch error query_id=q_001178: batch_timeout
2026-02-04 12:43:56 WARNING dataset: Stage2 batch error query_id=q_001179: batch_timeout
2026-02-04 12:43:56 WARNING dataset: Stage2 batch error query_id=q_001180: batch_timeout
2026-02-04 12:43:56 WARNING dataset: Stage2 batch error query_id=q_001181: batch_timeout
2026-02-04 12:43:56 WARNING dataset: Stage2 batch error query_id=q_001182: batch_timeout
2026-02-04 12:43:56 WARNING dataset: Stage2 batch error query_id=q_001183: batch_timeout
2026-02-04 12:43:56 WARNING dataset: Stage2 batch error query_id=q_001141: batch_timeout
2026-02-04 12:43:56 WARNING dataset: Stage2 batch error query_id=q_001142: batch_timeout
2026-02-04 12:43:56 WARNING dataset: Stage2 batch error query_id=q_001143: batch_timeout
2026-02-04 12:43:56 WARNING dataset: Stage2 batch error query_id=q_001144: batch_timeout
2026-02-04 12:43:56 WARNING dataset: Stage2 batch error query_id=q_001145: batch_timeout
2026-02-04 12:43:56 WARNING dataset: Stage2 batch error query_id=q_001146: batch_timeout
2026-02-04 12:43:56 WARNING dataset: Stage2 batch error query_id=q_001147: batch_timeout
2026-02-04 12:43:56 WARNING dataset: Stage2 batch error query_id=q_001148: batch_timeout
2026-02-04 12:43:56 WARNING dataset: Stage2 batch error query_id=q_001149: batch_timeout
2026-02-04 12:43:56 WARNING dataset: Stage2 batch error query_id=q_001150: batch_timeout
2026-02-04 12:43:56 WARNING dataset: Stage2 batch error query_id=q_001151: batch_timeout
2026-02-04 12:43:56 WARNING dataset: Stage2 batch error query_id=q_001152: batch_timeout
2026-02-04 12:43:56 WARNING dataset: Stage2 batch error query_id=q_001153: batch_timeout
2026-02-04 12:43:56 WARNING dataset: Stage2 batch error query_id=q_001154: batch_timeout
2026-02-04 12:43:56 WARNING dataset: Stage2 batch error query_id=q_001155: batch_timeout
2026-02-04 12:43:56 WARNING dataset: Stage2 batch error query_id=q_001132: batch_timeout
2026-02-04 12:43:56 WARNING dataset: Stage2 batch error query_id=q_001133: batch_timeout
2026-02-04 12:43:56 WARNING dataset: Stage2 batch error query_id=q_001134: batch_timeout
2026-02-04 12:43:56 WARNING dataset: Stage2 batch error query_id=q_001135: batch_timeout
2026-02-04 12:43:56 WARNING dataset: Stage2 batch error query_id=q_001136: batch_timeout
2026-02-04 12:43:56 WARNING dataset: Stage2 batch error query_id=q_001137: batch_timeout
2026-02-04 12:43:56 WARNING dataset: Stage2 batch error query_id=q_001138: batch_timeout
2026-02-04 12:43:56 WARNING dataset: Stage2 batch error query_id=q_001139: batch_timeout
2026-02-04 12:43:56 WARNING dataset: Stage2 batch error query_id=q_001140: batch_timeout
2026-02-04 12:43:56 WARNING dataset: Stage2 batch error query_id=q_001141: batch_timeout
2026-02-04 12:43:56 WARNING dataset: Stage2 batch error query_id=q_001142: batch_timeout
2026-02-04 12:43:56 WARNING dataset: Stage2 batch error query_id=q_001143: batch_timeout
2026-02-04 12:43:56 WARNING dataset: Stage2 batch error query_id=q_001144: batch_timeout
2026-02-04 12:43:56 WARNING dataset: Stage2 batch error query_id=q_001145: batch_timeout
2026-02-04 12:43:56 WARNING dataset: Stage2 batch error query_id=q_001146: batch_timeout
2026-02-04 12:43:56 WARNING dataset: Stage2 batch error query_id=q_001147: batch_timeout
2026-02-04 12:43:56 WARNING dataset: Stage2 batch error query_id=q_001148: batch_timeout
2026-02-04 12:43:56 WARNING dataset: Stage2 batch error query_id=q_001149: batch_timeout
2026-02-04 12:43:56 WARNING dataset: Stage2 batch error query_id=q_001150: batch_timeout
2026-02-04 12:43:56 WARNING dataset: Stage2 batch error query_id=q_001151: batch_timeout
2026-02-04 12:43:56 WARNING dataset: Stage2 batch error query_id=q_001152: batch_timeout
2026-02-04 12:43:56 WARNING dataset: Stage2 batch error query_id=q_001153: batch_timeout
2026-02-04 12:43:56 WARNING dataset: Stage2 batch error query_id=q_001154: batch_timeout
2026-02-04 12:43:56 WARNING dataset: Stage2 batch error query_id=q_001155: batch_timeout
2026-02-04 12:43:56 WARNING dataset: Stage2 batch error query_id=q_001156: batch_timeout
2026-02-04 12:43:56 WARNING dataset: Stage2 batch error query_id=q_001157: batch_timeout
2026-02-04 12:43:56 WARNING dataset: Stage2 batch error query_id=q_001158: batch_timeout
2026-02-04 12:43:56 WARNING dataset: Stage2 batch error query_id=q_001159: batch_timeout
2026-02-04 12:43:56 WARNING dataset: Stage2 batch error query_id=q_001184: batch_timeout
2026-02-04 12:43:56 WARNING dataset: Stage2 batch error query_id=q_001185: batch_timeout
2026-02-04 12:43:56 WARNING dataset: Stage2 batch error query_id=q_001186: batch_timeout
2026-02-04 12:43:56 WARNING dataset: Stage2 batch error query_id=q_001187: batch_timeout
2026-02-04 12:43:56 WARNING dataset: Stage2 batch error query_id=q_001188: batch_timeout
2026-02-04 12:43:56 WARNING dataset: Stage2 batch error query_id=q_001189: batch_timeout
2026-02-04 12:43:56 WARNING dataset: Stage2 batch error query_id=q_001190: batch_timeout
2026-02-04 12:43:56 WARNING dataset: Stage2 batch error query_id=q_001191: batch_timeout
2026-02-04 12:43:56 WARNING dataset: Stage2 batch error query_id=q_001192: batch_timeout
2026-02-04 12:43:56 WARNING dataset: Stage2 batch error query_id=q_001193: batch_timeout
2026-02-04 12:43:56 WARNING dataset: Stage2 batch error query_id=q_001194: batch_timeout
2026-02-04 12:43:56 WARNING dataset: Stage2 batch error query_id=q_001195: batch_timeout
2026-02-04 12:43:56 WARNING dataset: Stage2 batch error query_id=q_001196: batch_timeout
2026-02-04 12:43:56 WARNING dataset: Stage2 batch error query_id=q_001197: batch_timeout
2026-02-04 12:43:56 WARNING dataset: Stage2 batch error query_id=q_001198: batch_timeout
2026-02-04 12:43:56 WARNING dataset: Stage2 batch error query_id=q_001199: batch_timeout
2026-02-04 12:43:56 WARNING dataset: Stage2 batch error query_id=q_001200: batch_timeout
2026-02-04 12:43:56 WARNING dataset: Stage2 batch error query_id=q_001201: batch_timeout
2026-02-04 12:43:56 WARNING dataset: Stage2 batch error query_id=q_001202: batch_timeout
2026-02-04 12:43:56 WARNING dataset: Stage2 batch error query_id=q_001203: batch_timeout
2026-02-04 12:43:56 WARNING dataset: Stage2 batch error query_id=q_001204: batch_timeout
2026-02-04 12:43:56 WARNING dataset: Stage2 batch error query_id=q_001205: batch_timeout
2026-02-04 12:43:56 WARNING dataset: Stage2 batch error query_id=q_001206: batch_timeout
2026-02-04 12:43:56 WARNING dataset: Stage2 batch error query_id=q_001156: batch_timeout
2026-02-04 12:43:56 WARNING dataset: Stage2 batch error query_id=q_001157: batch_timeout
2026-02-04 12:43:56 WARNING dataset: Stage2 batch error query_id=q_001158: batch_timeout
2026-02-04 12:43:56 WARNING dataset: Stage2 batch error query_id=q_001159: batch_timeout
2026-02-04 12:43:56 WARNING dataset: Stage2 batch error query_id=q_001160: batch_timeout
2026-02-04 12:43:56 WARNING dataset: Stage2 batch error query_id=q_001161: batch_timeout
2026-02-04 12:43:56 WARNING dataset: Stage2 batch error query_id=q_001162: batch_timeout
2026-02-04 12:43:56 WARNING dataset: Stage2 batch error query_id=q_001163: batch_timeout
2026-02-04 12:43:56 WARNING dataset: Stage2 batch error query_id=q_001164: batch_timeout
2026-02-04 12:43:56 WARNING dataset: Stage2 batch error query_id=q_001165: batch_timeout
2026-02-04 12:43:56 WARNING dataset: Stage2 batch error query_id=q_001166: batch_timeout
2026-02-04 12:43:56 WARNING dataset: Stage2 batch error query_id=q_001167: batch_timeout
2026-02-04 12:43:56 WARNING dataset: Stage2 batch error query_id=q_001168: batch_timeout
2026-02-04 12:43:56 WARNING dataset: Stage2 batch error query_id=q_001169: batch_timeout
2026-02-04 12:43:56 WARNING dataset: Stage2 batch error query_id=q_001170: batch_timeout
2026-02-04 12:43:56 WARNING dataset: Stage2 batch error query_id=q_001171: batch_timeout
2026-02-04 12:43:56 WARNING dataset: Stage2 batch error query_id=q_001172: batch_timeout
2026-02-04 12:43:56 WARNING dataset: Stage2 batch error query_id=q_001173: batch_timeout
2026-02-04 12:43:56 WARNING dataset: Stage2 batch error query_id=q_001174: batch_timeout
2026-02-04 12:43:56 WARNING dataset: Stage2 batch error query_id=q_001175: batch_timeout
2026-02-04 12:43:56 WARNING dataset: Stage2 batch error query_id=q_001176: batch_timeout
2026-02-04 12:43:56 WARNING dataset: Stage2 batch error query_id=q_001177: batch_timeout
2026-02-04 12:43:56 WARNING dataset: Stage2 batch error query_id=q_001178: batch_timeout
2026-02-04 12:43:56 WARNING dataset: Stage2 batch error query_id=q_001179: batch_timeout
2026-02-04 12:43:56 WARNING dataset: Stage2 batch error query_id=q_001180: batch_timeout
2026-02-04 12:43:56 WARNING dataset: Stage2 batch error query_id=q_001181: batch_timeout
2026-02-04 12:43:56 WARNING dataset: Stage2 batch error query_id=q_001182: batch_timeout
2026-02-04 12:43:56 WARNING dataset: Stage2 batch error query_id=q_001183: batch_timeout
2026-02-04 12:43:56 WARNING dataset: Stage2 batch error query_id=q_001184: batch_timeout
2026-02-04 12:43:56 WARNING dataset: Stage2 batch error query_id=q_001185: batch_timeout
2026-02-04 12:43:56 WARNING dataset: Stage2 batch error query_id=q_001207: batch_timeout
2026-02-04 12:43:56 WARNING dataset: Stage2 batch error query_id=q_001208: batch_timeout
2026-02-04 12:43:56 WARNING dataset: Stage2 batch error query_id=q_001209: batch_timeout
2026-02-04 12:43:56 WARNING dataset: Stage2 batch error query_id=q_001210: batch_timeout
2026-02-04 12:43:56 WARNING dataset: Stage2 batch error query_id=q_001211: batch_timeout
2026-02-04 12:43:56 WARNING dataset: Stage2 batch error query_id=q_001212: batch_timeout
2026-02-04 12:43:56 WARNING dataset: Stage2 batch error query_id=q_001213: batch_timeout
2026-02-04 12:43:56 WARNING dataset: Stage2 batch error query_id=q_001214: batch_timeout
2026-02-04 12:43:56 WARNING dataset: Stage2 batch error query_id=q_001215: batch_timeout
2026-02-04 12:43:56 WARNING dataset: Stage2 batch error query_id=q_001216: batch_timeout
2026-02-04 12:43:56 WARNING dataset: Stage2 batch error query_id=q_001217: batch_timeout
2026-02-04 12:43:56 WARNING dataset: Stage2 batch error query_id=q_001218: batch_timeout
2026-02-04 12:43:56 WARNING dataset: Stage2 batch error query_id=q_001160: batch_timeout
2026-02-04 12:43:56 WARNING dataset: Stage2 batch error query_id=q_001161: batch_timeout
2026-02-04 12:43:56 WARNING dataset: Stage2 batch error query_id=q_001162: batch_timeout
2026-02-04 12:43:56 WARNING dataset: Stage2 batch error query_id=q_001163: batch_timeout
2026-02-04 12:43:56 WARNING dataset: Stage2 batch error query_id=q_001164: batch_timeout
2026-02-04 12:43:56 WARNING dataset: Stage2 batch error query_id=q_001165: batch_timeout
2026-02-04 12:43:56 WARNING dataset: Stage2 batch error query_id=q_001166: batch_timeout
2026-02-04 12:43:56 WARNING dataset: Stage2 batch error query_id=q_001167: batch_timeout
2026-02-04 12:43:56 WARNING dataset: Stage2 batch error query_id=q_001168: batch_timeout
2026-02-04 12:43:56 WARNING dataset: Stage2 batch error query_id=q_001169: batch_timeout
2026-02-04 12:43:56 WARNING dataset: Stage2 batch error query_id=q_001170: batch_timeout
2026-02-04 12:43:56 WARNING dataset: Stage2 batch error query_id=q_001171: batch_timeout
2026-02-04 12:43:56 WARNING dataset: Stage2 batch error query_id=q_001172: batch_timeout
2026-02-04 12:43:56 WARNING dataset: Stage2 batch error query_id=q_001173: batch_timeout
2026-02-04 12:43:56 WARNING dataset: Stage2 batch error query_id=q_001174: batch_timeout
2026-02-04 12:43:56 WARNING dataset: Stage2 batch error query_id=q_001175: batch_timeout
2026-02-04 12:43:56 WARNING dataset: Stage2 batch error query_id=q_001176: batch_timeout
2026-02-04 12:43:56 WARNING dataset: Stage2 batch error query_id=q_001177: batch_timeout
2026-02-04 12:43:56 WARNING dataset: Stage2 batch error query_id=q_001178: batch_timeout
2026-02-04 12:43:56 WARNING dataset: Stage2 batch error query_id=q_001179: batch_timeout
2026-02-04 12:43:56 WARNING dataset: Stage2 batch error query_id=q_001180: batch_timeout
2026-02-04 12:43:56 WARNING dataset: Stage2 batch error query_id=q_001181: batch_timeout
2026-02-04 12:43:56 WARNING dataset: Stage2 batch error query_id=q_001182: batch_timeout
2026-02-04 12:43:56 WARNING dataset: Stage2 batch error query_id=q_001183: batch_timeout
2026-02-04 12:43:56 WARNING dataset: Stage2 batch error query_id=q_001184: batch_timeout
2026-02-04 12:43:56 WARNING dataset: Stage2 batch error query_id=q_001185: batch_timeout
2026-02-04 12:43:56 WARNING dataset: Stage2 batch error query_id=q_001186: batch_timeout
2026-02-04 12:43:56 WARNING dataset: Stage2 batch error query_id=q_001187: batch_timeout
2026-02-04 12:43:56 WARNING dataset: Stage2 batch error query_id=q_001188: batch_timeout
2026-02-04 12:43:56 WARNING dataset: Stage2 batch error query_id=q_001189: batch_timeout
2026-02-04 12:43:56 WARNING dataset: Stage2 batch error query_id=q_001190: batch_timeout
2026-02-04 12:43:56 WARNING dataset: Stage2 batch error query_id=q_001191: batch_timeout
2026-02-04 12:43:56 WARNING dataset: Stage2 batch error query_id=q_001192: batch_timeout
2026-02-04 12:43:56 WARNING dataset: Stage2 batch error query_id=q_001193: batch_timeout
2026-02-04 12:43:56 WARNING dataset: Stage2 batch error query_id=q_001194: batch_timeout
2026-02-04 12:43:56 WARNING dataset: Stage2 batch error query_id=q_001195: batch_timeout
2026-02-04 12:43:56 WARNING dataset: Stage2 batch error query_id=q_001196: batch_timeout
2026-02-04 12:43:56 WARNING dataset: Stage2 batch error query_id=q_001197: batch_timeout
2026-02-04 12:43:56 WARNING dataset: Stage2 batch error query_id=q_001198: batch_timeout
2026-02-04 12:43:56 WARNING dataset: Stage2 batch error query_id=q_001199: batch_timeout
2026-02-04 12:43:56 WARNING dataset: Stage2 batch error query_id=q_001186: batch_timeout
2026-02-04 12:43:56 WARNING dataset: Stage2 batch error query_id=q_001187: batch_timeout
2026-02-04 12:43:56 WARNING dataset: Stage2 batch error query_id=q_001188: batch_timeout
2026-02-04 12:43:56 WARNING dataset: Stage2 batch error query_id=q_001189: batch_timeout
2026-02-04 12:43:56 WARNING dataset: Stage2 batch error query_id=q_001190: batch_timeout
2026-02-04 12:43:56 WARNING dataset: Stage2 batch error query_id=q_001191: batch_timeout
2026-02-04 12:43:56 WARNING dataset: Stage2 batch error query_id=q_001192: batch_timeout
2026-02-04 12:43:56 WARNING dataset: Stage2 batch error query_id=q_001193: batch_timeout
2026-02-04 12:43:56 WARNING dataset: Stage2 batch error query_id=q_001194: batch_timeout
2026-02-04 12:43:56 WARNING dataset: Stage2 batch error query_id=q_001195: batch_timeout
2026-02-04 12:43:56 WARNING dataset: Stage2 batch error query_id=q_001196: batch_timeout
2026-02-04 12:43:56 WARNING dataset: Stage2 batch error query_id=q_001197: batch_timeout
2026-02-04 12:43:56 WARNING dataset: Stage2 batch error query_id=q_001198: batch_timeout
2026-02-04 12:43:56 WARNING dataset: Stage2 batch error query_id=q_001199: batch_timeout
2026-02-04 12:43:56 WARNING dataset: Stage2 batch error query_id=q_001200: batch_timeout
2026-02-04 12:43:56 WARNING dataset: Stage2 batch error query_id=q_001201: batch_timeout
2026-02-04 12:43:56 WARNING dataset: Stage2 batch error query_id=q_001202: batch_timeout
2026-02-04 12:43:56 WARNING dataset: Stage2 batch error query_id=q_001203: batch_timeout
2026-02-04 12:43:56 WARNING dataset: Stage2 batch error query_id=q_001204: batch_timeout
2026-02-04 12:43:56 WARNING dataset: Stage2 batch error query_id=q_001205: batch_timeout
2026-02-04 12:43:56 WARNING dataset: Stage2 batch error query_id=q_001206: batch_timeout
2026-02-04 12:43:56 WARNING dataset: Stage2 batch error query_id=q_001207: batch_timeout
2026-02-04 12:43:56 WARNING dataset: Stage2 batch error query_id=q_001208: batch_timeout
2026-02-04 12:43:56 WARNING dataset: Stage2 batch error query_id=q_001209: batch_timeout
2026-02-04 12:43:56 WARNING dataset: Stage2 batch error query_id=q_001210: batch_timeout
2026-02-04 12:43:56 WARNING dataset: Stage2 batch error query_id=q_001211: batch_timeout
2026-02-04 12:43:56 WARNING dataset: Stage2 batch error query_id=q_001212: batch_timeout
2026-02-04 12:43:56 WARNING dataset: Stage2 batch error query_id=q_001213: batch_timeout
2026-02-04 12:43:56 WARNING dataset: Stage2 batch error query_id=q_001214: batch_timeout
2026-02-04 12:43:56 WARNING dataset: Stage2 batch error query_id=q_001215: batch_timeout
2026-02-04 12:43:56 WARNING dataset: Stage2 batch error query_id=q_001216: batch_timeout
2026-02-04 12:43:56 WARNING dataset: Stage2 batch error query_id=q_001217: batch_timeout
2026-02-04 12:43:56 WARNING dataset: Stage2 batch error query_id=q_001218: batch_timeout
2026-02-04 12:44:06 ERROR dataset: Stage1 rate limit info: limits={'rpm': None, 'tpm': None, 'rpd': None, 'note': 'set per your Google project tier'} headers=none
2026-02-04 12:44:06 ERROR dataset: Stage1 error intent=product_lookup: rate limit hit provider=gemini model=gemini-3-pro-preview limits={'rpm': None, 'tpm': None, 'rpd': None, 'note': 'set per your Google project tier'} headers=none
2026-02-04 12:44:22 ERROR dataset: Stage1 rate limit info: limits={'rpm': None, 'tpm': None, 'rpd': None, 'note': 'set per your Google project tier'} headers=none
2026-02-04 12:44:22 ERROR dataset: Stage1 error intent=Documentation: rate limit hit provider=gemini model=gemini-3-pro-preview limits={'rpm': None, 'tpm': None, 'rpd': None, 'note': 'set per your Google project tier'} headers=none
2026-02-04 12:44:38 ERROR dataset: Stage1 rate limit info: limits={'rpm': None, 'tpm': None, 'rpd': None, 'note': 'set per your Google project tier'} headers=none
2026-02-04 12:44:38 ERROR dataset: Stage1 error intent=Documentation: rate limit hit provider=gemini model=gemini-3-pro-preview limits={'rpm': None, 'tpm': None, 'rpd': None, 'note': 'set per your Google project tier'} headers=none
2026-02-04 12:44:50 ERROR dataset: Stage1 rate limit info: limits={'rpm': None, 'tpm': None, 'rpd': None, 'note': 'set per your Google project tier'} headers=none
2026-02-04 12:44:50 ERROR dataset: Stage1 error intent=Documentation: rate limit hit provider=gemini model=gemini-3-pro-preview limits={'rpm': None, 'tpm': None, 'rpd': None, 'note': 'set per your Google project tier'} headers=none
2026-02-04 12:49:07 WARNING dataset: Stage2 batch error query_id=q_001219: batch_timeout
2026-02-04 12:49:07 WARNING dataset: Stage2 batch error query_id=q_001220: batch_timeout
2026-02-04 12:49:07 WARNING dataset: Stage2 batch error query_id=q_001221: batch_timeout
2026-02-04 12:49:07 WARNING dataset: Stage2 batch error query_id=q_001222: batch_timeout
2026-02-04 12:49:07 WARNING dataset: Stage2 batch error query_id=q_001223: batch_timeout
2026-02-04 12:49:07 WARNING dataset: Stage2 batch error query_id=q_001224: batch_timeout
2026-02-04 12:49:07 WARNING dataset: Stage2 batch error query_id=q_001225: batch_timeout
2026-02-04 12:49:07 WARNING dataset: Stage2 batch error query_id=q_001226: batch_timeout
2026-02-04 12:49:07 WARNING dataset: Stage2 batch error query_id=q_001227: batch_timeout
2026-02-04 12:49:07 WARNING dataset: Stage2 batch error query_id=q_001228: batch_timeout
2026-02-04 12:49:07 WARNING dataset: Stage2 batch error query_id=q_001229: batch_timeout
2026-02-04 12:49:07 WARNING dataset: Stage2 batch error query_id=q_001230: batch_timeout
2026-02-04 12:49:07 WARNING dataset: Stage2 batch error query_id=q_001231: batch_timeout
2026-02-04 12:49:07 WARNING dataset: Stage2 batch error query_id=q_001232: batch_timeout
2026-02-04 12:49:07 WARNING dataset: Stage2 batch error query_id=q_001233: batch_timeout
2026-02-04 12:49:07 WARNING dataset: Stage2 batch error query_id=q_001234: batch_timeout
2026-02-04 12:49:07 WARNING dataset: Stage2 batch error query_id=q_001235: batch_timeout
2026-02-04 12:49:07 WARNING dataset: Stage2 batch error query_id=q_001236: batch_timeout
2026-02-04 12:49:07 WARNING dataset: Stage2 batch error query_id=q_001237: batch_timeout
2026-02-04 12:49:07 WARNING dataset: Stage2 batch error query_id=q_001238: batch_timeout
2026-02-04 12:49:07 WARNING dataset: Stage2 batch error query_id=q_001239: batch_timeout
2026-02-04 12:49:07 WARNING dataset: Stage2 batch error query_id=q_001240: batch_timeout
2026-02-04 12:49:07 WARNING dataset: Stage2 batch error query_id=q_001200: batch_timeout
2026-02-04 12:49:07 WARNING dataset: Stage2 batch error query_id=q_001201: batch_timeout
2026-02-04 12:49:07 WARNING dataset: Stage2 batch error query_id=q_001202: batch_timeout
2026-02-04 12:49:07 WARNING dataset: Stage2 batch error query_id=q_001203: batch_timeout
2026-02-04 12:49:07 WARNING dataset: Stage2 batch error query_id=q_001204: batch_timeout
2026-02-04 12:49:07 WARNING dataset: Stage2 batch error query_id=q_001205: batch_timeout
2026-02-04 12:49:07 WARNING dataset: Stage2 batch error query_id=q_001206: batch_timeout
2026-02-04 12:49:07 WARNING dataset: Stage2 batch error query_id=q_001207: batch_timeout
2026-02-04 12:49:07 WARNING dataset: Stage2 batch error query_id=q_001208: batch_timeout
2026-02-04 12:49:07 WARNING dataset: Stage2 batch error query_id=q_001209: batch_timeout
2026-02-04 12:49:07 WARNING dataset: Stage2 batch error query_id=q_001210: batch_timeout
2026-02-04 12:49:07 WARNING dataset: Stage2 batch error query_id=q_001211: batch_timeout
2026-02-04 12:49:07 WARNING dataset: Stage2 batch error query_id=q_001212: batch_timeout
2026-02-04 12:49:07 WARNING dataset: Stage2 batch error query_id=q_001213: batch_timeout
2026-02-04 12:49:07 WARNING dataset: Stage2 batch error query_id=q_001214: batch_timeout
2026-02-04 12:49:07 WARNING dataset: Stage2 batch error query_id=q_001215: batch_timeout
2026-02-04 12:49:07 WARNING dataset: Stage2 batch error query_id=q_001216: batch_timeout
2026-02-04 12:49:07 WARNING dataset: Stage2 batch error query_id=q_001217: batch_timeout
2026-02-04 12:49:07 WARNING dataset: Stage2 batch error query_id=q_001218: batch_timeout
2026-02-04 12:49:07 WARNING dataset: Stage2 batch error query_id=q_001219: batch_timeout
2026-02-04 12:49:07 WARNING dataset: Stage2 batch error query_id=q_001220: batch_timeout
2026-02-04 12:49:07 WARNING dataset: Stage2 batch error query_id=q_001221: batch_timeout
2026-02-04 12:49:07 WARNING dataset: Stage2 batch error query_id=q_001241: batch_timeout
2026-02-04 12:49:07 WARNING dataset: Stage2 batch error query_id=q_001242: batch_timeout
2026-02-04 12:49:07 WARNING dataset: Stage2 batch error query_id=q_001243: batch_timeout
2026-02-04 12:49:07 WARNING dataset: Stage2 batch error query_id=q_001244: batch_timeout
2026-02-04 12:49:07 WARNING dataset: Stage2 batch error query_id=q_001245: batch_timeout
2026-02-04 12:49:07 WARNING dataset: Stage2 batch error query_id=q_001246: batch_timeout
2026-02-04 12:49:07 WARNING dataset: Stage2 batch error query_id=q_001247: batch_timeout
2026-02-04 12:49:07 WARNING dataset: Stage2 batch error query_id=q_001248: batch_timeout
2026-02-04 12:49:07 WARNING dataset: Stage2 batch error query_id=q_001249: batch_timeout
2026-02-04 12:49:07 WARNING dataset: Stage2 batch error query_id=q_001250: batch_timeout
2026-02-04 12:49:07 WARNING dataset: Stage2 batch error query_id=q_001251: batch_timeout
2026-02-04 12:49:07 WARNING dataset: Stage2 batch error query_id=q_001252: batch_timeout
2026-02-04 12:49:07 WARNING dataset: Stage2 batch error query_id=q_001253: batch_timeout
2026-02-04 12:49:07 WARNING dataset: Stage2 batch error query_id=q_001254: batch_timeout
2026-02-04 12:49:07 WARNING dataset: Stage2 batch error query_id=q_001255: batch_timeout
2026-02-04 12:49:07 WARNING dataset: Stage2 batch error query_id=q_001256: batch_timeout
2026-02-04 12:49:07 WARNING dataset: Stage2 batch error query_id=q_001257: batch_timeout
2026-02-04 12:49:07 WARNING dataset: Stage2 batch error query_id=q_001258: batch_timeout
2026-02-04 12:49:07 WARNING dataset: Stage2 batch error query_id=q_001259: batch_timeout
2026-02-04 12:49:07 WARNING dataset: Stage2 batch error query_id=q_001260: batch_timeout
2026-02-04 12:49:07 WARNING dataset: Stage2 batch error query_id=q_001261: batch_timeout
2026-02-04 12:49:07 WARNING dataset: Stage2 batch error query_id=q_001262: batch_timeout
2026-02-04 12:49:07 WARNING dataset: Stage2 batch error query_id=q_001263: batch_timeout
2026-02-04 12:49:07 WARNING dataset: Stage2 batch error query_id=q_001264: batch_timeout
2026-02-04 12:49:07 WARNING dataset: Stage2 batch error query_id=q_001265: batch_timeout
2026-02-04 12:49:07 WARNING dataset: Stage2 batch error query_id=q_001222: batch_timeout
2026-02-04 12:49:07 WARNING dataset: Stage2 batch error query_id=q_001223: batch_timeout
2026-02-04 12:49:07 WARNING dataset: Stage2 batch error query_id=q_001224: batch_timeout
2026-02-04 12:49:07 WARNING dataset: Stage2 batch error query_id=q_001225: batch_timeout
2026-02-04 12:49:07 WARNING dataset: Stage2 batch error query_id=q_001226: batch_timeout
2026-02-04 12:49:07 WARNING dataset: Stage2 batch error query_id=q_001227: batch_timeout
2026-02-04 12:49:07 WARNING dataset: Stage2 batch error query_id=q_001228: batch_timeout
2026-02-04 12:49:07 WARNING dataset: Stage2 batch error query_id=q_001229: batch_timeout
2026-02-04 12:49:07 WARNING dataset: Stage2 batch error query_id=q_001230: batch_timeout
2026-02-04 12:49:07 WARNING dataset: Stage2 batch error query_id=q_001231: batch_timeout
2026-02-04 12:49:07 WARNING dataset: Stage2 batch error query_id=q_001232: batch_timeout
2026-02-04 12:49:07 WARNING dataset: Stage2 batch error query_id=q_001233: batch_timeout
2026-02-04 12:49:07 WARNING dataset: Stage2 batch error query_id=q_001234: batch_timeout
2026-02-04 12:49:07 WARNING dataset: Stage2 batch error query_id=q_001235: batch_timeout
2026-02-04 12:49:07 WARNING dataset: Stage2 batch error query_id=q_001236: batch_timeout
2026-02-04 12:49:07 WARNING dataset: Stage2 batch error query_id=q_001237: batch_timeout
2026-02-04 12:49:07 WARNING dataset: Stage2 batch error query_id=q_001238: batch_timeout
2026-02-04 12:49:07 WARNING dataset: Stage2 batch error query_id=q_001239: batch_timeout
2026-02-04 12:49:07 WARNING dataset: Stage2 batch error query_id=q_001240: batch_timeout
2026-02-04 12:49:07 WARNING dataset: Stage2 batch error query_id=q_001241: batch_timeout
2026-02-04 12:49:07 WARNING dataset: Stage2 batch error query_id=q_001242: batch_timeout
2026-02-04 12:49:07 WARNING dataset: Stage2 batch error query_id=q_001243: batch_timeout
2026-02-04 12:49:07 WARNING dataset: Stage2 batch error query_id=q_001244: batch_timeout
2026-02-04 12:49:07 WARNING dataset: Stage2 batch error query_id=q_001245: batch_timeout
2026-02-04 12:49:07 WARNING dataset: Stage2 batch error query_id=q_001219: batch_timeout
2026-02-04 12:49:07 WARNING dataset: Stage2 batch error query_id=q_001220: batch_timeout
2026-02-04 12:49:07 WARNING dataset: Stage2 batch error query_id=q_001221: batch_timeout
2026-02-04 12:49:07 WARNING dataset: Stage2 batch error query_id=q_001222: batch_timeout
2026-02-04 12:49:07 WARNING dataset: Stage2 batch error query_id=q_001223: batch_timeout
2026-02-04 12:49:07 WARNING dataset: Stage2 batch error query_id=q_001224: batch_timeout
2026-02-04 12:49:07 WARNING dataset: Stage2 batch error query_id=q_001225: batch_timeout
2026-02-04 12:49:07 WARNING dataset: Stage2 batch error query_id=q_001226: batch_timeout
2026-02-04 12:49:07 WARNING dataset: Stage2 batch error query_id=q_001227: batch_timeout
2026-02-04 12:49:07 WARNING dataset: Stage2 batch error query_id=q_001228: batch_timeout
2026-02-04 12:49:07 WARNING dataset: Stage2 batch error query_id=q_001229: batch_timeout
2026-02-04 12:49:07 WARNING dataset: Stage2 batch error query_id=q_001230: batch_timeout
2026-02-04 12:49:07 WARNING dataset: Stage2 batch error query_id=q_001231: batch_timeout
2026-02-04 12:49:07 WARNING dataset: Stage2 batch error query_id=q_001232: batch_timeout
2026-02-04 12:49:07 WARNING dataset: Stage2 batch error query_id=q_001233: batch_timeout
2026-02-04 12:49:07 WARNING dataset: Stage2 batch error query_id=q_001234: batch_timeout
2026-02-04 12:49:07 WARNING dataset: Stage2 batch error query_id=q_001235: batch_timeout
2026-02-04 12:49:07 WARNING dataset: Stage2 batch error query_id=q_001236: batch_timeout
2026-02-04 12:49:07 WARNING dataset: Stage2 batch error query_id=q_001237: batch_timeout
2026-02-04 12:49:07 WARNING dataset: Stage2 batch error query_id=q_001238: batch_timeout
2026-02-04 12:49:07 WARNING dataset: Stage2 batch error query_id=q_001239: batch_timeout
2026-02-04 12:49:07 WARNING dataset: Stage2 batch error query_id=q_001240: batch_timeout
2026-02-04 12:49:07 WARNING dataset: Stage2 batch error query_id=q_001266: batch_timeout
2026-02-04 12:49:07 WARNING dataset: Stage2 batch error query_id=q_001267: batch_timeout
2026-02-04 12:49:07 WARNING dataset: Stage2 batch error query_id=q_001268: batch_timeout
2026-02-04 12:49:07 WARNING dataset: Stage2 batch error query_id=q_001269: batch_timeout
2026-02-04 12:49:07 WARNING dataset: Stage2 batch error query_id=q_001270: batch_timeout
2026-02-04 12:49:07 WARNING dataset: Stage2 batch error query_id=q_001271: batch_timeout
2026-02-04 12:49:07 WARNING dataset: Stage2 batch error query_id=q_001272: batch_timeout
2026-02-04 12:49:07 WARNING dataset: Stage2 batch error query_id=q_001273: batch_timeout
2026-02-04 12:49:07 WARNING dataset: Stage2 batch error query_id=q_001274: batch_timeout
2026-02-04 12:49:07 WARNING dataset: Stage2 batch error query_id=q_001275: batch_timeout
2026-02-04 12:49:07 WARNING dataset: Stage2 batch error query_id=q_001276: batch_timeout
2026-02-04 12:49:07 WARNING dataset: Stage2 batch error query_id=q_001277: batch_timeout
2026-02-04 12:49:07 WARNING dataset: Stage2 batch error query_id=q_001278: batch_timeout
2026-02-04 12:49:07 WARNING dataset: Stage2 batch error query_id=q_001279: batch_timeout
2026-02-04 12:49:07 WARNING dataset: Stage2 batch error query_id=q_001246: batch_timeout
2026-02-04 12:49:07 WARNING dataset: Stage2 batch error query_id=q_001247: batch_timeout
2026-02-04 12:49:07 WARNING dataset: Stage2 batch error query_id=q_001248: batch_timeout
2026-02-04 12:49:07 WARNING dataset: Stage2 batch error query_id=q_001249: batch_timeout
2026-02-04 12:49:07 WARNING dataset: Stage2 batch error query_id=q_001250: batch_timeout
2026-02-04 12:49:07 WARNING dataset: Stage2 batch error query_id=q_001251: batch_timeout
2026-02-04 12:49:07 WARNING dataset: Stage2 batch error query_id=q_001252: batch_timeout
2026-02-04 12:49:07 WARNING dataset: Stage2 batch error query_id=q_001253: batch_timeout
2026-02-04 12:49:07 WARNING dataset: Stage2 batch error query_id=q_001254: batch_timeout
2026-02-04 12:49:07 WARNING dataset: Stage2 batch error query_id=q_001255: batch_timeout
2026-02-04 12:49:07 WARNING dataset: Stage2 batch error query_id=q_001256: batch_timeout
2026-02-04 12:49:07 WARNING dataset: Stage2 batch error query_id=q_001257: batch_timeout
2026-02-04 12:49:07 WARNING dataset: Stage2 batch error query_id=q_001258: batch_timeout
2026-02-04 12:49:07 WARNING dataset: Stage2 batch error query_id=q_001259: batch_timeout
2026-02-04 12:49:07 WARNING dataset: Stage2 batch error query_id=q_001260: batch_timeout
2026-02-04 12:49:07 WARNING dataset: Stage2 batch error query_id=q_001261: batch_timeout
2026-02-04 12:49:07 WARNING dataset: Stage2 batch error query_id=q_001262: batch_timeout
2026-02-04 12:49:07 WARNING dataset: Stage2 batch error query_id=q_001263: batch_timeout
2026-02-04 12:49:07 WARNING dataset: Stage2 batch error query_id=q_001264: batch_timeout
2026-02-04 12:49:07 WARNING dataset: Stage2 batch error query_id=q_001241: batch_timeout
2026-02-04 12:49:07 WARNING dataset: Stage2 batch error query_id=q_001242: batch_timeout
2026-02-04 12:49:07 WARNING dataset: Stage2 batch error query_id=q_001243: batch_timeout
2026-02-04 12:49:07 WARNING dataset: Stage2 batch error query_id=q_001244: batch_timeout
2026-02-04 12:49:07 WARNING dataset: Stage2 batch error query_id=q_001245: batch_timeout
2026-02-04 12:49:07 WARNING dataset: Stage2 batch error query_id=q_001246: batch_timeout
2026-02-04 12:49:07 WARNING dataset: Stage2 batch error query_id=q_001247: batch_timeout
2026-02-04 12:49:07 WARNING dataset: Stage2 batch error query_id=q_001248: batch_timeout
2026-02-04 12:49:07 WARNING dataset: Stage2 batch error query_id=q_001249: batch_timeout
2026-02-04 12:49:07 WARNING dataset: Stage2 batch error query_id=q_001250: batch_timeout
2026-02-04 12:49:07 WARNING dataset: Stage2 batch error query_id=q_001251: batch_timeout
2026-02-04 12:49:07 WARNING dataset: Stage2 batch error query_id=q_001252: batch_timeout
2026-02-04 12:49:07 WARNING dataset: Stage2 batch error query_id=q_001253: batch_timeout
2026-02-04 12:49:07 WARNING dataset: Stage2 batch error query_id=q_001254: batch_timeout
2026-02-04 12:49:07 WARNING dataset: Stage2 batch error query_id=q_001255: batch_timeout
2026-02-04 12:49:07 WARNING dataset: Stage2 batch error query_id=q_001256: batch_timeout
2026-02-04 12:49:07 WARNING dataset: Stage2 batch error query_id=q_001257: batch_timeout
2026-02-04 12:49:07 WARNING dataset: Stage2 batch error query_id=q_001258: batch_timeout
2026-02-04 12:49:07 WARNING dataset: Stage2 batch error query_id=q_001259: batch_timeout
2026-02-04 12:49:07 WARNING dataset: Stage2 batch error query_id=q_001260: batch_timeout
2026-02-04 12:49:07 WARNING dataset: Stage2 batch error query_id=q_001261: batch_timeout
2026-02-04 12:49:07 WARNING dataset: Stage2 batch error query_id=q_001262: batch_timeout
2026-02-04 12:49:07 WARNING dataset: Stage2 batch error query_id=q_001263: batch_timeout
2026-02-04 12:49:07 WARNING dataset: Stage2 batch error query_id=q_001264: batch_timeout
2026-02-04 12:49:07 WARNING dataset: Stage2 batch error query_id=q_001280: batch_timeout
2026-02-04 12:49:07 WARNING dataset: Stage2 batch error query_id=q_001281: batch_timeout
2026-02-04 12:49:07 WARNING dataset: Stage2 batch error query_id=q_001282: batch_timeout
2026-02-04 12:49:07 WARNING dataset: Stage2 batch error query_id=q_001283: batch_timeout
2026-02-04 12:49:07 WARNING dataset: Stage2 batch error query_id=q_001284: batch_timeout
2026-02-04 12:49:07 WARNING dataset: Stage2 batch error query_id=q_001285: batch_timeout
2026-02-04 12:49:07 WARNING dataset: Stage2 batch error query_id=q_001286: batch_timeout
2026-02-04 12:49:07 WARNING dataset: Stage2 batch error query_id=q_001287: batch_timeout
2026-02-04 12:49:07 WARNING dataset: Stage2 batch error query_id=q_001288: batch_timeout
2026-02-04 12:49:07 WARNING dataset: Stage2 batch error query_id=q_001289: batch_timeout
2026-02-04 12:49:07 WARNING dataset: Stage2 batch error query_id=q_001290: batch_timeout
2026-02-04 12:49:07 WARNING dataset: Stage2 batch error query_id=q_001291: batch_timeout
2026-02-04 12:49:07 WARNING dataset: Stage2 batch error query_id=q_001292: batch_timeout
2026-02-04 12:49:07 WARNING dataset: Stage2 batch error query_id=q_001293: batch_timeout
2026-02-04 12:49:07 WARNING dataset: Stage2 batch error query_id=q_001294: batch_timeout
2026-02-04 12:49:07 WARNING dataset: Stage2 batch error query_id=q_001295: batch_timeout
2026-02-04 12:49:07 WARNING dataset: Stage2 batch error query_id=q_001296: batch_timeout
2026-02-04 12:49:07 WARNING dataset: Stage2 batch error query_id=q_001297: batch_timeout
2026-02-04 12:49:07 WARNING dataset: Stage2 batch error query_id=q_001298: batch_timeout
2026-02-04 12:49:07 WARNING dataset: Stage2 batch error query_id=q_001299: batch_timeout
2026-02-04 12:49:07 WARNING dataset: Stage2 batch error query_id=q_001300: batch_timeout
2026-02-04 12:49:07 WARNING dataset: Stage2 batch error query_id=q_001301: batch_timeout
2026-02-04 12:49:07 WARNING dataset: Stage2 batch error query_id=q_001265: batch_timeout
2026-02-04 12:49:07 WARNING dataset: Stage2 batch error query_id=q_001266: batch_timeout
2026-02-04 12:49:07 WARNING dataset: Stage2 batch error query_id=q_001267: batch_timeout
2026-02-04 12:49:07 WARNING dataset: Stage2 batch error query_id=q_001268: batch_timeout
2026-02-04 12:49:07 WARNING dataset: Stage2 batch error query_id=q_001269: batch_timeout
2026-02-04 12:49:07 WARNING dataset: Stage2 batch error query_id=q_001270: batch_timeout
2026-02-04 12:49:07 WARNING dataset: Stage2 batch error query_id=q_001271: batch_timeout
2026-02-04 12:49:07 WARNING dataset: Stage2 batch error query_id=q_001272: batch_timeout
2026-02-04 12:49:07 WARNING dataset: Stage2 batch error query_id=q_001273: batch_timeout
2026-02-04 12:49:07 WARNING dataset: Stage2 batch error query_id=q_001274: batch_timeout
2026-02-04 12:49:07 WARNING dataset: Stage2 batch error query_id=q_001275: batch_timeout
2026-02-04 12:49:07 WARNING dataset: Stage2 batch error query_id=q_001276: batch_timeout
2026-02-04 12:49:07 WARNING dataset: Stage2 batch error query_id=q_001277: batch_timeout
2026-02-04 12:49:07 WARNING dataset: Stage2 batch error query_id=q_001278: batch_timeout
2026-02-04 12:49:07 WARNING dataset: Stage2 batch error query_id=q_001279: batch_timeout
2026-02-04 12:49:07 WARNING dataset: Stage2 batch error query_id=q_001280: batch_timeout
2026-02-04 12:49:07 WARNING dataset: Stage2 batch error query_id=q_001281: batch_timeout
2026-02-04 12:49:07 WARNING dataset: Stage2 batch error query_id=q_001282: batch_timeout
2026-02-04 12:49:07 WARNING dataset: Stage2 batch error query_id=q_001283: batch_timeout
2026-02-04 12:49:07 WARNING dataset: Stage2 batch error query_id=q_001284: batch_timeout
2026-02-04 12:49:07 WARNING dataset: Stage2 batch error query_id=q_001285: batch_timeout
2026-02-04 12:49:07 WARNING dataset: Stage2 batch error query_id=q_001286: batch_timeout
2026-02-04 12:49:07 WARNING dataset: Stage2 batch error query_id=q_001302: batch_timeout
2026-02-04 12:49:07 WARNING dataset: Stage2 batch error query_id=q_001303: batch_timeout
2026-02-04 12:49:07 WARNING dataset: Stage2 batch error query_id=q_001304: batch_timeout
2026-02-04 12:49:07 WARNING dataset: Stage2 batch error query_id=q_001305: batch_timeout
2026-02-04 12:49:07 WARNING dataset: Stage2 batch error query_id=q_001265: batch_timeout
2026-02-04 12:49:07 WARNING dataset: Stage2 batch error query_id=q_001266: batch_timeout
2026-02-04 12:49:07 WARNING dataset: Stage2 batch error query_id=q_001267: batch_timeout
2026-02-04 12:49:07 WARNING dataset: Stage2 batch error query_id=q_001268: batch_timeout
2026-02-04 12:49:07 WARNING dataset: Stage2 batch error query_id=q_001269: batch_timeout
2026-02-04 12:49:07 WARNING dataset: Stage2 batch error query_id=q_001270: batch_timeout
2026-02-04 12:49:07 WARNING dataset: Stage2 batch error query_id=q_001271: batch_timeout
2026-02-04 12:49:07 WARNING dataset: Stage2 batch error query_id=q_001272: batch_timeout
2026-02-04 12:49:07 WARNING dataset: Stage2 batch error query_id=q_001273: batch_timeout
2026-02-04 12:49:07 WARNING dataset: Stage2 batch error query_id=q_001274: batch_timeout
2026-02-04 12:49:07 WARNING dataset: Stage2 batch error query_id=q_001275: batch_timeout
2026-02-04 12:49:07 WARNING dataset: Stage2 batch error query_id=q_001276: batch_timeout
2026-02-04 12:49:07 WARNING dataset: Stage2 batch error query_id=q_001277: batch_timeout
2026-02-04 12:49:07 WARNING dataset: Stage2 batch error query_id=q_001278: batch_timeout
2026-02-04 12:49:07 WARNING dataset: Stage2 batch error query_id=q_001279: batch_timeout
2026-02-04 12:49:07 WARNING dataset: Stage2 batch error query_id=q_001280: batch_timeout
2026-02-04 12:49:07 WARNING dataset: Stage2 batch error query_id=q_001281: batch_timeout
2026-02-04 12:49:07 WARNING dataset: Stage2 batch error query_id=q_001282: batch_timeout
2026-02-04 12:49:07 WARNING dataset: Stage2 batch error query_id=q_001283: batch_timeout
2026-02-04 12:49:07 WARNING dataset: Stage2 batch error query_id=q_001284: batch_timeout
2026-02-04 12:49:07 WARNING dataset: Stage2 batch error query_id=q_001285: batch_timeout
2026-02-04 12:49:07 WARNING dataset: Stage2 batch error query_id=q_001286: batch_timeout
2026-02-04 12:49:07 WARNING dataset: Stage2 batch error query_id=q_001287: batch_timeout
2026-02-04 12:49:07 WARNING dataset: Stage2 batch error query_id=q_001288: batch_timeout
2026-02-04 12:49:07 WARNING dataset: Stage2 batch error query_id=q_001289: batch_timeout
2026-02-04 12:49:07 WARNING dataset: Stage2 batch error query_id=q_001290: batch_timeout
2026-02-04 12:49:07 WARNING dataset: Stage2 batch error query_id=q_001291: batch_timeout
2026-02-04 12:49:07 WARNING dataset: Stage2 batch error query_id=q_001292: batch_timeout
2026-02-04 12:49:07 WARNING dataset: Stage2 batch error query_id=q_001293: batch_timeout
2026-02-04 12:49:07 WARNING dataset: Stage2 batch error query_id=q_001294: batch_timeout
2026-02-04 12:49:07 WARNING dataset: Stage2 batch error query_id=q_001295: batch_timeout
2026-02-04 12:49:07 WARNING dataset: Stage2 batch error query_id=q_001296: batch_timeout
2026-02-04 12:49:07 WARNING dataset: Stage2 batch error query_id=q_001297: batch_timeout
2026-02-04 12:49:07 WARNING dataset: Stage2 batch error query_id=q_001298: batch_timeout
2026-02-04 12:49:07 WARNING dataset: Stage2 batch error query_id=q_001299: batch_timeout
2026-02-04 12:49:07 WARNING dataset: Stage2 batch error query_id=q_001300: batch_timeout
2026-02-04 12:49:07 WARNING dataset: Stage2 batch error query_id=q_001301: batch_timeout
2026-02-04 12:49:07 WARNING dataset: Stage2 batch error query_id=q_001302: batch_timeout
2026-02-04 12:49:07 WARNING dataset: Stage2 batch error query_id=q_001303: batch_timeout
2026-02-04 12:49:07 WARNING dataset: Stage2 batch error query_id=q_001304: batch_timeout
2026-02-04 12:49:07 WARNING dataset: Stage2 batch error query_id=q_001305: batch_timeout
2026-02-04 12:52:49 ERROR dataset: Stage1 rate limit info: limits={'rpm': None, 'tpm': None, 'rpd': None, 'note': 'set per your Google project tier'} headers=none
2026-02-04 12:52:49 ERROR dataset: Stage1 error intent=product_lookup: rate limit hit provider=gemini model=gemini-3-pro-preview limits={'rpm': None, 'tpm': None, 'rpd': None, 'note': 'set per your Google project tier'} headers=none
2026-02-04 12:52:49 ERROR dataset: Stage1 stopping intent=product_lookup after 3 failures
2026-02-04 12:53:05 ERROR dataset: Stage1 rate limit info: limits={'rpm': None, 'tpm': None, 'rpd': None, 'note': 'set per your Google project tier'} headers=none
2026-02-04 12:53:05 ERROR dataset: Stage1 error intent=Documentation: rate limit hit provider=gemini model=gemini-3-pro-preview limits={'rpm': None, 'tpm': None, 'rpd': None, 'note': 'set per your Google project tier'} headers=none
2026-02-04 12:53:05 ERROR dataset: Stage1 stopping intent=Documentation after 3 failures
2026-02-04 12:53:20 ERROR dataset: Stage1 rate limit info: limits={'rpm': None, 'tpm': None, 'rpd': None, 'note': 'set per your Google project tier'} headers=none
2026-02-04 12:53:20 ERROR dataset: Stage1 error intent=Documentation: rate limit hit provider=gemini model=gemini-3-pro-preview limits={'rpm': None, 'tpm': None, 'rpd': None, 'note': 'set per your Google project tier'} headers=none
2026-02-04 12:53:20 ERROR dataset: Stage1 stopping intent=Documentation after 3 failures
2026-02-04 12:53:33 ERROR dataset: Stage1 rate limit info: limits={'rpm': None, 'tpm': None, 'rpd': None, 'note': 'set per your Google project tier'} headers=none
2026-02-04 12:53:33 ERROR dataset: Stage1 error intent=Documentation: rate limit hit provider=gemini model=gemini-3-pro-preview limits={'rpm': None, 'tpm': None, 'rpd': None, 'note': 'set per your Google project tier'} headers=none
2026-02-04 12:53:33 ERROR dataset: Stage1 stopping intent=Documentation after 3 failures
2026-02-04 12:54:17 WARNING dataset: Stage2 batch error query_id=q_001287: batch_timeout
2026-02-04 12:54:17 WARNING dataset: Stage2 batch error query_id=q_001288: batch_timeout
2026-02-04 12:54:17 WARNING dataset: Stage2 batch error query_id=q_001289: batch_timeout
2026-02-04 12:54:17 WARNING dataset: Stage2 batch error query_id=q_001290: batch_timeout
2026-02-04 12:54:17 WARNING dataset: Stage2 batch error query_id=q_001291: batch_timeout
2026-02-04 12:54:17 WARNING dataset: Stage2 batch error query_id=q_001292: batch_timeout
2026-02-04 12:54:17 WARNING dataset: Stage2 batch error query_id=q_001293: batch_timeout
2026-02-04 12:54:17 WARNING dataset: Stage2 batch error query_id=q_001294: batch_timeout
2026-02-04 12:54:17 WARNING dataset: Stage2 batch error query_id=q_001295: batch_timeout
2026-02-04 12:54:17 WARNING dataset: Stage2 batch error query_id=q_001296: batch_timeout
2026-02-04 12:54:17 WARNING dataset: Stage2 batch error query_id=q_001297: batch_timeout
2026-02-04 12:54:17 WARNING dataset: Stage2 batch error query_id=q_001298: batch_timeout
2026-02-04 12:54:17 WARNING dataset: Stage2 batch error query_id=q_001299: batch_timeout
2026-02-04 12:54:17 WARNING dataset: Stage2 batch error query_id=q_001300: batch_timeout
2026-02-04 12:54:17 WARNING dataset: Stage2 batch error query_id=q_001301: batch_timeout
2026-02-04 12:54:17 WARNING dataset: Stage2 batch error query_id=q_001302: batch_timeout
2026-02-04 12:54:17 WARNING dataset: Stage2 batch error query_id=q_001303: batch_timeout
2026-02-04 12:54:17 WARNING dataset: Stage2 batch error query_id=q_001304: batch_timeout
2026-02-04 12:54:17 WARNING dataset: Stage2 batch error query_id=q_001305: batch_timeout
2026-02-04 12:54:17 WARNING dataset: Stage2 batch error query_id=q_001306: batch_timeout
2026-02-04 12:54:17 WARNING dataset: Stage2 batch error query_id=q_001307: batch_timeout
2026-02-04 12:54:17 WARNING dataset: Stage2 batch error query_id=q_001308: batch_timeout
2026-02-04 12:54:17 WARNING dataset: Stage2 batch error query_id=q_001309: batch_timeout
2026-02-04 12:54:17 WARNING dataset: Stage2 batch error query_id=q_001310: batch_timeout
2026-02-04 12:54:17 WARNING dataset: Stage2 batch error query_id=q_001311: batch_timeout
2026-02-04 12:54:17 WARNING dataset: Stage2 batch error query_id=q_001312: batch_timeout
2026-02-04 12:54:17 WARNING dataset: Stage2 batch error query_id=q_001313: batch_timeout
2026-02-04 12:54:17 WARNING dataset: Stage2 batch error query_id=q_001314: batch_timeout
2026-02-04 12:54:17 WARNING dataset: Stage2 batch error query_id=q_001306: batch_timeout
2026-02-04 12:54:17 WARNING dataset: Stage2 batch error query_id=q_001307: batch_timeout
2026-02-04 12:54:17 WARNING dataset: Stage2 batch error query_id=q_001308: batch_timeout
2026-02-04 12:54:17 WARNING dataset: Stage2 batch error query_id=q_001309: batch_timeout
2026-02-04 12:54:17 WARNING dataset: Stage2 batch error query_id=q_001310: batch_timeout
2026-02-04 12:54:17 WARNING dataset: Stage2 batch error query_id=q_001311: batch_timeout
2026-02-04 12:54:17 WARNING dataset: Stage2 batch error query_id=q_001312: batch_timeout
2026-02-04 12:54:17 WARNING dataset: Stage2 batch error query_id=q_001313: batch_timeout
2026-02-04 12:54:17 WARNING dataset: Stage2 batch error query_id=q_001314: batch_timeout
2026-02-04 12:54:17 WARNING dataset: Stage2 batch error query_id=q_001315: batch_timeout
2026-02-04 12:54:17 WARNING dataset: Stage2 batch error query_id=q_001316: batch_timeout
2026-02-04 12:54:17 WARNING dataset: Stage2 batch error query_id=q_001317: batch_timeout
2026-02-04 12:54:17 WARNING dataset: Stage2 batch error query_id=q_001318: batch_timeout
2026-02-04 12:54:17 WARNING dataset: Stage2 batch error query_id=q_001319: batch_timeout
2026-02-04 12:54:17 WARNING dataset: Stage2 batch error query_id=q_001320: batch_timeout
2026-02-04 12:54:17 WARNING dataset: Stage2 batch error query_id=q_001321: batch_timeout
2026-02-04 12:54:17 WARNING dataset: Stage2 batch error query_id=q_001322: batch_timeout
2026-02-04 12:54:17 WARNING dataset: Stage2 batch error query_id=q_001323: batch_timeout
2026-02-04 12:54:17 WARNING dataset: Stage2 batch error query_id=q_001324: batch_timeout
2026-02-04 12:54:17 WARNING dataset: Stage2 batch error query_id=q_001325: batch_timeout
2026-02-04 12:54:17 WARNING dataset: Stage2 batch error query_id=q_001326: batch_timeout
2026-02-04 12:54:17 WARNING dataset: Stage2 batch error query_id=q_001327: batch_timeout
2026-02-04 12:54:17 WARNING dataset: Stage2 batch error query_id=q_001328: batch_timeout
2026-02-04 12:54:17 WARNING dataset: Stage2 batch error query_id=q_001329: batch_timeout
2026-02-04 12:54:17 WARNING dataset: Stage2 batch error query_id=q_001330: batch_timeout
2026-02-04 12:54:17 WARNING dataset: Stage2 batch error query_id=q_001331: batch_timeout
2026-02-04 12:54:17 WARNING dataset: Stage2 batch error query_id=q_001332: batch_timeout
2026-02-04 12:54:17 WARNING dataset: Stage2 batch error query_id=q_001333: batch_timeout
2026-02-04 12:54:17 WARNING dataset: Stage2 batch error query_id=q_001315: batch_timeout
2026-02-04 12:54:17 WARNING dataset: Stage2 batch error query_id=q_001316: batch_timeout
2026-02-04 12:54:17 WARNING dataset: Stage2 batch error query_id=q_001317: batch_timeout
2026-02-04 12:54:17 WARNING dataset: Stage2 batch error query_id=q_001318: batch_timeout
2026-02-04 12:54:17 WARNING dataset: Stage2 batch error query_id=q_001319: batch_timeout
2026-02-04 12:54:17 WARNING dataset: Stage2 batch error query_id=q_001320: batch_timeout
2026-02-04 12:54:17 WARNING dataset: Stage2 batch error query_id=q_001321: batch_timeout
2026-02-04 12:54:17 WARNING dataset: Stage2 batch error query_id=q_001322: batch_timeout
2026-02-04 12:54:17 WARNING dataset: Stage2 batch error query_id=q_001323: batch_timeout
2026-02-04 12:54:17 WARNING dataset: Stage2 batch error query_id=q_001324: batch_timeout
2026-02-04 12:54:17 WARNING dataset: Stage2 batch error query_id=q_001325: batch_timeout
2026-02-04 12:54:17 WARNING dataset: Stage2 batch error query_id=q_001326: batch_timeout
2026-02-04 12:54:17 WARNING dataset: Stage2 batch error query_id=q_001327: batch_timeout
2026-02-04 12:54:17 WARNING dataset: Stage2 batch error query_id=q_001328: batch_timeout
2026-02-04 12:54:17 WARNING dataset: Stage2 batch error query_id=q_001329: batch_timeout
2026-02-04 12:54:17 WARNING dataset: Stage2 batch error query_id=q_001330: batch_timeout
2026-02-04 12:54:17 WARNING dataset: Stage2 batch error query_id=q_001331: batch_timeout
2026-02-04 12:54:17 WARNING dataset: Stage2 batch error query_id=q_001332: batch_timeout
2026-02-04 12:54:17 WARNING dataset: Stage2 batch error query_id=q_001333: batch_timeout
2026-02-04 12:54:17 WARNING dataset: Stage2 batch error query_id=q_001334: batch_timeout
2026-02-04 12:54:17 WARNING dataset: Stage2 batch error query_id=q_001335: batch_timeout
2026-02-04 12:54:17 WARNING dataset: Stage2 batch error query_id=q_001336: batch_timeout
2026-02-04 12:54:17 WARNING dataset: Stage2 batch error query_id=q_001337: batch_timeout
2026-02-04 12:54:17 WARNING dataset: Stage2 batch error query_id=q_001338: batch_timeout
2026-02-04 12:54:17 WARNING dataset: Stage2 batch error query_id=q_001339: batch_timeout
2026-02-04 12:54:17 WARNING dataset: Stage2 batch error query_id=q_001340: batch_timeout
2026-02-04 12:54:17 WARNING dataset: Stage2 batch error query_id=q_001341: batch_timeout
2026-02-04 12:54:17 WARNING dataset: Stage2 batch error query_id=q_001342: batch_timeout
2026-02-04 12:54:17 WARNING dataset: Stage2 batch error query_id=q_001343: batch_timeout
2026-02-04 12:54:17 WARNING dataset: Stage2 batch error query_id=q_001344: batch_timeout
2026-02-04 12:54:17 WARNING dataset: Stage2 batch error query_id=q_001345: batch_timeout
2026-02-04 12:54:17 WARNING dataset: Stage2 batch error query_id=q_001346: batch_timeout
2026-02-04 12:54:17 WARNING dataset: Stage2 batch error query_id=q_001334: batch_timeout
2026-02-04 12:54:17 WARNING dataset: Stage2 batch error query_id=q_001335: batch_timeout
2026-02-04 12:54:17 WARNING dataset: Stage2 batch error query_id=q_001336: batch_timeout
2026-02-04 12:54:17 WARNING dataset: Stage2 batch error query_id=q_001337: batch_timeout
2026-02-04 12:54:17 WARNING dataset: Stage2 batch error query_id=q_001338: batch_timeout
2026-02-04 12:54:17 WARNING dataset: Stage2 batch error query_id=q_001339: batch_timeout
2026-02-04 12:54:17 WARNING dataset: Stage2 batch error query_id=q_001340: batch_timeout
2026-02-04 12:54:17 WARNING dataset: Stage2 batch error query_id=q_001341: batch_timeout
2026-02-04 12:54:17 WARNING dataset: Stage2 batch error query_id=q_001342: batch_timeout
2026-02-04 12:54:17 WARNING dataset: Stage2 batch error query_id=q_001343: batch_timeout
2026-02-04 12:54:17 WARNING dataset: Stage2 batch error query_id=q_001344: batch_timeout
2026-02-04 12:54:17 WARNING dataset: Stage2 batch error query_id=q_001345: batch_timeout
2026-02-04 12:54:17 WARNING dataset: Stage2 batch error query_id=q_001346: batch_timeout
2026-02-04 12:54:17 WARNING dataset: Stage2 batch error query_id=q_001347: batch_timeout
2026-02-04 12:54:17 WARNING dataset: Stage2 batch error query_id=q_001348: batch_timeout
2026-02-04 12:54:17 WARNING dataset: Stage2 batch error query_id=q_001349: batch_timeout
2026-02-04 12:54:17 WARNING dataset: Stage2 batch error query_id=q_001350: batch_timeout
2026-02-04 12:54:17 WARNING dataset: Stage2 batch error query_id=q_001351: batch_timeout
2026-02-04 12:54:17 WARNING dataset: Stage2 batch error query_id=q_001352: batch_timeout
2026-02-04 12:54:17 WARNING dataset: Stage2 batch error query_id=q_001353: batch_timeout
2026-02-04 12:54:17 WARNING dataset: Stage2 batch error query_id=q_001354: batch_timeout
2026-02-04 12:54:17 WARNING dataset: Stage2 batch error query_id=q_001355: batch_timeout
2026-02-04 12:54:17 WARNING dataset: Stage2 batch error query_id=q_001356: batch_timeout
2026-02-04 12:54:17 WARNING dataset: Stage2 batch error query_id=q_001357: batch_timeout
2026-02-04 12:54:17 WARNING dataset: Stage2 batch error query_id=q_001358: batch_timeout
2026-02-04 12:54:17 WARNING dataset: Stage2 batch error query_id=q_001359: batch_timeout
2026-02-04 12:54:17 WARNING dataset: Stage2 batch error query_id=q_001360: batch_timeout
2026-02-04 12:54:17 WARNING dataset: Stage2 batch error query_id=q_001361: batch_timeout
2026-02-04 12:54:17 WARNING dataset: Stage2 batch error query_id=q_001306: batch_timeout
2026-02-04 12:54:17 WARNING dataset: Stage2 batch error query_id=q_001307: batch_timeout
2026-02-04 12:54:17 WARNING dataset: Stage2 batch error query_id=q_001308: batch_timeout
2026-02-04 12:54:17 WARNING dataset: Stage2 batch error query_id=q_001309: batch_timeout
2026-02-04 12:54:17 WARNING dataset: Stage2 batch error query_id=q_001310: batch_timeout
2026-02-04 12:54:17 WARNING dataset: Stage2 batch error query_id=q_001311: batch_timeout
2026-02-04 12:54:17 WARNING dataset: Stage2 batch error query_id=q_001312: batch_timeout
2026-02-04 12:54:17 WARNING dataset: Stage2 batch error query_id=q_001313: batch_timeout
2026-02-04 12:54:17 WARNING dataset: Stage2 batch error query_id=q_001314: batch_timeout
2026-02-04 12:54:17 WARNING dataset: Stage2 batch error query_id=q_001315: batch_timeout
2026-02-04 12:54:17 WARNING dataset: Stage2 batch error query_id=q_001316: batch_timeout
2026-02-04 12:54:17 WARNING dataset: Stage2 batch error query_id=q_001317: batch_timeout
2026-02-04 12:54:17 WARNING dataset: Stage2 batch error query_id=q_001318: batch_timeout
2026-02-04 12:54:17 WARNING dataset: Stage2 batch error query_id=q_001319: batch_timeout
2026-02-04 12:54:17 WARNING dataset: Stage2 batch error query_id=q_001320: batch_timeout
2026-02-04 12:54:17 WARNING dataset: Stage2 batch error query_id=q_001321: batch_timeout
2026-02-04 12:54:17 WARNING dataset: Stage2 batch error query_id=q_001322: batch_timeout
2026-02-04 12:54:17 WARNING dataset: Stage2 batch error query_id=q_001323: batch_timeout
2026-02-04 12:54:17 WARNING dataset: Stage2 batch error query_id=q_001324: batch_timeout
2026-02-04 12:54:17 WARNING dataset: Stage2 batch error query_id=q_001325: batch_timeout
2026-02-04 12:54:17 WARNING dataset: Stage2 batch error query_id=q_001326: batch_timeout
2026-02-04 12:54:17 WARNING dataset: Stage2 batch error query_id=q_001327: batch_timeout
2026-02-04 12:54:17 WARNING dataset: Stage2 batch error query_id=q_001328: batch_timeout
2026-02-04 12:54:17 WARNING dataset: Stage2 batch error query_id=q_001329: batch_timeout
2026-02-04 12:54:17 WARNING dataset: Stage2 batch error query_id=q_001330: batch_timeout
2026-02-04 12:54:17 WARNING dataset: Stage2 batch error query_id=q_001331: batch_timeout
2026-02-04 12:54:17 WARNING dataset: Stage2 batch error query_id=q_001332: batch_timeout
2026-02-04 12:54:17 WARNING dataset: Stage2 batch error query_id=q_001333: batch_timeout
2026-02-04 12:54:17 WARNING dataset: Stage2 batch error query_id=q_001347: batch_timeout
2026-02-04 12:54:17 WARNING dataset: Stage2 batch error query_id=q_001348: batch_timeout
2026-02-04 12:54:17 WARNING dataset: Stage2 batch error query_id=q_001349: batch_timeout
2026-02-04 12:54:17 WARNING dataset: Stage2 batch error query_id=q_001350: batch_timeout
2026-02-04 12:54:17 WARNING dataset: Stage2 batch error query_id=q_001351: batch_timeout
2026-02-04 12:54:17 WARNING dataset: Stage2 batch error query_id=q_001352: batch_timeout
2026-02-04 12:54:17 WARNING dataset: Stage2 batch error query_id=q_001353: batch_timeout
2026-02-04 12:54:17 WARNING dataset: Stage2 batch error query_id=q_001354: batch_timeout
2026-02-04 12:54:17 WARNING dataset: Stage2 batch error query_id=q_001355: batch_timeout
2026-02-04 12:54:17 WARNING dataset: Stage2 batch error query_id=q_001356: batch_timeout
2026-02-04 12:54:17 WARNING dataset: Stage2 batch error query_id=q_001357: batch_timeout
2026-02-04 12:54:17 WARNING dataset: Stage2 batch error query_id=q_001358: batch_timeout
2026-02-04 12:54:17 WARNING dataset: Stage2 batch error query_id=q_001359: batch_timeout
2026-02-04 12:54:17 WARNING dataset: Stage2 batch error query_id=q_001360: batch_timeout
2026-02-04 12:54:17 WARNING dataset: Stage2 batch error query_id=q_001361: batch_timeout
2026-02-04 12:54:17 WARNING dataset: Stage2 batch error query_id=q_001362: batch_timeout
2026-02-04 12:54:17 WARNING dataset: Stage2 batch error query_id=q_001363: batch_timeout
2026-02-04 12:54:17 WARNING dataset: Stage2 batch error query_id=q_001364: batch_timeout
2026-02-04 12:54:17 WARNING dataset: Stage2 batch error query_id=q_001365: batch_timeout
2026-02-04 12:54:17 WARNING dataset: Stage2 batch error query_id=q_001366: batch_timeout
2026-02-04 12:54:17 WARNING dataset: Stage2 batch error query_id=q_001367: batch_timeout
2026-02-04 12:54:17 WARNING dataset: Stage2 batch error query_id=q_001362: batch_timeout
2026-02-04 12:54:17 WARNING dataset: Stage2 batch error query_id=q_001363: batch_timeout
2026-02-04 12:54:17 WARNING dataset: Stage2 batch error query_id=q_001364: batch_timeout
2026-02-04 12:54:17 WARNING dataset: Stage2 batch error query_id=q_001365: batch_timeout
2026-02-04 12:54:17 WARNING dataset: Stage2 batch error query_id=q_001366: batch_timeout
2026-02-04 12:54:17 WARNING dataset: Stage2 batch error query_id=q_001367: batch_timeout
2026-02-04 12:54:17 WARNING dataset: Stage2 batch error query_id=q_001368: batch_timeout
2026-02-04 12:54:17 WARNING dataset: Stage2 batch error query_id=q_001369: batch_timeout
2026-02-04 12:54:17 WARNING dataset: Stage2 batch error query_id=q_001370: batch_timeout
2026-02-04 12:54:17 WARNING dataset: Stage2 batch error query_id=q_001371: batch_timeout
2026-02-04 12:54:17 WARNING dataset: Stage2 batch error query_id=q_001372: batch_timeout
2026-02-04 12:54:17 WARNING dataset: Stage2 batch error query_id=q_001373: batch_timeout
2026-02-04 12:54:17 WARNING dataset: Stage2 batch error query_id=q_001374: batch_timeout
2026-02-04 12:54:17 WARNING dataset: Stage2 batch error query_id=q_001375: batch_timeout
2026-02-04 12:54:17 WARNING dataset: Stage2 batch error query_id=q_001376: batch_timeout
2026-02-04 12:54:17 WARNING dataset: Stage2 batch error query_id=q_001377: batch_timeout
2026-02-04 12:54:17 WARNING dataset: Stage2 batch error query_id=q_001378: batch_timeout
2026-02-04 12:54:17 WARNING dataset: Stage2 batch error query_id=q_001379: batch_timeout
2026-02-04 12:54:17 WARNING dataset: Stage2 batch error query_id=q_001380: batch_timeout
2026-02-04 12:54:17 WARNING dataset: Stage2 batch error query_id=q_001381: batch_timeout
2026-02-04 12:54:17 WARNING dataset: Stage2 batch error query_id=q_001382: batch_timeout
2026-02-04 12:54:17 WARNING dataset: Stage2 batch error query_id=q_001383: batch_timeout
2026-02-04 12:54:17 WARNING dataset: Stage2 batch error query_id=q_001384: batch_timeout
2026-02-04 12:54:17 WARNING dataset: Stage2 batch error query_id=q_001385: batch_timeout
2026-02-04 12:54:17 WARNING dataset: Stage2 batch error query_id=q_001386: batch_timeout
2026-02-04 12:54:17 WARNING dataset: Stage2 batch error query_id=q_001387: batch_timeout
2026-02-04 12:54:17 WARNING dataset: Stage2 batch error query_id=q_001388: batch_timeout
2026-02-04 12:54:17 WARNING dataset: Stage2 batch error query_id=q_001389: batch_timeout
2026-02-04 12:54:17 WARNING dataset: Stage2 batch error query_id=q_001390: batch_timeout
2026-02-04 12:54:17 WARNING dataset: Stage2 batch error query_id=q_001391: batch_timeout
2026-02-04 12:54:17 WARNING dataset: Stage2 batch error query_id=q_001368: batch_timeout
2026-02-04 12:54:17 WARNING dataset: Stage2 batch error query_id=q_001369: batch_timeout
2026-02-04 12:54:17 WARNING dataset: Stage2 batch error query_id=q_001370: batch_timeout
2026-02-04 12:54:17 WARNING dataset: Stage2 batch error query_id=q_001371: batch_timeout
2026-02-04 12:54:17 WARNING dataset: Stage2 batch error query_id=q_001372: batch_timeout
2026-02-04 12:54:17 WARNING dataset: Stage2 batch error query_id=q_001373: batch_timeout
2026-02-04 12:54:17 WARNING dataset: Stage2 batch error query_id=q_001334: batch_timeout
2026-02-04 12:54:17 WARNING dataset: Stage2 batch error query_id=q_001335: batch_timeout
2026-02-04 12:54:17 WARNING dataset: Stage2 batch error query_id=q_001336: batch_timeout
2026-02-04 12:54:17 WARNING dataset: Stage2 batch error query_id=q_001337: batch_timeout
2026-02-04 12:54:17 WARNING dataset: Stage2 batch error query_id=q_001338: batch_timeout
2026-02-04 12:54:17 WARNING dataset: Stage2 batch error query_id=q_001339: batch_timeout
2026-02-04 12:54:17 WARNING dataset: Stage2 batch error query_id=q_001340: batch_timeout
2026-02-04 12:54:17 WARNING dataset: Stage2 batch error query_id=q_001341: batch_timeout
2026-02-04 12:54:17 WARNING dataset: Stage2 batch error query_id=q_001342: batch_timeout
2026-02-04 12:54:17 WARNING dataset: Stage2 batch error query_id=q_001343: batch_timeout
2026-02-04 12:54:17 WARNING dataset: Stage2 batch error query_id=q_001344: batch_timeout
2026-02-04 12:54:17 WARNING dataset: Stage2 batch error query_id=q_001345: batch_timeout
2026-02-04 12:54:17 WARNING dataset: Stage2 batch error query_id=q_001346: batch_timeout
2026-02-04 12:54:17 WARNING dataset: Stage2 batch error query_id=q_001347: batch_timeout
2026-02-04 12:54:17 WARNING dataset: Stage2 batch error query_id=q_001348: batch_timeout
2026-02-04 12:54:17 WARNING dataset: Stage2 batch error query_id=q_001349: batch_timeout
2026-02-04 12:54:17 WARNING dataset: Stage2 batch error query_id=q_001350: batch_timeout
2026-02-04 12:54:17 WARNING dataset: Stage2 batch error query_id=q_001351: batch_timeout
2026-02-04 12:54:17 WARNING dataset: Stage2 batch error query_id=q_001352: batch_timeout
2026-02-04 12:54:17 WARNING dataset: Stage2 batch error query_id=q_001353: batch_timeout
2026-02-04 12:54:17 WARNING dataset: Stage2 batch error query_id=q_001354: batch_timeout
2026-02-04 12:54:17 WARNING dataset: Stage2 batch error query_id=q_001355: batch_timeout
2026-02-04 12:54:17 WARNING dataset: Stage2 batch error query_id=q_001356: batch_timeout
2026-02-04 12:54:17 WARNING dataset: Stage2 batch error query_id=q_001357: batch_timeout
2026-02-04 12:54:17 WARNING dataset: Stage2 batch error query_id=q_001358: batch_timeout
2026-02-04 12:54:17 WARNING dataset: Stage2 batch error query_id=q_001359: batch_timeout
2026-02-04 12:54:17 WARNING dataset: Stage2 batch error query_id=q_001360: batch_timeout
2026-02-04 12:54:17 WARNING dataset: Stage2 batch error query_id=q_001361: batch_timeout
2026-02-04 12:54:17 WARNING dataset: Stage2 batch error query_id=q_001392: batch_timeout
2026-02-04 12:54:17 WARNING dataset: Stage2 batch error query_id=q_001362: batch_timeout
2026-02-04 12:54:17 WARNING dataset: Stage2 batch error query_id=q_001363: batch_timeout
2026-02-04 12:54:17 WARNING dataset: Stage2 batch error query_id=q_001364: batch_timeout
2026-02-04 12:54:17 WARNING dataset: Stage2 batch error query_id=q_001365: batch_timeout
2026-02-04 12:54:17 WARNING dataset: Stage2 batch error query_id=q_001366: batch_timeout
2026-02-04 12:54:17 WARNING dataset: Stage2 batch error query_id=q_001367: batch_timeout
2026-02-04 12:54:17 WARNING dataset: Stage2 batch error query_id=q_001368: batch_timeout
2026-02-04 12:54:17 WARNING dataset: Stage2 batch error query_id=q_001369: batch_timeout
2026-02-04 12:54:17 WARNING dataset: Stage2 batch error query_id=q_001370: batch_timeout
2026-02-04 12:54:17 WARNING dataset: Stage2 batch error query_id=q_001371: batch_timeout
2026-02-04 12:54:17 WARNING dataset: Stage2 batch error query_id=q_001372: batch_timeout
2026-02-04 12:54:17 WARNING dataset: Stage2 batch error query_id=q_001373: batch_timeout
2026-02-04 12:54:17 WARNING dataset: Stage2 batch error query_id=q_001374: batch_timeout
2026-02-04 12:54:17 WARNING dataset: Stage2 batch error query_id=q_001375: batch_timeout
2026-02-04 12:54:17 WARNING dataset: Stage2 batch error query_id=q_001376: batch_timeout
2026-02-04 12:54:17 WARNING dataset: Stage2 batch error query_id=q_001377: batch_timeout
2026-02-04 12:54:17 WARNING dataset: Stage2 batch error query_id=q_001378: batch_timeout
2026-02-04 12:54:17 WARNING dataset: Stage2 batch error query_id=q_001379: batch_timeout
2026-02-04 12:54:17 WARNING dataset: Stage2 batch error query_id=q_001380: batch_timeout
2026-02-04 12:54:17 WARNING dataset: Stage2 batch error query_id=q_001381: batch_timeout
2026-02-04 12:54:17 WARNING dataset: Stage2 batch error query_id=q_001382: batch_timeout
2026-02-04 12:54:17 WARNING dataset: Stage2 batch error query_id=q_001383: batch_timeout
2026-02-04 12:54:17 WARNING dataset: Stage2 batch error query_id=q_001384: batch_timeout
2026-02-04 12:54:17 WARNING dataset: Stage2 batch error query_id=q_001385: batch_timeout
2026-02-04 12:54:17 WARNING dataset: Stage2 batch error query_id=q_001386: batch_timeout
2026-02-04 12:54:17 WARNING dataset: Stage2 batch error query_id=q_001387: batch_timeout
2026-02-04 12:54:17 WARNING dataset: Stage2 batch error query_id=q_001388: batch_timeout
2026-02-04 12:54:17 WARNING dataset: Stage2 batch error query_id=q_001389: batch_timeout
2026-02-04 12:54:17 WARNING dataset: Stage2 batch error query_id=q_001390: batch_timeout
2026-02-04 12:54:17 WARNING dataset: Stage2 batch error query_id=q_001391: batch_timeout
2026-02-04 12:54:17 WARNING dataset: Stage2 batch error query_id=q_001392: batch_timeout
2026-02-04 12:59:29 WARNING dataset: Stage2 batch error query_id=q_001374: batch_timeout
2026-02-04 12:59:29 WARNING dataset: Stage2 batch error query_id=q_001375: batch_timeout
2026-02-04 12:59:29 WARNING dataset: Stage2 batch error query_id=q_001376: batch_timeout
2026-02-04 12:59:29 WARNING dataset: Stage2 batch error query_id=q_001377: batch_timeout
2026-02-04 12:59:29 WARNING dataset: Stage2 batch error query_id=q_001378: batch_timeout
2026-02-04 12:59:29 WARNING dataset: Stage2 batch error query_id=q_001379: batch_timeout
2026-02-04 12:59:29 WARNING dataset: Stage2 batch error query_id=q_001380: batch_timeout
2026-02-04 12:59:29 WARNING dataset: Stage2 batch error query_id=q_001381: batch_timeout
2026-02-04 12:59:29 WARNING dataset: Stage2 batch error query_id=q_001382: batch_timeout
2026-02-04 12:59:29 WARNING dataset: Stage2 batch error query_id=q_001383: batch_timeout
2026-02-04 12:59:29 WARNING dataset: Stage2 batch error query_id=q_001384: batch_timeout
2026-02-04 12:59:29 WARNING dataset: Stage2 batch error query_id=q_001385: batch_timeout
2026-02-04 12:59:29 WARNING dataset: Stage2 batch error query_id=q_001386: batch_timeout
2026-02-04 12:59:29 WARNING dataset: Stage2 batch error query_id=q_001387: batch_timeout
2026-02-04 12:59:29 WARNING dataset: Stage2 batch error query_id=q_001388: batch_timeout
2026-02-04 12:59:29 WARNING dataset: Stage2 batch error query_id=q_001389: batch_timeout
2026-02-04 12:59:29 WARNING dataset: Stage2 batch error query_id=q_001390: batch_timeout
2026-02-04 12:59:29 WARNING dataset: Stage2 batch error query_id=q_001391: batch_timeout
2026-02-04 12:59:29 WARNING dataset: Stage2 batch error query_id=q_001392: batch_timeout
2026-02-04 12:59:29 WARNING dataset: Stage2 batch error query_id=q_001393: batch_timeout
2026-02-04 12:59:29 WARNING dataset: Stage2 batch error query_id=q_001394: batch_timeout
2026-02-04 12:59:29 WARNING dataset: Stage2 batch error query_id=q_001395: batch_timeout
2026-02-04 12:59:29 WARNING dataset: Stage2 batch error query_id=q_001396: batch_timeout
2026-02-04 12:59:29 WARNING dataset: Stage2 batch error query_id=q_001397: batch_timeout
2026-02-04 12:59:29 WARNING dataset: Stage2 batch error query_id=q_001393: batch_timeout
2026-02-04 12:59:29 WARNING dataset: Stage2 batch error query_id=q_001394: batch_timeout
2026-02-04 12:59:29 WARNING dataset: Stage2 batch error query_id=q_001395: batch_timeout
2026-02-04 12:59:29 WARNING dataset: Stage2 batch error query_id=q_001396: batch_timeout
2026-02-04 12:59:29 WARNING dataset: Stage2 batch error query_id=q_001397: batch_timeout
2026-02-04 12:59:29 WARNING dataset: Stage2 batch error query_id=q_001398: batch_timeout
2026-02-04 12:59:29 WARNING dataset: Stage2 batch error query_id=q_001399: batch_timeout
2026-02-04 12:59:29 WARNING dataset: Stage2 batch error query_id=q_001400: batch_timeout
2026-02-04 12:59:29 WARNING dataset: Stage2 batch error query_id=q_001401: batch_timeout
2026-02-04 12:59:29 WARNING dataset: Stage2 batch error query_id=q_001402: batch_timeout
2026-02-04 12:59:29 WARNING dataset: Stage2 batch error query_id=q_001403: batch_timeout
2026-02-04 12:59:29 WARNING dataset: Stage2 batch error query_id=q_001404: batch_timeout
2026-02-04 12:59:29 WARNING dataset: Stage2 batch error query_id=q_001405: batch_timeout
2026-02-04 12:59:29 WARNING dataset: Stage2 batch error query_id=q_001406: batch_timeout
2026-02-04 12:59:29 WARNING dataset: Stage2 batch error query_id=q_001407: batch_timeout
2026-02-04 12:59:29 WARNING dataset: Stage2 batch error query_id=q_001408: batch_timeout
2026-02-04 12:59:29 WARNING dataset: Stage2 batch error query_id=q_001409: batch_timeout
2026-02-04 12:59:29 WARNING dataset: Stage2 batch error query_id=q_001410: batch_timeout
2026-02-04 12:59:29 WARNING dataset: Stage2 batch error query_id=q_001411: batch_timeout
2026-02-04 12:59:29 WARNING dataset: Stage2 batch error query_id=q_001412: batch_timeout
2026-02-04 12:59:29 WARNING dataset: Stage2 batch error query_id=q_001413: batch_timeout
2026-02-04 12:59:29 WARNING dataset: Stage2 batch error query_id=q_001414: batch_timeout
2026-02-04 12:59:29 WARNING dataset: Stage2 batch error query_id=q_001415: batch_timeout
2026-02-04 12:59:29 WARNING dataset: Stage2 batch error query_id=q_001416: batch_timeout
2026-02-04 12:59:29 WARNING dataset: Stage2 batch error query_id=q_001398: batch_timeout
2026-02-04 12:59:29 WARNING dataset: Stage2 batch error query_id=q_001399: batch_timeout
2026-02-04 12:59:29 WARNING dataset: Stage2 batch error query_id=q_001400: batch_timeout
2026-02-04 12:59:29 WARNING dataset: Stage2 batch error query_id=q_001401: batch_timeout
2026-02-04 12:59:29 WARNING dataset: Stage2 batch error query_id=q_001402: batch_timeout
2026-02-04 12:59:29 WARNING dataset: Stage2 batch error query_id=q_001403: batch_timeout
2026-02-04 12:59:29 WARNING dataset: Stage2 batch error query_id=q_001404: batch_timeout
2026-02-04 12:59:29 WARNING dataset: Stage2 batch error query_id=q_001405: batch_timeout
2026-02-04 12:59:29 WARNING dataset: Stage2 batch error query_id=q_001406: batch_timeout
2026-02-04 12:59:29 WARNING dataset: Stage2 batch error query_id=q_001417: batch_timeout
2026-02-04 12:59:29 WARNING dataset: Stage2 batch error query_id=q_001418: batch_timeout
2026-02-04 12:59:29 WARNING dataset: Stage2 batch error query_id=q_001419: batch_timeout
2026-02-04 12:59:29 WARNING dataset: Stage2 batch error query_id=q_001420: batch_timeout
2026-02-04 12:59:29 WARNING dataset: Stage2 batch error query_id=q_001421: batch_timeout
2026-02-04 12:59:29 WARNING dataset: Stage2 batch error query_id=q_001422: batch_timeout
2026-02-04 12:59:29 WARNING dataset: Stage2 batch error query_id=q_001423: batch_timeout
2026-02-04 12:59:29 WARNING dataset: Stage2 batch error query_id=q_001424: batch_timeout
2026-02-04 12:59:29 WARNING dataset: Stage2 batch error query_id=q_001425: batch_timeout
2026-02-04 12:59:29 WARNING dataset: Stage2 batch error query_id=q_001393: batch_timeout
2026-02-04 12:59:29 WARNING dataset: Stage2 batch error query_id=q_001394: batch_timeout
2026-02-04 12:59:29 WARNING dataset: Stage2 batch error query_id=q_001395: batch_timeout
2026-02-04 12:59:29 WARNING dataset: Stage2 batch error query_id=q_001396: batch_timeout
2026-02-04 12:59:29 WARNING dataset: Stage2 batch error query_id=q_001397: batch_timeout
2026-02-04 12:59:29 WARNING dataset: Stage2 batch error query_id=q_001398: batch_timeout
2026-02-04 12:59:29 WARNING dataset: Stage2 batch error query_id=q_001399: batch_timeout
2026-02-04 12:59:29 WARNING dataset: Stage2 batch error query_id=q_001400: batch_timeout
2026-02-04 12:59:29 WARNING dataset: Stage2 batch error query_id=q_001401: batch_timeout
2026-02-04 12:59:29 WARNING dataset: Stage2 batch error query_id=q_001402: batch_timeout
2026-02-04 12:59:29 WARNING dataset: Stage2 batch error query_id=q_001403: batch_timeout
2026-02-04 12:59:29 WARNING dataset: Stage2 batch error query_id=q_001404: batch_timeout
2026-02-04 12:59:29 WARNING dataset: Stage2 batch error query_id=q_001405: batch_timeout
2026-02-04 12:59:29 WARNING dataset: Stage2 batch error query_id=q_001406: batch_timeout
2026-02-04 12:59:29 WARNING dataset: Stage2 batch error query_id=q_001407: batch_timeout
2026-02-04 12:59:29 WARNING dataset: Stage2 batch error query_id=q_001408: batch_timeout
2026-02-04 12:59:29 WARNING dataset: Stage2 batch error query_id=q_001409: batch_timeout
2026-02-04 12:59:29 WARNING dataset: Stage2 batch error query_id=q_001410: batch_timeout
2026-02-04 12:59:29 WARNING dataset: Stage2 batch error query_id=q_001411: batch_timeout
2026-02-04 12:59:29 WARNING dataset: Stage2 batch error query_id=q_001412: batch_timeout
2026-02-04 12:59:29 WARNING dataset: Stage2 batch error query_id=q_001413: batch_timeout
2026-02-04 12:59:29 WARNING dataset: Stage2 batch error query_id=q_001414: batch_timeout
2026-02-04 12:59:29 WARNING dataset: Stage2 batch error query_id=q_001415: batch_timeout
2026-02-04 12:59:29 WARNING dataset: Stage2 batch error query_id=q_001416: batch_timeout
2026-02-04 12:59:29 WARNING dataset: Stage2 batch error query_id=q_001407: batch_timeout
2026-02-04 12:59:29 WARNING dataset: Stage2 batch error query_id=q_001408: batch_timeout
2026-02-04 12:59:29 WARNING dataset: Stage2 batch error query_id=q_001409: batch_timeout
2026-02-04 12:59:29 WARNING dataset: Stage2 batch error query_id=q_001410: batch_timeout
2026-02-04 12:59:29 WARNING dataset: Stage2 batch error query_id=q_001411: batch_timeout
2026-02-04 12:59:29 WARNING dataset: Stage2 batch error query_id=q_001412: batch_timeout
2026-02-04 12:59:29 WARNING dataset: Stage2 batch error query_id=q_001413: batch_timeout
2026-02-04 12:59:29 WARNING dataset: Stage2 batch error query_id=q_001414: batch_timeout
2026-02-04 12:59:29 WARNING dataset: Stage2 batch error query_id=q_001426: batch_timeout
2026-02-04 12:59:29 WARNING dataset: Stage2 batch error query_id=q_001427: batch_timeout
2026-02-04 12:59:29 WARNING dataset: Stage2 batch error query_id=q_001428: batch_timeout
2026-02-04 12:59:29 WARNING dataset: Stage2 batch error query_id=q_001429: batch_timeout
2026-02-04 12:59:29 WARNING dataset: Stage2 batch error query_id=q_001430: batch_timeout
2026-02-04 12:59:29 WARNING dataset: Stage2 batch error query_id=q_001431: batch_timeout
2026-02-04 12:59:29 WARNING dataset: Stage2 batch error query_id=q_001432: batch_timeout
2026-02-04 12:59:29 WARNING dataset: Stage2 batch error query_id=q_001433: batch_timeout
2026-02-04 12:59:29 WARNING dataset: Stage2 batch error query_id=q_001434: batch_timeout
2026-02-04 12:59:29 WARNING dataset: Stage2 batch error query_id=q_001435: batch_timeout
2026-02-04 12:59:29 WARNING dataset: Stage2 batch error query_id=q_001436: batch_timeout
2026-02-04 12:59:29 WARNING dataset: Stage2 batch error query_id=q_001437: batch_timeout
2026-02-04 12:59:29 WARNING dataset: Stage2 batch error query_id=q_001438: batch_timeout
2026-02-04 12:59:29 WARNING dataset: Stage2 batch error query_id=q_001439: batch_timeout
2026-02-04 12:59:29 WARNING dataset: Stage2 batch error query_id=q_001440: batch_timeout
2026-02-04 12:59:29 WARNING dataset: Stage2 batch error query_id=q_001441: batch_timeout
2026-02-04 12:59:29 WARNING dataset: Stage2 batch error query_id=q_001442: batch_timeout
2026-02-04 12:59:29 WARNING dataset: Stage2 batch error query_id=q_001443: batch_timeout
2026-02-04 12:59:29 WARNING dataset: Stage2 batch error query_id=q_001444: batch_timeout
2026-02-04 12:59:29 WARNING dataset: Stage2 batch error query_id=q_001445: batch_timeout
2026-02-04 12:59:29 WARNING dataset: Stage2 batch error query_id=q_001446: batch_timeout
2026-02-04 12:59:29 WARNING dataset: Stage2 batch error query_id=q_001447: batch_timeout
2026-02-04 12:59:29 WARNING dataset: Stage2 batch error query_id=q_001448: batch_timeout
2026-02-04 12:59:29 WARNING dataset: Stage2 batch error query_id=q_001449: batch_timeout
2026-02-04 12:59:29 WARNING dataset: Stage2 batch error query_id=q_001450: batch_timeout
2026-02-04 12:59:29 WARNING dataset: Stage2 batch error query_id=q_001451: batch_timeout
2026-02-04 12:59:29 WARNING dataset: Stage2 batch error query_id=q_001452: batch_timeout
2026-02-04 12:59:29 WARNING dataset: Stage2 batch error query_id=q_001453: batch_timeout
2026-02-04 12:59:29 WARNING dataset: Stage2 batch error query_id=q_001417: batch_timeout
2026-02-04 12:59:29 WARNING dataset: Stage2 batch error query_id=q_001418: batch_timeout
2026-02-04 12:59:29 WARNING dataset: Stage2 batch error query_id=q_001419: batch_timeout
2026-02-04 12:59:29 WARNING dataset: Stage2 batch error query_id=q_001420: batch_timeout
2026-02-04 12:59:29 WARNING dataset: Stage2 batch error query_id=q_001421: batch_timeout
2026-02-04 12:59:29 WARNING dataset: Stage2 batch error query_id=q_001422: batch_timeout
2026-02-04 12:59:29 WARNING dataset: Stage2 batch error query_id=q_001423: batch_timeout
2026-02-04 12:59:29 WARNING dataset: Stage2 batch error query_id=q_001424: batch_timeout
2026-02-04 12:59:29 WARNING dataset: Stage2 batch error query_id=q_001425: batch_timeout
2026-02-04 12:59:29 WARNING dataset: Stage2 batch error query_id=q_001415: batch_timeout
2026-02-04 12:59:29 WARNING dataset: Stage2 batch error query_id=q_001416: batch_timeout
2026-02-04 12:59:29 WARNING dataset: Stage2 batch error query_id=q_001417: batch_timeout
2026-02-04 12:59:29 WARNING dataset: Stage2 batch error query_id=q_001418: batch_timeout
2026-02-04 12:59:29 WARNING dataset: Stage2 batch error query_id=q_001419: batch_timeout
2026-02-04 12:59:29 WARNING dataset: Stage2 batch error query_id=q_001420: batch_timeout
2026-02-04 12:59:29 WARNING dataset: Stage2 batch error query_id=q_001421: batch_timeout
2026-02-04 12:59:29 WARNING dataset: Stage2 batch error query_id=q_001422: batch_timeout
2026-02-04 12:59:29 WARNING dataset: Stage2 batch error query_id=q_001423: batch_timeout
2026-02-04 12:59:29 WARNING dataset: Stage2 batch error query_id=q_001424: batch_timeout
2026-02-04 12:59:29 WARNING dataset: Stage2 batch error query_id=q_001425: batch_timeout
2026-02-04 12:59:29 WARNING dataset: Stage2 batch error query_id=q_001426: batch_timeout
2026-02-04 12:59:29 WARNING dataset: Stage2 batch error query_id=q_001427: batch_timeout
2026-02-04 12:59:29 WARNING dataset: Stage2 batch error query_id=q_001428: batch_timeout
2026-02-04 12:59:29 WARNING dataset: Stage2 batch error query_id=q_001429: batch_timeout
2026-02-04 12:59:29 WARNING dataset: Stage2 batch error query_id=q_001430: batch_timeout
2026-02-04 12:59:29 WARNING dataset: Stage2 batch error query_id=q_001431: batch_timeout
2026-02-04 12:59:29 WARNING dataset: Stage2 batch error query_id=q_001432: batch_timeout
2026-02-04 12:59:29 WARNING dataset: Stage2 batch error query_id=q_001433: batch_timeout
2026-02-04 12:59:29 WARNING dataset: Stage2 batch error query_id=q_001434: batch_timeout
2026-02-04 12:59:29 WARNING dataset: Stage2 batch error query_id=q_001435: batch_timeout
2026-02-04 12:59:29 WARNING dataset: Stage2 batch error query_id=q_001436: batch_timeout
2026-02-04 12:59:29 WARNING dataset: Stage2 batch error query_id=q_001437: batch_timeout
2026-02-04 13:01:34 ERROR dataset: Stage1 rate limit info: limits={'rpm': None, 'tpm': None, 'rpd': None, 'note': 'set per your Google project tier'} headers=none
2026-02-04 13:01:34 ERROR dataset: Stage1 error intent=Booking: rate limit hit provider=gemini model=gemini-3-pro-preview limits={'rpm': None, 'tpm': None, 'rpd': None, 'note': 'set per your Google project tier'} headers=none
2026-02-04 13:01:48 ERROR dataset: Stage1 rate limit info: limits={'rpm': None, 'tpm': None, 'rpd': None, 'note': 'set per your Google project tier'} headers=none
2026-02-04 13:01:48 ERROR dataset: Stage1 error intent=media playback: rate limit hit provider=gemini model=gemini-3-pro-preview limits={'rpm': None, 'tpm': None, 'rpd': None, 'note': 'set per your Google project tier'} headers=none
2026-02-04 13:02:02 ERROR dataset: Stage1 rate limit info: limits={'rpm': None, 'tpm': None, 'rpd': None, 'note': 'set per your Google project tier'} headers=none
2026-02-04 13:02:02 ERROR dataset: Stage1 error intent=media playback: rate limit hit provider=gemini model=gemini-3-pro-preview limits={'rpm': None, 'tpm': None, 'rpd': None, 'note': 'set per your Google project tier'} headers=none
2026-02-04 13:02:16 ERROR dataset: Stage1 rate limit info: limits={'rpm': None, 'tpm': None, 'rpd': None, 'note': 'set per your Google project tier'} headers=none
2026-02-04 13:02:16 ERROR dataset: Stage1 error intent=media playback: rate limit hit provider=gemini model=gemini-3-pro-preview limits={'rpm': None, 'tpm': None, 'rpd': None, 'note': 'set per your Google project tier'} headers=none
2026-02-04 13:10:19 ERROR dataset: Stage1 rate limit info: limits={'rpm': None, 'tpm': None, 'rpd': None, 'note': 'set per your Google project tier'} headers=none
2026-02-04 13:10:19 ERROR dataset: Stage1 error intent=Booking: rate limit hit provider=gemini model=gemini-3-pro-preview limits={'rpm': None, 'tpm': None, 'rpd': None, 'note': 'set per your Google project tier'} headers=none
2026-02-04 13:10:32 ERROR dataset: Stage1 rate limit info: limits={'rpm': None, 'tpm': None, 'rpd': None, 'note': 'set per your Google project tier'} headers=none
2026-02-04 13:10:32 ERROR dataset: Stage1 error intent=media playback: rate limit hit provider=gemini model=gemini-3-pro-preview limits={'rpm': None, 'tpm': None, 'rpd': None, 'note': 'set per your Google project tier'} headers=none
2026-02-04 13:10:44 ERROR dataset: Stage1 rate limit info: limits={'rpm': None, 'tpm': None, 'rpd': None, 'note': 'set per your Google project tier'} headers=none
2026-02-04 13:10:44 ERROR dataset: Stage1 error intent=media playback: rate limit hit provider=gemini model=gemini-3-pro-preview limits={'rpm': None, 'tpm': None, 'rpd': None, 'note': 'set per your Google project tier'} headers=none
2026-02-04 13:10:58 ERROR dataset: Stage1 rate limit info: limits={'rpm': None, 'tpm': None, 'rpd': None, 'note': 'set per your Google project tier'} headers=none
2026-02-04 13:10:58 ERROR dataset: Stage1 error intent=media playback: rate limit hit provider=gemini model=gemini-3-pro-preview limits={'rpm': None, 'tpm': None, 'rpd': None, 'note': 'set per your Google project tier'} headers=none
2026-02-04 13:19:02 ERROR dataset: Stage1 rate limit info: limits={'rpm': None, 'tpm': None, 'rpd': None, 'note': 'set per your Google project tier'} headers=none
2026-02-04 13:19:02 ERROR dataset: Stage1 error intent=Booking: rate limit hit provider=gemini model=gemini-3-pro-preview limits={'rpm': None, 'tpm': None, 'rpd': None, 'note': 'set per your Google project tier'} headers=none
2026-02-04 13:19:02 ERROR dataset: Stage1 stopping intent=Booking after 3 failures
2026-02-04 13:19:14 ERROR dataset: Stage1 rate limit info: limits={'rpm': None, 'tpm': None, 'rpd': None, 'note': 'set per your Google project tier'} headers=none
2026-02-04 13:19:14 ERROR dataset: Stage1 error intent=media playback: rate limit hit provider=gemini model=gemini-3-pro-preview limits={'rpm': None, 'tpm': None, 'rpd': None, 'note': 'set per your Google project tier'} headers=none
2026-02-04 13:19:14 ERROR dataset: Stage1 stopping intent=media playback after 3 failures
2026-02-04 13:19:27 ERROR dataset: Stage1 rate limit info: limits={'rpm': None, 'tpm': None, 'rpd': None, 'note': 'set per your Google project tier'} headers=none
2026-02-04 13:19:27 ERROR dataset: Stage1 error intent=media playback: rate limit hit provider=gemini model=gemini-3-pro-preview limits={'rpm': None, 'tpm': None, 'rpd': None, 'note': 'set per your Google project tier'} headers=none
2026-02-04 13:19:27 ERROR dataset: Stage1 stopping intent=media playback after 3 failures
2026-02-04 13:19:41 ERROR dataset: Stage1 rate limit info: limits={'rpm': None, 'tpm': None, 'rpd': None, 'note': 'set per your Google project tier'} headers=none
2026-02-04 13:19:41 ERROR dataset: Stage1 error intent=media playback: rate limit hit provider=gemini model=gemini-3-pro-preview limits={'rpm': None, 'tpm': None, 'rpd': None, 'note': 'set per your Google project tier'} headers=none
2026-02-04 13:19:41 ERROR dataset: Stage1 stopping intent=media playback after 3 failures
2026-02-04 13:27:46 ERROR dataset: Stage1 rate limit info: limits={'rpm': None, 'tpm': None, 'rpd': None, 'note': 'set per your Google project tier'} headers=none
2026-02-04 13:27:46 ERROR dataset: Stage1 error intent=weather: rate limit hit provider=gemini model=gemini-3-pro-preview limits={'rpm': None, 'tpm': None, 'rpd': None, 'note': 'set per your Google project tier'} headers=none
2026-02-04 13:27:56 ERROR dataset: Stage1 rate limit info: limits={'rpm': None, 'tpm': None, 'rpd': None, 'note': 'set per your Google project tier'} headers=none
2026-02-04 13:27:56 ERROR dataset: Stage1 error intent=qr scanner: rate limit hit provider=gemini model=gemini-3-pro-preview limits={'rpm': None, 'tpm': None, 'rpd': None, 'note': 'set per your Google project tier'} headers=none
2026-02-04 13:28:09 ERROR dataset: Stage1 rate limit info: limits={'rpm': None, 'tpm': None, 'rpd': None, 'note': 'set per your Google project tier'} headers=none
2026-02-04 13:28:09 ERROR dataset: Stage1 error intent=qr scanner: rate limit hit provider=gemini model=gemini-3-pro-preview limits={'rpm': None, 'tpm': None, 'rpd': None, 'note': 'set per your Google project tier'} headers=none
2026-02-04 13:28:24 ERROR dataset: Stage1 rate limit info: limits={'rpm': None, 'tpm': None, 'rpd': None, 'note': 'set per your Google project tier'} headers=none
2026-02-04 13:28:24 ERROR dataset: Stage1 error intent=qr scanner: rate limit hit provider=gemini model=gemini-3-pro-preview limits={'rpm': None, 'tpm': None, 'rpd': None, 'note': 'set per your Google project tier'} headers=none
2026-02-04 13:30:54 ERROR dataset: Stage1 parse error intent=qr scanner: Expecting ',' delimiter: line 210 column 55 (char 7751)
2026-02-04 13:30:54 INFO dataset: Stage1 recovered 42 objects from fallback parse intent=qr scanner
2026-02-04 13:30:54 INFO dataset: Stage1 intent=qr scanner created=42 total=42
2026-02-04 13:31:07 ERROR dataset: Stage1 parse error intent=qr scanner: Expecting ',' delimiter: line 210 column 55 (char 7751)
2026-02-04 13:31:07 INFO dataset: Stage1 recovered 42 objects from fallback parse intent=qr scanner
2026-02-04 13:31:07 INFO dataset: Stage1 intent=qr scanner created=42 total=42
2026-02-04 13:31:19 ERROR dataset: Stage1 parse error intent=qr scanner: Expecting ',' delimiter: line 210 column 55 (char 7751)
2026-02-04 13:31:19 INFO dataset: Stage1 recovered 42 objects from fallback parse intent=qr scanner
2026-02-04 13:31:19 INFO dataset: Stage1 intent=qr scanner created=42 total=42
2026-02-04 13:31:53 ERROR dataset: Stage1 parse error intent=qr scanner: Expecting ',' delimiter: line 150 column 55 (char 9883)
2026-02-04 13:31:53 INFO dataset: Stage1 recovered 30 objects from fallback parse intent=qr scanner
2026-02-04 13:31:53 INFO dataset: Stage1 intent=qr scanner created=30 total=72
2026-02-04 13:32:06 ERROR dataset: Stage1 parse error intent=qr scanner: Expecting ',' delimiter: line 150 column 55 (char 9883)
2026-02-04 13:32:06 INFO dataset: Stage1 recovered 30 objects from fallback parse intent=qr scanner
2026-02-04 13:32:06 INFO dataset: Stage1 intent=qr scanner created=30 total=72
2026-02-04 13:32:20 ERROR dataset: Stage1 parse error intent=qr scanner: Expecting ',' delimiter: line 150 column 55 (char 9883)
2026-02-04 13:32:20 INFO dataset: Stage1 recovered 30 objects from fallback parse intent=qr scanner
2026-02-04 13:32:20 INFO dataset: Stage1 intent=qr scanner created=30 total=72
2026-02-04 13:32:44 INFO dataset: Stage1 intent=qr scanner created=15 total=87
2026-02-04 13:32:58 INFO dataset: Stage1 intent=qr scanner created=15 total=87
2026-02-04 13:33:13 INFO dataset: Stage1 intent=qr scanner created=15 total=87
2026-02-04 13:33:44 ERROR dataset: Stage1 parse error intent=status check: Expecting ',' delimiter: line 85 column 55 (char 5805)
2026-02-04 13:33:44 INFO dataset: Stage1 recovered 17 objects from fallback parse intent=status check
2026-02-04 13:33:44 INFO dataset: Stage1 intent=status check created=17 total=17
2026-02-04 13:33:59 ERROR dataset: Stage1 parse error intent=status check: Expecting ',' delimiter: line 85 column 55 (char 5805)
2026-02-04 13:33:59 INFO dataset: Stage1 recovered 17 objects from fallback parse intent=status check
2026-02-04 13:33:59 INFO dataset: Stage1 intent=status check created=17 total=17
2026-02-04 13:34:12 ERROR dataset: Stage1 parse error intent=status check: Expecting ',' delimiter: line 85 column 55 (char 5805)
2026-02-04 13:34:12 INFO dataset: Stage1 recovered 17 objects from fallback parse intent=status check
2026-02-04 13:34:12 INFO dataset: Stage1 intent=status check created=17 total=17
2026-02-04 13:34:43 ERROR dataset: Stage1 parse error intent=status check: Expecting ',' delimiter: line 125 column 52 (char 7617)
2026-02-04 13:34:43 INFO dataset: Stage1 recovered 25 objects from fallback parse intent=status check
2026-02-04 13:34:43 INFO dataset: Stage1 intent=status check created=25 total=42
2026-02-04 13:34:57 ERROR dataset: Stage1 parse error intent=status check: Expecting ',' delimiter: line 120 column 48 (char 7771)
2026-02-04 13:34:57 INFO dataset: Stage1 recovered 24 objects from fallback parse intent=status check
2026-02-04 13:34:57 INFO dataset: Stage1 intent=status check created=24 total=41
2026-02-04 13:35:11 ERROR dataset: Stage1 parse error intent=status check: Expecting ',' delimiter: line 125 column 52 (char 7617)
2026-02-04 13:35:11 INFO dataset: Stage1 recovered 25 objects from fallback parse intent=status check
2026-02-04 13:35:11 INFO dataset: Stage1 intent=status check created=25 total=42
2026-02-04 13:35:38 ERROR dataset: Stage1 parse error intent=status check: Expecting ',' delimiter: line 85 column 53 (char 6752)
2026-02-04 13:35:38 INFO dataset: Stage1 recovered 17 objects from fallback parse intent=status check
2026-02-04 13:35:38 INFO dataset: Stage1 intent=status check created=17 total=59
2026-02-04 13:35:53 ERROR dataset: Stage1 parse error intent=status check: Expecting ',' delimiter: line 95 column 48 (char 6344)
2026-02-04 13:35:53 INFO dataset: Stage1 recovered 19 objects from fallback parse intent=status check
2026-02-04 13:35:53 INFO dataset: Stage1 intent=status check created=19 total=60
2026-02-04 13:36:06 ERROR dataset: Stage1 parse error intent=status check: Expecting ',' delimiter: line 85 column 53 (char 6752)
2026-02-04 13:36:06 INFO dataset: Stage1 recovered 17 objects from fallback parse intent=status check
2026-02-04 13:36:06 INFO dataset: Stage1 intent=status check created=17 total=59
2026-02-04 13:36:34 ERROR dataset: Stage1 parse error intent=status check: Expecting ',' delimiter: line 100 column 59 (char 7613)
2026-02-04 13:36:34 INFO dataset: Stage1 recovered 20 objects from fallback parse intent=status check
2026-02-04 13:36:34 INFO dataset: Stage1 intent=status check created=20 total=79
2026-02-04 13:36:52 ERROR dataset: Stage1 parse error intent=status check: Expecting ',' delimiter: line 100 column 71 (char 7599)
2026-02-04 13:36:52 INFO dataset: Stage1 recovered 20 objects from fallback parse intent=status check
2026-02-04 13:36:52 INFO dataset: Stage1 intent=status check created=20 total=80
2026-02-04 13:37:02 ERROR dataset: Stage1 parse error intent=status check: Expecting ',' delimiter: line 100 column 59 (char 7613)
2026-02-04 13:37:02 INFO dataset: Stage1 recovered 20 objects from fallback parse intent=status check
2026-02-04 13:37:02 INFO dataset: Stage1 intent=status check created=20 total=79
2026-02-04 13:37:20 INFO dataset: Stage1 intent=status check created=8 total=87
2026-02-04 13:37:33 INFO dataset: Stage1 intent=status check created=7 total=87
2026-02-04 13:37:47 INFO dataset: Stage1 intent=status check created=8 total=87
