2026-02-04 09:53:26 ERROR dataset: Stage1 error intent=Information Retrieval: batch_timeout
2026-02-04 09:53:26 ERROR dataset: Stage1 error intent=Entertainment: batch_timeout
2026-02-04 09:53:26 ERROR dataset: Stage1 error intent=product_lookup: batch_timeout
2026-02-04 09:53:26 ERROR dataset: Stage1 error intent=Booking: batch_timeout
2026-02-04 09:53:26 ERROR dataset: Stage1 error intent=weather: batch_timeout
2026-02-04 09:53:26 ERROR dataset: Stage1 error intent=data visualisation: batch_timeout
2026-02-04 09:53:26 ERROR dataset: Stage1 error intent=Planning: batch_timeout
2026-02-04 09:53:26 ERROR dataset: Stage1 error intent=productivity: batch_timeout
2026-02-04 09:53:26 ERROR dataset: Stage1 error intent=Recipe: batch_timeout
2026-02-04 09:53:26 ERROR dataset: Stage1 error intent=Localization: batch_timeout
2026-02-04 09:53:26 ERROR dataset: Stage1 error intent=Technical support: batch_timeout
2026-02-04 09:53:26 ERROR dataset: Stage1 error intent=Creating Writing: batch_timeout
2026-02-04 09:53:26 ERROR dataset: Stage1 error intent=Event Schedule: batch_timeout
2026-02-04 09:53:26 ERROR dataset: Stage1 error intent=Research Analysis: batch_timeout
2026-02-04 09:53:26 ERROR dataset: Stage1 error intent=Comparison: batch_timeout
2026-02-04 09:53:26 ERROR dataset: Stage1 error intent=calculation: batch_timeout
2026-02-04 09:53:26 ERROR dataset: Stage1 error intent=Travel: batch_timeout
2026-02-04 09:53:26 ERROR dataset: Stage1 error intent=Navigation: batch_timeout
2026-02-04 09:53:26 ERROR dataset: Stage1 error intent=Education: batch_timeout
2026-02-04 09:53:26 ERROR dataset: Stage1 error intent=Documentation: batch_timeout
2026-02-04 09:53:26 ERROR dataset: Stage1 error intent=media playback: batch_timeout
2026-02-04 09:53:26 ERROR dataset: Stage1 error intent=qr scanner: batch_timeout
2026-02-04 09:53:26 ERROR dataset: Stage1 error intent=status check: batch_timeout
2026-02-04 09:55:37 ERROR dataset: Stage1 error intent=Information Retrieval: batch_timeout
2026-02-04 09:55:37 ERROR dataset: Stage1 error intent=Entertainment: batch_timeout
2026-02-04 09:55:37 ERROR dataset: Stage1 error intent=product_lookup: batch_timeout
2026-02-04 09:55:37 ERROR dataset: Stage1 error intent=Booking: batch_timeout
2026-02-04 09:55:37 ERROR dataset: Stage1 error intent=weather: batch_timeout
2026-02-04 09:55:37 ERROR dataset: Stage1 error intent=data visualisation: batch_timeout
2026-02-04 09:55:37 ERROR dataset: Stage1 error intent=Planning: batch_timeout
2026-02-04 09:55:37 ERROR dataset: Stage1 error intent=productivity: batch_timeout
2026-02-04 09:55:37 ERROR dataset: Stage1 error intent=Recipe: batch_timeout
2026-02-04 09:55:37 ERROR dataset: Stage1 error intent=Localization: batch_timeout
2026-02-04 09:55:37 ERROR dataset: Stage1 error intent=Technical support: batch_timeout
2026-02-04 09:55:37 ERROR dataset: Stage1 error intent=Creating Writing: batch_timeout
2026-02-04 09:55:37 ERROR dataset: Stage1 error intent=Event Schedule: batch_timeout
2026-02-04 09:55:37 ERROR dataset: Stage1 error intent=Research Analysis: batch_timeout
2026-02-04 09:55:37 ERROR dataset: Stage1 error intent=Comparison: batch_timeout
2026-02-04 09:55:37 ERROR dataset: Stage1 error intent=calculation: batch_timeout
2026-02-04 09:55:37 ERROR dataset: Stage1 error intent=Travel: batch_timeout
2026-02-04 09:55:37 ERROR dataset: Stage1 error intent=Navigation: batch_timeout
2026-02-04 09:55:37 ERROR dataset: Stage1 error intent=Education: batch_timeout
2026-02-04 09:55:37 ERROR dataset: Stage1 error intent=Documentation: batch_timeout
2026-02-04 09:55:37 ERROR dataset: Stage1 error intent=media playback: batch_timeout
2026-02-04 09:55:37 ERROR dataset: Stage1 error intent=qr scanner: batch_timeout
2026-02-04 09:55:37 ERROR dataset: Stage1 error intent=status check: batch_timeout
2026-02-04 09:56:30 ERROR dataset: Stage1 error intent=Information Retrieval: batch_no_inlined_responses
2026-02-04 09:56:30 ERROR dataset: Stage1 error intent=Entertainment: batch_no_inlined_responses
2026-02-04 09:56:30 ERROR dataset: Stage1 error intent=product_lookup: batch_no_inlined_responses
2026-02-04 09:56:30 ERROR dataset: Stage1 error intent=Booking: batch_no_inlined_responses
2026-02-04 09:56:30 ERROR dataset: Stage1 error intent=weather: batch_no_inlined_responses
2026-02-04 09:56:30 ERROR dataset: Stage1 error intent=data visualisation: batch_no_inlined_responses
2026-02-04 09:56:30 ERROR dataset: Stage1 error intent=Planning: batch_no_inlined_responses
2026-02-04 09:56:30 ERROR dataset: Stage1 error intent=productivity: batch_no_inlined_responses
2026-02-04 09:56:30 ERROR dataset: Stage1 error intent=Recipe: batch_no_inlined_responses
2026-02-04 09:56:30 ERROR dataset: Stage1 error intent=Localization: batch_no_inlined_responses
2026-02-04 09:56:30 ERROR dataset: Stage1 error intent=Technical support: batch_no_inlined_responses
2026-02-04 09:56:30 ERROR dataset: Stage1 error intent=Creating Writing: batch_no_inlined_responses
2026-02-04 09:56:30 ERROR dataset: Stage1 error intent=Event Schedule: batch_no_inlined_responses
2026-02-04 09:56:30 ERROR dataset: Stage1 error intent=Research Analysis: batch_no_inlined_responses
2026-02-04 09:56:30 ERROR dataset: Stage1 error intent=Comparison: batch_no_inlined_responses
2026-02-04 09:56:30 ERROR dataset: Stage1 error intent=calculation: batch_no_inlined_responses
2026-02-04 09:56:30 ERROR dataset: Stage1 error intent=Travel: batch_no_inlined_responses
2026-02-04 09:56:30 ERROR dataset: Stage1 error intent=Navigation: batch_no_inlined_responses
2026-02-04 09:56:30 ERROR dataset: Stage1 error intent=Education: batch_no_inlined_responses
2026-02-04 09:56:30 ERROR dataset: Stage1 error intent=Documentation: batch_no_inlined_responses
2026-02-04 09:56:30 ERROR dataset: Stage1 error intent=media playback: batch_no_inlined_responses
2026-02-04 09:56:30 ERROR dataset: Stage1 error intent=qr scanner: batch_no_inlined_responses
2026-02-04 09:56:30 ERROR dataset: Stage1 error intent=status check: batch_no_inlined_responses
2026-02-04 09:58:10 ERROR dataset: Stage1 error intent=Information Retrieval: batch_timeout
2026-02-04 09:58:10 ERROR dataset: Stage1 error intent=Entertainment: batch_timeout
2026-02-04 09:58:10 ERROR dataset: Stage1 error intent=product_lookup: batch_timeout
2026-02-04 09:58:10 ERROR dataset: Stage1 error intent=Booking: batch_timeout
2026-02-04 09:58:10 ERROR dataset: Stage1 error intent=weather: batch_timeout
2026-02-04 09:58:10 ERROR dataset: Stage1 error intent=data visualisation: batch_timeout
2026-02-04 09:58:10 ERROR dataset: Stage1 error intent=Planning: batch_timeout
2026-02-04 09:58:10 ERROR dataset: Stage1 error intent=productivity: batch_timeout
2026-02-04 09:58:10 ERROR dataset: Stage1 error intent=Recipe: batch_timeout
2026-02-04 09:58:10 ERROR dataset: Stage1 error intent=Localization: batch_timeout
2026-02-04 09:58:10 ERROR dataset: Stage1 error intent=Technical support: batch_timeout
2026-02-04 09:58:10 ERROR dataset: Stage1 error intent=Creating Writing: batch_timeout
2026-02-04 09:58:10 ERROR dataset: Stage1 error intent=Event Schedule: batch_timeout
2026-02-04 09:58:10 ERROR dataset: Stage1 error intent=Research Analysis: batch_timeout
2026-02-04 09:58:10 ERROR dataset: Stage1 error intent=Comparison: batch_timeout
2026-02-04 09:58:10 ERROR dataset: Stage1 error intent=calculation: batch_timeout
2026-02-04 09:58:10 ERROR dataset: Stage1 error intent=Travel: batch_timeout
2026-02-04 09:58:10 ERROR dataset: Stage1 error intent=Navigation: batch_timeout
2026-02-04 09:58:10 ERROR dataset: Stage1 error intent=Education: batch_timeout
2026-02-04 09:58:10 ERROR dataset: Stage1 error intent=Documentation: batch_timeout
2026-02-04 09:58:10 ERROR dataset: Stage1 error intent=media playback: batch_timeout
2026-02-04 09:58:10 ERROR dataset: Stage1 error intent=qr scanner: batch_timeout
2026-02-04 09:58:10 ERROR dataset: Stage1 error intent=status check: batch_timeout
2026-02-04 10:00:48 ERROR dataset: Stage1 error intent=Information Retrieval: batch_timeout
2026-02-04 10:00:48 ERROR dataset: Stage1 error intent=Entertainment: batch_timeout
2026-02-04 10:00:48 ERROR dataset: Stage1 error intent=product_lookup: batch_timeout
2026-02-04 10:00:48 ERROR dataset: Stage1 error intent=Booking: batch_timeout
2026-02-04 10:00:48 ERROR dataset: Stage1 error intent=weather: batch_timeout
2026-02-04 10:00:48 ERROR dataset: Stage1 error intent=data visualisation: batch_timeout
2026-02-04 10:00:48 ERROR dataset: Stage1 error intent=Planning: batch_timeout
2026-02-04 10:00:48 ERROR dataset: Stage1 error intent=productivity: batch_timeout
2026-02-04 10:00:48 ERROR dataset: Stage1 error intent=Recipe: batch_timeout
2026-02-04 10:00:48 ERROR dataset: Stage1 error intent=Localization: batch_timeout
2026-02-04 10:00:48 ERROR dataset: Stage1 error intent=Technical support: batch_timeout
2026-02-04 10:00:48 ERROR dataset: Stage1 error intent=Creating Writing: batch_timeout
2026-02-04 10:00:48 ERROR dataset: Stage1 error intent=Event Schedule: batch_timeout
2026-02-04 10:00:48 ERROR dataset: Stage1 error intent=Research Analysis: batch_timeout
2026-02-04 10:00:48 ERROR dataset: Stage1 error intent=Comparison: batch_timeout
2026-02-04 10:00:48 ERROR dataset: Stage1 error intent=calculation: batch_timeout
2026-02-04 10:00:48 ERROR dataset: Stage1 error intent=Travel: batch_timeout
2026-02-04 10:00:48 ERROR dataset: Stage1 error intent=Navigation: batch_timeout
2026-02-04 10:00:48 ERROR dataset: Stage1 error intent=Education: batch_timeout
2026-02-04 10:00:48 ERROR dataset: Stage1 error intent=Documentation: batch_timeout
2026-02-04 10:00:48 ERROR dataset: Stage1 error intent=media playback: batch_timeout
2026-02-04 10:00:48 ERROR dataset: Stage1 error intent=qr scanner: batch_timeout
2026-02-04 10:00:48 ERROR dataset: Stage1 error intent=status check: batch_timeout
2026-02-04 10:01:41 ERROR dataset: Stage1 error intent=Information Retrieval: batch_timeout
2026-02-04 10:01:41 ERROR dataset: Stage1 stopping intent=Information Retrieval after 3 failures
2026-02-04 10:01:41 ERROR dataset: Stage1 error intent=Entertainment: batch_timeout
2026-02-04 10:01:41 ERROR dataset: Stage1 stopping intent=Entertainment after 3 failures
2026-02-04 10:01:41 ERROR dataset: Stage1 error intent=product_lookup: batch_timeout
2026-02-04 10:01:41 ERROR dataset: Stage1 stopping intent=product_lookup after 3 failures
2026-02-04 10:01:41 ERROR dataset: Stage1 error intent=Booking: batch_timeout
2026-02-04 10:01:41 ERROR dataset: Stage1 stopping intent=Booking after 3 failures
2026-02-04 10:01:41 ERROR dataset: Stage1 error intent=weather: batch_timeout
2026-02-04 10:01:41 ERROR dataset: Stage1 stopping intent=weather after 3 failures
2026-02-04 10:01:41 ERROR dataset: Stage1 error intent=data visualisation: batch_timeout
2026-02-04 10:01:41 ERROR dataset: Stage1 stopping intent=data visualisation after 3 failures
2026-02-04 10:01:41 ERROR dataset: Stage1 error intent=Planning: batch_timeout
2026-02-04 10:01:41 ERROR dataset: Stage1 stopping intent=Planning after 3 failures
2026-02-04 10:01:41 ERROR dataset: Stage1 error intent=productivity: batch_timeout
2026-02-04 10:01:41 ERROR dataset: Stage1 stopping intent=productivity after 3 failures
2026-02-04 10:01:41 ERROR dataset: Stage1 error intent=Recipe: batch_timeout
2026-02-04 10:01:41 ERROR dataset: Stage1 stopping intent=Recipe after 3 failures
2026-02-04 10:01:41 ERROR dataset: Stage1 error intent=Localization: batch_timeout
2026-02-04 10:01:41 ERROR dataset: Stage1 stopping intent=Localization after 3 failures
2026-02-04 10:01:41 ERROR dataset: Stage1 error intent=Technical support: batch_timeout
2026-02-04 10:01:41 ERROR dataset: Stage1 stopping intent=Technical support after 3 failures
2026-02-04 10:01:41 ERROR dataset: Stage1 error intent=Creating Writing: batch_timeout
2026-02-04 10:01:41 ERROR dataset: Stage1 stopping intent=Creating Writing after 3 failures
2026-02-04 10:01:41 ERROR dataset: Stage1 error intent=Event Schedule: batch_timeout
2026-02-04 10:01:41 ERROR dataset: Stage1 stopping intent=Event Schedule after 3 failures
2026-02-04 10:01:41 ERROR dataset: Stage1 error intent=Research Analysis: batch_timeout
2026-02-04 10:01:41 ERROR dataset: Stage1 stopping intent=Research Analysis after 3 failures
2026-02-04 10:01:41 ERROR dataset: Stage1 error intent=Comparison: batch_timeout
2026-02-04 10:01:41 ERROR dataset: Stage1 stopping intent=Comparison after 3 failures
2026-02-04 10:01:41 ERROR dataset: Stage1 error intent=calculation: batch_timeout
2026-02-04 10:01:41 ERROR dataset: Stage1 stopping intent=calculation after 3 failures
2026-02-04 10:01:41 ERROR dataset: Stage1 error intent=Travel: batch_timeout
2026-02-04 10:01:41 ERROR dataset: Stage1 stopping intent=Travel after 3 failures
2026-02-04 10:01:41 ERROR dataset: Stage1 error intent=Navigation: batch_timeout
2026-02-04 10:01:41 ERROR dataset: Stage1 stopping intent=Navigation after 3 failures
2026-02-04 10:01:41 ERROR dataset: Stage1 error intent=Education: batch_timeout
2026-02-04 10:01:41 ERROR dataset: Stage1 stopping intent=Education after 3 failures
2026-02-04 10:01:41 ERROR dataset: Stage1 error intent=Documentation: batch_timeout
2026-02-04 10:01:41 ERROR dataset: Stage1 stopping intent=Documentation after 3 failures
2026-02-04 10:01:41 ERROR dataset: Stage1 error intent=media playback: batch_timeout
2026-02-04 10:01:41 ERROR dataset: Stage1 stopping intent=media playback after 3 failures
2026-02-04 10:01:41 ERROR dataset: Stage1 error intent=qr scanner: batch_timeout
2026-02-04 10:01:41 ERROR dataset: Stage1 stopping intent=qr scanner after 3 failures
2026-02-04 10:01:41 ERROR dataset: Stage1 error intent=status check: batch_timeout
2026-02-04 10:01:41 ERROR dataset: Stage1 stopping intent=status check after 3 failures
2026-02-04 10:03:22 ERROR dataset: Stage1 error intent=Information Retrieval: batch_timeout
2026-02-04 10:03:22 ERROR dataset: Stage1 error intent=Entertainment: batch_timeout
2026-02-04 10:03:22 ERROR dataset: Stage1 error intent=product_lookup: batch_timeout
2026-02-04 10:03:22 ERROR dataset: Stage1 error intent=Booking: batch_timeout
2026-02-04 10:03:22 ERROR dataset: Stage1 error intent=weather: batch_timeout
2026-02-04 10:03:22 ERROR dataset: Stage1 error intent=data visualisation: batch_timeout
2026-02-04 10:03:22 ERROR dataset: Stage1 error intent=Planning: batch_timeout
2026-02-04 10:03:22 ERROR dataset: Stage1 error intent=productivity: batch_timeout
2026-02-04 10:03:22 ERROR dataset: Stage1 error intent=Recipe: batch_timeout
2026-02-04 10:03:22 ERROR dataset: Stage1 error intent=Localization: batch_timeout
2026-02-04 10:03:22 ERROR dataset: Stage1 error intent=Technical support: batch_timeout
2026-02-04 10:03:22 ERROR dataset: Stage1 error intent=Creating Writing: batch_timeout
2026-02-04 10:03:22 ERROR dataset: Stage1 error intent=Event Schedule: batch_timeout
2026-02-04 10:03:22 ERROR dataset: Stage1 error intent=Research Analysis: batch_timeout
2026-02-04 10:03:22 ERROR dataset: Stage1 error intent=Comparison: batch_timeout
2026-02-04 10:03:22 ERROR dataset: Stage1 error intent=calculation: batch_timeout
2026-02-04 10:03:22 ERROR dataset: Stage1 error intent=Travel: batch_timeout
2026-02-04 10:03:22 ERROR dataset: Stage1 error intent=Navigation: batch_timeout
2026-02-04 10:03:22 ERROR dataset: Stage1 error intent=Education: batch_timeout
2026-02-04 10:03:22 ERROR dataset: Stage1 error intent=Documentation: batch_timeout
2026-02-04 10:03:22 ERROR dataset: Stage1 error intent=media playback: batch_timeout
2026-02-04 10:03:22 ERROR dataset: Stage1 error intent=qr scanner: batch_timeout
2026-02-04 10:03:22 ERROR dataset: Stage1 error intent=status check: batch_timeout
2026-02-04 10:05:59 ERROR dataset: Stage1 error intent=Information Retrieval: batch_timeout
2026-02-04 10:05:59 ERROR dataset: Stage1 stopping intent=Information Retrieval after 3 failures
2026-02-04 10:05:59 ERROR dataset: Stage1 error intent=Entertainment: batch_timeout
2026-02-04 10:05:59 ERROR dataset: Stage1 stopping intent=Entertainment after 3 failures
2026-02-04 10:05:59 ERROR dataset: Stage1 error intent=product_lookup: batch_timeout
2026-02-04 10:05:59 ERROR dataset: Stage1 stopping intent=product_lookup after 3 failures
2026-02-04 10:05:59 ERROR dataset: Stage1 error intent=Booking: batch_timeout
2026-02-04 10:05:59 ERROR dataset: Stage1 stopping intent=Booking after 3 failures
2026-02-04 10:05:59 ERROR dataset: Stage1 error intent=weather: batch_timeout
2026-02-04 10:05:59 ERROR dataset: Stage1 stopping intent=weather after 3 failures
2026-02-04 10:05:59 ERROR dataset: Stage1 error intent=data visualisation: batch_timeout
2026-02-04 10:05:59 ERROR dataset: Stage1 stopping intent=data visualisation after 3 failures
2026-02-04 10:05:59 ERROR dataset: Stage1 error intent=Planning: batch_timeout
2026-02-04 10:05:59 ERROR dataset: Stage1 stopping intent=Planning after 3 failures
2026-02-04 10:05:59 ERROR dataset: Stage1 error intent=productivity: batch_timeout
2026-02-04 10:05:59 ERROR dataset: Stage1 stopping intent=productivity after 3 failures
2026-02-04 10:05:59 ERROR dataset: Stage1 error intent=Recipe: batch_timeout
2026-02-04 10:05:59 ERROR dataset: Stage1 stopping intent=Recipe after 3 failures
2026-02-04 10:05:59 ERROR dataset: Stage1 error intent=Localization: batch_timeout
2026-02-04 10:05:59 ERROR dataset: Stage1 stopping intent=Localization after 3 failures
2026-02-04 10:05:59 ERROR dataset: Stage1 error intent=Technical support: batch_timeout
2026-02-04 10:05:59 ERROR dataset: Stage1 stopping intent=Technical support after 3 failures
2026-02-04 10:05:59 ERROR dataset: Stage1 error intent=Creating Writing: batch_timeout
2026-02-04 10:05:59 ERROR dataset: Stage1 stopping intent=Creating Writing after 3 failures
2026-02-04 10:05:59 ERROR dataset: Stage1 error intent=Event Schedule: batch_timeout
2026-02-04 10:05:59 ERROR dataset: Stage1 stopping intent=Event Schedule after 3 failures
2026-02-04 10:05:59 ERROR dataset: Stage1 error intent=Research Analysis: batch_timeout
2026-02-04 10:05:59 ERROR dataset: Stage1 stopping intent=Research Analysis after 3 failures
2026-02-04 10:05:59 ERROR dataset: Stage1 error intent=Comparison: batch_timeout
2026-02-04 10:05:59 ERROR dataset: Stage1 stopping intent=Comparison after 3 failures
2026-02-04 10:05:59 ERROR dataset: Stage1 error intent=calculation: batch_timeout
2026-02-04 10:05:59 ERROR dataset: Stage1 stopping intent=calculation after 3 failures
2026-02-04 10:05:59 ERROR dataset: Stage1 error intent=Travel: batch_timeout
2026-02-04 10:05:59 ERROR dataset: Stage1 stopping intent=Travel after 3 failures
2026-02-04 10:05:59 ERROR dataset: Stage1 error intent=Navigation: batch_timeout
2026-02-04 10:05:59 ERROR dataset: Stage1 stopping intent=Navigation after 3 failures
2026-02-04 10:05:59 ERROR dataset: Stage1 error intent=Education: batch_timeout
2026-02-04 10:05:59 ERROR dataset: Stage1 stopping intent=Education after 3 failures
2026-02-04 10:05:59 ERROR dataset: Stage1 error intent=Documentation: batch_timeout
2026-02-04 10:05:59 ERROR dataset: Stage1 stopping intent=Documentation after 3 failures
2026-02-04 10:05:59 ERROR dataset: Stage1 error intent=media playback: batch_timeout
2026-02-04 10:05:59 ERROR dataset: Stage1 stopping intent=media playback after 3 failures
2026-02-04 10:05:59 ERROR dataset: Stage1 error intent=qr scanner: batch_timeout
2026-02-04 10:05:59 ERROR dataset: Stage1 stopping intent=qr scanner after 3 failures
2026-02-04 10:05:59 ERROR dataset: Stage1 error intent=status check: batch_timeout
2026-02-04 10:05:59 ERROR dataset: Stage1 stopping intent=status check after 3 failures
2026-02-04 10:08:33 ERROR dataset: Stage1 error intent=Information Retrieval: batch_timeout
2026-02-04 10:08:33 ERROR dataset: Stage1 stopping intent=Information Retrieval after 3 failures
2026-02-04 10:08:33 ERROR dataset: Stage1 error intent=Entertainment: batch_timeout
2026-02-04 10:08:33 ERROR dataset: Stage1 stopping intent=Entertainment after 3 failures
2026-02-04 10:08:33 ERROR dataset: Stage1 error intent=product_lookup: batch_timeout
2026-02-04 10:08:33 ERROR dataset: Stage1 stopping intent=product_lookup after 3 failures
2026-02-04 10:08:33 ERROR dataset: Stage1 error intent=Booking: batch_timeout
2026-02-04 10:08:33 ERROR dataset: Stage1 stopping intent=Booking after 3 failures
2026-02-04 10:08:33 ERROR dataset: Stage1 error intent=weather: batch_timeout
2026-02-04 10:08:33 ERROR dataset: Stage1 stopping intent=weather after 3 failures
2026-02-04 10:08:33 ERROR dataset: Stage1 error intent=data visualisation: batch_timeout
2026-02-04 10:08:33 ERROR dataset: Stage1 stopping intent=data visualisation after 3 failures
2026-02-04 10:08:33 ERROR dataset: Stage1 error intent=Planning: batch_timeout
2026-02-04 10:08:33 ERROR dataset: Stage1 stopping intent=Planning after 3 failures
2026-02-04 10:08:33 ERROR dataset: Stage1 error intent=productivity: batch_timeout
2026-02-04 10:08:33 ERROR dataset: Stage1 stopping intent=productivity after 3 failures
2026-02-04 10:08:33 ERROR dataset: Stage1 error intent=Recipe: batch_timeout
2026-02-04 10:08:33 ERROR dataset: Stage1 stopping intent=Recipe after 3 failures
2026-02-04 10:08:33 ERROR dataset: Stage1 error intent=Localization: batch_timeout
2026-02-04 10:08:33 ERROR dataset: Stage1 stopping intent=Localization after 3 failures
2026-02-04 10:08:33 ERROR dataset: Stage1 error intent=Technical support: batch_timeout
2026-02-04 10:08:33 ERROR dataset: Stage1 stopping intent=Technical support after 3 failures
2026-02-04 10:08:33 ERROR dataset: Stage1 error intent=Creating Writing: batch_timeout
2026-02-04 10:08:33 ERROR dataset: Stage1 stopping intent=Creating Writing after 3 failures
2026-02-04 10:08:33 ERROR dataset: Stage1 error intent=Event Schedule: batch_timeout
2026-02-04 10:08:33 ERROR dataset: Stage1 stopping intent=Event Schedule after 3 failures
2026-02-04 10:08:33 ERROR dataset: Stage1 error intent=Research Analysis: batch_timeout
2026-02-04 10:08:33 ERROR dataset: Stage1 stopping intent=Research Analysis after 3 failures
2026-02-04 10:08:33 ERROR dataset: Stage1 error intent=Comparison: batch_timeout
2026-02-04 10:08:33 ERROR dataset: Stage1 stopping intent=Comparison after 3 failures
2026-02-04 10:08:33 ERROR dataset: Stage1 error intent=calculation: batch_timeout
2026-02-04 10:08:33 ERROR dataset: Stage1 stopping intent=calculation after 3 failures
2026-02-04 10:08:33 ERROR dataset: Stage1 error intent=Travel: batch_timeout
2026-02-04 10:08:33 ERROR dataset: Stage1 stopping intent=Travel after 3 failures
2026-02-04 10:08:33 ERROR dataset: Stage1 error intent=Navigation: batch_timeout
2026-02-04 10:08:33 ERROR dataset: Stage1 stopping intent=Navigation after 3 failures
2026-02-04 10:08:33 ERROR dataset: Stage1 error intent=Education: batch_timeout
2026-02-04 10:08:33 ERROR dataset: Stage1 stopping intent=Education after 3 failures
2026-02-04 10:08:33 ERROR dataset: Stage1 error intent=Documentation: batch_timeout
2026-02-04 10:08:33 ERROR dataset: Stage1 stopping intent=Documentation after 3 failures
2026-02-04 10:08:33 ERROR dataset: Stage1 error intent=media playback: batch_timeout
2026-02-04 10:08:33 ERROR dataset: Stage1 stopping intent=media playback after 3 failures
2026-02-04 10:08:33 ERROR dataset: Stage1 error intent=qr scanner: batch_timeout
2026-02-04 10:08:33 ERROR dataset: Stage1 stopping intent=qr scanner after 3 failures
2026-02-04 10:08:33 ERROR dataset: Stage1 error intent=status check: batch_timeout
2026-02-04 10:08:33 ERROR dataset: Stage1 stopping intent=status check after 3 failures
2026-02-04 10:13:46 ERROR dataset: Stage1 error intent=Information Retrieval: batch_timeout
2026-02-04 10:13:46 ERROR dataset: Stage1 error intent=Entertainment: batch_timeout
2026-02-04 10:13:46 ERROR dataset: Stage1 error intent=product_lookup: batch_timeout
2026-02-04 10:13:46 ERROR dataset: Stage1 error intent=Booking: batch_timeout
2026-02-04 10:13:46 ERROR dataset: Stage1 error intent=weather: batch_timeout
2026-02-04 10:13:46 ERROR dataset: Stage1 error intent=data visualisation: batch_timeout
2026-02-04 10:13:46 ERROR dataset: Stage1 error intent=Planning: batch_timeout
2026-02-04 10:13:46 ERROR dataset: Stage1 error intent=productivity: batch_timeout
2026-02-04 10:13:46 ERROR dataset: Stage1 error intent=Recipe: batch_timeout
2026-02-04 10:13:46 ERROR dataset: Stage1 error intent=Localization: batch_timeout
2026-02-04 10:13:46 ERROR dataset: Stage1 error intent=Technical support: batch_timeout
2026-02-04 10:13:46 ERROR dataset: Stage1 error intent=Creating Writing: batch_timeout
2026-02-04 10:13:46 ERROR dataset: Stage1 error intent=Event Schedule: batch_timeout
2026-02-04 10:13:46 ERROR dataset: Stage1 error intent=Research Analysis: batch_timeout
2026-02-04 10:13:46 ERROR dataset: Stage1 error intent=Comparison: batch_timeout
2026-02-04 10:13:46 ERROR dataset: Stage1 error intent=calculation: batch_timeout
2026-02-04 10:13:46 ERROR dataset: Stage1 error intent=Travel: batch_timeout
2026-02-04 10:13:46 ERROR dataset: Stage1 error intent=Navigation: batch_timeout
2026-02-04 10:13:46 ERROR dataset: Stage1 error intent=Education: batch_timeout
2026-02-04 10:13:46 ERROR dataset: Stage1 error intent=Documentation: batch_timeout
2026-02-04 10:13:46 ERROR dataset: Stage1 error intent=media playback: batch_timeout
2026-02-04 10:13:46 ERROR dataset: Stage1 error intent=qr scanner: batch_timeout
2026-02-04 10:13:46 ERROR dataset: Stage1 error intent=status check: batch_timeout
2026-02-04 10:27:03 ERROR dataset: Stage1 parse error intent=Information Retrieval: Expecting ',' delimiter: line 175 column 48 (char 8987)
2026-02-04 10:27:03 INFO dataset: Stage1 recovered 35 objects from fallback parse intent=Information Retrieval
2026-02-04 10:27:03 INFO dataset: Stage1 intent=Information Retrieval created=35 total=35
2026-02-04 10:27:59 ERROR dataset: Stage1 parse error intent=Information Retrieval: Expecting ',' delimiter: line 105 column 50 (char 6595)
2026-02-04 10:27:59 INFO dataset: Stage1 recovered 21 objects from fallback parse intent=Information Retrieval
2026-02-04 10:27:59 INFO dataset: Stage1 intent=Information Retrieval created=21 total=56
2026-02-04 10:28:53 ERROR dataset: Stage1 parse error intent=Information Retrieval: Expecting ',' delimiter: line 125 column 48 (char 6817)
2026-02-04 10:28:53 INFO dataset: Stage1 recovered 25 objects from fallback parse intent=Information Retrieval
2026-02-04 10:28:53 INFO dataset: Stage1 intent=Information Retrieval created=25 total=81
2026-02-04 10:28:56 ERROR dataset: Stage1 error intent=Information Retrieval: batch_timeout
2026-02-04 10:28:56 ERROR dataset: Stage1 error intent=Entertainment: batch_timeout
2026-02-04 10:28:56 ERROR dataset: Stage1 error intent=product_lookup: batch_timeout
2026-02-04 10:28:56 ERROR dataset: Stage1 error intent=Booking: batch_timeout
2026-02-04 10:28:56 ERROR dataset: Stage1 error intent=weather: batch_timeout
2026-02-04 10:28:56 ERROR dataset: Stage1 error intent=data visualisation: batch_timeout
2026-02-04 10:28:56 ERROR dataset: Stage1 error intent=Planning: batch_timeout
2026-02-04 10:28:56 ERROR dataset: Stage1 error intent=productivity: batch_timeout
2026-02-04 10:28:56 ERROR dataset: Stage1 error intent=Recipe: batch_timeout
2026-02-04 10:28:56 ERROR dataset: Stage1 error intent=Localization: batch_timeout
2026-02-04 10:28:56 ERROR dataset: Stage1 error intent=Technical support: batch_timeout
2026-02-04 10:28:56 ERROR dataset: Stage1 error intent=Creating Writing: batch_timeout
2026-02-04 10:28:56 ERROR dataset: Stage1 error intent=Event Schedule: batch_timeout
2026-02-04 10:28:56 ERROR dataset: Stage1 error intent=Research Analysis: batch_timeout
2026-02-04 10:28:56 ERROR dataset: Stage1 error intent=Comparison: batch_timeout
2026-02-04 10:28:56 ERROR dataset: Stage1 error intent=calculation: batch_timeout
2026-02-04 10:28:56 ERROR dataset: Stage1 error intent=Travel: batch_timeout
2026-02-04 10:28:56 ERROR dataset: Stage1 error intent=Navigation: batch_timeout
2026-02-04 10:28:56 ERROR dataset: Stage1 error intent=Education: batch_timeout
2026-02-04 10:28:56 ERROR dataset: Stage1 error intent=Documentation: batch_timeout
2026-02-04 10:28:56 ERROR dataset: Stage1 error intent=media playback: batch_timeout
2026-02-04 10:28:56 ERROR dataset: Stage1 error intent=qr scanner: batch_timeout
2026-02-04 10:28:56 ERROR dataset: Stage1 error intent=status check: batch_timeout
2026-02-04 10:29:32 INFO dataset: Stage1 intent=Information Retrieval created=6 total=87
2026-02-04 10:30:28 ERROR dataset: Stage1 parse error intent=Entertainment: Expecting ',' delimiter: line 140 column 42 (char 8485)
2026-02-04 10:30:28 INFO dataset: Stage1 recovered 28 objects from fallback parse intent=Entertainment
2026-02-04 10:30:28 INFO dataset: Stage1 intent=Entertainment created=28 total=28
2026-02-04 10:31:24 ERROR dataset: Stage1 parse error intent=Entertainment: Expecting ',' delimiter: line 150 column 53 (char 8018)
2026-02-04 10:31:24 INFO dataset: Stage1 recovered 30 objects from fallback parse intent=Entertainment
2026-02-04 10:31:24 INFO dataset: Stage1 intent=Entertainment created=30 total=58
2026-02-04 10:32:19 ERROR dataset: Stage1 parse error intent=Entertainment: Expecting ',' delimiter: line 70 column 72 (char 4548)
2026-02-04 10:32:19 INFO dataset: Stage1 recovered 13 objects from fallback parse intent=Entertainment
2026-02-04 10:32:19 INFO dataset: Stage1 intent=Entertainment created=13 total=71
2026-02-04 10:33:05 INFO dataset: Stage1 intent=Entertainment created=16 total=87
2026-02-04 10:33:59 ERROR dataset: Stage1 parse error intent=product_lookup: Expecting ',' delimiter: line 115 column 52 (char 7161)
2026-02-04 10:33:59 INFO dataset: Stage1 recovered 23 objects from fallback parse intent=product_lookup
2026-02-04 10:33:59 INFO dataset: Stage1 intent=product_lookup created=23 total=23
2026-02-04 10:34:54 ERROR dataset: Stage1 parse error intent=product_lookup: Expecting ',' delimiter: line 105 column 67 (char 7102)
2026-02-04 10:34:54 INFO dataset: Stage1 recovered 21 objects from fallback parse intent=product_lookup
2026-02-04 10:34:54 INFO dataset: Stage1 intent=product_lookup created=21 total=44
2026-02-04 10:35:47 ERROR dataset: Stage1 parse error intent=product_lookup: Expecting ',' delimiter: line 135 column 49 (char 7631)
2026-02-04 10:35:47 INFO dataset: Stage1 recovered 26 objects from fallback parse intent=product_lookup
2026-02-04 10:35:47 INFO dataset: Stage1 intent=product_lookup created=26 total=70
2026-02-04 10:36:33 INFO dataset: Stage1 intent=product_lookup created=17 total=87
2026-02-04 10:37:27 ERROR dataset: Stage1 parse error intent=Booking: Expecting ',' delimiter: line 95 column 55 (char 5802)
2026-02-04 10:37:27 INFO dataset: Stage1 recovered 19 objects from fallback parse intent=Booking
2026-02-04 10:37:27 INFO dataset: Stage1 intent=Booking created=19 total=19
2026-02-04 10:37:44 ERROR dataset: Stage1 parse error intent=Booking: Expecting ',' delimiter: line 120 column 49 (char 6108)
2026-02-04 10:37:44 INFO dataset: Stage1 recovered 24 objects from fallback parse intent=Booking
2026-02-04 10:37:44 INFO dataset: Stage1 intent=Booking created=24 total=24
2026-02-04 10:38:23 ERROR dataset: Stage1 parse error intent=Booking: Expecting ',' delimiter: line 65 column 62 (char 4874)
2026-02-04 10:38:23 INFO dataset: Stage1 recovered 13 objects from fallback parse intent=Booking
2026-02-04 10:38:23 INFO dataset: Stage1 intent=Booking created=13 total=32
2026-02-04 10:38:42 ERROR dataset: Stage1 parse error intent=Booking: Expecting ',' delimiter: line 75 column 46 (char 6661)
2026-02-04 10:38:42 INFO dataset: Stage1 recovered 15 objects from fallback parse intent=Booking
2026-02-04 10:38:42 INFO dataset: Stage1 intent=Booking created=15 total=39
2026-02-04 10:39:17 ERROR dataset: Stage1 parse error intent=Booking: Expecting ',' delimiter: line 70 column 50 (char 4950)
2026-02-04 10:39:17 INFO dataset: Stage1 recovered 14 objects from fallback parse intent=Booking
2026-02-04 10:39:17 INFO dataset: Stage1 intent=Booking created=14 total=46
2026-02-04 10:39:36 ERROR dataset: Stage1 parse error intent=Booking: Expecting ',' delimiter: line 95 column 46 (char 5930)
2026-02-04 10:39:36 INFO dataset: Stage1 recovered 19 objects from fallback parse intent=Booking
2026-02-04 10:39:36 INFO dataset: Stage1 intent=Booking created=19 total=58
2026-02-04 10:40:13 ERROR dataset: Stage1 parse error intent=Booking: Expecting ',' delimiter: line 75 column 55 (char 4275)
2026-02-04 10:40:13 INFO dataset: Stage1 recovered 15 objects from fallback parse intent=Booking
2026-02-04 10:40:13 INFO dataset: Stage1 intent=Booking created=15 total=61
2026-02-04 10:40:30 ERROR dataset: Stage1 parse error intent=Booking: Expecting ',' delimiter: line 10 column 52 (char 719)
2026-02-04 10:40:30 INFO dataset: Stage1 recovered 2 objects from fallback parse intent=Booking
2026-02-04 10:40:30 INFO dataset: Stage1 intent=Booking created=2 total=60
2026-02-04 10:41:09 ERROR dataset: Stage1 parse error intent=Booking: Expecting ',' delimiter: line 30 column 52 (char 2848)
2026-02-04 10:41:09 INFO dataset: Stage1 recovered 6 objects from fallback parse intent=Booking
2026-02-04 10:41:09 INFO dataset: Stage1 intent=Booking created=6 total=67
2026-02-04 10:41:23 ERROR dataset: Stage1 parse error intent=Booking: Unterminated string starting at: line 118 column 19 (char 6609)
2026-02-04 10:41:23 INFO dataset: Stage1 recovered 23 objects from fallback parse intent=Booking
2026-02-04 10:41:23 INFO dataset: Stage1 intent=Booking created=23 total=83
2026-02-04 10:42:00 ERROR dataset: Stage1 parse error intent=Booking: Expecting ',' delimiter: line 75 column 62 (char 4869)
2026-02-04 10:42:00 INFO dataset: Stage1 recovered 15 objects from fallback parse intent=Booking
2026-02-04 10:42:00 INFO dataset: Stage1 intent=Booking created=15 total=82
2026-02-04 10:42:02 INFO dataset: Stage1 intent=Booking created=4 total=87
2026-02-04 10:42:33 INFO dataset: Stage1 intent=Booking created=5 total=87
2026-02-04 10:42:56 ERROR dataset: Stage1 parse error intent=weather: Expecting ',' delimiter: line 125 column 50 (char 7363)
2026-02-04 10:42:56 INFO dataset: Stage1 recovered 25 objects from fallback parse intent=weather
2026-02-04 10:42:56 INFO dataset: Stage1 intent=weather created=25 total=25
2026-02-04 10:43:27 ERROR dataset: Stage1 parse error intent=weather: Expecting ',' delimiter: line 125 column 50 (char 7363)
2026-02-04 10:43:27 INFO dataset: Stage1 recovered 25 objects from fallback parse intent=weather
2026-02-04 10:43:27 INFO dataset: Stage1 intent=weather created=25 total=25
2026-02-04 10:43:53 ERROR dataset: Stage1 parse error intent=weather: Expecting ',' delimiter: line 90 column 46 (char 5546)
2026-02-04 10:43:53 INFO dataset: Stage1 recovered 18 objects from fallback parse intent=weather
2026-02-04 10:43:53 INFO dataset: Stage1 intent=weather created=18 total=43
2026-02-04 10:44:08 ERROR dataset: Stage1 error intent=Information Retrieval: batch_timeout
2026-02-04 10:44:08 ERROR dataset: Stage1 stopping intent=Information Retrieval after 3 failures
2026-02-04 10:44:08 ERROR dataset: Stage1 error intent=Entertainment: batch_timeout
2026-02-04 10:44:08 ERROR dataset: Stage1 stopping intent=Entertainment after 3 failures
2026-02-04 10:44:08 ERROR dataset: Stage1 error intent=product_lookup: batch_timeout
2026-02-04 10:44:08 ERROR dataset: Stage1 stopping intent=product_lookup after 3 failures
2026-02-04 10:44:08 ERROR dataset: Stage1 error intent=Booking: batch_timeout
2026-02-04 10:44:08 ERROR dataset: Stage1 stopping intent=Booking after 3 failures
2026-02-04 10:44:08 ERROR dataset: Stage1 error intent=weather: batch_timeout
2026-02-04 10:44:08 ERROR dataset: Stage1 stopping intent=weather after 3 failures
2026-02-04 10:44:08 ERROR dataset: Stage1 error intent=data visualisation: batch_timeout
2026-02-04 10:44:08 ERROR dataset: Stage1 stopping intent=data visualisation after 3 failures
2026-02-04 10:44:08 ERROR dataset: Stage1 error intent=Planning: batch_timeout
2026-02-04 10:44:08 ERROR dataset: Stage1 stopping intent=Planning after 3 failures
2026-02-04 10:44:08 ERROR dataset: Stage1 error intent=productivity: batch_timeout
2026-02-04 10:44:08 ERROR dataset: Stage1 stopping intent=productivity after 3 failures
2026-02-04 10:44:08 ERROR dataset: Stage1 error intent=Recipe: batch_timeout
2026-02-04 10:44:08 ERROR dataset: Stage1 stopping intent=Recipe after 3 failures
2026-02-04 10:44:08 ERROR dataset: Stage1 error intent=Localization: batch_timeout
2026-02-04 10:44:08 ERROR dataset: Stage1 stopping intent=Localization after 3 failures
2026-02-04 10:44:08 ERROR dataset: Stage1 error intent=Technical support: batch_timeout
2026-02-04 10:44:08 ERROR dataset: Stage1 stopping intent=Technical support after 3 failures
2026-02-04 10:44:08 ERROR dataset: Stage1 error intent=Creating Writing: batch_timeout
2026-02-04 10:44:08 ERROR dataset: Stage1 stopping intent=Creating Writing after 3 failures
2026-02-04 10:44:08 ERROR dataset: Stage1 error intent=Event Schedule: batch_timeout
2026-02-04 10:44:08 ERROR dataset: Stage1 stopping intent=Event Schedule after 3 failures
2026-02-04 10:44:08 ERROR dataset: Stage1 error intent=Research Analysis: batch_timeout
2026-02-04 10:44:08 ERROR dataset: Stage1 stopping intent=Research Analysis after 3 failures
2026-02-04 10:44:08 ERROR dataset: Stage1 error intent=Comparison: batch_timeout
2026-02-04 10:44:08 ERROR dataset: Stage1 stopping intent=Comparison after 3 failures
2026-02-04 10:44:08 ERROR dataset: Stage1 error intent=calculation: batch_timeout
2026-02-04 10:44:08 ERROR dataset: Stage1 stopping intent=calculation after 3 failures
2026-02-04 10:44:08 ERROR dataset: Stage1 error intent=Travel: batch_timeout
2026-02-04 10:44:08 ERROR dataset: Stage1 stopping intent=Travel after 3 failures
2026-02-04 10:44:08 ERROR dataset: Stage1 error intent=Navigation: batch_timeout
2026-02-04 10:44:08 ERROR dataset: Stage1 stopping intent=Navigation after 3 failures
2026-02-04 10:44:08 ERROR dataset: Stage1 error intent=Education: batch_timeout
2026-02-04 10:44:08 ERROR dataset: Stage1 stopping intent=Education after 3 failures
2026-02-04 10:44:08 ERROR dataset: Stage1 error intent=Documentation: batch_timeout
2026-02-04 10:44:08 ERROR dataset: Stage1 stopping intent=Documentation after 3 failures
2026-02-04 10:44:08 ERROR dataset: Stage1 error intent=media playback: batch_timeout
2026-02-04 10:44:08 ERROR dataset: Stage1 stopping intent=media playback after 3 failures
2026-02-04 10:44:08 ERROR dataset: Stage1 error intent=qr scanner: batch_timeout
2026-02-04 10:44:08 ERROR dataset: Stage1 stopping intent=qr scanner after 3 failures
2026-02-04 10:44:08 ERROR dataset: Stage1 error intent=status check: batch_timeout
2026-02-04 10:44:08 ERROR dataset: Stage1 stopping intent=status check after 3 failures
2026-02-04 10:44:22 ERROR dataset: Stage1 parse error intent=weather: Expecting ',' delimiter: line 105 column 51 (char 6908)
2026-02-04 10:44:22 INFO dataset: Stage1 recovered 21 objects from fallback parse intent=weather
2026-02-04 10:44:22 INFO dataset: Stage1 intent=weather created=21 total=46
2026-02-04 10:44:47 ERROR dataset: Stage1 parse error intent=weather: Unterminated string starting at: line 68 column 19 (char 4609)
2026-02-04 10:44:47 INFO dataset: Stage1 recovered 13 objects from fallback parse intent=weather
2026-02-04 10:44:47 INFO dataset: Stage1 intent=weather created=13 total=56
2026-02-04 10:45:15 ERROR dataset: Stage1 parse error intent=weather: Expecting ',' delimiter: line 90 column 45 (char 7015)
2026-02-04 10:45:15 INFO dataset: Stage1 recovered 18 objects from fallback parse intent=weather
2026-02-04 10:45:15 INFO dataset: Stage1 intent=weather created=18 total=64
2026-02-04 10:45:41 ERROR dataset: Stage1 parse error intent=weather: Expecting ',' delimiter: line 110 column 54 (char 7256)
2026-02-04 10:45:41 INFO dataset: Stage1 recovered 22 objects from fallback parse intent=weather
2026-02-04 10:45:41 INFO dataset: Stage1 intent=weather created=22 total=78
2026-02-04 10:46:09 ERROR dataset: Stage1 parse error intent=weather: Expecting ',' delimiter: line 70 column 43 (char 6644)
2026-02-04 10:46:09 INFO dataset: Stage1 recovered 14 objects from fallback parse intent=weather
2026-02-04 10:46:09 INFO dataset: Stage1 intent=weather created=14 total=78
2026-02-04 10:46:21 INFO dataset: Stage1 intent=weather created=9 total=87
2026-02-04 10:46:48 INFO dataset: Stage1 intent=weather created=9 total=87
2026-02-04 10:47:15 ERROR dataset: Stage1 parse error intent=data visualisation: Expecting ',' delimiter: line 120 column 56 (char 5971)
2026-02-04 10:47:15 INFO dataset: Stage1 recovered 24 objects from fallback parse intent=data visualisation
2026-02-04 10:47:15 INFO dataset: Stage1 intent=data visualisation created=24 total=24
2026-02-04 10:47:41 ERROR dataset: Stage1 parse error intent=data visualisation: Unterminated string starting at: line 105 column 5 (char 5995)
2026-02-04 10:47:41 INFO dataset: Stage1 recovered 20 objects from fallback parse intent=data visualisation
2026-02-04 10:47:41 INFO dataset: Stage1 intent=data visualisation created=20 total=20
2026-02-04 10:48:11 ERROR dataset: Stage1 parse error intent=data visualisation: Expecting ',' delimiter: line 50 column 67 (char 3738)
2026-02-04 10:48:11 INFO dataset: Stage1 recovered 10 objects from fallback parse intent=data visualisation
2026-02-04 10:48:11 INFO dataset: Stage1 intent=data visualisation created=10 total=34
2026-02-04 10:48:34 ERROR dataset: Stage1 parse error intent=data visualisation: Expecting ',' delimiter: line 105 column 47 (char 6756)
2026-02-04 10:48:34 INFO dataset: Stage1 recovered 21 objects from fallback parse intent=data visualisation
2026-02-04 10:48:34 INFO dataset: Stage1 intent=data visualisation created=21 total=41
2026-02-04 10:49:04 ERROR dataset: Stage1 parse error intent=data visualisation: Expecting ',' delimiter: line 50 column 49 (char 3740)
2026-02-04 10:49:04 INFO dataset: Stage1 recovered 10 objects from fallback parse intent=data visualisation
2026-02-04 10:49:04 INFO dataset: Stage1 intent=data visualisation created=10 total=44
2026-02-04 10:49:29 ERROR dataset: Stage1 parse error intent=data visualisation: Expecting ',' delimiter: line 90 column 65 (char 6250)
2026-02-04 10:49:29 INFO dataset: Stage1 recovered 18 objects from fallback parse intent=data visualisation
2026-02-04 10:49:29 INFO dataset: Stage1 intent=data visualisation created=18 total=59
2026-02-04 10:49:57 ERROR dataset: Stage1 parse error intent=data visualisation: Expecting ',' delimiter: line 135 column 53 (char 7668)
2026-02-04 10:49:57 INFO dataset: Stage1 recovered 27 objects from fallback parse intent=data visualisation
2026-02-04 10:49:57 INFO dataset: Stage1 intent=data visualisation created=27 total=71
2026-02-04 10:50:24 ERROR dataset: Stage1 parse error intent=data visualisation: Expecting ',' delimiter: line 100 column 65 (char 6246)
2026-02-04 10:50:24 INFO dataset: Stage1 recovered 20 objects from fallback parse intent=data visualisation
2026-02-04 10:50:24 INFO dataset: Stage1 intent=data visualisation created=20 total=79
2026-02-04 10:50:45 INFO dataset: Stage1 intent=data visualisation created=16 total=87
2026-02-04 10:51:03 INFO dataset: Stage1 intent=data visualisation created=8 total=87
2026-02-04 10:51:39 ERROR dataset: Stage1 parse error intent=Planning: Expecting ',' delimiter: line 95 column 62 (char 7032)
2026-02-04 10:51:39 INFO dataset: Stage1 recovered 19 objects from fallback parse intent=Planning
2026-02-04 10:51:39 INFO dataset: Stage1 intent=Planning created=19 total=19
2026-02-04 10:51:56 ERROR dataset: Stage1 parse error intent=Planning: Expecting ',' delimiter: line 120 column 55 (char 7550)
2026-02-04 10:51:56 INFO dataset: Stage1 recovered 24 objects from fallback parse intent=Planning
2026-02-04 10:51:56 INFO dataset: Stage1 intent=Planning created=24 total=24
2026-02-04 10:52:22 WARNING dataset: Stage2 batch error query_id=q_000001: batch_timeout
2026-02-04 10:52:22 WARNING dataset: Stage2 batch error query_id=q_000002: batch_timeout
2026-02-04 10:52:22 WARNING dataset: Stage2 batch error query_id=q_000003: batch_timeout
2026-02-04 10:52:22 WARNING dataset: Stage2 batch error query_id=q_000004: batch_timeout
2026-02-04 10:52:22 WARNING dataset: Stage2 batch error query_id=q_000005: batch_timeout
2026-02-04 10:52:22 WARNING dataset: Stage2 batch error query_id=q_000006: batch_timeout
2026-02-04 10:52:22 WARNING dataset: Stage2 batch error query_id=q_000007: batch_timeout
2026-02-04 10:52:22 WARNING dataset: Stage2 batch error query_id=q_000008: batch_timeout
2026-02-04 10:52:22 WARNING dataset: Stage2 batch error query_id=q_000009: batch_timeout
2026-02-04 10:52:22 WARNING dataset: Stage2 batch error query_id=q_000010: batch_timeout
2026-02-04 10:52:22 WARNING dataset: Stage2 batch error query_id=q_000011: batch_timeout
2026-02-04 10:52:22 WARNING dataset: Stage2 batch error query_id=q_000012: batch_timeout
2026-02-04 10:52:22 WARNING dataset: Stage2 batch error query_id=q_000013: batch_timeout
2026-02-04 10:52:22 WARNING dataset: Stage2 batch error query_id=q_000014: batch_timeout
2026-02-04 10:52:22 WARNING dataset: Stage2 batch error query_id=q_000015: batch_timeout
2026-02-04 10:52:22 WARNING dataset: Stage2 batch error query_id=q_000016: batch_timeout
2026-02-04 10:52:22 WARNING dataset: Stage2 batch error query_id=q_000017: batch_timeout
2026-02-04 10:52:22 WARNING dataset: Stage2 batch error query_id=q_000018: batch_timeout
2026-02-04 10:52:22 WARNING dataset: Stage2 batch error query_id=q_000019: batch_timeout
2026-02-04 10:52:22 WARNING dataset: Stage2 batch error query_id=q_000020: batch_timeout
2026-02-04 10:52:22 WARNING dataset: Stage2 batch error query_id=q_000021: batch_timeout
2026-02-04 10:52:22 WARNING dataset: Stage2 batch error query_id=q_000022: batch_timeout
2026-02-04 10:52:22 WARNING dataset: Stage2 batch error query_id=q_000023: batch_timeout
2026-02-04 10:52:22 WARNING dataset: Stage2 batch error query_id=q_000024: batch_timeout
2026-02-04 10:52:22 WARNING dataset: Stage2 batch error query_id=q_000025: batch_timeout
2026-02-04 10:52:22 WARNING dataset: Stage2 batch error query_id=q_000026: batch_timeout
2026-02-04 10:52:22 WARNING dataset: Stage2 batch error query_id=q_000027: batch_timeout
2026-02-04 10:52:22 WARNING dataset: Stage2 batch error query_id=q_000028: batch_timeout
2026-02-04 10:52:22 WARNING dataset: Stage2 batch error query_id=q_000029: batch_timeout
2026-02-04 10:52:22 WARNING dataset: Stage2 batch error query_id=q_000030: batch_timeout
2026-02-04 10:52:22 WARNING dataset: Stage2 batch error query_id=q_000031: batch_timeout
2026-02-04 10:52:22 WARNING dataset: Stage2 batch error query_id=q_000032: batch_timeout
2026-02-04 10:52:22 WARNING dataset: Stage2 batch error query_id=q_000033: batch_timeout
2026-02-04 10:52:22 WARNING dataset: Stage2 batch error query_id=q_000034: batch_timeout
2026-02-04 10:52:22 WARNING dataset: Stage2 batch error query_id=q_000035: batch_timeout
2026-02-04 10:52:22 WARNING dataset: Stage2 batch error query_id=q_000036: batch_timeout
2026-02-04 10:52:22 WARNING dataset: Stage2 batch error query_id=q_000037: batch_timeout
2026-02-04 10:52:22 WARNING dataset: Stage2 batch error query_id=q_000038: batch_timeout
2026-02-04 10:52:22 WARNING dataset: Stage2 batch error query_id=q_000039: batch_timeout
2026-02-04 10:52:22 WARNING dataset: Stage2 batch error query_id=q_000040: batch_timeout
2026-02-04 10:52:22 WARNING dataset: Stage2 batch error query_id=q_000041: batch_timeout
2026-02-04 10:52:22 WARNING dataset: Stage2 batch error query_id=q_000042: batch_timeout
2026-02-04 10:52:22 WARNING dataset: Stage2 batch error query_id=q_000043: batch_timeout
2026-02-04 10:52:22 WARNING dataset: Stage2 batch error query_id=q_000044: batch_timeout
2026-02-04 10:52:22 WARNING dataset: Stage2 batch error query_id=q_000045: batch_timeout
2026-02-04 10:52:22 WARNING dataset: Stage2 batch error query_id=q_000046: batch_timeout
2026-02-04 10:52:22 WARNING dataset: Stage2 batch error query_id=q_000047: batch_timeout
2026-02-04 10:52:22 WARNING dataset: Stage2 batch error query_id=q_000048: batch_timeout
2026-02-04 10:52:22 WARNING dataset: Stage2 batch error query_id=q_000049: batch_timeout
2026-02-04 10:52:22 WARNING dataset: Stage2 batch error query_id=q_000050: batch_timeout
2026-02-04 10:52:22 WARNING dataset: Stage2 batch error query_id=q_000051: batch_timeout
2026-02-04 10:52:22 WARNING dataset: Stage2 batch error query_id=q_000052: batch_timeout
2026-02-04 10:52:22 WARNING dataset: Stage2 batch error query_id=q_000053: batch_timeout
2026-02-04 10:52:22 WARNING dataset: Stage2 batch error query_id=q_000054: batch_timeout
2026-02-04 10:52:22 WARNING dataset: Stage2 batch error query_id=q_000055: batch_timeout
2026-02-04 10:52:22 WARNING dataset: Stage2 batch error query_id=q_000056: batch_timeout
2026-02-04 10:52:22 WARNING dataset: Stage2 batch error query_id=q_000057: batch_timeout
2026-02-04 10:52:22 WARNING dataset: Stage2 batch error query_id=q_000058: batch_timeout
2026-02-04 10:52:22 WARNING dataset: Stage2 batch error query_id=q_000059: batch_timeout
2026-02-04 10:52:22 WARNING dataset: Stage2 batch error query_id=q_000060: batch_timeout
2026-02-04 10:52:22 WARNING dataset: Stage2 batch error query_id=q_000061: batch_timeout
2026-02-04 10:52:22 WARNING dataset: Stage2 batch error query_id=q_000062: batch_timeout
2026-02-04 10:52:22 WARNING dataset: Stage2 batch error query_id=q_000063: batch_timeout
2026-02-04 10:52:22 WARNING dataset: Stage2 batch error query_id=q_000064: batch_timeout
2026-02-04 10:52:22 WARNING dataset: Stage2 batch error query_id=q_000065: batch_timeout
2026-02-04 10:52:22 WARNING dataset: Stage2 batch error query_id=q_000066: batch_timeout
2026-02-04 10:52:22 WARNING dataset: Stage2 batch error query_id=q_000067: batch_timeout
2026-02-04 10:52:22 WARNING dataset: Stage2 batch error query_id=q_000068: batch_timeout
2026-02-04 10:52:22 WARNING dataset: Stage2 batch error query_id=q_000069: batch_timeout
2026-02-04 10:52:22 WARNING dataset: Stage2 batch error query_id=q_000070: batch_timeout
2026-02-04 10:52:22 WARNING dataset: Stage2 batch error query_id=q_000071: batch_timeout
2026-02-04 10:52:22 WARNING dataset: Stage2 batch error query_id=q_000072: batch_timeout
2026-02-04 10:52:22 WARNING dataset: Stage2 batch error query_id=q_000073: batch_timeout
2026-02-04 10:52:22 WARNING dataset: Stage2 batch error query_id=q_000074: batch_timeout
2026-02-04 10:52:22 WARNING dataset: Stage2 batch error query_id=q_000075: batch_timeout
2026-02-04 10:52:22 WARNING dataset: Stage2 batch error query_id=q_000076: batch_timeout
2026-02-04 10:52:22 WARNING dataset: Stage2 batch error query_id=q_000077: batch_timeout
2026-02-04 10:52:22 WARNING dataset: Stage2 batch error query_id=q_000078: batch_timeout
2026-02-04 10:52:22 WARNING dataset: Stage2 batch error query_id=q_000079: batch_timeout
2026-02-04 10:52:22 WARNING dataset: Stage2 batch error query_id=q_000080: batch_timeout
2026-02-04 10:52:22 WARNING dataset: Stage2 batch error query_id=q_000081: batch_timeout
2026-02-04 10:52:22 WARNING dataset: Stage2 batch error query_id=q_000082: batch_timeout
2026-02-04 10:52:22 WARNING dataset: Stage2 batch error query_id=q_000083: batch_timeout
2026-02-04 10:52:22 WARNING dataset: Stage2 batch error query_id=q_000084: batch_timeout
2026-02-04 10:52:22 WARNING dataset: Stage2 batch error query_id=q_000085: batch_timeout
2026-02-04 10:52:22 WARNING dataset: Stage2 batch error query_id=q_000086: batch_timeout
2026-02-04 10:52:22 WARNING dataset: Stage2 batch error query_id=q_000087: batch_timeout
2026-02-04 10:52:32 ERROR dataset: Stage1 parse error intent=Planning: Expecting property name enclosed in double quotes: line 132 column 4 (char 7904)
2026-02-04 10:52:32 INFO dataset: Stage1 recovered 26 objects from fallback parse intent=Planning
2026-02-04 10:52:32 INFO dataset: Stage1 intent=Planning created=26 total=45
2026-02-04 10:52:52 ERROR dataset: Stage1 parse error intent=Planning: Expecting ',' delimiter: line 120 column 54 (char 8466)
2026-02-04 10:52:52 INFO dataset: Stage1 recovered 24 objects from fallback parse intent=Planning
2026-02-04 10:52:52 INFO dataset: Stage1 intent=Planning created=24 total=48
2026-02-04 10:53:27 ERROR dataset: Stage1 parse error intent=Planning: Expecting ',' delimiter: line 70 column 50 (char 5024)
2026-02-04 10:53:27 INFO dataset: Stage1 recovered 14 objects from fallback parse intent=Planning
2026-02-04 10:53:27 INFO dataset: Stage1 intent=Planning created=14 total=59
2026-02-04 10:53:46 ERROR dataset: Stage1 parse error intent=Planning: Expecting ',' delimiter: line 110 column 43 (char 8066)
2026-02-04 10:53:46 INFO dataset: Stage1 recovered 22 objects from fallback parse intent=Planning
2026-02-04 10:53:46 INFO dataset: Stage1 intent=Planning created=22 total=70
2026-02-04 10:54:21 ERROR dataset: Stage1 parse error intent=Planning: Expecting ',' delimiter: line 80 column 73 (char 7034)
2026-02-04 10:54:21 INFO dataset: Stage1 recovered 16 objects from fallback parse intent=Planning
2026-02-04 10:54:21 INFO dataset: Stage1 intent=Planning created=16 total=75
2026-02-04 10:54:37 ERROR dataset: Stage1 parse error intent=Planning: Expecting ',' delimiter: line 70 column 63 (char 5244)
2026-02-04 10:54:37 INFO dataset: Stage1 recovered 14 objects from fallback parse intent=Planning
2026-02-04 10:54:37 INFO dataset: Stage1 intent=Planning created=14 total=84
2026-02-04 10:55:03 INFO dataset: Stage1 intent=Planning created=12 total=87
2026-02-04 10:55:06 INFO dataset: Stage1 intent=Planning created=3 total=87
2026-02-04 10:55:57 ERROR dataset: Stage1 parse error intent=productivity: Expecting ',' delimiter: line 120 column 45 (char 7433)
2026-02-04 10:55:57 INFO dataset: Stage1 recovered 24 objects from fallback parse intent=productivity
2026-02-04 10:55:57 INFO dataset: Stage1 intent=productivity created=24 total=24
2026-02-04 10:55:58 ERROR dataset: Stage1 parse error intent=productivity: Expecting ',' delimiter: line 120 column 48 (char 7302)
2026-02-04 10:55:58 INFO dataset: Stage1 recovered 24 objects from fallback parse intent=productivity
2026-02-04 10:55:58 INFO dataset: Stage1 intent=productivity created=24 total=24
2026-02-04 10:56:51 ERROR dataset: Stage1 parse error intent=productivity: Expecting ',' delimiter: line 130 column 54 (char 7849)
2026-02-04 10:56:51 INFO dataset: Stage1 recovered 26 objects from fallback parse intent=productivity
2026-02-04 10:56:51 INFO dataset: Stage1 intent=productivity created=26 total=50
2026-02-04 10:56:53 ERROR dataset: Stage1 parse error intent=productivity: Expecting ',' delimiter: line 120 column 38 (char 8425)
2026-02-04 10:56:53 INFO dataset: Stage1 recovered 24 objects from fallback parse intent=productivity
2026-02-04 10:56:53 INFO dataset: Stage1 intent=productivity created=24 total=48
2026-02-04 10:57:34 WARNING dataset: Stage2 batch error query_id=q_000088: batch_timeout
2026-02-04 10:57:34 WARNING dataset: Stage2 batch error query_id=q_000089: batch_timeout
2026-02-04 10:57:34 WARNING dataset: Stage2 batch error query_id=q_000090: batch_timeout
2026-02-04 10:57:34 WARNING dataset: Stage2 batch error query_id=q_000091: batch_timeout
2026-02-04 10:57:34 WARNING dataset: Stage2 batch error query_id=q_000092: batch_timeout
2026-02-04 10:57:34 WARNING dataset: Stage2 batch error query_id=q_000093: batch_timeout
2026-02-04 10:57:34 WARNING dataset: Stage2 batch error query_id=q_000094: batch_timeout
2026-02-04 10:57:34 WARNING dataset: Stage2 batch error query_id=q_000095: batch_timeout
2026-02-04 10:57:34 WARNING dataset: Stage2 batch error query_id=q_000096: batch_timeout
2026-02-04 10:57:34 WARNING dataset: Stage2 batch error query_id=q_000097: batch_timeout
2026-02-04 10:57:34 WARNING dataset: Stage2 batch error query_id=q_000098: batch_timeout
2026-02-04 10:57:34 WARNING dataset: Stage2 batch error query_id=q_000099: batch_timeout
2026-02-04 10:57:34 WARNING dataset: Stage2 batch error query_id=q_000100: batch_timeout
2026-02-04 10:57:34 WARNING dataset: Stage2 batch error query_id=q_000101: batch_timeout
2026-02-04 10:57:34 WARNING dataset: Stage2 batch error query_id=q_000102: batch_timeout
2026-02-04 10:57:34 WARNING dataset: Stage2 batch error query_id=q_000103: batch_timeout
2026-02-04 10:57:34 WARNING dataset: Stage2 batch error query_id=q_000104: batch_timeout
2026-02-04 10:57:34 WARNING dataset: Stage2 batch error query_id=q_000105: batch_timeout
2026-02-04 10:57:34 WARNING dataset: Stage2 batch error query_id=q_000106: batch_timeout
2026-02-04 10:57:34 WARNING dataset: Stage2 batch error query_id=q_000107: batch_timeout
2026-02-04 10:57:34 WARNING dataset: Stage2 batch error query_id=q_000108: batch_timeout
2026-02-04 10:57:34 WARNING dataset: Stage2 batch error query_id=q_000109: batch_timeout
2026-02-04 10:57:34 WARNING dataset: Stage2 batch error query_id=q_000110: batch_timeout
2026-02-04 10:57:34 WARNING dataset: Stage2 batch error query_id=q_000111: batch_timeout
2026-02-04 10:57:34 WARNING dataset: Stage2 batch error query_id=q_000112: batch_timeout
2026-02-04 10:57:34 WARNING dataset: Stage2 batch error query_id=q_000113: batch_timeout
2026-02-04 10:57:34 WARNING dataset: Stage2 batch error query_id=q_000114: batch_timeout
2026-02-04 10:57:34 WARNING dataset: Stage2 batch error query_id=q_000115: batch_timeout
2026-02-04 10:57:34 WARNING dataset: Stage2 batch error query_id=q_000116: batch_timeout
2026-02-04 10:57:34 WARNING dataset: Stage2 batch error query_id=q_000117: batch_timeout
2026-02-04 10:57:34 WARNING dataset: Stage2 batch error query_id=q_000118: batch_timeout
2026-02-04 10:57:34 WARNING dataset: Stage2 batch error query_id=q_000119: batch_timeout
2026-02-04 10:57:34 WARNING dataset: Stage2 batch error query_id=q_000120: batch_timeout
2026-02-04 10:57:34 WARNING dataset: Stage2 batch error query_id=q_000121: batch_timeout
2026-02-04 10:57:34 WARNING dataset: Stage2 batch error query_id=q_000122: batch_timeout
2026-02-04 10:57:34 WARNING dataset: Stage2 batch error query_id=q_000123: batch_timeout
2026-02-04 10:57:34 WARNING dataset: Stage2 batch error query_id=q_000124: batch_timeout
2026-02-04 10:57:34 WARNING dataset: Stage2 batch error query_id=q_000125: batch_timeout
2026-02-04 10:57:34 WARNING dataset: Stage2 batch error query_id=q_000126: batch_timeout
2026-02-04 10:57:34 WARNING dataset: Stage2 batch error query_id=q_000127: batch_timeout
2026-02-04 10:57:34 WARNING dataset: Stage2 batch error query_id=q_000128: batch_timeout
2026-02-04 10:57:34 WARNING dataset: Stage2 batch error query_id=q_000129: batch_timeout
2026-02-04 10:57:34 WARNING dataset: Stage2 batch error query_id=q_000130: batch_timeout
2026-02-04 10:57:34 WARNING dataset: Stage2 batch error query_id=q_000131: batch_timeout
2026-02-04 10:57:34 WARNING dataset: Stage2 batch error query_id=q_000132: batch_timeout
2026-02-04 10:57:34 WARNING dataset: Stage2 batch error query_id=q_000133: batch_timeout
2026-02-04 10:57:34 WARNING dataset: Stage2 batch error query_id=q_000134: batch_timeout
2026-02-04 10:57:34 WARNING dataset: Stage2 batch error query_id=q_000135: batch_timeout
2026-02-04 10:57:34 WARNING dataset: Stage2 batch error query_id=q_000136: batch_timeout
2026-02-04 10:57:34 WARNING dataset: Stage2 batch error query_id=q_000137: batch_timeout
2026-02-04 10:57:34 WARNING dataset: Stage2 batch error query_id=q_000138: batch_timeout
2026-02-04 10:57:34 WARNING dataset: Stage2 batch error query_id=q_000139: batch_timeout
2026-02-04 10:57:34 WARNING dataset: Stage2 batch error query_id=q_000140: batch_timeout
2026-02-04 10:57:34 WARNING dataset: Stage2 batch error query_id=q_000141: batch_timeout
2026-02-04 10:57:34 WARNING dataset: Stage2 batch error query_id=q_000142: batch_timeout
2026-02-04 10:57:34 WARNING dataset: Stage2 batch error query_id=q_000143: batch_timeout
2026-02-04 10:57:34 WARNING dataset: Stage2 batch error query_id=q_000144: batch_timeout
2026-02-04 10:57:34 WARNING dataset: Stage2 batch error query_id=q_000145: batch_timeout
2026-02-04 10:57:34 WARNING dataset: Stage2 batch error query_id=q_000146: batch_timeout
2026-02-04 10:57:34 WARNING dataset: Stage2 batch error query_id=q_000147: batch_timeout
2026-02-04 10:57:34 WARNING dataset: Stage2 batch error query_id=q_000148: batch_timeout
2026-02-04 10:57:34 WARNING dataset: Stage2 batch error query_id=q_000149: batch_timeout
2026-02-04 10:57:34 WARNING dataset: Stage2 batch error query_id=q_000150: batch_timeout
2026-02-04 10:57:34 WARNING dataset: Stage2 batch error query_id=q_000151: batch_timeout
2026-02-04 10:57:34 WARNING dataset: Stage2 batch error query_id=q_000152: batch_timeout
2026-02-04 10:57:34 WARNING dataset: Stage2 batch error query_id=q_000153: batch_timeout
2026-02-04 10:57:34 WARNING dataset: Stage2 batch error query_id=q_000154: batch_timeout
2026-02-04 10:57:34 WARNING dataset: Stage2 batch error query_id=q_000155: batch_timeout
2026-02-04 10:57:34 WARNING dataset: Stage2 batch error query_id=q_000156: batch_timeout
2026-02-04 10:57:34 WARNING dataset: Stage2 batch error query_id=q_000157: batch_timeout
2026-02-04 10:57:34 WARNING dataset: Stage2 batch error query_id=q_000158: batch_timeout
2026-02-04 10:57:34 WARNING dataset: Stage2 batch error query_id=q_000159: batch_timeout
2026-02-04 10:57:34 WARNING dataset: Stage2 batch error query_id=q_000160: batch_timeout
2026-02-04 10:57:34 WARNING dataset: Stage2 batch error query_id=q_000161: batch_timeout
2026-02-04 10:57:34 WARNING dataset: Stage2 batch error query_id=q_000162: batch_timeout
2026-02-04 10:57:34 WARNING dataset: Stage2 batch error query_id=q_000163: batch_timeout
2026-02-04 10:57:34 WARNING dataset: Stage2 batch error query_id=q_000164: batch_timeout
2026-02-04 10:57:34 WARNING dataset: Stage2 batch error query_id=q_000165: batch_timeout
2026-02-04 10:57:34 WARNING dataset: Stage2 batch error query_id=q_000166: batch_timeout
2026-02-04 10:57:34 WARNING dataset: Stage2 batch error query_id=q_000167: batch_timeout
2026-02-04 10:57:34 WARNING dataset: Stage2 batch error query_id=q_000168: batch_timeout
2026-02-04 10:57:34 WARNING dataset: Stage2 batch error query_id=q_000169: batch_timeout
2026-02-04 10:57:34 WARNING dataset: Stage2 batch error query_id=q_000170: batch_timeout
2026-02-04 10:57:34 WARNING dataset: Stage2 batch error query_id=q_000171: batch_timeout
2026-02-04 10:57:34 WARNING dataset: Stage2 batch error query_id=q_000172: batch_timeout
2026-02-04 10:57:34 WARNING dataset: Stage2 batch error query_id=q_000173: batch_timeout
2026-02-04 10:57:34 WARNING dataset: Stage2 batch error query_id=q_000174: batch_timeout
2026-02-04 10:57:46 ERROR dataset: Stage1 parse error intent=productivity: Expecting ',' delimiter: line 100 column 59 (char 7124)
2026-02-04 10:57:46 INFO dataset: Stage1 recovered 20 objects from fallback parse intent=productivity
2026-02-04 10:57:46 INFO dataset: Stage1 intent=productivity created=20 total=70
2026-02-04 10:57:47 ERROR dataset: Stage1 parse error intent=productivity: Expecting ',' delimiter: line 80 column 45 (char 4877)
2026-02-04 10:57:47 INFO dataset: Stage1 recovered 16 objects from fallback parse intent=productivity
2026-02-04 10:57:47 INFO dataset: Stage1 intent=productivity created=16 total=64
2026-02-04 10:58:37 INFO dataset: Stage1 intent=productivity created=17 total=87
2026-02-04 10:58:43 ERROR dataset: Stage1 parse error intent=productivity: Expecting ',' delimiter: line 95 column 56 (char 7052)
2026-02-04 10:58:43 INFO dataset: Stage1 recovered 18 objects from fallback parse intent=productivity
2026-02-04 10:58:43 INFO dataset: Stage1 intent=productivity created=18 total=82
2026-02-04 10:59:19 INFO dataset: Stage1 intent=productivity created=5 total=87
2026-02-04 10:59:32 ERROR dataset: Stage1 parse error intent=Recipe: Expecting ',' delimiter: line 165 column 54 (char 8815)
2026-02-04 10:59:32 INFO dataset: Stage1 recovered 33 objects from fallback parse intent=Recipe
2026-02-04 10:59:32 INFO dataset: Stage1 intent=Recipe created=33 total=33
2026-02-04 11:00:13 ERROR dataset: Stage1 parse error intent=Recipe: Expecting ',' delimiter: line 165 column 54 (char 8815)
2026-02-04 11:00:13 INFO dataset: Stage1 recovered 33 objects from fallback parse intent=Recipe
2026-02-04 11:00:13 INFO dataset: Stage1 intent=Recipe created=33 total=33
2026-02-04 11:00:27 ERROR dataset: Stage1 parse error intent=Recipe: Expecting ',' delimiter: line 145 column 53 (char 9228)
2026-02-04 11:00:27 INFO dataset: Stage1 recovered 29 objects from fallback parse intent=Recipe
2026-02-04 11:00:27 INFO dataset: Stage1 intent=Recipe created=29 total=62
2026-02-04 11:01:06 ERROR dataset: Stage1 parse error intent=Recipe: Expecting ',' delimiter: line 140 column 62 (char 8478)
2026-02-04 11:01:06 INFO dataset: Stage1 recovered 28 objects from fallback parse intent=Recipe
2026-02-04 11:01:06 INFO dataset: Stage1 intent=Recipe created=28 total=61
2026-02-04 11:01:18 ERROR dataset: Stage1 parse error intent=Recipe: Expecting ',' delimiter: line 110 column 65 (char 6709)
2026-02-04 11:01:18 INFO dataset: Stage1 recovered 22 objects from fallback parse intent=Recipe
2026-02-04 11:01:18 INFO dataset: Stage1 intent=Recipe created=22 total=84
2026-02-04 11:01:45 INFO dataset: Stage1 intent=Recipe created=3 total=87
2026-02-04 11:01:58 INFO dataset: Stage1 intent=Recipe created=26 total=87
2026-02-04 11:02:44 ERROR dataset: Stage1 parse error intent=Localization: Expecting ',' delimiter: line 80 column 49 (char 5829)
2026-02-04 11:02:44 INFO dataset: Stage1 recovered 16 objects from fallback parse intent=Localization
2026-02-04 11:02:44 INFO dataset: Stage1 intent=Localization created=16 total=16
2026-02-04 11:02:46 WARNING dataset: Stage2 batch error query_id=q_000175: batch_timeout
2026-02-04 11:02:46 WARNING dataset: Stage2 batch error query_id=q_000176: batch_timeout
2026-02-04 11:02:46 WARNING dataset: Stage2 batch error query_id=q_000177: batch_timeout
2026-02-04 11:02:46 WARNING dataset: Stage2 batch error query_id=q_000178: batch_timeout
2026-02-04 11:02:46 WARNING dataset: Stage2 batch error query_id=q_000179: batch_timeout
2026-02-04 11:02:46 WARNING dataset: Stage2 batch error query_id=q_000180: batch_timeout
2026-02-04 11:02:46 WARNING dataset: Stage2 batch error query_id=q_000181: batch_timeout
2026-02-04 11:02:46 WARNING dataset: Stage2 batch error query_id=q_000182: batch_timeout
2026-02-04 11:02:46 WARNING dataset: Stage2 batch error query_id=q_000183: batch_timeout
2026-02-04 11:02:46 WARNING dataset: Stage2 batch error query_id=q_000184: batch_timeout
2026-02-04 11:02:46 WARNING dataset: Stage2 batch error query_id=q_000185: batch_timeout
2026-02-04 11:02:46 WARNING dataset: Stage2 batch error query_id=q_000186: batch_timeout
2026-02-04 11:02:46 WARNING dataset: Stage2 batch error query_id=q_000187: batch_timeout
2026-02-04 11:02:46 WARNING dataset: Stage2 batch error query_id=q_000188: batch_timeout
2026-02-04 11:02:46 WARNING dataset: Stage2 batch error query_id=q_000189: batch_timeout
2026-02-04 11:02:46 WARNING dataset: Stage2 batch error query_id=q_000190: batch_timeout
2026-02-04 11:02:46 WARNING dataset: Stage2 batch error query_id=q_000191: batch_timeout
2026-02-04 11:02:46 WARNING dataset: Stage2 batch error query_id=q_000192: batch_timeout
2026-02-04 11:02:46 WARNING dataset: Stage2 batch error query_id=q_000193: batch_timeout
2026-02-04 11:02:46 WARNING dataset: Stage2 batch error query_id=q_000194: batch_timeout
2026-02-04 11:02:46 WARNING dataset: Stage2 batch error query_id=q_000195: batch_timeout
2026-02-04 11:02:46 WARNING dataset: Stage2 batch error query_id=q_000196: batch_timeout
2026-02-04 11:02:46 WARNING dataset: Stage2 batch error query_id=q_000197: batch_timeout
2026-02-04 11:02:46 WARNING dataset: Stage2 batch error query_id=q_000198: batch_timeout
2026-02-04 11:02:46 WARNING dataset: Stage2 batch error query_id=q_000199: batch_timeout
2026-02-04 11:02:46 WARNING dataset: Stage2 batch error query_id=q_000200: batch_timeout
2026-02-04 11:02:46 WARNING dataset: Stage2 batch error query_id=q_000201: batch_timeout
2026-02-04 11:02:46 WARNING dataset: Stage2 batch error query_id=q_000202: batch_timeout
2026-02-04 11:02:46 WARNING dataset: Stage2 batch error query_id=q_000203: batch_timeout
2026-02-04 11:02:46 WARNING dataset: Stage2 batch error query_id=q_000204: batch_timeout
2026-02-04 11:02:46 WARNING dataset: Stage2 batch error query_id=q_000205: batch_timeout
2026-02-04 11:02:46 WARNING dataset: Stage2 batch error query_id=q_000206: batch_timeout
2026-02-04 11:02:46 WARNING dataset: Stage2 batch error query_id=q_000207: batch_timeout
2026-02-04 11:02:46 WARNING dataset: Stage2 batch error query_id=q_000208: batch_timeout
2026-02-04 11:02:46 WARNING dataset: Stage2 batch error query_id=q_000209: batch_timeout
2026-02-04 11:02:46 WARNING dataset: Stage2 batch error query_id=q_000210: batch_timeout
2026-02-04 11:02:46 WARNING dataset: Stage2 batch error query_id=q_000211: batch_timeout
2026-02-04 11:02:46 WARNING dataset: Stage2 batch error query_id=q_000212: batch_timeout
2026-02-04 11:02:46 WARNING dataset: Stage2 batch error query_id=q_000213: batch_timeout
2026-02-04 11:02:46 WARNING dataset: Stage2 batch error query_id=q_000214: batch_timeout
2026-02-04 11:02:46 WARNING dataset: Stage2 batch error query_id=q_000215: batch_timeout
2026-02-04 11:02:46 WARNING dataset: Stage2 batch error query_id=q_000216: batch_timeout
2026-02-04 11:02:46 WARNING dataset: Stage2 batch error query_id=q_000217: batch_timeout
2026-02-04 11:02:46 WARNING dataset: Stage2 batch error query_id=q_000218: batch_timeout
2026-02-04 11:02:46 WARNING dataset: Stage2 batch error query_id=q_000219: batch_timeout
2026-02-04 11:02:46 WARNING dataset: Stage2 batch error query_id=q_000220: batch_timeout
2026-02-04 11:02:46 WARNING dataset: Stage2 batch error query_id=q_000221: batch_timeout
2026-02-04 11:02:46 WARNING dataset: Stage2 batch error query_id=q_000222: batch_timeout
2026-02-04 11:02:46 WARNING dataset: Stage2 batch error query_id=q_000223: batch_timeout
2026-02-04 11:02:46 WARNING dataset: Stage2 batch error query_id=q_000224: batch_timeout
2026-02-04 11:02:46 WARNING dataset: Stage2 batch error query_id=q_000225: batch_timeout
2026-02-04 11:02:46 WARNING dataset: Stage2 batch error query_id=q_000226: batch_timeout
2026-02-04 11:02:46 WARNING dataset: Stage2 batch error query_id=q_000227: batch_timeout
2026-02-04 11:02:46 WARNING dataset: Stage2 batch error query_id=q_000228: batch_timeout
2026-02-04 11:02:46 WARNING dataset: Stage2 batch error query_id=q_000229: batch_timeout
2026-02-04 11:02:46 WARNING dataset: Stage2 batch error query_id=q_000230: batch_timeout
2026-02-04 11:02:46 WARNING dataset: Stage2 batch error query_id=q_000231: batch_timeout
2026-02-04 11:02:46 WARNING dataset: Stage2 batch error query_id=q_000232: batch_timeout
2026-02-04 11:02:46 WARNING dataset: Stage2 batch error query_id=q_000233: batch_timeout
2026-02-04 11:02:46 WARNING dataset: Stage2 batch error query_id=q_000234: batch_timeout
2026-02-04 11:02:46 WARNING dataset: Stage2 batch error query_id=q_000235: batch_timeout
2026-02-04 11:02:46 WARNING dataset: Stage2 batch error query_id=q_000236: batch_timeout
2026-02-04 11:02:46 WARNING dataset: Stage2 batch error query_id=q_000237: batch_timeout
2026-02-04 11:02:46 WARNING dataset: Stage2 batch error query_id=q_000238: batch_timeout
2026-02-04 11:02:46 WARNING dataset: Stage2 batch error query_id=q_000239: batch_timeout
2026-02-04 11:02:46 WARNING dataset: Stage2 batch error query_id=q_000240: batch_timeout
2026-02-04 11:02:46 WARNING dataset: Stage2 batch error query_id=q_000241: batch_timeout
2026-02-04 11:02:46 WARNING dataset: Stage2 batch error query_id=q_000242: batch_timeout
2026-02-04 11:02:46 WARNING dataset: Stage2 batch error query_id=q_000243: batch_timeout
2026-02-04 11:02:46 WARNING dataset: Stage2 batch error query_id=q_000244: batch_timeout
2026-02-04 11:02:46 WARNING dataset: Stage2 batch error query_id=q_000245: batch_timeout
2026-02-04 11:02:46 WARNING dataset: Stage2 batch error query_id=q_000246: batch_timeout
2026-02-04 11:02:46 WARNING dataset: Stage2 batch error query_id=q_000247: batch_timeout
2026-02-04 11:02:46 WARNING dataset: Stage2 batch error query_id=q_000248: batch_timeout
2026-02-04 11:02:46 WARNING dataset: Stage2 batch error query_id=q_000249: batch_timeout
2026-02-04 11:02:46 WARNING dataset: Stage2 batch error query_id=q_000250: batch_timeout
2026-02-04 11:02:46 WARNING dataset: Stage2 batch error query_id=q_000251: batch_timeout
2026-02-04 11:02:46 WARNING dataset: Stage2 batch error query_id=q_000252: batch_timeout
2026-02-04 11:02:46 WARNING dataset: Stage2 batch error query_id=q_000253: batch_timeout
2026-02-04 11:02:46 WARNING dataset: Stage2 batch error query_id=q_000254: batch_timeout
2026-02-04 11:02:46 WARNING dataset: Stage2 batch error query_id=q_000255: batch_timeout
2026-02-04 11:02:46 WARNING dataset: Stage2 batch error query_id=q_000256: batch_timeout
2026-02-04 11:02:46 WARNING dataset: Stage2 batch error query_id=q_000257: batch_timeout
2026-02-04 11:02:46 WARNING dataset: Stage2 batch error query_id=q_000258: batch_timeout
2026-02-04 11:02:46 WARNING dataset: Stage2 batch error query_id=q_000259: batch_timeout
2026-02-04 11:02:46 WARNING dataset: Stage2 batch error query_id=q_000260: batch_timeout
2026-02-04 11:02:46 WARNING dataset: Stage2 batch error query_id=q_000261: batch_timeout
2026-02-04 11:02:53 ERROR dataset: Stage1 parse error intent=Localization: Expecting ',' delimiter: line 90 column 46 (char 6459)
2026-02-04 11:02:53 INFO dataset: Stage1 recovered 17 objects from fallback parse intent=Localization
2026-02-04 11:02:53 INFO dataset: Stage1 intent=Localization created=17 total=17
2026-02-04 11:03:39 ERROR dataset: Stage1 parse error intent=Localization: Expecting ',' delimiter: line 75 column 62 (char 5327)
2026-02-04 11:03:39 INFO dataset: Stage1 recovered 15 objects from fallback parse intent=Localization
2026-02-04 11:03:39 INFO dataset: Stage1 intent=Localization created=15 total=31
2026-02-04 11:03:49 ERROR dataset: Stage1 parse error intent=Localization: Expecting ',' delimiter: line 115 column 70 (char 9175)
2026-02-04 11:03:49 INFO dataset: Stage1 recovered 23 objects from fallback parse intent=Localization
2026-02-04 11:03:49 INFO dataset: Stage1 intent=Localization created=23 total=40
2026-02-04 11:04:35 ERROR dataset: Stage1 parse error intent=Localization: Expecting ',' delimiter: line 65 column 56 (char 4717)
2026-02-04 11:04:35 INFO dataset: Stage1 recovered 12 objects from fallback parse intent=Localization
2026-02-04 11:04:35 INFO dataset: Stage1 intent=Localization created=12 total=43
2026-02-04 11:04:43 ERROR dataset: Stage1 parse error intent=Localization: Expecting ',' delimiter: line 85 column 60 (char 7238)
2026-02-04 11:04:43 INFO dataset: Stage1 recovered 17 objects from fallback parse intent=Localization
2026-02-04 11:04:43 INFO dataset: Stage1 intent=Localization created=17 total=57
2026-02-04 11:04:49 ERROR dataset: Stage1 error intent=Recipe: batch_no_inlined_responses
2026-02-04 11:04:49 ERROR dataset: Stage1 error intent=Localization: batch_no_inlined_responses
2026-02-04 11:04:49 ERROR dataset: Stage1 error intent=Technical support: batch_no_inlined_responses
2026-02-04 11:04:49 ERROR dataset: Stage1 error intent=Creating Writing: batch_no_inlined_responses
2026-02-04 11:04:49 ERROR dataset: Stage1 error intent=Event Schedule: batch_no_inlined_responses
2026-02-04 11:04:49 ERROR dataset: Stage1 error intent=Research Analysis: batch_no_inlined_responses
2026-02-04 11:04:49 ERROR dataset: Stage1 error intent=Comparison: batch_no_inlined_responses
2026-02-04 11:04:49 ERROR dataset: Stage1 error intent=calculation: batch_no_inlined_responses
2026-02-04 11:04:49 ERROR dataset: Stage1 error intent=Travel: batch_no_inlined_responses
2026-02-04 11:04:49 ERROR dataset: Stage1 error intent=Navigation: batch_no_inlined_responses
2026-02-04 11:04:49 ERROR dataset: Stage1 error intent=Education: batch_no_inlined_responses
2026-02-04 11:04:49 ERROR dataset: Stage1 error intent=Documentation: batch_no_inlined_responses
2026-02-04 11:04:49 ERROR dataset: Stage1 error intent=media playback: batch_no_inlined_responses
2026-02-04 11:04:49 ERROR dataset: Stage1 error intent=qr scanner: batch_no_inlined_responses
2026-02-04 11:04:49 ERROR dataset: Stage1 error intent=status check: batch_no_inlined_responses
2026-02-04 11:05:29 ERROR dataset: Stage1 parse error intent=Localization: Expecting ',' delimiter: line 65 column 63 (char 5236)
2026-02-04 11:05:29 INFO dataset: Stage1 recovered 13 objects from fallback parse intent=Localization
2026-02-04 11:05:29 INFO dataset: Stage1 intent=Localization created=13 total=56
2026-02-04 11:05:40 ERROR dataset: Stage1 parse error intent=Localization: Expecting ',' delimiter: line 75 column 47 (char 5210)
2026-02-04 11:05:40 INFO dataset: Stage1 recovered 15 objects from fallback parse intent=Localization
2026-02-04 11:05:40 INFO dataset: Stage1 intent=Localization created=15 total=72
2026-02-04 11:06:25 ERROR dataset: Stage1 parse error intent=Localization: Expecting ',' delimiter: line 65 column 57 (char 5803)
2026-02-04 11:06:25 INFO dataset: Stage1 recovered 13 objects from fallback parse intent=Localization
2026-02-04 11:06:25 INFO dataset: Stage1 intent=Localization created=13 total=69
2026-02-04 11:06:31 INFO dataset: Stage1 intent=Localization created=15 total=87
2026-02-04 11:07:19 INFO dataset: Stage1 intent=Localization created=18 total=87
2026-02-04 11:07:25 ERROR dataset: Stage1 parse error intent=Technical support: Expecting ',' delimiter: line 115 column 45 (char 6534)
2026-02-04 11:07:25 INFO dataset: Stage1 recovered 23 objects from fallback parse intent=Technical support
2026-02-04 11:07:25 INFO dataset: Stage1 intent=Technical support created=23 total=23
2026-02-04 11:07:58 WARNING dataset: Stage2 batch error query_id=q_000262: batch_timeout
2026-02-04 11:07:58 WARNING dataset: Stage2 batch error query_id=q_000263: batch_timeout
2026-02-04 11:07:58 WARNING dataset: Stage2 batch error query_id=q_000264: batch_timeout
2026-02-04 11:07:58 WARNING dataset: Stage2 batch error query_id=q_000265: batch_timeout
2026-02-04 11:07:58 WARNING dataset: Stage2 batch error query_id=q_000266: batch_timeout
2026-02-04 11:07:58 WARNING dataset: Stage2 batch error query_id=q_000267: batch_timeout
2026-02-04 11:07:58 WARNING dataset: Stage2 batch error query_id=q_000268: batch_timeout
2026-02-04 11:07:58 WARNING dataset: Stage2 batch error query_id=q_000269: batch_timeout
2026-02-04 11:07:58 WARNING dataset: Stage2 batch error query_id=q_000270: batch_timeout
2026-02-04 11:07:58 WARNING dataset: Stage2 batch error query_id=q_000271: batch_timeout
2026-02-04 11:07:58 WARNING dataset: Stage2 batch error query_id=q_000272: batch_timeout
2026-02-04 11:07:58 WARNING dataset: Stage2 batch error query_id=q_000273: batch_timeout
2026-02-04 11:07:58 WARNING dataset: Stage2 batch error query_id=q_000274: batch_timeout
2026-02-04 11:07:58 WARNING dataset: Stage2 batch error query_id=q_000275: batch_timeout
2026-02-04 11:07:58 WARNING dataset: Stage2 batch error query_id=q_000276: batch_timeout
2026-02-04 11:07:58 WARNING dataset: Stage2 batch error query_id=q_000277: batch_timeout
2026-02-04 11:07:58 WARNING dataset: Stage2 batch error query_id=q_000278: batch_timeout
2026-02-04 11:07:58 WARNING dataset: Stage2 batch error query_id=q_000279: batch_timeout
2026-02-04 11:07:58 WARNING dataset: Stage2 batch error query_id=q_000280: batch_timeout
2026-02-04 11:07:58 WARNING dataset: Stage2 batch error query_id=q_000262: batch_timeout
2026-02-04 11:07:58 WARNING dataset: Stage2 batch error query_id=q_000263: batch_timeout
2026-02-04 11:07:58 WARNING dataset: Stage2 batch error query_id=q_000264: batch_timeout
2026-02-04 11:07:58 WARNING dataset: Stage2 batch error query_id=q_000265: batch_timeout
2026-02-04 11:07:58 WARNING dataset: Stage2 batch error query_id=q_000266: batch_timeout
2026-02-04 11:07:58 WARNING dataset: Stage2 batch error query_id=q_000267: batch_timeout
2026-02-04 11:07:58 WARNING dataset: Stage2 batch error query_id=q_000268: batch_timeout
2026-02-04 11:07:58 WARNING dataset: Stage2 batch error query_id=q_000269: batch_timeout
2026-02-04 11:07:58 WARNING dataset: Stage2 batch error query_id=q_000270: batch_timeout
2026-02-04 11:07:58 WARNING dataset: Stage2 batch error query_id=q_000271: batch_timeout
2026-02-04 11:07:58 WARNING dataset: Stage2 batch error query_id=q_000272: batch_timeout
2026-02-04 11:07:58 WARNING dataset: Stage2 batch error query_id=q_000273: batch_timeout
2026-02-04 11:07:58 WARNING dataset: Stage2 batch error query_id=q_000274: batch_timeout
2026-02-04 11:07:58 WARNING dataset: Stage2 batch error query_id=q_000275: batch_timeout
2026-02-04 11:07:58 WARNING dataset: Stage2 batch error query_id=q_000276: batch_timeout
2026-02-04 11:07:58 WARNING dataset: Stage2 batch error query_id=q_000277: batch_timeout
2026-02-04 11:07:58 WARNING dataset: Stage2 batch error query_id=q_000278: batch_timeout
2026-02-04 11:07:58 WARNING dataset: Stage2 batch error query_id=q_000279: batch_timeout
2026-02-04 11:07:58 WARNING dataset: Stage2 batch error query_id=q_000280: batch_timeout
2026-02-04 11:07:58 WARNING dataset: Stage2 batch error query_id=q_000281: batch_timeout
2026-02-04 11:07:58 WARNING dataset: Stage2 batch error query_id=q_000282: batch_timeout
2026-02-04 11:07:58 WARNING dataset: Stage2 batch error query_id=q_000283: batch_timeout
2026-02-04 11:07:58 WARNING dataset: Stage2 batch error query_id=q_000284: batch_timeout
2026-02-04 11:07:58 WARNING dataset: Stage2 batch error query_id=q_000285: batch_timeout
2026-02-04 11:07:58 WARNING dataset: Stage2 batch error query_id=q_000281: batch_timeout
2026-02-04 11:07:58 WARNING dataset: Stage2 batch error query_id=q_000282: batch_timeout
2026-02-04 11:07:58 WARNING dataset: Stage2 batch error query_id=q_000283: batch_timeout
2026-02-04 11:07:58 WARNING dataset: Stage2 batch error query_id=q_000284: batch_timeout
2026-02-04 11:07:58 WARNING dataset: Stage2 batch error query_id=q_000285: batch_timeout
2026-02-04 11:07:58 WARNING dataset: Stage2 batch error query_id=q_000286: batch_timeout
2026-02-04 11:07:58 WARNING dataset: Stage2 batch error query_id=q_000287: batch_timeout
2026-02-04 11:07:58 WARNING dataset: Stage2 batch error query_id=q_000288: batch_timeout
2026-02-04 11:07:58 WARNING dataset: Stage2 batch error query_id=q_000289: batch_timeout
2026-02-04 11:07:58 WARNING dataset: Stage2 batch error query_id=q_000290: batch_timeout
2026-02-04 11:07:58 WARNING dataset: Stage2 batch error query_id=q_000291: batch_timeout
2026-02-04 11:07:58 WARNING dataset: Stage2 batch error query_id=q_000292: batch_timeout
2026-02-04 11:07:58 WARNING dataset: Stage2 batch error query_id=q_000293: batch_timeout
2026-02-04 11:07:58 WARNING dataset: Stage2 batch error query_id=q_000286: batch_timeout
2026-02-04 11:07:58 WARNING dataset: Stage2 batch error query_id=q_000287: batch_timeout
2026-02-04 11:07:58 WARNING dataset: Stage2 batch error query_id=q_000288: batch_timeout
2026-02-04 11:07:58 WARNING dataset: Stage2 batch error query_id=q_000289: batch_timeout
2026-02-04 11:07:58 WARNING dataset: Stage2 batch error query_id=q_000290: batch_timeout
2026-02-04 11:07:58 WARNING dataset: Stage2 batch error query_id=q_000291: batch_timeout
2026-02-04 11:07:58 WARNING dataset: Stage2 batch error query_id=q_000292: batch_timeout
2026-02-04 11:07:58 WARNING dataset: Stage2 batch error query_id=q_000293: batch_timeout
2026-02-04 11:07:58 WARNING dataset: Stage2 batch error query_id=q_000294: batch_timeout
2026-02-04 11:07:58 WARNING dataset: Stage2 batch error query_id=q_000295: batch_timeout
2026-02-04 11:07:58 WARNING dataset: Stage2 batch error query_id=q_000296: batch_timeout
2026-02-04 11:07:58 WARNING dataset: Stage2 batch error query_id=q_000297: batch_timeout
2026-02-04 11:07:58 WARNING dataset: Stage2 batch error query_id=q_000298: batch_timeout
2026-02-04 11:07:58 WARNING dataset: Stage2 batch error query_id=q_000299: batch_timeout
2026-02-04 11:07:58 WARNING dataset: Stage2 batch error query_id=q_000300: batch_timeout
2026-02-04 11:07:58 WARNING dataset: Stage2 batch error query_id=q_000294: batch_timeout
2026-02-04 11:07:58 WARNING dataset: Stage2 batch error query_id=q_000295: batch_timeout
2026-02-04 11:07:58 WARNING dataset: Stage2 batch error query_id=q_000296: batch_timeout
2026-02-04 11:07:58 WARNING dataset: Stage2 batch error query_id=q_000297: batch_timeout
2026-02-04 11:07:58 WARNING dataset: Stage2 batch error query_id=q_000298: batch_timeout
2026-02-04 11:07:58 WARNING dataset: Stage2 batch error query_id=q_000299: batch_timeout
2026-02-04 11:07:58 WARNING dataset: Stage2 batch error query_id=q_000300: batch_timeout
2026-02-04 11:07:58 WARNING dataset: Stage2 batch error query_id=q_000301: batch_timeout
2026-02-04 11:07:58 WARNING dataset: Stage2 batch error query_id=q_000302: batch_timeout
2026-02-04 11:07:58 WARNING dataset: Stage2 batch error query_id=q_000303: batch_timeout
2026-02-04 11:07:58 WARNING dataset: Stage2 batch error query_id=q_000304: batch_timeout
2026-02-04 11:07:58 WARNING dataset: Stage2 batch error query_id=q_000305: batch_timeout
2026-02-04 11:07:58 WARNING dataset: Stage2 batch error query_id=q_000306: batch_timeout
2026-02-04 11:07:58 WARNING dataset: Stage2 batch error query_id=q_000307: batch_timeout
2026-02-04 11:07:58 WARNING dataset: Stage2 batch error query_id=q_000301: batch_timeout
2026-02-04 11:07:58 WARNING dataset: Stage2 batch error query_id=q_000302: batch_timeout
2026-02-04 11:07:58 WARNING dataset: Stage2 batch error query_id=q_000303: batch_timeout
2026-02-04 11:07:58 WARNING dataset: Stage2 batch error query_id=q_000304: batch_timeout
2026-02-04 11:07:58 WARNING dataset: Stage2 batch error query_id=q_000305: batch_timeout
2026-02-04 11:07:58 WARNING dataset: Stage2 batch error query_id=q_000306: batch_timeout
2026-02-04 11:07:58 WARNING dataset: Stage2 batch error query_id=q_000307: batch_timeout
2026-02-04 11:07:58 WARNING dataset: Stage2 batch error query_id=q_000308: batch_timeout
2026-02-04 11:07:58 WARNING dataset: Stage2 batch error query_id=q_000309: batch_timeout
2026-02-04 11:07:58 WARNING dataset: Stage2 batch error query_id=q_000310: batch_timeout
2026-02-04 11:07:58 WARNING dataset: Stage2 batch error query_id=q_000311: batch_timeout
2026-02-04 11:07:58 WARNING dataset: Stage2 batch error query_id=q_000312: batch_timeout
2026-02-04 11:07:58 WARNING dataset: Stage2 batch error query_id=q_000313: batch_timeout
2026-02-04 11:07:58 WARNING dataset: Stage2 batch error query_id=q_000314: batch_timeout
2026-02-04 11:07:58 WARNING dataset: Stage2 batch error query_id=q_000315: batch_timeout
2026-02-04 11:07:58 WARNING dataset: Stage2 batch error query_id=q_000316: batch_timeout
2026-02-04 11:07:58 WARNING dataset: Stage2 batch error query_id=q_000317: batch_timeout
2026-02-04 11:07:58 WARNING dataset: Stage2 batch error query_id=q_000318: batch_timeout
2026-02-04 11:07:58 WARNING dataset: Stage2 batch error query_id=q_000319: batch_timeout
2026-02-04 11:07:58 WARNING dataset: Stage2 batch error query_id=q_000308: batch_timeout
2026-02-04 11:07:58 WARNING dataset: Stage2 batch error query_id=q_000309: batch_timeout
2026-02-04 11:07:58 WARNING dataset: Stage2 batch error query_id=q_000310: batch_timeout
2026-02-04 11:07:58 WARNING dataset: Stage2 batch error query_id=q_000311: batch_timeout
2026-02-04 11:07:58 WARNING dataset: Stage2 batch error query_id=q_000312: batch_timeout
2026-02-04 11:07:58 WARNING dataset: Stage2 batch error query_id=q_000313: batch_timeout
2026-02-04 11:07:58 WARNING dataset: Stage2 batch error query_id=q_000314: batch_timeout
2026-02-04 11:07:58 WARNING dataset: Stage2 batch error query_id=q_000315: batch_timeout
2026-02-04 11:07:58 WARNING dataset: Stage2 batch error query_id=q_000316: batch_timeout
2026-02-04 11:07:58 WARNING dataset: Stage2 batch error query_id=q_000317: batch_timeout
2026-02-04 11:07:58 WARNING dataset: Stage2 batch error query_id=q_000318: batch_timeout
2026-02-04 11:07:58 WARNING dataset: Stage2 batch error query_id=q_000319: batch_timeout
2026-02-04 11:07:58 WARNING dataset: Stage2 batch error query_id=q_000320: batch_timeout
2026-02-04 11:07:58 WARNING dataset: Stage2 batch error query_id=q_000321: batch_timeout
2026-02-04 11:07:58 WARNING dataset: Stage2 batch error query_id=q_000322: batch_timeout
2026-02-04 11:07:58 WARNING dataset: Stage2 batch error query_id=q_000320: batch_timeout
2026-02-04 11:07:58 WARNING dataset: Stage2 batch error query_id=q_000321: batch_timeout
2026-02-04 11:07:58 WARNING dataset: Stage2 batch error query_id=q_000323: batch_timeout
2026-02-04 11:07:58 WARNING dataset: Stage2 batch error query_id=q_000324: batch_timeout
2026-02-04 11:07:58 WARNING dataset: Stage2 batch error query_id=q_000325: batch_timeout
2026-02-04 11:07:58 WARNING dataset: Stage2 batch error query_id=q_000326: batch_timeout
2026-02-04 11:07:58 WARNING dataset: Stage2 batch error query_id=q_000327: batch_timeout
2026-02-04 11:07:58 WARNING dataset: Stage2 batch error query_id=q_000328: batch_timeout
2026-02-04 11:07:58 WARNING dataset: Stage2 batch error query_id=q_000322: batch_timeout
2026-02-04 11:07:58 WARNING dataset: Stage2 batch error query_id=q_000323: batch_timeout
2026-02-04 11:07:58 WARNING dataset: Stage2 batch error query_id=q_000324: batch_timeout
2026-02-04 11:07:58 WARNING dataset: Stage2 batch error query_id=q_000325: batch_timeout
2026-02-04 11:07:58 WARNING dataset: Stage2 batch error query_id=q_000326: batch_timeout
2026-02-04 11:07:58 WARNING dataset: Stage2 batch error query_id=q_000327: batch_timeout
2026-02-04 11:07:58 WARNING dataset: Stage2 batch error query_id=q_000328: batch_timeout
2026-02-04 11:07:58 WARNING dataset: Stage2 batch error query_id=q_000329: batch_timeout
2026-02-04 11:07:58 WARNING dataset: Stage2 batch error query_id=q_000330: batch_timeout
2026-02-04 11:07:58 WARNING dataset: Stage2 batch error query_id=q_000331: batch_timeout
2026-02-04 11:07:58 WARNING dataset: Stage2 batch error query_id=q_000332: batch_timeout
2026-02-04 11:07:58 WARNING dataset: Stage2 batch error query_id=q_000333: batch_timeout
2026-02-04 11:07:58 WARNING dataset: Stage2 batch error query_id=q_000334: batch_timeout
2026-02-04 11:07:58 WARNING dataset: Stage2 batch error query_id=q_000335: batch_timeout
2026-02-04 11:07:58 WARNING dataset: Stage2 batch error query_id=q_000336: batch_timeout
2026-02-04 11:07:58 WARNING dataset: Stage2 batch error query_id=q_000337: batch_timeout
2026-02-04 11:07:58 WARNING dataset: Stage2 batch error query_id=q_000338: batch_timeout
2026-02-04 11:07:58 WARNING dataset: Stage2 batch error query_id=q_000339: batch_timeout
2026-02-04 11:07:58 WARNING dataset: Stage2 batch error query_id=q_000340: batch_timeout
2026-02-04 11:07:58 WARNING dataset: Stage2 batch error query_id=q_000341: batch_timeout
2026-02-04 11:07:58 WARNING dataset: Stage2 batch error query_id=q_000342: batch_timeout
2026-02-04 11:07:58 WARNING dataset: Stage2 batch error query_id=q_000343: batch_timeout
2026-02-04 11:07:58 WARNING dataset: Stage2 batch error query_id=q_000344: batch_timeout
2026-02-04 11:07:58 WARNING dataset: Stage2 batch error query_id=q_000329: batch_timeout
2026-02-04 11:07:58 WARNING dataset: Stage2 batch error query_id=q_000330: batch_timeout
2026-02-04 11:07:58 WARNING dataset: Stage2 batch error query_id=q_000331: batch_timeout
2026-02-04 11:07:58 WARNING dataset: Stage2 batch error query_id=q_000332: batch_timeout
2026-02-04 11:07:58 WARNING dataset: Stage2 batch error query_id=q_000333: batch_timeout
2026-02-04 11:07:58 WARNING dataset: Stage2 batch error query_id=q_000334: batch_timeout
2026-02-04 11:07:58 WARNING dataset: Stage2 batch error query_id=q_000335: batch_timeout
2026-02-04 11:07:58 WARNING dataset: Stage2 batch error query_id=q_000336: batch_timeout
2026-02-04 11:07:58 WARNING dataset: Stage2 batch error query_id=q_000337: batch_timeout
2026-02-04 11:07:58 WARNING dataset: Stage2 batch error query_id=q_000338: batch_timeout
2026-02-04 11:07:58 WARNING dataset: Stage2 batch error query_id=q_000339: batch_timeout
2026-02-04 11:07:58 WARNING dataset: Stage2 batch error query_id=q_000340: batch_timeout
2026-02-04 11:07:58 WARNING dataset: Stage2 batch error query_id=q_000341: batch_timeout
2026-02-04 11:07:58 WARNING dataset: Stage2 batch error query_id=q_000342: batch_timeout
2026-02-04 11:07:58 WARNING dataset: Stage2 batch error query_id=q_000343: batch_timeout
2026-02-04 11:07:58 WARNING dataset: Stage2 batch error query_id=q_000345: batch_timeout
2026-02-04 11:07:58 WARNING dataset: Stage2 batch error query_id=q_000346: batch_timeout
2026-02-04 11:07:58 WARNING dataset: Stage2 batch error query_id=q_000347: batch_timeout
2026-02-04 11:07:58 WARNING dataset: Stage2 batch error query_id=q_000348: batch_timeout
2026-02-04 11:07:58 WARNING dataset: Stage2 batch error query_id=q_000344: batch_timeout
2026-02-04 11:07:58 WARNING dataset: Stage2 batch error query_id=q_000345: batch_timeout
2026-02-04 11:07:58 WARNING dataset: Stage2 batch error query_id=q_000346: batch_timeout
2026-02-04 11:07:58 WARNING dataset: Stage2 batch error query_id=q_000347: batch_timeout
2026-02-04 11:07:58 WARNING dataset: Stage2 batch error query_id=q_000348: batch_timeout
2026-02-04 11:08:12 ERROR dataset: Stage1 parse error intent=Technical support: Expecting ',' delimiter: line 115 column 45 (char 6534)
2026-02-04 11:08:12 INFO dataset: Stage1 recovered 23 objects from fallback parse intent=Technical support
2026-02-04 11:08:12 INFO dataset: Stage1 intent=Technical support created=23 total=23
2026-02-04 11:08:18 ERROR dataset: Stage1 parse error intent=Technical support: Expecting ',' delimiter: line 185 column 43 (char 9490)
2026-02-04 11:08:18 INFO dataset: Stage1 recovered 37 objects from fallback parse intent=Technical support
2026-02-04 11:08:18 INFO dataset: Stage1 intent=Technical support created=37 total=60
2026-02-04 11:09:06 ERROR dataset: Stage1 parse error intent=Technical support: Expecting ',' delimiter: line 185 column 43 (char 9490)
2026-02-04 11:09:06 INFO dataset: Stage1 recovered 37 objects from fallback parse intent=Technical support
2026-02-04 11:09:06 INFO dataset: Stage1 intent=Technical support created=37 total=60
2026-02-04 11:09:12 ERROR dataset: Stage1 parse error intent=Technical support: Expecting ',' delimiter: line 130 column 53 (char 8940)
2026-02-04 11:09:12 INFO dataset: Stage1 recovered 26 objects from fallback parse intent=Technical support
2026-02-04 11:09:12 INFO dataset: Stage1 intent=Technical support created=26 total=86
2026-02-04 11:09:37 INFO dataset: Stage1 intent=Technical support created=1 total=87
2026-02-04 11:09:59 ERROR dataset: Stage1 error intent=Recipe: batch_timeout
2026-02-04 11:09:59 ERROR dataset: Stage1 error intent=Localization: batch_timeout
2026-02-04 11:09:59 ERROR dataset: Stage1 error intent=Technical support: batch_timeout
2026-02-04 11:09:59 ERROR dataset: Stage1 error intent=Creating Writing: batch_timeout
2026-02-04 11:09:59 ERROR dataset: Stage1 error intent=Event Schedule: batch_timeout
2026-02-04 11:09:59 ERROR dataset: Stage1 error intent=Research Analysis: batch_timeout
2026-02-04 11:09:59 ERROR dataset: Stage1 error intent=Comparison: batch_timeout
2026-02-04 11:09:59 ERROR dataset: Stage1 error intent=calculation: batch_timeout
2026-02-04 11:09:59 ERROR dataset: Stage1 error intent=Travel: batch_timeout
2026-02-04 11:09:59 ERROR dataset: Stage1 error intent=Navigation: batch_timeout
2026-02-04 11:09:59 ERROR dataset: Stage1 error intent=Education: batch_timeout
2026-02-04 11:09:59 ERROR dataset: Stage1 error intent=Documentation: batch_timeout
2026-02-04 11:09:59 ERROR dataset: Stage1 error intent=media playback: batch_timeout
2026-02-04 11:09:59 ERROR dataset: Stage1 error intent=qr scanner: batch_timeout
2026-02-04 11:09:59 ERROR dataset: Stage1 error intent=status check: batch_timeout
2026-02-04 11:09:59 ERROR dataset: Stage1 parse error intent=Technical support: Expecting ',' delimiter: line 130 column 53 (char 8940)
2026-02-04 11:09:59 INFO dataset: Stage1 recovered 26 objects from fallback parse intent=Technical support
2026-02-04 11:09:59 INFO dataset: Stage1 intent=Technical support created=26 total=86
2026-02-04 11:10:30 INFO dataset: Stage1 intent=Technical support created=1 total=87
2026-02-04 11:10:31 ERROR dataset: Stage1 parse error intent=Creating Writing: Expecting ',' delimiter: line 150 column 54 (char 7637)
2026-02-04 11:10:31 INFO dataset: Stage1 recovered 30 objects from fallback parse intent=Creating Writing
2026-02-04 11:10:31 INFO dataset: Stage1 intent=Creating Writing created=30 total=30
2026-02-04 11:11:24 ERROR dataset: Stage1 parse error intent=Creating Writing: Expecting ',' delimiter: line 145 column 48 (char 7508)
2026-02-04 11:11:24 INFO dataset: Stage1 recovered 29 objects from fallback parse intent=Creating Writing
2026-02-04 11:11:24 INFO dataset: Stage1 intent=Creating Writing created=29 total=59
2026-02-04 11:11:26 ERROR dataset: Stage1 parse error intent=Creating Writing: Expecting ',' delimiter: line 155 column 44 (char 7853)
2026-02-04 11:11:26 INFO dataset: Stage1 recovered 31 objects from fallback parse intent=Creating Writing
2026-02-04 11:11:26 INFO dataset: Stage1 intent=Creating Writing created=31 total=31
2026-02-04 11:12:20 ERROR dataset: Stage1 parse error intent=Creating Writing: Expecting ',' delimiter: line 115 column 44 (char 7866)
2026-02-04 11:12:20 INFO dataset: Stage1 recovered 22 objects from fallback parse intent=Creating Writing
2026-02-04 11:12:20 INFO dataset: Stage1 intent=Creating Writing created=22 total=81
2026-02-04 11:12:21 ERROR dataset: Stage1 parse error intent=Creating Writing: Expecting ',' delimiter: line 145 column 63 (char 8660)
2026-02-04 11:12:21 INFO dataset: Stage1 recovered 29 objects from fallback parse intent=Creating Writing
2026-02-04 11:12:21 INFO dataset: Stage1 intent=Creating Writing created=29 total=60
2026-02-04 11:12:52 INFO dataset: Stage1 intent=Creating Writing created=6 total=87
2026-02-04 11:13:10 WARNING dataset: Stage2 batch error query_id=q_000349: batch_timeout
2026-02-04 11:13:10 WARNING dataset: Stage2 batch error query_id=q_000350: batch_timeout
2026-02-04 11:13:10 WARNING dataset: Stage2 batch error query_id=q_000351: batch_timeout
2026-02-04 11:13:10 WARNING dataset: Stage2 batch error query_id=q_000352: batch_timeout
2026-02-04 11:13:10 WARNING dataset: Stage2 batch error query_id=q_000353: batch_timeout
2026-02-04 11:13:10 WARNING dataset: Stage2 batch error query_id=q_000354: batch_timeout
2026-02-04 11:13:10 WARNING dataset: Stage2 batch error query_id=q_000355: batch_timeout
2026-02-04 11:13:10 WARNING dataset: Stage2 batch error query_id=q_000356: batch_timeout
2026-02-04 11:13:10 WARNING dataset: Stage2 batch error query_id=q_000357: batch_timeout
2026-02-04 11:13:10 WARNING dataset: Stage2 batch error query_id=q_000358: batch_timeout
2026-02-04 11:13:10 WARNING dataset: Stage2 batch error query_id=q_000359: batch_timeout
2026-02-04 11:13:10 WARNING dataset: Stage2 batch error query_id=q_000360: batch_timeout
2026-02-04 11:13:10 WARNING dataset: Stage2 batch error query_id=q_000361: batch_timeout
2026-02-04 11:13:10 WARNING dataset: Stage2 batch error query_id=q_000362: batch_timeout
2026-02-04 11:13:10 WARNING dataset: Stage2 batch error query_id=q_000363: batch_timeout
2026-02-04 11:13:10 WARNING dataset: Stage2 batch error query_id=q_000364: batch_timeout
2026-02-04 11:13:10 WARNING dataset: Stage2 batch error query_id=q_000365: batch_timeout
2026-02-04 11:13:10 WARNING dataset: Stage2 batch error query_id=q_000366: batch_timeout
2026-02-04 11:13:10 WARNING dataset: Stage2 batch error query_id=q_000367: batch_timeout
2026-02-04 11:13:10 WARNING dataset: Stage2 batch error query_id=q_000368: batch_timeout
2026-02-04 11:13:10 WARNING dataset: Stage2 batch error query_id=q_000369: batch_timeout
2026-02-04 11:13:10 WARNING dataset: Stage2 batch error query_id=q_000370: batch_timeout
2026-02-04 11:13:10 WARNING dataset: Stage2 batch error query_id=q_000371: batch_timeout
2026-02-04 11:13:10 WARNING dataset: Stage2 batch error query_id=q_000372: batch_timeout
2026-02-04 11:13:10 WARNING dataset: Stage2 batch error query_id=q_000373: batch_timeout
2026-02-04 11:13:10 WARNING dataset: Stage2 batch error query_id=q_000349: batch_timeout
2026-02-04 11:13:10 WARNING dataset: Stage2 batch error query_id=q_000350: batch_timeout
2026-02-04 11:13:10 WARNING dataset: Stage2 batch error query_id=q_000351: batch_timeout
2026-02-04 11:13:10 WARNING dataset: Stage2 batch error query_id=q_000352: batch_timeout
2026-02-04 11:13:10 WARNING dataset: Stage2 batch error query_id=q_000353: batch_timeout
2026-02-04 11:13:10 WARNING dataset: Stage2 batch error query_id=q_000354: batch_timeout
2026-02-04 11:13:10 WARNING dataset: Stage2 batch error query_id=q_000355: batch_timeout
2026-02-04 11:13:10 WARNING dataset: Stage2 batch error query_id=q_000356: batch_timeout
2026-02-04 11:13:10 WARNING dataset: Stage2 batch error query_id=q_000357: batch_timeout
2026-02-04 11:13:10 WARNING dataset: Stage2 batch error query_id=q_000358: batch_timeout
2026-02-04 11:13:10 WARNING dataset: Stage2 batch error query_id=q_000359: batch_timeout
2026-02-04 11:13:10 WARNING dataset: Stage2 batch error query_id=q_000360: batch_timeout
2026-02-04 11:13:10 WARNING dataset: Stage2 batch error query_id=q_000361: batch_timeout
2026-02-04 11:13:10 WARNING dataset: Stage2 batch error query_id=q_000362: batch_timeout
2026-02-04 11:13:10 WARNING dataset: Stage2 batch error query_id=q_000363: batch_timeout
2026-02-04 11:13:10 WARNING dataset: Stage2 batch error query_id=q_000364: batch_timeout
2026-02-04 11:13:10 WARNING dataset: Stage2 batch error query_id=q_000365: batch_timeout
2026-02-04 11:13:10 WARNING dataset: Stage2 batch error query_id=q_000366: batch_timeout
2026-02-04 11:13:10 WARNING dataset: Stage2 batch error query_id=q_000367: batch_timeout
2026-02-04 11:13:10 WARNING dataset: Stage2 batch error query_id=q_000368: batch_timeout
2026-02-04 11:13:10 WARNING dataset: Stage2 batch error query_id=q_000369: batch_timeout
2026-02-04 11:13:10 WARNING dataset: Stage2 batch error query_id=q_000370: batch_timeout
2026-02-04 11:13:10 WARNING dataset: Stage2 batch error query_id=q_000371: batch_timeout
2026-02-04 11:13:10 WARNING dataset: Stage2 batch error query_id=q_000372: batch_timeout
2026-02-04 11:13:10 WARNING dataset: Stage2 batch error query_id=q_000373: batch_timeout
2026-02-04 11:13:10 WARNING dataset: Stage2 batch error query_id=q_000374: batch_timeout
2026-02-04 11:13:10 WARNING dataset: Stage2 batch error query_id=q_000375: batch_timeout
2026-02-04 11:13:10 WARNING dataset: Stage2 batch error query_id=q_000376: batch_timeout
2026-02-04 11:13:10 WARNING dataset: Stage2 batch error query_id=q_000377: batch_timeout
2026-02-04 11:13:10 WARNING dataset: Stage2 batch error query_id=q_000378: batch_timeout
2026-02-04 11:13:10 WARNING dataset: Stage2 batch error query_id=q_000379: batch_timeout
2026-02-04 11:13:10 WARNING dataset: Stage2 batch error query_id=q_000380: batch_timeout
2026-02-04 11:13:10 WARNING dataset: Stage2 batch error query_id=q_000381: batch_timeout
2026-02-04 11:13:10 WARNING dataset: Stage2 batch error query_id=q_000382: batch_timeout
2026-02-04 11:13:10 WARNING dataset: Stage2 batch error query_id=q_000383: batch_timeout
2026-02-04 11:13:10 WARNING dataset: Stage2 batch error query_id=q_000384: batch_timeout
2026-02-04 11:13:10 WARNING dataset: Stage2 batch error query_id=q_000385: batch_timeout
2026-02-04 11:13:10 WARNING dataset: Stage2 batch error query_id=q_000386: batch_timeout
2026-02-04 11:13:10 WARNING dataset: Stage2 batch error query_id=q_000387: batch_timeout
2026-02-04 11:13:10 WARNING dataset: Stage2 batch error query_id=q_000388: batch_timeout
2026-02-04 11:13:10 WARNING dataset: Stage2 batch error query_id=q_000389: batch_timeout
2026-02-04 11:13:10 WARNING dataset: Stage2 batch error query_id=q_000390: batch_timeout
2026-02-04 11:13:10 WARNING dataset: Stage2 batch error query_id=q_000391: batch_timeout
2026-02-04 11:13:10 WARNING dataset: Stage2 batch error query_id=q_000374: batch_timeout
2026-02-04 11:13:10 WARNING dataset: Stage2 batch error query_id=q_000375: batch_timeout
2026-02-04 11:13:10 WARNING dataset: Stage2 batch error query_id=q_000376: batch_timeout
2026-02-04 11:13:10 WARNING dataset: Stage2 batch error query_id=q_000377: batch_timeout
2026-02-04 11:13:10 WARNING dataset: Stage2 batch error query_id=q_000378: batch_timeout
2026-02-04 11:13:10 WARNING dataset: Stage2 batch error query_id=q_000379: batch_timeout
2026-02-04 11:13:10 WARNING dataset: Stage2 batch error query_id=q_000380: batch_timeout
2026-02-04 11:13:10 WARNING dataset: Stage2 batch error query_id=q_000381: batch_timeout
2026-02-04 11:13:10 WARNING dataset: Stage2 batch error query_id=q_000382: batch_timeout
2026-02-04 11:13:10 WARNING dataset: Stage2 batch error query_id=q_000383: batch_timeout
2026-02-04 11:13:10 WARNING dataset: Stage2 batch error query_id=q_000384: batch_timeout
2026-02-04 11:13:10 WARNING dataset: Stage2 batch error query_id=q_000385: batch_timeout
2026-02-04 11:13:10 WARNING dataset: Stage2 batch error query_id=q_000386: batch_timeout
2026-02-04 11:13:10 WARNING dataset: Stage2 batch error query_id=q_000387: batch_timeout
2026-02-04 11:13:10 WARNING dataset: Stage2 batch error query_id=q_000388: batch_timeout
2026-02-04 11:13:10 WARNING dataset: Stage2 batch error query_id=q_000389: batch_timeout
2026-02-04 11:13:10 WARNING dataset: Stage2 batch error query_id=q_000390: batch_timeout
2026-02-04 11:13:10 WARNING dataset: Stage2 batch error query_id=q_000391: batch_timeout
2026-02-04 11:13:10 WARNING dataset: Stage2 batch error query_id=q_000392: batch_timeout
2026-02-04 11:13:10 WARNING dataset: Stage2 batch error query_id=q_000393: batch_timeout
2026-02-04 11:13:10 WARNING dataset: Stage2 batch error query_id=q_000394: batch_timeout
2026-02-04 11:13:10 WARNING dataset: Stage2 batch error query_id=q_000392: batch_timeout
2026-02-04 11:13:10 WARNING dataset: Stage2 batch error query_id=q_000393: batch_timeout
2026-02-04 11:13:10 WARNING dataset: Stage2 batch error query_id=q_000394: batch_timeout
2026-02-04 11:13:10 WARNING dataset: Stage2 batch error query_id=q_000395: batch_timeout
2026-02-04 11:13:10 WARNING dataset: Stage2 batch error query_id=q_000396: batch_timeout
2026-02-04 11:13:10 WARNING dataset: Stage2 batch error query_id=q_000397: batch_timeout
2026-02-04 11:13:10 WARNING dataset: Stage2 batch error query_id=q_000398: batch_timeout
2026-02-04 11:13:10 WARNING dataset: Stage2 batch error query_id=q_000399: batch_timeout
2026-02-04 11:13:10 WARNING dataset: Stage2 batch error query_id=q_000400: batch_timeout
2026-02-04 11:13:10 WARNING dataset: Stage2 batch error query_id=q_000401: batch_timeout
2026-02-04 11:13:10 WARNING dataset: Stage2 batch error query_id=q_000402: batch_timeout
2026-02-04 11:13:10 WARNING dataset: Stage2 batch error query_id=q_000403: batch_timeout
2026-02-04 11:13:10 WARNING dataset: Stage2 batch error query_id=q_000404: batch_timeout
2026-02-04 11:13:10 WARNING dataset: Stage2 batch error query_id=q_000395: batch_timeout
2026-02-04 11:13:10 WARNING dataset: Stage2 batch error query_id=q_000396: batch_timeout
2026-02-04 11:13:10 WARNING dataset: Stage2 batch error query_id=q_000397: batch_timeout
2026-02-04 11:13:10 WARNING dataset: Stage2 batch error query_id=q_000398: batch_timeout
2026-02-04 11:13:10 WARNING dataset: Stage2 batch error query_id=q_000399: batch_timeout
2026-02-04 11:13:10 WARNING dataset: Stage2 batch error query_id=q_000400: batch_timeout
2026-02-04 11:13:10 WARNING dataset: Stage2 batch error query_id=q_000401: batch_timeout
2026-02-04 11:13:10 WARNING dataset: Stage2 batch error query_id=q_000402: batch_timeout
2026-02-04 11:13:10 WARNING dataset: Stage2 batch error query_id=q_000403: batch_timeout
2026-02-04 11:13:10 WARNING dataset: Stage2 batch error query_id=q_000404: batch_timeout
2026-02-04 11:13:10 WARNING dataset: Stage2 batch error query_id=q_000405: batch_timeout
2026-02-04 11:13:10 WARNING dataset: Stage2 batch error query_id=q_000406: batch_timeout
2026-02-04 11:13:10 WARNING dataset: Stage2 batch error query_id=q_000407: batch_timeout
2026-02-04 11:13:10 WARNING dataset: Stage2 batch error query_id=q_000408: batch_timeout
2026-02-04 11:13:10 WARNING dataset: Stage2 batch error query_id=q_000409: batch_timeout
2026-02-04 11:13:10 WARNING dataset: Stage2 batch error query_id=q_000410: batch_timeout
2026-02-04 11:13:10 WARNING dataset: Stage2 batch error query_id=q_000411: batch_timeout
2026-02-04 11:13:10 WARNING dataset: Stage2 batch error query_id=q_000412: batch_timeout
2026-02-04 11:13:10 WARNING dataset: Stage2 batch error query_id=q_000405: batch_timeout
2026-02-04 11:13:10 WARNING dataset: Stage2 batch error query_id=q_000406: batch_timeout
2026-02-04 11:13:10 WARNING dataset: Stage2 batch error query_id=q_000407: batch_timeout
2026-02-04 11:13:10 WARNING dataset: Stage2 batch error query_id=q_000408: batch_timeout
2026-02-04 11:13:10 WARNING dataset: Stage2 batch error query_id=q_000409: batch_timeout
2026-02-04 11:13:10 WARNING dataset: Stage2 batch error query_id=q_000410: batch_timeout
2026-02-04 11:13:10 WARNING dataset: Stage2 batch error query_id=q_000411: batch_timeout
2026-02-04 11:13:10 WARNING dataset: Stage2 batch error query_id=q_000412: batch_timeout
2026-02-04 11:13:10 WARNING dataset: Stage2 batch error query_id=q_000413: batch_timeout
2026-02-04 11:13:10 WARNING dataset: Stage2 batch error query_id=q_000414: batch_timeout
2026-02-04 11:13:10 WARNING dataset: Stage2 batch error query_id=q_000415: batch_timeout
2026-02-04 11:13:10 WARNING dataset: Stage2 batch error query_id=q_000416: batch_timeout
2026-02-04 11:13:10 WARNING dataset: Stage2 batch error query_id=q_000417: batch_timeout
2026-02-04 11:13:10 WARNING dataset: Stage2 batch error query_id=q_000418: batch_timeout
2026-02-04 11:13:10 WARNING dataset: Stage2 batch error query_id=q_000419: batch_timeout
2026-02-04 11:13:10 WARNING dataset: Stage2 batch error query_id=q_000420: batch_timeout
2026-02-04 11:13:10 WARNING dataset: Stage2 batch error query_id=q_000421: batch_timeout
2026-02-04 11:13:10 WARNING dataset: Stage2 batch error query_id=q_000422: batch_timeout
2026-02-04 11:13:10 WARNING dataset: Stage2 batch error query_id=q_000423: batch_timeout
2026-02-04 11:13:10 WARNING dataset: Stage2 batch error query_id=q_000424: batch_timeout
2026-02-04 11:13:10 WARNING dataset: Stage2 batch error query_id=q_000425: batch_timeout
2026-02-04 11:13:10 WARNING dataset: Stage2 batch error query_id=q_000426: batch_timeout
2026-02-04 11:13:10 WARNING dataset: Stage2 batch error query_id=q_000413: batch_timeout
2026-02-04 11:13:10 WARNING dataset: Stage2 batch error query_id=q_000414: batch_timeout
2026-02-04 11:13:10 WARNING dataset: Stage2 batch error query_id=q_000415: batch_timeout
2026-02-04 11:13:10 WARNING dataset: Stage2 batch error query_id=q_000416: batch_timeout
2026-02-04 11:13:10 WARNING dataset: Stage2 batch error query_id=q_000417: batch_timeout
2026-02-04 11:13:10 WARNING dataset: Stage2 batch error query_id=q_000418: batch_timeout
2026-02-04 11:13:10 WARNING dataset: Stage2 batch error query_id=q_000419: batch_timeout
2026-02-04 11:13:10 WARNING dataset: Stage2 batch error query_id=q_000420: batch_timeout
2026-02-04 11:13:10 WARNING dataset: Stage2 batch error query_id=q_000421: batch_timeout
2026-02-04 11:13:10 WARNING dataset: Stage2 batch error query_id=q_000422: batch_timeout
2026-02-04 11:13:10 WARNING dataset: Stage2 batch error query_id=q_000423: batch_timeout
2026-02-04 11:13:10 WARNING dataset: Stage2 batch error query_id=q_000424: batch_timeout
2026-02-04 11:13:10 WARNING dataset: Stage2 batch error query_id=q_000425: batch_timeout
2026-02-04 11:13:10 WARNING dataset: Stage2 batch error query_id=q_000426: batch_timeout
2026-02-04 11:13:10 WARNING dataset: Stage2 batch error query_id=q_000427: batch_timeout
2026-02-04 11:13:10 WARNING dataset: Stage2 batch error query_id=q_000428: batch_timeout
2026-02-04 11:13:10 WARNING dataset: Stage2 batch error query_id=q_000429: batch_timeout
2026-02-04 11:13:10 WARNING dataset: Stage2 batch error query_id=q_000430: batch_timeout
2026-02-04 11:13:10 WARNING dataset: Stage2 batch error query_id=q_000431: batch_timeout
2026-02-04 11:13:10 WARNING dataset: Stage2 batch error query_id=q_000432: batch_timeout
2026-02-04 11:13:10 WARNING dataset: Stage2 batch error query_id=q_000433: batch_timeout
2026-02-04 11:13:10 WARNING dataset: Stage2 batch error query_id=q_000434: batch_timeout
2026-02-04 11:13:10 WARNING dataset: Stage2 batch error query_id=q_000435: batch_timeout
2026-02-04 11:13:10 WARNING dataset: Stage2 batch error query_id=q_000427: batch_timeout
2026-02-04 11:13:10 WARNING dataset: Stage2 batch error query_id=q_000428: batch_timeout
2026-02-04 11:13:10 WARNING dataset: Stage2 batch error query_id=q_000429: batch_timeout
2026-02-04 11:13:10 WARNING dataset: Stage2 batch error query_id=q_000430: batch_timeout
2026-02-04 11:13:10 WARNING dataset: Stage2 batch error query_id=q_000431: batch_timeout
2026-02-04 11:13:10 WARNING dataset: Stage2 batch error query_id=q_000432: batch_timeout
2026-02-04 11:13:10 WARNING dataset: Stage2 batch error query_id=q_000433: batch_timeout
2026-02-04 11:13:10 WARNING dataset: Stage2 batch error query_id=q_000434: batch_timeout
2026-02-04 11:13:10 WARNING dataset: Stage2 batch error query_id=q_000435: batch_timeout
2026-02-04 11:13:12 ERROR dataset: Stage1 parse error intent=Creating Writing: Expecting ',' delimiter: line 115 column 50 (char 7000)
2026-02-04 11:13:12 INFO dataset: Stage1 recovered 22 objects from fallback parse intent=Creating Writing
2026-02-04 11:13:12 INFO dataset: Stage1 intent=Creating Writing created=22 total=82
2026-02-04 11:13:42 INFO dataset: Stage1 intent=Creating Writing created=5 total=87
2026-02-04 11:13:47 ERROR dataset: Stage1 parse error intent=Event Schedule: Expecting ',' delimiter: line 110 column 45 (char 7392)
2026-02-04 11:13:47 INFO dataset: Stage1 recovered 22 objects from fallback parse intent=Event Schedule
2026-02-04 11:13:47 INFO dataset: Stage1 intent=Event Schedule created=22 total=22
2026-02-04 11:14:35 ERROR dataset: Stage1 parse error intent=Event Schedule: Expecting ',' delimiter: line 95 column 48 (char 7542)
2026-02-04 11:14:35 INFO dataset: Stage1 recovered 19 objects from fallback parse intent=Event Schedule
2026-02-04 11:14:35 INFO dataset: Stage1 intent=Event Schedule created=19 total=19
2026-02-04 11:14:41 ERROR dataset: Stage1 parse error intent=Event Schedule: Expecting ',' delimiter: line 110 column 53 (char 7889)
2026-02-04 11:14:41 INFO dataset: Stage1 recovered 22 objects from fallback parse intent=Event Schedule
2026-02-04 11:14:41 INFO dataset: Stage1 intent=Event Schedule created=22 total=44
2026-02-04 11:15:09 ERROR dataset: Stage1 error intent=Recipe: batch_timeout
2026-02-04 11:15:09 ERROR dataset: Stage1 stopping intent=Recipe after 3 failures
2026-02-04 11:15:09 ERROR dataset: Stage1 error intent=Localization: batch_timeout
2026-02-04 11:15:09 ERROR dataset: Stage1 stopping intent=Localization after 3 failures
2026-02-04 11:15:09 ERROR dataset: Stage1 error intent=Technical support: batch_timeout
2026-02-04 11:15:09 ERROR dataset: Stage1 stopping intent=Technical support after 3 failures
2026-02-04 11:15:09 ERROR dataset: Stage1 error intent=Creating Writing: batch_timeout
2026-02-04 11:15:09 ERROR dataset: Stage1 stopping intent=Creating Writing after 3 failures
2026-02-04 11:15:09 ERROR dataset: Stage1 error intent=Event Schedule: batch_timeout
2026-02-04 11:15:09 ERROR dataset: Stage1 stopping intent=Event Schedule after 3 failures
2026-02-04 11:15:09 ERROR dataset: Stage1 error intent=Research Analysis: batch_timeout
2026-02-04 11:15:09 ERROR dataset: Stage1 stopping intent=Research Analysis after 3 failures
2026-02-04 11:15:09 ERROR dataset: Stage1 error intent=Comparison: batch_timeout
2026-02-04 11:15:09 ERROR dataset: Stage1 stopping intent=Comparison after 3 failures
2026-02-04 11:15:09 ERROR dataset: Stage1 error intent=calculation: batch_timeout
2026-02-04 11:15:09 ERROR dataset: Stage1 stopping intent=calculation after 3 failures
2026-02-04 11:15:09 ERROR dataset: Stage1 error intent=Travel: batch_timeout
2026-02-04 11:15:09 ERROR dataset: Stage1 stopping intent=Travel after 3 failures
2026-02-04 11:15:09 ERROR dataset: Stage1 error intent=Navigation: batch_timeout
2026-02-04 11:15:09 ERROR dataset: Stage1 stopping intent=Navigation after 3 failures
2026-02-04 11:15:09 ERROR dataset: Stage1 error intent=Education: batch_timeout
2026-02-04 11:15:09 ERROR dataset: Stage1 stopping intent=Education after 3 failures
2026-02-04 11:15:09 ERROR dataset: Stage1 error intent=Documentation: batch_timeout
2026-02-04 11:15:09 ERROR dataset: Stage1 stopping intent=Documentation after 3 failures
2026-02-04 11:15:09 ERROR dataset: Stage1 error intent=media playback: batch_timeout
2026-02-04 11:15:09 ERROR dataset: Stage1 stopping intent=media playback after 3 failures
2026-02-04 11:15:09 ERROR dataset: Stage1 error intent=qr scanner: batch_timeout
2026-02-04 11:15:09 ERROR dataset: Stage1 stopping intent=qr scanner after 3 failures
2026-02-04 11:15:09 ERROR dataset: Stage1 error intent=status check: batch_timeout
2026-02-04 11:15:09 ERROR dataset: Stage1 stopping intent=status check after 3 failures
2026-02-04 11:15:30 ERROR dataset: Stage1 parse error intent=Event Schedule: Expecting ',' delimiter: line 85 column 50 (char 6795)
2026-02-04 11:15:30 INFO dataset: Stage1 recovered 17 objects from fallback parse intent=Event Schedule
2026-02-04 11:15:30 INFO dataset: Stage1 intent=Event Schedule created=17 total=36
2026-02-04 11:15:34 ERROR dataset: Stage1 parse error intent=Event Schedule: Expecting ',' delimiter: line 90 column 47 (char 7574)
2026-02-04 11:15:34 INFO dataset: Stage1 recovered 18 objects from fallback parse intent=Event Schedule
2026-02-04 11:15:34 INFO dataset: Stage1 intent=Event Schedule created=18 total=62
2026-02-04 11:16:20 ERROR dataset: Stage1 parse error intent=Event Schedule: Expecting ',' delimiter: line 60 column 71 (char 4469)
2026-02-04 11:16:21 INFO dataset: Stage1 recovered 12 objects from fallback parse intent=Event Schedule
2026-02-04 11:16:21 INFO dataset: Stage1 intent=Event Schedule created=12 total=75
2026-02-04 11:16:24 ERROR dataset: Stage1 parse error intent=Event Schedule: Expecting ',' delimiter: line 85 column 48 (char 6257)
2026-02-04 11:16:24 INFO dataset: Stage1 recovered 17 objects from fallback parse intent=Event Schedule
2026-02-04 11:16:24 INFO dataset: Stage1 intent=Event Schedule created=17 total=53
2026-02-04 11:16:25 ERROR dataset: Stage1 parse error intent=Event Schedule: Unterminated string starting at: line 98 column 19 (char 6991)
2026-02-04 11:16:25 INFO dataset: Stage1 recovered 19 objects from fallback parse intent=Event Schedule
2026-02-04 11:16:25 INFO dataset: Stage1 intent=Event Schedule created=19 total=81
2026-02-04 11:17:03 INFO dataset: Stage1 intent=Event Schedule created=6 total=87
2026-02-04 11:17:12 INFO dataset: Stage1 intent=Event Schedule created=12 total=87
2026-02-04 11:17:19 ERROR dataset: Stage1 parse error intent=Event Schedule: Expecting ',' delimiter: line 85 column 50 (char 6717)
2026-02-04 11:17:19 INFO dataset: Stage1 recovered 17 objects from fallback parse intent=Event Schedule
2026-02-04 11:17:19 INFO dataset: Stage1 intent=Event Schedule created=17 total=70
2026-02-04 11:18:04 ERROR dataset: Stage1 parse error intent=Research Analysis: Expecting ',' delimiter: line 135 column 44 (char 7866)
2026-02-04 11:18:04 INFO dataset: Stage1 recovered 27 objects from fallback parse intent=Research Analysis
2026-02-04 11:18:04 INFO dataset: Stage1 intent=Research Analysis created=27 total=27
2026-02-04 11:18:06 ERROR dataset: Stage1 parse error intent=Research Analysis: Expecting ',' delimiter: line 145 column 54 (char 9561)
2026-02-04 11:18:06 INFO dataset: Stage1 recovered 28 objects from fallback parse intent=Research Analysis
2026-02-04 11:18:06 INFO dataset: Stage1 intent=Research Analysis created=28 total=28
2026-02-04 11:18:12 ERROR dataset: Stage1 parse error intent=Event Schedule: Expecting ',' delimiter: line 65 column 58 (char 7505)
2026-02-04 11:18:12 INFO dataset: Stage1 recovered 13 objects from fallback parse intent=Event Schedule
2026-02-04 11:18:12 INFO dataset: Stage1 intent=Event Schedule created=13 total=83
2026-02-04 11:18:52 INFO dataset: Stage1 intent=Event Schedule created=4 total=87
2026-02-04 11:18:58 ERROR dataset: Stage1 parse error intent=Research Analysis: Expecting ',' delimiter: line 125 column 57 (char 8436)
2026-02-04 11:18:58 INFO dataset: Stage1 recovered 25 objects from fallback parse intent=Research Analysis
2026-02-04 11:18:58 INFO dataset: Stage1 intent=Research Analysis created=25 total=52
2026-02-04 11:19:02 ERROR dataset: Stage1 parse error intent=Research Analysis: Expecting value: line 80 column 35 (char 5832)
2026-02-04 11:19:02 INFO dataset: Stage1 recovered 15 objects from fallback parse intent=Research Analysis
2026-02-04 11:19:02 INFO dataset: Stage1 intent=Research Analysis created=15 total=43
2026-02-04 11:19:45 ERROR dataset: Stage1 parse error intent=Research Analysis: Expecting ',' delimiter: line 145 column 54 (char 9561)
2026-02-04 11:19:45 INFO dataset: Stage1 recovered 28 objects from fallback parse intent=Research Analysis
2026-02-04 11:19:45 INFO dataset: Stage1 intent=Research Analysis created=28 total=28
2026-02-04 11:19:54 ERROR dataset: Stage1 parse error intent=Research Analysis: Expecting ',' delimiter: line 115 column 51 (char 9568)
2026-02-04 11:19:54 INFO dataset: Stage1 recovered 23 objects from fallback parse intent=Research Analysis
2026-02-04 11:19:54 INFO dataset: Stage1 intent=Research Analysis created=23 total=75
2026-02-04 11:19:55 ERROR dataset: Stage1 parse error intent=Research Analysis: Unterminated string starting at: line 153 column 19 (char 9382)
2026-02-04 11:19:55 INFO dataset: Stage1 recovered 30 objects from fallback parse intent=Research Analysis
2026-02-04 11:19:55 INFO dataset: Stage1 intent=Research Analysis created=30 total=73
2026-02-04 11:20:37 INFO dataset: Stage1 intent=Research Analysis created=12 total=87
2026-02-04 11:20:39 ERROR dataset: Stage1 parse error intent=Research Analysis: Unterminated string starting at: line 133 column 19 (char 9067)
2026-02-04 11:20:39 INFO dataset: Stage1 recovered 26 objects from fallback parse intent=Research Analysis
2026-02-04 11:20:39 INFO dataset: Stage1 intent=Research Analysis created=26 total=54
2026-02-04 11:20:41 INFO dataset: Stage1 intent=Research Analysis created=14 total=87
2026-02-04 11:21:32 ERROR dataset: Stage1 parse error intent=Comparison: Expecting ',' delimiter: line 110 column 47 (char 5718)
2026-02-04 11:21:32 INFO dataset: Stage1 recovered 22 objects from fallback parse intent=Comparison
2026-02-04 11:21:32 INFO dataset: Stage1 intent=Comparison created=22 total=22
2026-02-04 11:21:35 ERROR dataset: Stage1 parse error intent=Comparison: Expecting ',' delimiter: line 110 column 47 (char 5718)
2026-02-04 11:21:35 INFO dataset: Stage1 recovered 22 objects from fallback parse intent=Comparison
2026-02-04 11:21:35 INFO dataset: Stage1 intent=Comparison created=22 total=22
2026-02-04 11:21:39 ERROR dataset: Stage1 parse error intent=Research Analysis: Expecting ',' delimiter: line 120 column 59 (char 9483)
2026-02-04 11:21:39 INFO dataset: Stage1 recovered 24 objects from fallback parse intent=Research Analysis
2026-02-04 11:21:39 INFO dataset: Stage1 intent=Research Analysis created=24 total=78
2026-02-04 11:22:20 INFO dataset: Stage1 intent=Research Analysis created=9 total=87
2026-02-04 11:22:26 ERROR dataset: Stage1 parse error intent=Comparison: Expecting ',' delimiter: line 130 column 47 (char 8400)
2026-02-04 11:22:26 INFO dataset: Stage1 recovered 26 objects from fallback parse intent=Comparison
2026-02-04 11:22:26 INFO dataset: Stage1 intent=Comparison created=25 total=47
2026-02-04 11:22:29 ERROR dataset: Stage1 parse error intent=Comparison: Expecting ',' delimiter: line 120 column 54 (char 7417)
2026-02-04 11:22:29 INFO dataset: Stage1 recovered 24 objects from fallback parse intent=Comparison
2026-02-04 11:22:29 INFO dataset: Stage1 intent=Comparison created=24 total=46
2026-02-04 11:23:15 ERROR dataset: Stage1 parse error intent=Comparison: Expecting ',' delimiter: line 110 column 47 (char 5718)
2026-02-04 11:23:15 INFO dataset: Stage1 recovered 22 objects from fallback parse intent=Comparison
2026-02-04 11:23:15 INFO dataset: Stage1 intent=Comparison created=22 total=22
2026-02-04 11:23:21 ERROR dataset: Stage1 parse error intent=Comparison: Expecting ',' delimiter: line 70 column 60 (char 5460)
2026-02-04 11:23:21 INFO dataset: Stage1 recovered 14 objects from fallback parse intent=Comparison
2026-02-04 11:23:21 INFO dataset: Stage1 intent=Comparison created=14 total=61
2026-02-04 11:23:22 ERROR dataset: Stage1 parse error intent=Comparison: Expecting ',' delimiter: line 95 column 46 (char 6863)
2026-02-04 11:23:22 INFO dataset: Stage1 recovered 19 objects from fallback parse intent=Comparison
2026-02-04 11:23:22 INFO dataset: Stage1 intent=Comparison created=19 total=65
2026-02-04 11:24:08 ERROR dataset: Stage1 parse error intent=Comparison: Expecting ',' delimiter: line 120 column 54 (char 7417)
2026-02-04 11:24:08 INFO dataset: Stage1 recovered 24 objects from fallback parse intent=Comparison
2026-02-04 11:24:08 INFO dataset: Stage1 intent=Comparison created=24 total=46
2026-02-04 11:24:13 ERROR dataset: Stage1 parse error intent=Comparison: Expecting ',' delimiter: line 110 column 61 (char 7979)
2026-02-04 11:24:13 INFO dataset: Stage1 recovered 22 objects from fallback parse intent=Comparison
2026-02-04 11:24:13 INFO dataset: Stage1 intent=Comparison created=22 total=83
2026-02-04 11:24:13 INFO dataset: Stage1 intent=Comparison created=22 total=87
2026-02-04 11:24:42 INFO dataset: Stage1 intent=Comparison created=4 total=87
2026-02-04 11:25:05 ERROR dataset: Stage1 parse error intent=Comparison: Expecting ',' delimiter: line 115 column 50 (char 7524)
2026-02-04 11:25:05 INFO dataset: Stage1 recovered 23 objects from fallback parse intent=Comparison
2026-02-04 11:25:05 INFO dataset: Stage1 intent=Comparison created=23 total=69
2026-02-04 11:25:06 ERROR dataset: Stage1 parse error intent=calculation: Expecting ',' delimiter: line 140 column 41 (char 5605)
2026-02-04 11:25:06 INFO dataset: Stage1 recovered 28 objects from fallback parse intent=calculation
2026-02-04 11:25:06 INFO dataset: Stage1 intent=calculation created=28 total=28
2026-02-04 11:25:35 ERROR dataset: Stage1 parse error intent=calculation: Expecting ',' delimiter: line 140 column 41 (char 5605)
2026-02-04 11:25:35 INFO dataset: Stage1 recovered 28 objects from fallback parse intent=calculation
2026-02-04 11:25:35 INFO dataset: Stage1 intent=calculation created=28 total=28
2026-02-04 11:25:53 INFO dataset: Stage1 intent=Comparison created=18 total=87
2026-02-04 11:26:00 ERROR dataset: Stage1 parse error intent=calculation: Expecting ',' delimiter: line 160 column 47 (char 7301)
2026-02-04 11:26:00 INFO dataset: Stage1 recovered 32 objects from fallback parse intent=calculation
2026-02-04 11:26:00 INFO dataset: Stage1 intent=calculation created=32 total=60
2026-02-04 11:26:31 ERROR dataset: Stage1 parse error intent=calculation: Expecting ',' delimiter: line 140 column 44 (char 6925)
2026-02-04 11:26:31 INFO dataset: Stage1 recovered 28 objects from fallback parse intent=calculation
2026-02-04 11:26:31 INFO dataset: Stage1 intent=calculation created=28 total=56
2026-02-04 11:26:46 ERROR dataset: Stage1 parse error intent=calculation: Expecting ',' delimiter: line 140 column 41 (char 5605)
2026-02-04 11:26:46 INFO dataset: Stage1 recovered 28 objects from fallback parse intent=calculation
2026-02-04 11:26:46 INFO dataset: Stage1 intent=calculation created=28 total=28
2026-02-04 11:26:56 ERROR dataset: Stage1 parse error intent=calculation: Expecting ',' delimiter: line 105 column 44 (char 6245)
2026-02-04 11:26:56 INFO dataset: Stage1 recovered 21 objects from fallback parse intent=calculation
2026-02-04 11:26:56 INFO dataset: Stage1 intent=calculation created=21 total=81
2026-02-04 11:27:24 ERROR dataset: Stage1 parse error intent=calculation: Expecting ',' delimiter: line 150 column 43 (char 8115)
2026-02-04 11:27:24 INFO dataset: Stage1 recovered 30 objects from fallback parse intent=calculation
2026-02-04 11:27:24 INFO dataset: Stage1 intent=calculation created=30 total=86
2026-02-04 11:27:31 INFO dataset: Stage1 intent=calculation created=6 total=87
2026-02-04 11:27:40 ERROR dataset: Stage1 parse error intent=calculation: Expecting ',' delimiter: line 140 column 44 (char 6925)
2026-02-04 11:27:40 INFO dataset: Stage1 recovered 28 objects from fallback parse intent=calculation
2026-02-04 11:27:40 INFO dataset: Stage1 intent=calculation created=28 total=56
2026-02-04 11:27:52 INFO dataset: Stage1 intent=calculation created=1 total=87
2026-02-04 11:28:25 ERROR dataset: Stage1 parse error intent=Travel: Expecting ',' delimiter: line 120 column 58 (char 8424)
2026-02-04 11:28:25 INFO dataset: Stage1 recovered 24 objects from fallback parse intent=Travel
2026-02-04 11:28:25 INFO dataset: Stage1 intent=Travel created=24 total=24
2026-02-04 11:28:32 ERROR dataset: Stage1 parse error intent=calculation: Expecting ',' delimiter: line 150 column 43 (char 8115)
2026-02-04 11:28:32 INFO dataset: Stage1 recovered 30 objects from fallback parse intent=calculation
2026-02-04 11:28:32 INFO dataset: Stage1 intent=calculation created=30 total=86
2026-02-04 11:28:47 ERROR dataset: Stage1 parse error intent=Travel: Expecting ',' delimiter: line 120 column 53 (char 8734)
2026-02-04 11:28:47 INFO dataset: Stage1 recovered 24 objects from fallback parse intent=Travel
2026-02-04 11:28:47 INFO dataset: Stage1 intent=Travel created=24 total=24
2026-02-04 11:28:55 INFO dataset: Stage1 intent=calculation created=1 total=87
2026-02-04 11:29:22 ERROR dataset: Stage1 parse error intent=Travel: Expecting ',' delimiter: line 45 column 52 (char 3683)
2026-02-04 11:29:22 INFO dataset: Stage1 recovered 9 objects from fallback parse intent=Travel
2026-02-04 11:29:22 INFO dataset: Stage1 intent=Travel created=9 total=33
2026-02-04 11:29:43 ERROR dataset: Stage1 parse error intent=Travel: Expecting ',' delimiter: line 45 column 52 (char 3683)
2026-02-04 11:29:43 INFO dataset: Stage1 recovered 9 objects from fallback parse intent=Travel
2026-02-04 11:29:43 INFO dataset: Stage1 intent=Travel created=9 total=33
2026-02-04 11:29:51 ERROR dataset: Stage1 parse error intent=Travel: Expecting ',' delimiter: line 120 column 53 (char 8734)
2026-02-04 11:29:51 INFO dataset: Stage1 recovered 24 objects from fallback parse intent=Travel
2026-02-04 11:29:51 INFO dataset: Stage1 intent=Travel created=24 total=24
2026-02-04 11:30:20 ERROR dataset: Stage1 parse error intent=Travel: Expecting ',' delimiter: line 40 column 53 (char 3383)
2026-02-04 11:30:20 INFO dataset: Stage1 recovered 8 objects from fallback parse intent=Travel
2026-02-04 11:30:20 INFO dataset: Stage1 intent=Travel created=8 total=41
2026-02-04 11:30:39 ERROR dataset: Stage1 parse error intent=Travel: Expecting ',' delimiter: line 140 column 44 (char 9258)
2026-02-04 11:30:39 INFO dataset: Stage1 recovered 28 objects from fallback parse intent=Travel
2026-02-04 11:30:39 INFO dataset: Stage1 intent=Travel created=28 total=61
2026-02-04 11:30:46 ERROR dataset: Stage1 parse error intent=Travel: Expecting ',' delimiter: line 45 column 52 (char 3683)
2026-02-04 11:30:46 INFO dataset: Stage1 recovered 9 objects from fallback parse intent=Travel
2026-02-04 11:30:46 INFO dataset: Stage1 intent=Travel created=9 total=33
2026-02-04 11:31:15 ERROR dataset: Stage1 parse error intent=Travel: Expecting ',' delimiter: line 115 column 49 (char 7773)
2026-02-04 11:31:15 INFO dataset: Stage1 recovered 23 objects from fallback parse intent=Travel
2026-02-04 11:31:15 INFO dataset: Stage1 intent=Travel created=23 total=64
2026-02-04 11:31:34 ERROR dataset: Stage1 parse error intent=Travel: Expecting ',' delimiter: line 110 column 48 (char 8210)
2026-02-04 11:31:34 INFO dataset: Stage1 recovered 22 objects from fallback parse intent=Travel
2026-02-04 11:31:34 INFO dataset: Stage1 intent=Travel created=22 total=83
2026-02-04 11:31:40 ERROR dataset: Stage1 parse error intent=Travel: Expecting ',' delimiter: line 40 column 53 (char 3383)
2026-02-04 11:31:40 INFO dataset: Stage1 recovered 8 objects from fallback parse intent=Travel
2026-02-04 11:31:40 INFO dataset: Stage1 intent=Travel created=8 total=41
2026-02-04 11:32:10 ERROR dataset: Stage1 parse error intent=Travel: Expecting value: line 100 column 12 (char 8308)
2026-02-04 11:32:10 INFO dataset: Stage1 recovered 19 objects from fallback parse intent=Travel
2026-02-04 11:32:10 INFO dataset: Stage1 intent=Travel created=19 total=83
2026-02-04 11:32:12 INFO dataset: Stage1 intent=Travel created=4 total=87
2026-02-04 11:32:34 ERROR dataset: Stage1 parse error intent=Travel: Expecting ',' delimiter: line 105 column 51 (char 7968)
2026-02-04 11:32:34 INFO dataset: Stage1 recovered 21 objects from fallback parse intent=Travel
2026-02-04 11:32:34 INFO dataset: Stage1 intent=Travel created=21 total=62
2026-02-04 11:32:52 INFO dataset: Stage1 intent=Travel created=4 total=87
2026-02-04 11:33:08 ERROR dataset: Stage1 parse error intent=Navigation: Expecting ',' delimiter: line 65 column 48 (char 4131)
2026-02-04 11:33:08 INFO dataset: Stage1 recovered 13 objects from fallback parse intent=Navigation
2026-02-04 11:33:08 INFO dataset: Stage1 intent=Navigation created=13 total=13
2026-02-04 11:33:29 ERROR dataset: Stage1 parse error intent=Travel: Expecting ',' delimiter: line 85 column 55 (char 7789)
2026-02-04 11:33:29 INFO dataset: Stage1 recovered 17 objects from fallback parse intent=Travel
2026-02-04 11:33:29 INFO dataset: Stage1 intent=Travel created=17 total=79
2026-02-04 11:33:48 ERROR dataset: Stage1 parse error intent=Navigation: Expecting ',' delimiter: line 65 column 48 (char 4131)
2026-02-04 11:33:48 INFO dataset: Stage1 recovered 13 objects from fallback parse intent=Navigation
2026-02-04 11:33:48 INFO dataset: Stage1 intent=Navigation created=13 total=13
2026-02-04 11:34:05 ERROR dataset: Stage1 parse error intent=Navigation: Expecting ',' delimiter: line 125 column 59 (char 6750)
2026-02-04 11:34:05 INFO dataset: Stage1 recovered 25 objects from fallback parse intent=Navigation
2026-02-04 11:34:05 INFO dataset: Stage1 intent=Navigation created=25 total=38
2026-02-04 11:34:16 INFO dataset: Stage1 intent=Travel created=8 total=87
2026-02-04 11:34:45 ERROR dataset: Stage1 parse error intent=Navigation: Expecting ',' delimiter: line 125 column 59 (char 6750)
2026-02-04 11:34:45 INFO dataset: Stage1 recovered 25 objects from fallback parse intent=Navigation
2026-02-04 11:34:45 INFO dataset: Stage1 intent=Navigation created=25 total=38
2026-02-04 11:35:03 ERROR dataset: Stage1 parse error intent=Navigation: Expecting ',' delimiter: line 140 column 49 (char 8095)
2026-02-04 11:35:03 INFO dataset: Stage1 recovered 28 objects from fallback parse intent=Navigation
2026-02-04 11:35:03 INFO dataset: Stage1 intent=Navigation created=28 total=66
2026-02-04 11:35:15 ERROR dataset: Stage1 parse error intent=Navigation: Expecting ',' delimiter: line 60 column 61 (char 3641)
2026-02-04 11:35:15 INFO dataset: Stage1 recovered 12 objects from fallback parse intent=Navigation
2026-02-04 11:35:15 INFO dataset: Stage1 intent=Navigation created=12 total=12
2026-02-04 11:36:33 WARNING dataset: Stage2 batch error query_id=q_000001: batch_timeout
2026-02-04 11:36:33 WARNING dataset: Stage2 batch error query_id=q_000002: batch_timeout
2026-02-04 11:36:33 WARNING dataset: Stage2 batch error query_id=q_000003: batch_timeout
2026-02-04 11:36:33 WARNING dataset: Stage2 batch error query_id=q_000004: batch_timeout
2026-02-04 11:36:33 WARNING dataset: Stage2 batch error query_id=q_000005: batch_timeout
2026-02-04 11:36:33 WARNING dataset: Stage2 batch error query_id=q_000006: batch_timeout
2026-02-04 11:36:33 WARNING dataset: Stage2 batch error query_id=q_000007: batch_timeout
2026-02-04 11:36:33 WARNING dataset: Stage2 batch error query_id=q_000008: batch_timeout
2026-02-04 11:36:33 WARNING dataset: Stage2 batch error query_id=q_000009: batch_timeout
2026-02-04 11:36:33 WARNING dataset: Stage2 batch error query_id=q_000010: batch_timeout
2026-02-04 11:36:33 WARNING dataset: Stage2 batch error query_id=q_000011: batch_timeout
2026-02-04 11:36:33 WARNING dataset: Stage2 batch error query_id=q_000012: batch_timeout
2026-02-04 11:36:33 WARNING dataset: Stage2 batch error query_id=q_000013: batch_timeout
2026-02-04 11:36:33 WARNING dataset: Stage2 batch error query_id=q_000014: batch_timeout
2026-02-04 11:36:33 WARNING dataset: Stage2 batch error query_id=q_000015: batch_timeout
2026-02-04 11:36:33 WARNING dataset: Stage2 batch error query_id=q_000016: batch_timeout
2026-02-04 11:36:33 WARNING dataset: Stage2 batch error query_id=q_000017: batch_timeout
2026-02-04 11:36:33 WARNING dataset: Stage2 batch error query_id=q_000018: batch_timeout
2026-02-04 11:36:33 WARNING dataset: Stage2 batch error query_id=q_000019: batch_timeout
2026-02-04 11:36:33 WARNING dataset: Stage2 batch error query_id=q_000020: batch_timeout
2026-02-04 11:36:33 WARNING dataset: Stage2 batch error query_id=q_000021: batch_timeout
2026-02-04 11:36:33 WARNING dataset: Stage2 batch error query_id=q_000022: batch_timeout
2026-02-04 11:36:33 WARNING dataset: Stage2 batch error query_id=q_000023: batch_timeout
2026-02-04 11:36:33 WARNING dataset: Stage2 batch error query_id=q_000024: batch_timeout
2026-02-04 11:36:33 WARNING dataset: Stage2 batch error query_id=q_000025: batch_timeout
2026-02-04 11:36:33 WARNING dataset: Stage2 batch error query_id=q_000026: batch_timeout
2026-02-04 11:36:33 WARNING dataset: Stage2 batch error query_id=q_000027: batch_timeout
2026-02-04 11:36:33 WARNING dataset: Stage2 batch error query_id=q_000028: batch_timeout
2026-02-04 11:36:33 WARNING dataset: Stage2 batch error query_id=q_000029: batch_timeout
2026-02-04 11:36:33 WARNING dataset: Stage2 batch error query_id=q_000030: batch_timeout
2026-02-04 11:36:33 WARNING dataset: Stage2 batch error query_id=q_000031: batch_timeout
2026-02-04 11:36:33 WARNING dataset: Stage2 batch error query_id=q_000032: batch_timeout
2026-02-04 11:36:33 WARNING dataset: Stage2 batch error query_id=q_000033: batch_timeout
2026-02-04 11:36:33 WARNING dataset: Stage2 batch error query_id=q_000034: batch_timeout
2026-02-04 11:36:33 WARNING dataset: Stage2 batch error query_id=q_000035: batch_timeout
2026-02-04 11:36:33 WARNING dataset: Stage2 batch error query_id=q_000036: batch_timeout
2026-02-04 11:36:33 WARNING dataset: Stage2 batch error query_id=q_000037: batch_timeout
2026-02-04 11:36:33 WARNING dataset: Stage2 batch error query_id=q_000038: batch_timeout
2026-02-04 11:36:33 WARNING dataset: Stage2 batch error query_id=q_000039: batch_timeout
2026-02-04 11:36:33 WARNING dataset: Stage2 batch error query_id=q_000040: batch_timeout
2026-02-04 11:36:33 WARNING dataset: Stage2 batch error query_id=q_000041: batch_timeout
2026-02-04 11:36:33 WARNING dataset: Stage2 batch error query_id=q_000042: batch_timeout
2026-02-04 11:36:33 WARNING dataset: Stage2 batch error query_id=q_000043: batch_timeout
2026-02-04 11:36:33 WARNING dataset: Stage2 batch error query_id=q_000044: batch_timeout
2026-02-04 11:36:33 WARNING dataset: Stage2 batch error query_id=q_000045: batch_timeout
2026-02-04 11:36:33 WARNING dataset: Stage2 batch error query_id=q_000046: batch_timeout
2026-02-04 11:36:33 WARNING dataset: Stage2 batch error query_id=q_000047: batch_timeout
2026-02-04 11:36:33 WARNING dataset: Stage2 batch error query_id=q_000048: batch_timeout
2026-02-04 11:36:33 WARNING dataset: Stage2 batch error query_id=q_000049: batch_timeout
2026-02-04 11:36:33 WARNING dataset: Stage2 batch error query_id=q_000050: batch_timeout
2026-02-04 11:36:33 WARNING dataset: Stage2 batch error query_id=q_000051: batch_timeout
2026-02-04 11:36:33 WARNING dataset: Stage2 batch error query_id=q_000052: batch_timeout
2026-02-04 11:36:33 WARNING dataset: Stage2 batch error query_id=q_000053: batch_timeout
2026-02-04 11:36:33 WARNING dataset: Stage2 batch error query_id=q_000054: batch_timeout
2026-02-04 11:36:33 WARNING dataset: Stage2 batch error query_id=q_000055: batch_timeout
2026-02-04 11:36:33 WARNING dataset: Stage2 batch error query_id=q_000056: batch_timeout
2026-02-04 11:36:33 WARNING dataset: Stage2 batch error query_id=q_000057: batch_timeout
2026-02-04 11:36:33 WARNING dataset: Stage2 batch error query_id=q_000058: batch_timeout
2026-02-04 11:36:33 WARNING dataset: Stage2 batch error query_id=q_000059: batch_timeout
2026-02-04 11:36:33 WARNING dataset: Stage2 batch error query_id=q_000060: batch_timeout
2026-02-04 11:36:33 WARNING dataset: Stage2 batch error query_id=q_000061: batch_timeout
2026-02-04 11:36:33 WARNING dataset: Stage2 batch error query_id=q_000062: batch_timeout
2026-02-04 11:36:33 WARNING dataset: Stage2 batch error query_id=q_000063: batch_timeout
2026-02-04 11:36:33 WARNING dataset: Stage2 batch error query_id=q_000064: batch_timeout
2026-02-04 11:36:33 WARNING dataset: Stage2 batch error query_id=q_000065: batch_timeout
2026-02-04 11:36:33 WARNING dataset: Stage2 batch error query_id=q_000066: batch_timeout
2026-02-04 11:36:33 WARNING dataset: Stage2 batch error query_id=q_000067: batch_timeout
2026-02-04 11:36:33 WARNING dataset: Stage2 batch error query_id=q_000068: batch_timeout
2026-02-04 11:36:33 WARNING dataset: Stage2 batch error query_id=q_000069: batch_timeout
2026-02-04 11:36:33 WARNING dataset: Stage2 batch error query_id=q_000070: batch_timeout
2026-02-04 11:36:33 WARNING dataset: Stage2 batch error query_id=q_000071: batch_timeout
2026-02-04 11:36:33 WARNING dataset: Stage2 batch error query_id=q_000072: batch_timeout
2026-02-04 11:36:33 WARNING dataset: Stage2 batch error query_id=q_000073: batch_timeout
2026-02-04 11:36:33 WARNING dataset: Stage2 batch error query_id=q_000074: batch_timeout
2026-02-04 11:36:33 WARNING dataset: Stage2 batch error query_id=q_000075: batch_timeout
2026-02-04 11:36:33 WARNING dataset: Stage2 batch error query_id=q_000076: batch_timeout
2026-02-04 11:36:33 WARNING dataset: Stage2 batch error query_id=q_000077: batch_timeout
2026-02-04 11:36:33 WARNING dataset: Stage2 batch error query_id=q_000078: batch_timeout
2026-02-04 11:36:33 WARNING dataset: Stage2 batch error query_id=q_000079: batch_timeout
2026-02-04 11:36:33 WARNING dataset: Stage2 batch error query_id=q_000080: batch_timeout
2026-02-04 11:36:33 WARNING dataset: Stage2 batch error query_id=q_000081: batch_timeout
2026-02-04 11:36:33 WARNING dataset: Stage2 batch error query_id=q_000082: batch_timeout
2026-02-04 11:36:33 WARNING dataset: Stage2 batch error query_id=q_000083: batch_timeout
2026-02-04 11:36:33 WARNING dataset: Stage2 batch error query_id=q_000084: batch_timeout
2026-02-04 11:36:33 WARNING dataset: Stage2 batch error query_id=q_000085: batch_timeout
2026-02-04 11:36:33 WARNING dataset: Stage2 batch error query_id=q_000086: batch_timeout
2026-02-04 11:36:33 WARNING dataset: Stage2 batch error query_id=q_000087: batch_timeout
2026-02-04 11:41:45 WARNING dataset: Stage2 batch error query_id=q_000088: batch_timeout
2026-02-04 11:41:45 WARNING dataset: Stage2 batch error query_id=q_000089: batch_timeout
2026-02-04 11:41:45 WARNING dataset: Stage2 batch error query_id=q_000090: batch_timeout
2026-02-04 11:41:45 WARNING dataset: Stage2 batch error query_id=q_000091: batch_timeout
2026-02-04 11:41:45 WARNING dataset: Stage2 batch error query_id=q_000092: batch_timeout
2026-02-04 11:41:45 WARNING dataset: Stage2 batch error query_id=q_000093: batch_timeout
2026-02-04 11:41:45 WARNING dataset: Stage2 batch error query_id=q_000094: batch_timeout
2026-02-04 11:41:45 WARNING dataset: Stage2 batch error query_id=q_000095: batch_timeout
2026-02-04 11:41:45 WARNING dataset: Stage2 batch error query_id=q_000096: batch_timeout
2026-02-04 11:41:45 WARNING dataset: Stage2 batch error query_id=q_000097: batch_timeout
2026-02-04 11:41:45 WARNING dataset: Stage2 batch error query_id=q_000098: batch_timeout
2026-02-04 11:41:45 WARNING dataset: Stage2 batch error query_id=q_000099: batch_timeout
2026-02-04 11:41:45 WARNING dataset: Stage2 batch error query_id=q_000100: batch_timeout
2026-02-04 11:41:45 WARNING dataset: Stage2 batch error query_id=q_000101: batch_timeout
2026-02-04 11:41:45 WARNING dataset: Stage2 batch error query_id=q_000102: batch_timeout
2026-02-04 11:41:45 WARNING dataset: Stage2 batch error query_id=q_000103: batch_timeout
2026-02-04 11:41:45 WARNING dataset: Stage2 batch error query_id=q_000104: batch_timeout
2026-02-04 11:41:45 WARNING dataset: Stage2 batch error query_id=q_000105: batch_timeout
2026-02-04 11:41:45 WARNING dataset: Stage2 batch error query_id=q_000106: batch_timeout
2026-02-04 11:41:45 WARNING dataset: Stage2 batch error query_id=q_000107: batch_timeout
2026-02-04 11:41:45 WARNING dataset: Stage2 batch error query_id=q_000108: batch_timeout
2026-02-04 11:41:45 WARNING dataset: Stage2 batch error query_id=q_000109: batch_timeout
2026-02-04 11:41:45 WARNING dataset: Stage2 batch error query_id=q_000110: batch_timeout
2026-02-04 11:41:45 WARNING dataset: Stage2 batch error query_id=q_000111: batch_timeout
2026-02-04 11:41:45 WARNING dataset: Stage2 batch error query_id=q_000112: batch_timeout
2026-02-04 11:41:45 WARNING dataset: Stage2 batch error query_id=q_000113: batch_timeout
2026-02-04 11:41:45 WARNING dataset: Stage2 batch error query_id=q_000114: batch_timeout
2026-02-04 11:41:45 WARNING dataset: Stage2 batch error query_id=q_000115: batch_timeout
2026-02-04 11:41:45 WARNING dataset: Stage2 batch error query_id=q_000116: batch_timeout
2026-02-04 11:41:45 WARNING dataset: Stage2 batch error query_id=q_000117: batch_timeout
2026-02-04 11:41:45 WARNING dataset: Stage2 batch error query_id=q_000118: batch_timeout
2026-02-04 11:41:45 WARNING dataset: Stage2 batch error query_id=q_000119: batch_timeout
2026-02-04 11:41:45 WARNING dataset: Stage2 batch error query_id=q_000120: batch_timeout
2026-02-04 11:41:45 WARNING dataset: Stage2 batch error query_id=q_000121: batch_timeout
2026-02-04 11:41:45 WARNING dataset: Stage2 batch error query_id=q_000122: batch_timeout
2026-02-04 11:41:45 WARNING dataset: Stage2 batch error query_id=q_000123: batch_timeout
2026-02-04 11:41:45 WARNING dataset: Stage2 batch error query_id=q_000124: batch_timeout
2026-02-04 11:41:45 WARNING dataset: Stage2 batch error query_id=q_000125: batch_timeout
2026-02-04 11:41:45 WARNING dataset: Stage2 batch error query_id=q_000126: batch_timeout
2026-02-04 11:41:45 WARNING dataset: Stage2 batch error query_id=q_000127: batch_timeout
2026-02-04 11:41:45 WARNING dataset: Stage2 batch error query_id=q_000128: batch_timeout
2026-02-04 11:41:45 WARNING dataset: Stage2 batch error query_id=q_000129: batch_timeout
2026-02-04 11:41:45 WARNING dataset: Stage2 batch error query_id=q_000130: batch_timeout
2026-02-04 11:41:45 WARNING dataset: Stage2 batch error query_id=q_000131: batch_timeout
2026-02-04 11:41:45 WARNING dataset: Stage2 batch error query_id=q_000132: batch_timeout
2026-02-04 11:41:45 WARNING dataset: Stage2 batch error query_id=q_000133: batch_timeout
2026-02-04 11:41:45 WARNING dataset: Stage2 batch error query_id=q_000134: batch_timeout
2026-02-04 11:41:45 WARNING dataset: Stage2 batch error query_id=q_000135: batch_timeout
2026-02-04 11:41:45 WARNING dataset: Stage2 batch error query_id=q_000136: batch_timeout
2026-02-04 11:41:45 WARNING dataset: Stage2 batch error query_id=q_000137: batch_timeout
2026-02-04 11:41:45 WARNING dataset: Stage2 batch error query_id=q_000138: batch_timeout
2026-02-04 11:41:45 WARNING dataset: Stage2 batch error query_id=q_000139: batch_timeout
2026-02-04 11:41:45 WARNING dataset: Stage2 batch error query_id=q_000140: batch_timeout
2026-02-04 11:41:45 WARNING dataset: Stage2 batch error query_id=q_000141: batch_timeout
2026-02-04 11:41:45 WARNING dataset: Stage2 batch error query_id=q_000142: batch_timeout
2026-02-04 11:41:45 WARNING dataset: Stage2 batch error query_id=q_000143: batch_timeout
2026-02-04 11:41:45 WARNING dataset: Stage2 batch error query_id=q_000144: batch_timeout
2026-02-04 11:41:45 WARNING dataset: Stage2 batch error query_id=q_000145: batch_timeout
2026-02-04 11:41:45 WARNING dataset: Stage2 batch error query_id=q_000146: batch_timeout
2026-02-04 11:41:45 WARNING dataset: Stage2 batch error query_id=q_000147: batch_timeout
2026-02-04 11:41:45 WARNING dataset: Stage2 batch error query_id=q_000148: batch_timeout
2026-02-04 11:41:45 WARNING dataset: Stage2 batch error query_id=q_000149: batch_timeout
2026-02-04 11:41:45 WARNING dataset: Stage2 batch error query_id=q_000150: batch_timeout
2026-02-04 11:41:45 WARNING dataset: Stage2 batch error query_id=q_000151: batch_timeout
2026-02-04 11:41:45 WARNING dataset: Stage2 batch error query_id=q_000152: batch_timeout
2026-02-04 11:41:45 WARNING dataset: Stage2 batch error query_id=q_000153: batch_timeout
2026-02-04 11:41:45 WARNING dataset: Stage2 batch error query_id=q_000154: batch_timeout
2026-02-04 11:41:45 WARNING dataset: Stage2 batch error query_id=q_000155: batch_timeout
2026-02-04 11:41:45 WARNING dataset: Stage2 batch error query_id=q_000156: batch_timeout
2026-02-04 11:41:45 WARNING dataset: Stage2 batch error query_id=q_000157: batch_timeout
2026-02-04 11:41:45 WARNING dataset: Stage2 batch error query_id=q_000158: batch_timeout
2026-02-04 11:41:45 WARNING dataset: Stage2 batch error query_id=q_000159: batch_timeout
2026-02-04 11:41:45 WARNING dataset: Stage2 batch error query_id=q_000160: batch_timeout
2026-02-04 11:41:45 WARNING dataset: Stage2 batch error query_id=q_000161: batch_timeout
2026-02-04 11:41:45 WARNING dataset: Stage2 batch error query_id=q_000162: batch_timeout
2026-02-04 11:41:45 WARNING dataset: Stage2 batch error query_id=q_000163: batch_timeout
2026-02-04 11:41:45 WARNING dataset: Stage2 batch error query_id=q_000164: batch_timeout
2026-02-04 11:41:45 WARNING dataset: Stage2 batch error query_id=q_000165: batch_timeout
2026-02-04 11:41:45 WARNING dataset: Stage2 batch error query_id=q_000166: batch_timeout
2026-02-04 11:41:45 WARNING dataset: Stage2 batch error query_id=q_000167: batch_timeout
2026-02-04 11:41:45 WARNING dataset: Stage2 batch error query_id=q_000168: batch_timeout
2026-02-04 11:41:45 WARNING dataset: Stage2 batch error query_id=q_000169: batch_timeout
2026-02-04 11:41:45 WARNING dataset: Stage2 batch error query_id=q_000170: batch_timeout
2026-02-04 11:41:45 WARNING dataset: Stage2 batch error query_id=q_000171: batch_timeout
2026-02-04 11:41:45 WARNING dataset: Stage2 batch error query_id=q_000172: batch_timeout
2026-02-04 11:41:45 WARNING dataset: Stage2 batch error query_id=q_000173: batch_timeout
2026-02-04 11:41:45 WARNING dataset: Stage2 batch error query_id=q_000174: batch_timeout
2026-02-04 11:43:06 ERROR dataset: Stage1 rate limit info: limits={'rpm': None, 'tpm': None, 'rpd': None, 'note': 'set per your Google project tier'} headers=none
2026-02-04 11:43:06 ERROR dataset: Stage1 error intent=Information Retrieval: rate limit hit provider=gemini model=gemini-3-pro-preview limits={'rpm': None, 'tpm': None, 'rpd': None, 'note': 'set per your Google project tier'} headers=none
2026-02-04 11:43:19 ERROR dataset: Stage1 rate limit info: limits={'rpm': None, 'tpm': None, 'rpd': None, 'note': 'set per your Google project tier'} headers=none
2026-02-04 11:43:19 ERROR dataset: Stage1 error intent=Navigation: rate limit hit provider=gemini model=gemini-3-pro-preview limits={'rpm': None, 'tpm': None, 'rpd': None, 'note': 'set per your Google project tier'} headers=none
2026-02-04 11:43:38 ERROR dataset: Stage1 rate limit info: limits={'rpm': None, 'tpm': None, 'rpd': None, 'note': 'set per your Google project tier'} headers=none
2026-02-04 11:43:38 ERROR dataset: Stage1 error intent=Navigation: rate limit hit provider=gemini model=gemini-3-pro-preview limits={'rpm': None, 'tpm': None, 'rpd': None, 'note': 'set per your Google project tier'} headers=none
2026-02-04 11:43:49 ERROR dataset: Stage1 rate limit info: limits={'rpm': None, 'tpm': None, 'rpd': None, 'note': 'set per your Google project tier'} headers=none
2026-02-04 11:43:49 ERROR dataset: Stage1 error intent=Navigation: rate limit hit provider=gemini model=gemini-3-pro-preview limits={'rpm': None, 'tpm': None, 'rpd': None, 'note': 'set per your Google project tier'} headers=none
2026-02-04 11:46:56 WARNING dataset: Stage2 batch error query_id=q_000175: batch_timeout
2026-02-04 11:46:56 WARNING dataset: Stage2 batch error query_id=q_000176: batch_timeout
2026-02-04 11:46:56 WARNING dataset: Stage2 batch error query_id=q_000177: batch_timeout
2026-02-04 11:46:56 WARNING dataset: Stage2 batch error query_id=q_000178: batch_timeout
2026-02-04 11:46:56 WARNING dataset: Stage2 batch error query_id=q_000179: batch_timeout
2026-02-04 11:46:56 WARNING dataset: Stage2 batch error query_id=q_000180: batch_timeout
2026-02-04 11:46:56 WARNING dataset: Stage2 batch error query_id=q_000181: batch_timeout
2026-02-04 11:46:56 WARNING dataset: Stage2 batch error query_id=q_000182: batch_timeout
2026-02-04 11:46:56 WARNING dataset: Stage2 batch error query_id=q_000183: batch_timeout
2026-02-04 11:46:56 WARNING dataset: Stage2 batch error query_id=q_000184: batch_timeout
2026-02-04 11:46:56 WARNING dataset: Stage2 batch error query_id=q_000185: batch_timeout
2026-02-04 11:46:56 WARNING dataset: Stage2 batch error query_id=q_000186: batch_timeout
2026-02-04 11:46:56 WARNING dataset: Stage2 batch error query_id=q_000187: batch_timeout
2026-02-04 11:46:56 WARNING dataset: Stage2 batch error query_id=q_000188: batch_timeout
2026-02-04 11:46:56 WARNING dataset: Stage2 batch error query_id=q_000189: batch_timeout
2026-02-04 11:46:56 WARNING dataset: Stage2 batch error query_id=q_000190: batch_timeout
2026-02-04 11:46:56 WARNING dataset: Stage2 batch error query_id=q_000191: batch_timeout
2026-02-04 11:46:56 WARNING dataset: Stage2 batch error query_id=q_000192: batch_timeout
2026-02-04 11:46:56 WARNING dataset: Stage2 batch error query_id=q_000193: batch_timeout
2026-02-04 11:46:56 WARNING dataset: Stage2 batch error query_id=q_000194: batch_timeout
2026-02-04 11:46:56 WARNING dataset: Stage2 batch error query_id=q_000195: batch_timeout
2026-02-04 11:46:56 WARNING dataset: Stage2 batch error query_id=q_000196: batch_timeout
2026-02-04 11:46:56 WARNING dataset: Stage2 batch error query_id=q_000197: batch_timeout
2026-02-04 11:46:56 WARNING dataset: Stage2 batch error query_id=q_000198: batch_timeout
2026-02-04 11:46:56 WARNING dataset: Stage2 batch error query_id=q_000199: batch_timeout
2026-02-04 11:46:56 WARNING dataset: Stage2 batch error query_id=q_000200: batch_timeout
2026-02-04 11:46:56 WARNING dataset: Stage2 batch error query_id=q_000201: batch_timeout
2026-02-04 11:46:56 WARNING dataset: Stage2 batch error query_id=q_000202: batch_timeout
2026-02-04 11:46:56 WARNING dataset: Stage2 batch error query_id=q_000203: batch_timeout
2026-02-04 11:46:56 WARNING dataset: Stage2 batch error query_id=q_000204: batch_timeout
2026-02-04 11:46:56 WARNING dataset: Stage2 batch error query_id=q_000205: batch_timeout
2026-02-04 11:46:56 WARNING dataset: Stage2 batch error query_id=q_000206: batch_timeout
2026-02-04 11:46:56 WARNING dataset: Stage2 batch error query_id=q_000207: batch_timeout
2026-02-04 11:46:56 WARNING dataset: Stage2 batch error query_id=q_000208: batch_timeout
2026-02-04 11:46:56 WARNING dataset: Stage2 batch error query_id=q_000209: batch_timeout
2026-02-04 11:46:56 WARNING dataset: Stage2 batch error query_id=q_000210: batch_timeout
2026-02-04 11:46:56 WARNING dataset: Stage2 batch error query_id=q_000211: batch_timeout
2026-02-04 11:46:56 WARNING dataset: Stage2 batch error query_id=q_000212: batch_timeout
2026-02-04 11:46:56 WARNING dataset: Stage2 batch error query_id=q_000213: batch_timeout
2026-02-04 11:46:56 WARNING dataset: Stage2 batch error query_id=q_000214: batch_timeout
2026-02-04 11:46:56 WARNING dataset: Stage2 batch error query_id=q_000215: batch_timeout
2026-02-04 11:46:56 WARNING dataset: Stage2 batch error query_id=q_000216: batch_timeout
2026-02-04 11:46:56 WARNING dataset: Stage2 batch error query_id=q_000217: batch_timeout
2026-02-04 11:46:56 WARNING dataset: Stage2 batch error query_id=q_000218: batch_timeout
2026-02-04 11:46:56 WARNING dataset: Stage2 batch error query_id=q_000219: batch_timeout
2026-02-04 11:46:56 WARNING dataset: Stage2 batch error query_id=q_000220: batch_timeout
2026-02-04 11:46:56 WARNING dataset: Stage2 batch error query_id=q_000221: batch_timeout
2026-02-04 11:46:56 WARNING dataset: Stage2 batch error query_id=q_000222: batch_timeout
2026-02-04 11:46:56 WARNING dataset: Stage2 batch error query_id=q_000223: batch_timeout
2026-02-04 11:46:56 WARNING dataset: Stage2 batch error query_id=q_000224: batch_timeout
2026-02-04 11:46:56 WARNING dataset: Stage2 batch error query_id=q_000225: batch_timeout
2026-02-04 11:46:56 WARNING dataset: Stage2 batch error query_id=q_000226: batch_timeout
2026-02-04 11:46:56 WARNING dataset: Stage2 batch error query_id=q_000227: batch_timeout
2026-02-04 11:46:56 WARNING dataset: Stage2 batch error query_id=q_000228: batch_timeout
2026-02-04 11:46:56 WARNING dataset: Stage2 batch error query_id=q_000229: batch_timeout
2026-02-04 11:46:56 WARNING dataset: Stage2 batch error query_id=q_000230: batch_timeout
2026-02-04 11:46:56 WARNING dataset: Stage2 batch error query_id=q_000231: batch_timeout
2026-02-04 11:46:56 WARNING dataset: Stage2 batch error query_id=q_000232: batch_timeout
2026-02-04 11:46:56 WARNING dataset: Stage2 batch error query_id=q_000233: batch_timeout
2026-02-04 11:46:56 WARNING dataset: Stage2 batch error query_id=q_000234: batch_timeout
2026-02-04 11:46:56 WARNING dataset: Stage2 batch error query_id=q_000235: batch_timeout
2026-02-04 11:46:56 WARNING dataset: Stage2 batch error query_id=q_000236: batch_timeout
2026-02-04 11:46:56 WARNING dataset: Stage2 batch error query_id=q_000237: batch_timeout
2026-02-04 11:46:56 WARNING dataset: Stage2 batch error query_id=q_000238: batch_timeout
2026-02-04 11:46:56 WARNING dataset: Stage2 batch error query_id=q_000239: batch_timeout
2026-02-04 11:46:56 WARNING dataset: Stage2 batch error query_id=q_000240: batch_timeout
2026-02-04 11:46:56 WARNING dataset: Stage2 batch error query_id=q_000241: batch_timeout
2026-02-04 11:46:56 WARNING dataset: Stage2 batch error query_id=q_000242: batch_timeout
2026-02-04 11:46:56 WARNING dataset: Stage2 batch error query_id=q_000243: batch_timeout
2026-02-04 11:46:56 WARNING dataset: Stage2 batch error query_id=q_000244: batch_timeout
2026-02-04 11:46:56 WARNING dataset: Stage2 batch error query_id=q_000245: batch_timeout
2026-02-04 11:46:56 WARNING dataset: Stage2 batch error query_id=q_000246: batch_timeout
2026-02-04 11:46:56 WARNING dataset: Stage2 batch error query_id=q_000247: batch_timeout
2026-02-04 11:46:56 WARNING dataset: Stage2 batch error query_id=q_000248: batch_timeout
2026-02-04 11:46:56 WARNING dataset: Stage2 batch error query_id=q_000249: batch_timeout
2026-02-04 11:46:56 WARNING dataset: Stage2 batch error query_id=q_000250: batch_timeout
2026-02-04 11:46:56 WARNING dataset: Stage2 batch error query_id=q_000251: batch_timeout
2026-02-04 11:46:56 WARNING dataset: Stage2 batch error query_id=q_000252: batch_timeout
2026-02-04 11:46:56 WARNING dataset: Stage2 batch error query_id=q_000253: batch_timeout
2026-02-04 11:46:56 WARNING dataset: Stage2 batch error query_id=q_000254: batch_timeout
2026-02-04 11:46:56 WARNING dataset: Stage2 batch error query_id=q_000255: batch_timeout
2026-02-04 11:46:56 WARNING dataset: Stage2 batch error query_id=q_000256: batch_timeout
2026-02-04 11:46:56 WARNING dataset: Stage2 batch error query_id=q_000257: batch_timeout
2026-02-04 11:46:56 WARNING dataset: Stage2 batch error query_id=q_000258: batch_timeout
2026-02-04 11:46:56 WARNING dataset: Stage2 batch error query_id=q_000259: batch_timeout
2026-02-04 11:46:56 WARNING dataset: Stage2 batch error query_id=q_000260: batch_timeout
2026-02-04 11:46:56 WARNING dataset: Stage2 batch error query_id=q_000261: batch_timeout
2026-02-04 11:51:50 ERROR dataset: Stage1 rate limit info: limits={'rpm': None, 'tpm': None, 'rpd': None, 'note': 'set per your Google project tier'} headers=none
2026-02-04 11:51:50 ERROR dataset: Stage1 error intent=Information Retrieval: rate limit hit provider=gemini model=gemini-3-pro-preview limits={'rpm': None, 'tpm': None, 'rpd': None, 'note': 'set per your Google project tier'} headers=none
2026-02-04 11:52:03 ERROR dataset: Stage1 rate limit info: limits={'rpm': None, 'tpm': None, 'rpd': None, 'note': 'set per your Google project tier'} headers=none
2026-02-04 11:52:03 ERROR dataset: Stage1 error intent=Navigation: rate limit hit provider=gemini model=gemini-3-pro-preview limits={'rpm': None, 'tpm': None, 'rpd': None, 'note': 'set per your Google project tier'} headers=none
2026-02-04 11:52:06 WARNING dataset: Stage2 batch error query_id=q_000262: batch_timeout
2026-02-04 11:52:06 WARNING dataset: Stage2 batch error query_id=q_000263: batch_timeout
2026-02-04 11:52:06 WARNING dataset: Stage2 batch error query_id=q_000264: batch_timeout
2026-02-04 11:52:06 WARNING dataset: Stage2 batch error query_id=q_000265: batch_timeout
2026-02-04 11:52:06 WARNING dataset: Stage2 batch error query_id=q_000266: batch_timeout
2026-02-04 11:52:06 WARNING dataset: Stage2 batch error query_id=q_000267: batch_timeout
2026-02-04 11:52:06 WARNING dataset: Stage2 batch error query_id=q_000268: batch_timeout
2026-02-04 11:52:06 WARNING dataset: Stage2 batch error query_id=q_000269: batch_timeout
2026-02-04 11:52:06 WARNING dataset: Stage2 batch error query_id=q_000270: batch_timeout
2026-02-04 11:52:06 WARNING dataset: Stage2 batch error query_id=q_000271: batch_timeout
2026-02-04 11:52:06 WARNING dataset: Stage2 batch error query_id=q_000272: batch_timeout
2026-02-04 11:52:06 WARNING dataset: Stage2 batch error query_id=q_000273: batch_timeout
2026-02-04 11:52:06 WARNING dataset: Stage2 batch error query_id=q_000274: batch_timeout
2026-02-04 11:52:06 WARNING dataset: Stage2 batch error query_id=q_000275: batch_timeout
2026-02-04 11:52:06 WARNING dataset: Stage2 batch error query_id=q_000276: batch_timeout
2026-02-04 11:52:06 WARNING dataset: Stage2 batch error query_id=q_000277: batch_timeout
2026-02-04 11:52:06 WARNING dataset: Stage2 batch error query_id=q_000278: batch_timeout
2026-02-04 11:52:06 WARNING dataset: Stage2 batch error query_id=q_000279: batch_timeout
2026-02-04 11:52:06 WARNING dataset: Stage2 batch error query_id=q_000280: batch_timeout
2026-02-04 11:52:06 WARNING dataset: Stage2 batch error query_id=q_000262: batch_timeout
2026-02-04 11:52:06 WARNING dataset: Stage2 batch error query_id=q_000263: batch_timeout
2026-02-04 11:52:06 WARNING dataset: Stage2 batch error query_id=q_000264: batch_timeout
2026-02-04 11:52:06 WARNING dataset: Stage2 batch error query_id=q_000265: batch_timeout
2026-02-04 11:52:06 WARNING dataset: Stage2 batch error query_id=q_000266: batch_timeout
2026-02-04 11:52:06 WARNING dataset: Stage2 batch error query_id=q_000267: batch_timeout
2026-02-04 11:52:06 WARNING dataset: Stage2 batch error query_id=q_000268: batch_timeout
2026-02-04 11:52:06 WARNING dataset: Stage2 batch error query_id=q_000269: batch_timeout
2026-02-04 11:52:06 WARNING dataset: Stage2 batch error query_id=q_000270: batch_timeout
2026-02-04 11:52:06 WARNING dataset: Stage2 batch error query_id=q_000271: batch_timeout
2026-02-04 11:52:06 WARNING dataset: Stage2 batch error query_id=q_000272: batch_timeout
2026-02-04 11:52:06 WARNING dataset: Stage2 batch error query_id=q_000273: batch_timeout
2026-02-04 11:52:06 WARNING dataset: Stage2 batch error query_id=q_000274: batch_timeout
2026-02-04 11:52:06 WARNING dataset: Stage2 batch error query_id=q_000275: batch_timeout
2026-02-04 11:52:06 WARNING dataset: Stage2 batch error query_id=q_000276: batch_timeout
2026-02-04 11:52:06 WARNING dataset: Stage2 batch error query_id=q_000277: batch_timeout
2026-02-04 11:52:06 WARNING dataset: Stage2 batch error query_id=q_000278: batch_timeout
2026-02-04 11:52:06 WARNING dataset: Stage2 batch error query_id=q_000279: batch_timeout
2026-02-04 11:52:06 WARNING dataset: Stage2 batch error query_id=q_000280: batch_timeout
2026-02-04 11:52:06 WARNING dataset: Stage2 batch error query_id=q_000281: batch_timeout
2026-02-04 11:52:06 WARNING dataset: Stage2 batch error query_id=q_000282: batch_timeout
2026-02-04 11:52:06 WARNING dataset: Stage2 batch error query_id=q_000283: batch_timeout
2026-02-04 11:52:06 WARNING dataset: Stage2 batch error query_id=q_000284: batch_timeout
2026-02-04 11:52:06 WARNING dataset: Stage2 batch error query_id=q_000285: batch_timeout
2026-02-04 11:52:06 WARNING dataset: Stage2 batch error query_id=q_000281: batch_timeout
2026-02-04 11:52:06 WARNING dataset: Stage2 batch error query_id=q_000282: batch_timeout
2026-02-04 11:52:06 WARNING dataset: Stage2 batch error query_id=q_000283: batch_timeout
2026-02-04 11:52:06 WARNING dataset: Stage2 batch error query_id=q_000284: batch_timeout
2026-02-04 11:52:06 WARNING dataset: Stage2 batch error query_id=q_000285: batch_timeout
2026-02-04 11:52:06 WARNING dataset: Stage2 batch error query_id=q_000286: batch_timeout
2026-02-04 11:52:06 WARNING dataset: Stage2 batch error query_id=q_000287: batch_timeout
2026-02-04 11:52:06 WARNING dataset: Stage2 batch error query_id=q_000288: batch_timeout
2026-02-04 11:52:06 WARNING dataset: Stage2 batch error query_id=q_000289: batch_timeout
2026-02-04 11:52:06 WARNING dataset: Stage2 batch error query_id=q_000290: batch_timeout
2026-02-04 11:52:06 WARNING dataset: Stage2 batch error query_id=q_000291: batch_timeout
2026-02-04 11:52:06 WARNING dataset: Stage2 batch error query_id=q_000292: batch_timeout
2026-02-04 11:52:06 WARNING dataset: Stage2 batch error query_id=q_000293: batch_timeout
2026-02-04 11:52:06 WARNING dataset: Stage2 batch error query_id=q_000286: batch_timeout
2026-02-04 11:52:06 WARNING dataset: Stage2 batch error query_id=q_000287: batch_timeout
2026-02-04 11:52:06 WARNING dataset: Stage2 batch error query_id=q_000288: batch_timeout
2026-02-04 11:52:06 WARNING dataset: Stage2 batch error query_id=q_000289: batch_timeout
2026-02-04 11:52:06 WARNING dataset: Stage2 batch error query_id=q_000290: batch_timeout
2026-02-04 11:52:06 WARNING dataset: Stage2 batch error query_id=q_000291: batch_timeout
2026-02-04 11:52:06 WARNING dataset: Stage2 batch error query_id=q_000292: batch_timeout
2026-02-04 11:52:06 WARNING dataset: Stage2 batch error query_id=q_000293: batch_timeout
2026-02-04 11:52:06 WARNING dataset: Stage2 batch error query_id=q_000294: batch_timeout
2026-02-04 11:52:06 WARNING dataset: Stage2 batch error query_id=q_000295: batch_timeout
2026-02-04 11:52:06 WARNING dataset: Stage2 batch error query_id=q_000296: batch_timeout
2026-02-04 11:52:06 WARNING dataset: Stage2 batch error query_id=q_000297: batch_timeout
2026-02-04 11:52:06 WARNING dataset: Stage2 batch error query_id=q_000298: batch_timeout
2026-02-04 11:52:06 WARNING dataset: Stage2 batch error query_id=q_000299: batch_timeout
2026-02-04 11:52:06 WARNING dataset: Stage2 batch error query_id=q_000300: batch_timeout
2026-02-04 11:52:06 WARNING dataset: Stage2 batch error query_id=q_000294: batch_timeout
2026-02-04 11:52:06 WARNING dataset: Stage2 batch error query_id=q_000295: batch_timeout
2026-02-04 11:52:06 WARNING dataset: Stage2 batch error query_id=q_000296: batch_timeout
2026-02-04 11:52:06 WARNING dataset: Stage2 batch error query_id=q_000297: batch_timeout
2026-02-04 11:52:06 WARNING dataset: Stage2 batch error query_id=q_000298: batch_timeout
2026-02-04 11:52:06 WARNING dataset: Stage2 batch error query_id=q_000299: batch_timeout
2026-02-04 11:52:06 WARNING dataset: Stage2 batch error query_id=q_000300: batch_timeout
2026-02-04 11:52:06 WARNING dataset: Stage2 batch error query_id=q_000301: batch_timeout
2026-02-04 11:52:06 WARNING dataset: Stage2 batch error query_id=q_000302: batch_timeout
2026-02-04 11:52:06 WARNING dataset: Stage2 batch error query_id=q_000303: batch_timeout
2026-02-04 11:52:06 WARNING dataset: Stage2 batch error query_id=q_000304: batch_timeout
2026-02-04 11:52:06 WARNING dataset: Stage2 batch error query_id=q_000305: batch_timeout
2026-02-04 11:52:06 WARNING dataset: Stage2 batch error query_id=q_000306: batch_timeout
2026-02-04 11:52:06 WARNING dataset: Stage2 batch error query_id=q_000307: batch_timeout
2026-02-04 11:52:06 WARNING dataset: Stage2 batch error query_id=q_000301: batch_timeout
2026-02-04 11:52:06 WARNING dataset: Stage2 batch error query_id=q_000302: batch_timeout
2026-02-04 11:52:06 WARNING dataset: Stage2 batch error query_id=q_000303: batch_timeout
2026-02-04 11:52:06 WARNING dataset: Stage2 batch error query_id=q_000304: batch_timeout
2026-02-04 11:52:06 WARNING dataset: Stage2 batch error query_id=q_000305: batch_timeout
2026-02-04 11:52:06 WARNING dataset: Stage2 batch error query_id=q_000306: batch_timeout
2026-02-04 11:52:06 WARNING dataset: Stage2 batch error query_id=q_000307: batch_timeout
2026-02-04 11:52:06 WARNING dataset: Stage2 batch error query_id=q_000308: batch_timeout
2026-02-04 11:52:06 WARNING dataset: Stage2 batch error query_id=q_000309: batch_timeout
2026-02-04 11:52:06 WARNING dataset: Stage2 batch error query_id=q_000310: batch_timeout
2026-02-04 11:52:06 WARNING dataset: Stage2 batch error query_id=q_000311: batch_timeout
2026-02-04 11:52:06 WARNING dataset: Stage2 batch error query_id=q_000312: batch_timeout
2026-02-04 11:52:06 WARNING dataset: Stage2 batch error query_id=q_000313: batch_timeout
2026-02-04 11:52:06 WARNING dataset: Stage2 batch error query_id=q_000314: batch_timeout
2026-02-04 11:52:06 WARNING dataset: Stage2 batch error query_id=q_000315: batch_timeout
2026-02-04 11:52:06 WARNING dataset: Stage2 batch error query_id=q_000316: batch_timeout
2026-02-04 11:52:06 WARNING dataset: Stage2 batch error query_id=q_000317: batch_timeout
2026-02-04 11:52:06 WARNING dataset: Stage2 batch error query_id=q_000318: batch_timeout
2026-02-04 11:52:06 WARNING dataset: Stage2 batch error query_id=q_000319: batch_timeout
2026-02-04 11:52:06 WARNING dataset: Stage2 batch error query_id=q_000308: batch_timeout
2026-02-04 11:52:06 WARNING dataset: Stage2 batch error query_id=q_000309: batch_timeout
2026-02-04 11:52:06 WARNING dataset: Stage2 batch error query_id=q_000310: batch_timeout
2026-02-04 11:52:06 WARNING dataset: Stage2 batch error query_id=q_000311: batch_timeout
2026-02-04 11:52:06 WARNING dataset: Stage2 batch error query_id=q_000312: batch_timeout
2026-02-04 11:52:06 WARNING dataset: Stage2 batch error query_id=q_000313: batch_timeout
2026-02-04 11:52:06 WARNING dataset: Stage2 batch error query_id=q_000314: batch_timeout
2026-02-04 11:52:06 WARNING dataset: Stage2 batch error query_id=q_000315: batch_timeout
2026-02-04 11:52:06 WARNING dataset: Stage2 batch error query_id=q_000316: batch_timeout
2026-02-04 11:52:06 WARNING dataset: Stage2 batch error query_id=q_000317: batch_timeout
2026-02-04 11:52:06 WARNING dataset: Stage2 batch error query_id=q_000318: batch_timeout
2026-02-04 11:52:06 WARNING dataset: Stage2 batch error query_id=q_000319: batch_timeout
2026-02-04 11:52:06 WARNING dataset: Stage2 batch error query_id=q_000320: batch_timeout
2026-02-04 11:52:06 WARNING dataset: Stage2 batch error query_id=q_000321: batch_timeout
2026-02-04 11:52:06 WARNING dataset: Stage2 batch error query_id=q_000322: batch_timeout
2026-02-04 11:52:06 WARNING dataset: Stage2 batch error query_id=q_000320: batch_timeout
2026-02-04 11:52:06 WARNING dataset: Stage2 batch error query_id=q_000321: batch_timeout
2026-02-04 11:52:06 WARNING dataset: Stage2 batch error query_id=q_000323: batch_timeout
2026-02-04 11:52:06 WARNING dataset: Stage2 batch error query_id=q_000324: batch_timeout
2026-02-04 11:52:06 WARNING dataset: Stage2 batch error query_id=q_000325: batch_timeout
2026-02-04 11:52:06 WARNING dataset: Stage2 batch error query_id=q_000326: batch_timeout
2026-02-04 11:52:06 WARNING dataset: Stage2 batch error query_id=q_000327: batch_timeout
2026-02-04 11:52:06 WARNING dataset: Stage2 batch error query_id=q_000328: batch_timeout
2026-02-04 11:52:06 WARNING dataset: Stage2 batch error query_id=q_000322: batch_timeout
2026-02-04 11:52:06 WARNING dataset: Stage2 batch error query_id=q_000323: batch_timeout
2026-02-04 11:52:06 WARNING dataset: Stage2 batch error query_id=q_000324: batch_timeout
2026-02-04 11:52:06 WARNING dataset: Stage2 batch error query_id=q_000325: batch_timeout
2026-02-04 11:52:06 WARNING dataset: Stage2 batch error query_id=q_000326: batch_timeout
2026-02-04 11:52:06 WARNING dataset: Stage2 batch error query_id=q_000327: batch_timeout
2026-02-04 11:52:06 WARNING dataset: Stage2 batch error query_id=q_000328: batch_timeout
2026-02-04 11:52:06 WARNING dataset: Stage2 batch error query_id=q_000329: batch_timeout
2026-02-04 11:52:06 WARNING dataset: Stage2 batch error query_id=q_000330: batch_timeout
2026-02-04 11:52:06 WARNING dataset: Stage2 batch error query_id=q_000331: batch_timeout
2026-02-04 11:52:06 WARNING dataset: Stage2 batch error query_id=q_000332: batch_timeout
2026-02-04 11:52:06 WARNING dataset: Stage2 batch error query_id=q_000333: batch_timeout
2026-02-04 11:52:06 WARNING dataset: Stage2 batch error query_id=q_000334: batch_timeout
2026-02-04 11:52:06 WARNING dataset: Stage2 batch error query_id=q_000335: batch_timeout
2026-02-04 11:52:06 WARNING dataset: Stage2 batch error query_id=q_000336: batch_timeout
2026-02-04 11:52:06 WARNING dataset: Stage2 batch error query_id=q_000337: batch_timeout
2026-02-04 11:52:06 WARNING dataset: Stage2 batch error query_id=q_000338: batch_timeout
2026-02-04 11:52:06 WARNING dataset: Stage2 batch error query_id=q_000339: batch_timeout
2026-02-04 11:52:06 WARNING dataset: Stage2 batch error query_id=q_000340: batch_timeout
2026-02-04 11:52:06 WARNING dataset: Stage2 batch error query_id=q_000341: batch_timeout
2026-02-04 11:52:06 WARNING dataset: Stage2 batch error query_id=q_000342: batch_timeout
2026-02-04 11:52:06 WARNING dataset: Stage2 batch error query_id=q_000343: batch_timeout
2026-02-04 11:52:06 WARNING dataset: Stage2 batch error query_id=q_000344: batch_timeout
2026-02-04 11:52:06 WARNING dataset: Stage2 batch error query_id=q_000329: batch_timeout
2026-02-04 11:52:06 WARNING dataset: Stage2 batch error query_id=q_000330: batch_timeout
2026-02-04 11:52:06 WARNING dataset: Stage2 batch error query_id=q_000331: batch_timeout
2026-02-04 11:52:06 WARNING dataset: Stage2 batch error query_id=q_000332: batch_timeout
2026-02-04 11:52:06 WARNING dataset: Stage2 batch error query_id=q_000333: batch_timeout
2026-02-04 11:52:06 WARNING dataset: Stage2 batch error query_id=q_000334: batch_timeout
2026-02-04 11:52:06 WARNING dataset: Stage2 batch error query_id=q_000335: batch_timeout
2026-02-04 11:52:06 WARNING dataset: Stage2 batch error query_id=q_000336: batch_timeout
2026-02-04 11:52:06 WARNING dataset: Stage2 batch error query_id=q_000337: batch_timeout
2026-02-04 11:52:06 WARNING dataset: Stage2 batch error query_id=q_000338: batch_timeout
2026-02-04 11:52:06 WARNING dataset: Stage2 batch error query_id=q_000339: batch_timeout
2026-02-04 11:52:06 WARNING dataset: Stage2 batch error query_id=q_000340: batch_timeout
2026-02-04 11:52:06 WARNING dataset: Stage2 batch error query_id=q_000341: batch_timeout
2026-02-04 11:52:06 WARNING dataset: Stage2 batch error query_id=q_000342: batch_timeout
2026-02-04 11:52:06 WARNING dataset: Stage2 batch error query_id=q_000343: batch_timeout
2026-02-04 11:52:06 WARNING dataset: Stage2 batch error query_id=q_000345: batch_timeout
2026-02-04 11:52:06 WARNING dataset: Stage2 batch error query_id=q_000346: batch_timeout
2026-02-04 11:52:06 WARNING dataset: Stage2 batch error query_id=q_000347: batch_timeout
2026-02-04 11:52:06 WARNING dataset: Stage2 batch error query_id=q_000348: batch_timeout
2026-02-04 11:52:06 WARNING dataset: Stage2 batch error query_id=q_000344: batch_timeout
2026-02-04 11:52:06 WARNING dataset: Stage2 batch error query_id=q_000345: batch_timeout
2026-02-04 11:52:06 WARNING dataset: Stage2 batch error query_id=q_000346: batch_timeout
2026-02-04 11:52:06 WARNING dataset: Stage2 batch error query_id=q_000347: batch_timeout
2026-02-04 11:52:06 WARNING dataset: Stage2 batch error query_id=q_000348: batch_timeout
2026-02-04 11:52:21 ERROR dataset: Stage1 rate limit info: limits={'rpm': None, 'tpm': None, 'rpd': None, 'note': 'set per your Google project tier'} headers=none
2026-02-04 11:52:21 ERROR dataset: Stage1 error intent=Navigation: rate limit hit provider=gemini model=gemini-3-pro-preview limits={'rpm': None, 'tpm': None, 'rpd': None, 'note': 'set per your Google project tier'} headers=none
2026-02-04 11:52:32 ERROR dataset: Stage1 rate limit info: limits={'rpm': None, 'tpm': None, 'rpd': None, 'note': 'set per your Google project tier'} headers=none
2026-02-04 11:52:32 ERROR dataset: Stage1 error intent=Navigation: rate limit hit provider=gemini model=gemini-3-pro-preview limits={'rpm': None, 'tpm': None, 'rpd': None, 'note': 'set per your Google project tier'} headers=none
2026-02-04 11:57:17 WARNING dataset: Stage2 batch error query_id=q_000349: batch_timeout
2026-02-04 11:57:17 WARNING dataset: Stage2 batch error query_id=q_000350: batch_timeout
2026-02-04 11:57:17 WARNING dataset: Stage2 batch error query_id=q_000351: batch_timeout
2026-02-04 11:57:17 WARNING dataset: Stage2 batch error query_id=q_000352: batch_timeout
2026-02-04 11:57:17 WARNING dataset: Stage2 batch error query_id=q_000353: batch_timeout
2026-02-04 11:57:17 WARNING dataset: Stage2 batch error query_id=q_000354: batch_timeout
2026-02-04 11:57:17 WARNING dataset: Stage2 batch error query_id=q_000355: batch_timeout
2026-02-04 11:57:17 WARNING dataset: Stage2 batch error query_id=q_000356: batch_timeout
2026-02-04 11:57:17 WARNING dataset: Stage2 batch error query_id=q_000357: batch_timeout
2026-02-04 11:57:17 WARNING dataset: Stage2 batch error query_id=q_000358: batch_timeout
2026-02-04 11:57:17 WARNING dataset: Stage2 batch error query_id=q_000359: batch_timeout
2026-02-04 11:57:17 WARNING dataset: Stage2 batch error query_id=q_000360: batch_timeout
2026-02-04 11:57:17 WARNING dataset: Stage2 batch error query_id=q_000361: batch_timeout
2026-02-04 11:57:17 WARNING dataset: Stage2 batch error query_id=q_000362: batch_timeout
2026-02-04 11:57:17 WARNING dataset: Stage2 batch error query_id=q_000363: batch_timeout
2026-02-04 11:57:17 WARNING dataset: Stage2 batch error query_id=q_000364: batch_timeout
2026-02-04 11:57:17 WARNING dataset: Stage2 batch error query_id=q_000365: batch_timeout
2026-02-04 11:57:17 WARNING dataset: Stage2 batch error query_id=q_000366: batch_timeout
2026-02-04 11:57:17 WARNING dataset: Stage2 batch error query_id=q_000367: batch_timeout
2026-02-04 11:57:17 WARNING dataset: Stage2 batch error query_id=q_000368: batch_timeout
2026-02-04 11:57:17 WARNING dataset: Stage2 batch error query_id=q_000369: batch_timeout
2026-02-04 11:57:17 WARNING dataset: Stage2 batch error query_id=q_000370: batch_timeout
2026-02-04 11:57:17 WARNING dataset: Stage2 batch error query_id=q_000371: batch_timeout
2026-02-04 11:57:17 WARNING dataset: Stage2 batch error query_id=q_000372: batch_timeout
2026-02-04 11:57:17 WARNING dataset: Stage2 batch error query_id=q_000373: batch_timeout
2026-02-04 11:57:17 WARNING dataset: Stage2 batch error query_id=q_000349: batch_timeout
2026-02-04 11:57:17 WARNING dataset: Stage2 batch error query_id=q_000350: batch_timeout
2026-02-04 11:57:17 WARNING dataset: Stage2 batch error query_id=q_000351: batch_timeout
2026-02-04 11:57:17 WARNING dataset: Stage2 batch error query_id=q_000352: batch_timeout
2026-02-04 11:57:17 WARNING dataset: Stage2 batch error query_id=q_000353: batch_timeout
2026-02-04 11:57:17 WARNING dataset: Stage2 batch error query_id=q_000354: batch_timeout
2026-02-04 11:57:17 WARNING dataset: Stage2 batch error query_id=q_000355: batch_timeout
2026-02-04 11:57:17 WARNING dataset: Stage2 batch error query_id=q_000356: batch_timeout
2026-02-04 11:57:17 WARNING dataset: Stage2 batch error query_id=q_000357: batch_timeout
2026-02-04 11:57:17 WARNING dataset: Stage2 batch error query_id=q_000358: batch_timeout
2026-02-04 11:57:17 WARNING dataset: Stage2 batch error query_id=q_000359: batch_timeout
2026-02-04 11:57:17 WARNING dataset: Stage2 batch error query_id=q_000360: batch_timeout
2026-02-04 11:57:17 WARNING dataset: Stage2 batch error query_id=q_000361: batch_timeout
2026-02-04 11:57:17 WARNING dataset: Stage2 batch error query_id=q_000362: batch_timeout
2026-02-04 11:57:17 WARNING dataset: Stage2 batch error query_id=q_000363: batch_timeout
2026-02-04 11:57:17 WARNING dataset: Stage2 batch error query_id=q_000364: batch_timeout
2026-02-04 11:57:17 WARNING dataset: Stage2 batch error query_id=q_000365: batch_timeout
2026-02-04 11:57:17 WARNING dataset: Stage2 batch error query_id=q_000366: batch_timeout
2026-02-04 11:57:17 WARNING dataset: Stage2 batch error query_id=q_000367: batch_timeout
2026-02-04 11:57:17 WARNING dataset: Stage2 batch error query_id=q_000368: batch_timeout
2026-02-04 11:57:17 WARNING dataset: Stage2 batch error query_id=q_000369: batch_timeout
2026-02-04 11:57:17 WARNING dataset: Stage2 batch error query_id=q_000370: batch_timeout
2026-02-04 11:57:17 WARNING dataset: Stage2 batch error query_id=q_000371: batch_timeout
2026-02-04 11:57:17 WARNING dataset: Stage2 batch error query_id=q_000372: batch_timeout
2026-02-04 11:57:17 WARNING dataset: Stage2 batch error query_id=q_000373: batch_timeout
2026-02-04 11:57:17 WARNING dataset: Stage2 batch error query_id=q_000374: batch_timeout
2026-02-04 11:57:17 WARNING dataset: Stage2 batch error query_id=q_000375: batch_timeout
2026-02-04 11:57:17 WARNING dataset: Stage2 batch error query_id=q_000376: batch_timeout
2026-02-04 11:57:17 WARNING dataset: Stage2 batch error query_id=q_000377: batch_timeout
2026-02-04 11:57:17 WARNING dataset: Stage2 batch error query_id=q_000378: batch_timeout
2026-02-04 11:57:17 WARNING dataset: Stage2 batch error query_id=q_000379: batch_timeout
2026-02-04 11:57:17 WARNING dataset: Stage2 batch error query_id=q_000380: batch_timeout
2026-02-04 11:57:17 WARNING dataset: Stage2 batch error query_id=q_000381: batch_timeout
2026-02-04 11:57:17 WARNING dataset: Stage2 batch error query_id=q_000382: batch_timeout
2026-02-04 11:57:17 WARNING dataset: Stage2 batch error query_id=q_000383: batch_timeout
2026-02-04 11:57:17 WARNING dataset: Stage2 batch error query_id=q_000384: batch_timeout
2026-02-04 11:57:17 WARNING dataset: Stage2 batch error query_id=q_000385: batch_timeout
2026-02-04 11:57:17 WARNING dataset: Stage2 batch error query_id=q_000386: batch_timeout
2026-02-04 11:57:17 WARNING dataset: Stage2 batch error query_id=q_000387: batch_timeout
2026-02-04 11:57:17 WARNING dataset: Stage2 batch error query_id=q_000388: batch_timeout
2026-02-04 11:57:17 WARNING dataset: Stage2 batch error query_id=q_000389: batch_timeout
2026-02-04 11:57:17 WARNING dataset: Stage2 batch error query_id=q_000390: batch_timeout
2026-02-04 11:57:17 WARNING dataset: Stage2 batch error query_id=q_000391: batch_timeout
2026-02-04 11:57:17 WARNING dataset: Stage2 batch error query_id=q_000374: batch_timeout
2026-02-04 11:57:17 WARNING dataset: Stage2 batch error query_id=q_000375: batch_timeout
2026-02-04 11:57:17 WARNING dataset: Stage2 batch error query_id=q_000376: batch_timeout
2026-02-04 11:57:17 WARNING dataset: Stage2 batch error query_id=q_000377: batch_timeout
2026-02-04 11:57:17 WARNING dataset: Stage2 batch error query_id=q_000378: batch_timeout
2026-02-04 11:57:17 WARNING dataset: Stage2 batch error query_id=q_000379: batch_timeout
2026-02-04 11:57:17 WARNING dataset: Stage2 batch error query_id=q_000380: batch_timeout
2026-02-04 11:57:17 WARNING dataset: Stage2 batch error query_id=q_000381: batch_timeout
2026-02-04 11:57:17 WARNING dataset: Stage2 batch error query_id=q_000382: batch_timeout
2026-02-04 11:57:17 WARNING dataset: Stage2 batch error query_id=q_000383: batch_timeout
2026-02-04 11:57:17 WARNING dataset: Stage2 batch error query_id=q_000384: batch_timeout
2026-02-04 11:57:17 WARNING dataset: Stage2 batch error query_id=q_000385: batch_timeout
2026-02-04 11:57:17 WARNING dataset: Stage2 batch error query_id=q_000386: batch_timeout
2026-02-04 11:57:17 WARNING dataset: Stage2 batch error query_id=q_000387: batch_timeout
2026-02-04 11:57:17 WARNING dataset: Stage2 batch error query_id=q_000388: batch_timeout
2026-02-04 11:57:17 WARNING dataset: Stage2 batch error query_id=q_000389: batch_timeout
2026-02-04 11:57:17 WARNING dataset: Stage2 batch error query_id=q_000390: batch_timeout
2026-02-04 11:57:17 WARNING dataset: Stage2 batch error query_id=q_000391: batch_timeout
2026-02-04 11:57:17 WARNING dataset: Stage2 batch error query_id=q_000392: batch_timeout
2026-02-04 11:57:17 WARNING dataset: Stage2 batch error query_id=q_000393: batch_timeout
2026-02-04 11:57:17 WARNING dataset: Stage2 batch error query_id=q_000394: batch_timeout
2026-02-04 11:57:17 WARNING dataset: Stage2 batch error query_id=q_000392: batch_timeout
2026-02-04 11:57:17 WARNING dataset: Stage2 batch error query_id=q_000393: batch_timeout
2026-02-04 11:57:17 WARNING dataset: Stage2 batch error query_id=q_000394: batch_timeout
2026-02-04 11:57:17 WARNING dataset: Stage2 batch error query_id=q_000395: batch_timeout
2026-02-04 11:57:17 WARNING dataset: Stage2 batch error query_id=q_000396: batch_timeout
2026-02-04 11:57:17 WARNING dataset: Stage2 batch error query_id=q_000397: batch_timeout
2026-02-04 11:57:17 WARNING dataset: Stage2 batch error query_id=q_000398: batch_timeout
2026-02-04 11:57:17 WARNING dataset: Stage2 batch error query_id=q_000399: batch_timeout
2026-02-04 11:57:17 WARNING dataset: Stage2 batch error query_id=q_000400: batch_timeout
2026-02-04 11:57:17 WARNING dataset: Stage2 batch error query_id=q_000401: batch_timeout
2026-02-04 11:57:17 WARNING dataset: Stage2 batch error query_id=q_000402: batch_timeout
2026-02-04 11:57:17 WARNING dataset: Stage2 batch error query_id=q_000403: batch_timeout
2026-02-04 11:57:17 WARNING dataset: Stage2 batch error query_id=q_000404: batch_timeout
2026-02-04 11:57:17 WARNING dataset: Stage2 batch error query_id=q_000395: batch_timeout
2026-02-04 11:57:17 WARNING dataset: Stage2 batch error query_id=q_000396: batch_timeout
2026-02-04 11:57:17 WARNING dataset: Stage2 batch error query_id=q_000397: batch_timeout
2026-02-04 11:57:17 WARNING dataset: Stage2 batch error query_id=q_000398: batch_timeout
2026-02-04 11:57:17 WARNING dataset: Stage2 batch error query_id=q_000399: batch_timeout
2026-02-04 11:57:17 WARNING dataset: Stage2 batch error query_id=q_000400: batch_timeout
2026-02-04 11:57:17 WARNING dataset: Stage2 batch error query_id=q_000401: batch_timeout
2026-02-04 11:57:17 WARNING dataset: Stage2 batch error query_id=q_000402: batch_timeout
2026-02-04 11:57:17 WARNING dataset: Stage2 batch error query_id=q_000403: batch_timeout
2026-02-04 11:57:17 WARNING dataset: Stage2 batch error query_id=q_000404: batch_timeout
2026-02-04 11:57:17 WARNING dataset: Stage2 batch error query_id=q_000405: batch_timeout
2026-02-04 11:57:17 WARNING dataset: Stage2 batch error query_id=q_000406: batch_timeout
2026-02-04 11:57:17 WARNING dataset: Stage2 batch error query_id=q_000407: batch_timeout
2026-02-04 11:57:17 WARNING dataset: Stage2 batch error query_id=q_000408: batch_timeout
2026-02-04 11:57:17 WARNING dataset: Stage2 batch error query_id=q_000409: batch_timeout
2026-02-04 11:57:17 WARNING dataset: Stage2 batch error query_id=q_000410: batch_timeout
2026-02-04 11:57:17 WARNING dataset: Stage2 batch error query_id=q_000411: batch_timeout
2026-02-04 11:57:17 WARNING dataset: Stage2 batch error query_id=q_000412: batch_timeout
2026-02-04 11:57:17 WARNING dataset: Stage2 batch error query_id=q_000405: batch_timeout
2026-02-04 11:57:17 WARNING dataset: Stage2 batch error query_id=q_000406: batch_timeout
2026-02-04 11:57:17 WARNING dataset: Stage2 batch error query_id=q_000407: batch_timeout
2026-02-04 11:57:17 WARNING dataset: Stage2 batch error query_id=q_000408: batch_timeout
2026-02-04 11:57:17 WARNING dataset: Stage2 batch error query_id=q_000409: batch_timeout
2026-02-04 11:57:17 WARNING dataset: Stage2 batch error query_id=q_000410: batch_timeout
2026-02-04 11:57:17 WARNING dataset: Stage2 batch error query_id=q_000411: batch_timeout
2026-02-04 11:57:17 WARNING dataset: Stage2 batch error query_id=q_000412: batch_timeout
2026-02-04 11:57:17 WARNING dataset: Stage2 batch error query_id=q_000413: batch_timeout
2026-02-04 11:57:17 WARNING dataset: Stage2 batch error query_id=q_000414: batch_timeout
2026-02-04 11:57:17 WARNING dataset: Stage2 batch error query_id=q_000415: batch_timeout
2026-02-04 11:57:17 WARNING dataset: Stage2 batch error query_id=q_000416: batch_timeout
2026-02-04 11:57:17 WARNING dataset: Stage2 batch error query_id=q_000417: batch_timeout
2026-02-04 11:57:17 WARNING dataset: Stage2 batch error query_id=q_000418: batch_timeout
2026-02-04 11:57:17 WARNING dataset: Stage2 batch error query_id=q_000419: batch_timeout
2026-02-04 11:57:17 WARNING dataset: Stage2 batch error query_id=q_000420: batch_timeout
2026-02-04 11:57:17 WARNING dataset: Stage2 batch error query_id=q_000421: batch_timeout
2026-02-04 11:57:17 WARNING dataset: Stage2 batch error query_id=q_000422: batch_timeout
2026-02-04 11:57:17 WARNING dataset: Stage2 batch error query_id=q_000423: batch_timeout
2026-02-04 11:57:17 WARNING dataset: Stage2 batch error query_id=q_000424: batch_timeout
2026-02-04 11:57:17 WARNING dataset: Stage2 batch error query_id=q_000425: batch_timeout
2026-02-04 11:57:17 WARNING dataset: Stage2 batch error query_id=q_000426: batch_timeout
2026-02-04 11:57:17 WARNING dataset: Stage2 batch error query_id=q_000413: batch_timeout
2026-02-04 11:57:17 WARNING dataset: Stage2 batch error query_id=q_000414: batch_timeout
2026-02-04 11:57:17 WARNING dataset: Stage2 batch error query_id=q_000415: batch_timeout
2026-02-04 11:57:17 WARNING dataset: Stage2 batch error query_id=q_000416: batch_timeout
2026-02-04 11:57:17 WARNING dataset: Stage2 batch error query_id=q_000417: batch_timeout
2026-02-04 11:57:17 WARNING dataset: Stage2 batch error query_id=q_000418: batch_timeout
2026-02-04 11:57:17 WARNING dataset: Stage2 batch error query_id=q_000419: batch_timeout
2026-02-04 11:57:17 WARNING dataset: Stage2 batch error query_id=q_000420: batch_timeout
2026-02-04 11:57:17 WARNING dataset: Stage2 batch error query_id=q_000421: batch_timeout
2026-02-04 11:57:17 WARNING dataset: Stage2 batch error query_id=q_000422: batch_timeout
2026-02-04 11:57:17 WARNING dataset: Stage2 batch error query_id=q_000423: batch_timeout
2026-02-04 11:57:17 WARNING dataset: Stage2 batch error query_id=q_000424: batch_timeout
2026-02-04 11:57:17 WARNING dataset: Stage2 batch error query_id=q_000425: batch_timeout
2026-02-04 11:57:17 WARNING dataset: Stage2 batch error query_id=q_000426: batch_timeout
2026-02-04 11:57:17 WARNING dataset: Stage2 batch error query_id=q_000427: batch_timeout
2026-02-04 11:57:17 WARNING dataset: Stage2 batch error query_id=q_000428: batch_timeout
2026-02-04 11:57:17 WARNING dataset: Stage2 batch error query_id=q_000429: batch_timeout
2026-02-04 11:57:17 WARNING dataset: Stage2 batch error query_id=q_000430: batch_timeout
2026-02-04 11:57:17 WARNING dataset: Stage2 batch error query_id=q_000431: batch_timeout
2026-02-04 11:57:17 WARNING dataset: Stage2 batch error query_id=q_000432: batch_timeout
2026-02-04 11:57:17 WARNING dataset: Stage2 batch error query_id=q_000433: batch_timeout
2026-02-04 11:57:17 WARNING dataset: Stage2 batch error query_id=q_000434: batch_timeout
2026-02-04 11:57:17 WARNING dataset: Stage2 batch error query_id=q_000435: batch_timeout
2026-02-04 11:57:17 WARNING dataset: Stage2 batch error query_id=q_000427: batch_timeout
2026-02-04 11:57:17 WARNING dataset: Stage2 batch error query_id=q_000428: batch_timeout
2026-02-04 11:57:17 WARNING dataset: Stage2 batch error query_id=q_000429: batch_timeout
2026-02-04 11:57:17 WARNING dataset: Stage2 batch error query_id=q_000430: batch_timeout
2026-02-04 11:57:17 WARNING dataset: Stage2 batch error query_id=q_000431: batch_timeout
2026-02-04 11:57:17 WARNING dataset: Stage2 batch error query_id=q_000432: batch_timeout
2026-02-04 11:57:17 WARNING dataset: Stage2 batch error query_id=q_000433: batch_timeout
2026-02-04 11:57:17 WARNING dataset: Stage2 batch error query_id=q_000434: batch_timeout
2026-02-04 11:57:17 WARNING dataset: Stage2 batch error query_id=q_000435: batch_timeout
2026-02-04 12:00:31 WARNING dataset: Stage2 batch error query_id=q_000001: batch_timeout
2026-02-04 12:00:33 ERROR dataset: Stage1 rate limit info: limits={'rpm': None, 'tpm': None, 'rpd': None, 'note': 'set per your Google project tier'} headers=none
2026-02-04 12:00:33 ERROR dataset: Stage1 error intent=Information Retrieval: rate limit hit provider=gemini model=gemini-3-pro-preview limits={'rpm': None, 'tpm': None, 'rpd': None, 'note': 'set per your Google project tier'} headers=none
2026-02-04 12:00:33 ERROR dataset: Stage1 stopping intent=Information Retrieval after 3 failures
2026-02-04 12:00:46 ERROR dataset: Stage1 rate limit info: limits={'rpm': None, 'tpm': None, 'rpd': None, 'note': 'set per your Google project tier'} headers=none
2026-02-04 12:00:46 ERROR dataset: Stage1 error intent=Navigation: rate limit hit provider=gemini model=gemini-3-pro-preview limits={'rpm': None, 'tpm': None, 'rpd': None, 'note': 'set per your Google project tier'} headers=none
2026-02-04 12:00:46 ERROR dataset: Stage1 stopping intent=Navigation after 3 failures
2026-02-04 12:01:03 ERROR dataset: Stage1 rate limit info: limits={'rpm': None, 'tpm': None, 'rpd': None, 'note': 'set per your Google project tier'} headers=none
2026-02-04 12:01:03 ERROR dataset: Stage1 error intent=Navigation: rate limit hit provider=gemini model=gemini-3-pro-preview limits={'rpm': None, 'tpm': None, 'rpd': None, 'note': 'set per your Google project tier'} headers=none
2026-02-04 12:01:03 ERROR dataset: Stage1 stopping intent=Navigation after 3 failures
2026-02-04 12:01:15 ERROR dataset: Stage1 rate limit info: limits={'rpm': None, 'tpm': None, 'rpd': None, 'note': 'set per your Google project tier'} headers=none
2026-02-04 12:01:15 ERROR dataset: Stage1 error intent=Navigation: rate limit hit provider=gemini model=gemini-3-pro-preview limits={'rpm': None, 'tpm': None, 'rpd': None, 'note': 'set per your Google project tier'} headers=none
2026-02-04 12:01:15 ERROR dataset: Stage1 stopping intent=Navigation after 3 failures
2026-02-04 12:02:27 WARNING dataset: Stage2 batch error query_id=q_000436: batch_timeout
2026-02-04 12:02:27 WARNING dataset: Stage2 batch error query_id=q_000437: batch_timeout
2026-02-04 12:02:27 WARNING dataset: Stage2 batch error query_id=q_000438: batch_timeout
2026-02-04 12:02:27 WARNING dataset: Stage2 batch error query_id=q_000439: batch_timeout
2026-02-04 12:02:27 WARNING dataset: Stage2 batch error query_id=q_000440: batch_timeout
2026-02-04 12:02:27 WARNING dataset: Stage2 batch error query_id=q_000441: batch_timeout
2026-02-04 12:02:27 WARNING dataset: Stage2 batch error query_id=q_000442: batch_timeout
2026-02-04 12:02:27 WARNING dataset: Stage2 batch error query_id=q_000443: batch_timeout
2026-02-04 12:02:27 WARNING dataset: Stage2 batch error query_id=q_000444: batch_timeout
2026-02-04 12:02:27 WARNING dataset: Stage2 batch error query_id=q_000445: batch_timeout
2026-02-04 12:02:27 WARNING dataset: Stage2 batch error query_id=q_000446: batch_timeout
2026-02-04 12:02:27 WARNING dataset: Stage2 batch error query_id=q_000447: batch_timeout
2026-02-04 12:02:27 WARNING dataset: Stage2 batch error query_id=q_000448: batch_timeout
2026-02-04 12:02:27 WARNING dataset: Stage2 batch error query_id=q_000449: batch_timeout
2026-02-04 12:02:27 WARNING dataset: Stage2 batch error query_id=q_000450: batch_timeout
2026-02-04 12:02:27 WARNING dataset: Stage2 batch error query_id=q_000451: batch_timeout
2026-02-04 12:02:27 WARNING dataset: Stage2 batch error query_id=q_000452: batch_timeout
2026-02-04 12:02:27 WARNING dataset: Stage2 batch error query_id=q_000453: batch_timeout
2026-02-04 12:02:27 WARNING dataset: Stage2 batch error query_id=q_000454: batch_timeout
2026-02-04 12:02:27 WARNING dataset: Stage2 batch error query_id=q_000455: batch_timeout
2026-02-04 12:02:27 WARNING dataset: Stage2 batch error query_id=q_000456: batch_timeout
2026-02-04 12:02:27 WARNING dataset: Stage2 batch error query_id=q_000457: batch_timeout
2026-02-04 12:02:27 WARNING dataset: Stage2 batch error query_id=q_000458: batch_timeout
2026-02-04 12:02:27 WARNING dataset: Stage2 batch error query_id=q_000459: batch_timeout
2026-02-04 12:02:27 WARNING dataset: Stage2 batch error query_id=q_000436: batch_timeout
2026-02-04 12:02:27 WARNING dataset: Stage2 batch error query_id=q_000437: batch_timeout
2026-02-04 12:02:27 WARNING dataset: Stage2 batch error query_id=q_000438: batch_timeout
2026-02-04 12:02:27 WARNING dataset: Stage2 batch error query_id=q_000439: batch_timeout
2026-02-04 12:02:27 WARNING dataset: Stage2 batch error query_id=q_000440: batch_timeout
2026-02-04 12:02:27 WARNING dataset: Stage2 batch error query_id=q_000441: batch_timeout
2026-02-04 12:02:27 WARNING dataset: Stage2 batch error query_id=q_000442: batch_timeout
2026-02-04 12:02:27 WARNING dataset: Stage2 batch error query_id=q_000443: batch_timeout
2026-02-04 12:02:27 WARNING dataset: Stage2 batch error query_id=q_000444: batch_timeout
2026-02-04 12:02:27 WARNING dataset: Stage2 batch error query_id=q_000445: batch_timeout
2026-02-04 12:02:27 WARNING dataset: Stage2 batch error query_id=q_000446: batch_timeout
2026-02-04 12:02:27 WARNING dataset: Stage2 batch error query_id=q_000447: batch_timeout
2026-02-04 12:02:27 WARNING dataset: Stage2 batch error query_id=q_000448: batch_timeout
2026-02-04 12:02:27 WARNING dataset: Stage2 batch error query_id=q_000449: batch_timeout
2026-02-04 12:02:27 WARNING dataset: Stage2 batch error query_id=q_000450: batch_timeout
2026-02-04 12:02:27 WARNING dataset: Stage2 batch error query_id=q_000451: batch_timeout
2026-02-04 12:02:27 WARNING dataset: Stage2 batch error query_id=q_000452: batch_timeout
2026-02-04 12:02:27 WARNING dataset: Stage2 batch error query_id=q_000453: batch_timeout
2026-02-04 12:02:27 WARNING dataset: Stage2 batch error query_id=q_000454: batch_timeout
2026-02-04 12:02:27 WARNING dataset: Stage2 batch error query_id=q_000455: batch_timeout
2026-02-04 12:02:27 WARNING dataset: Stage2 batch error query_id=q_000460: batch_timeout
2026-02-04 12:02:27 WARNING dataset: Stage2 batch error query_id=q_000461: batch_timeout
2026-02-04 12:02:27 WARNING dataset: Stage2 batch error query_id=q_000462: batch_timeout
2026-02-04 12:02:27 WARNING dataset: Stage2 batch error query_id=q_000463: batch_timeout
2026-02-04 12:02:27 WARNING dataset: Stage2 batch error query_id=q_000464: batch_timeout
2026-02-04 12:02:27 WARNING dataset: Stage2 batch error query_id=q_000465: batch_timeout
2026-02-04 12:02:27 WARNING dataset: Stage2 batch error query_id=q_000466: batch_timeout
2026-02-04 12:02:27 WARNING dataset: Stage2 batch error query_id=q_000467: batch_timeout
2026-02-04 12:02:27 WARNING dataset: Stage2 batch error query_id=q_000468: batch_timeout
2026-02-04 12:02:27 WARNING dataset: Stage2 batch error query_id=q_000469: batch_timeout
2026-02-04 12:02:27 WARNING dataset: Stage2 batch error query_id=q_000456: batch_timeout
2026-02-04 12:02:27 WARNING dataset: Stage2 batch error query_id=q_000457: batch_timeout
2026-02-04 12:02:27 WARNING dataset: Stage2 batch error query_id=q_000458: batch_timeout
2026-02-04 12:02:27 WARNING dataset: Stage2 batch error query_id=q_000459: batch_timeout
2026-02-04 12:02:27 WARNING dataset: Stage2 batch error query_id=q_000460: batch_timeout
2026-02-04 12:02:27 WARNING dataset: Stage2 batch error query_id=q_000461: batch_timeout
2026-02-04 12:02:27 WARNING dataset: Stage2 batch error query_id=q_000462: batch_timeout
2026-02-04 12:02:27 WARNING dataset: Stage2 batch error query_id=q_000463: batch_timeout
2026-02-04 12:02:27 WARNING dataset: Stage2 batch error query_id=q_000464: batch_timeout
2026-02-04 12:02:27 WARNING dataset: Stage2 batch error query_id=q_000465: batch_timeout
2026-02-04 12:02:27 WARNING dataset: Stage2 batch error query_id=q_000466: batch_timeout
2026-02-04 12:02:27 WARNING dataset: Stage2 batch error query_id=q_000467: batch_timeout
2026-02-04 12:02:27 WARNING dataset: Stage2 batch error query_id=q_000468: batch_timeout
2026-02-04 12:02:27 WARNING dataset: Stage2 batch error query_id=q_000469: batch_timeout
2026-02-04 12:02:27 WARNING dataset: Stage2 batch error query_id=q_000470: batch_timeout
2026-02-04 12:02:27 WARNING dataset: Stage2 batch error query_id=q_000471: batch_timeout
2026-02-04 12:02:27 WARNING dataset: Stage2 batch error query_id=q_000472: batch_timeout
2026-02-04 12:02:27 WARNING dataset: Stage2 batch error query_id=q_000473: batch_timeout
2026-02-04 12:02:27 WARNING dataset: Stage2 batch error query_id=q_000474: batch_timeout
2026-02-04 12:02:27 WARNING dataset: Stage2 batch error query_id=q_000475: batch_timeout
2026-02-04 12:02:27 WARNING dataset: Stage2 batch error query_id=q_000476: batch_timeout
2026-02-04 12:02:27 WARNING dataset: Stage2 batch error query_id=q_000470: batch_timeout
2026-02-04 12:02:27 WARNING dataset: Stage2 batch error query_id=q_000471: batch_timeout
2026-02-04 12:02:27 WARNING dataset: Stage2 batch error query_id=q_000472: batch_timeout
2026-02-04 12:02:27 WARNING dataset: Stage2 batch error query_id=q_000473: batch_timeout
2026-02-04 12:02:27 WARNING dataset: Stage2 batch error query_id=q_000474: batch_timeout
2026-02-04 12:02:27 WARNING dataset: Stage2 batch error query_id=q_000475: batch_timeout
2026-02-04 12:02:27 WARNING dataset: Stage2 batch error query_id=q_000476: batch_timeout
2026-02-04 12:02:27 WARNING dataset: Stage2 batch error query_id=q_000477: batch_timeout
2026-02-04 12:02:27 WARNING dataset: Stage2 batch error query_id=q_000478: batch_timeout
2026-02-04 12:02:27 WARNING dataset: Stage2 batch error query_id=q_000479: batch_timeout
2026-02-04 12:02:27 WARNING dataset: Stage2 batch error query_id=q_000477: batch_timeout
2026-02-04 12:02:27 WARNING dataset: Stage2 batch error query_id=q_000478: batch_timeout
2026-02-04 12:02:27 WARNING dataset: Stage2 batch error query_id=q_000479: batch_timeout
2026-02-04 12:02:27 WARNING dataset: Stage2 batch error query_id=q_000480: batch_timeout
2026-02-04 12:02:27 WARNING dataset: Stage2 batch error query_id=q_000481: batch_timeout
2026-02-04 12:02:27 WARNING dataset: Stage2 batch error query_id=q_000482: batch_timeout
2026-02-04 12:02:27 WARNING dataset: Stage2 batch error query_id=q_000483: batch_timeout
2026-02-04 12:02:27 WARNING dataset: Stage2 batch error query_id=q_000484: batch_timeout
2026-02-04 12:02:27 WARNING dataset: Stage2 batch error query_id=q_000485: batch_timeout
2026-02-04 12:02:27 WARNING dataset: Stage2 batch error query_id=q_000486: batch_timeout
2026-02-04 12:02:27 WARNING dataset: Stage2 batch error query_id=q_000487: batch_timeout
2026-02-04 12:02:27 WARNING dataset: Stage2 batch error query_id=q_000488: batch_timeout
2026-02-04 12:02:27 WARNING dataset: Stage2 batch error query_id=q_000489: batch_timeout
2026-02-04 12:02:27 WARNING dataset: Stage2 batch error query_id=q_000490: batch_timeout
2026-02-04 12:02:27 WARNING dataset: Stage2 batch error query_id=q_000491: batch_timeout
2026-02-04 12:02:27 WARNING dataset: Stage2 batch error query_id=q_000492: batch_timeout
2026-02-04 12:02:27 WARNING dataset: Stage2 batch error query_id=q_000493: batch_timeout
2026-02-04 12:02:27 WARNING dataset: Stage2 batch error query_id=q_000494: batch_timeout
2026-02-04 12:02:27 WARNING dataset: Stage2 batch error query_id=q_000480: batch_timeout
2026-02-04 12:02:27 WARNING dataset: Stage2 batch error query_id=q_000481: batch_timeout
2026-02-04 12:02:27 WARNING dataset: Stage2 batch error query_id=q_000482: batch_timeout
2026-02-04 12:02:27 WARNING dataset: Stage2 batch error query_id=q_000483: batch_timeout
2026-02-04 12:02:27 WARNING dataset: Stage2 batch error query_id=q_000484: batch_timeout
2026-02-04 12:02:27 WARNING dataset: Stage2 batch error query_id=q_000485: batch_timeout
2026-02-04 12:02:27 WARNING dataset: Stage2 batch error query_id=q_000486: batch_timeout
2026-02-04 12:02:27 WARNING dataset: Stage2 batch error query_id=q_000487: batch_timeout
2026-02-04 12:02:27 WARNING dataset: Stage2 batch error query_id=q_000488: batch_timeout
2026-02-04 12:02:27 WARNING dataset: Stage2 batch error query_id=q_000489: batch_timeout
2026-02-04 12:02:27 WARNING dataset: Stage2 batch error query_id=q_000490: batch_timeout
2026-02-04 12:02:27 WARNING dataset: Stage2 batch error query_id=q_000491: batch_timeout
2026-02-04 12:02:27 WARNING dataset: Stage2 batch error query_id=q_000492: batch_timeout
2026-02-04 12:02:27 WARNING dataset: Stage2 batch error query_id=q_000493: batch_timeout
2026-02-04 12:02:27 WARNING dataset: Stage2 batch error query_id=q_000494: batch_timeout
2026-02-04 12:02:27 WARNING dataset: Stage2 batch error query_id=q_000495: batch_timeout
2026-02-04 12:02:27 WARNING dataset: Stage2 batch error query_id=q_000496: batch_timeout
2026-02-04 12:02:27 WARNING dataset: Stage2 batch error query_id=q_000497: batch_timeout
2026-02-04 12:02:27 WARNING dataset: Stage2 batch error query_id=q_000498: batch_timeout
2026-02-04 12:02:27 WARNING dataset: Stage2 batch error query_id=q_000499: batch_timeout
2026-02-04 12:02:27 WARNING dataset: Stage2 batch error query_id=q_000500: batch_timeout
2026-02-04 12:02:27 WARNING dataset: Stage2 batch error query_id=q_000501: batch_timeout
2026-02-04 12:02:27 WARNING dataset: Stage2 batch error query_id=q_000502: batch_timeout
2026-02-04 12:02:27 WARNING dataset: Stage2 batch error query_id=q_000503: batch_timeout
2026-02-04 12:02:27 WARNING dataset: Stage2 batch error query_id=q_000504: batch_timeout
2026-02-04 12:02:27 WARNING dataset: Stage2 batch error query_id=q_000505: batch_timeout
2026-02-04 12:02:27 WARNING dataset: Stage2 batch error query_id=q_000506: batch_timeout
2026-02-04 12:02:27 WARNING dataset: Stage2 batch error query_id=q_000495: batch_timeout
2026-02-04 12:02:27 WARNING dataset: Stage2 batch error query_id=q_000496: batch_timeout
2026-02-04 12:02:27 WARNING dataset: Stage2 batch error query_id=q_000497: batch_timeout
2026-02-04 12:02:27 WARNING dataset: Stage2 batch error query_id=q_000498: batch_timeout
2026-02-04 12:02:27 WARNING dataset: Stage2 batch error query_id=q_000499: batch_timeout
2026-02-04 12:02:27 WARNING dataset: Stage2 batch error query_id=q_000500: batch_timeout
2026-02-04 12:02:27 WARNING dataset: Stage2 batch error query_id=q_000501: batch_timeout
2026-02-04 12:02:27 WARNING dataset: Stage2 batch error query_id=q_000502: batch_timeout
2026-02-04 12:02:27 WARNING dataset: Stage2 batch error query_id=q_000503: batch_timeout
2026-02-04 12:02:27 WARNING dataset: Stage2 batch error query_id=q_000504: batch_timeout
2026-02-04 12:02:27 WARNING dataset: Stage2 batch error query_id=q_000505: batch_timeout
2026-02-04 12:02:27 WARNING dataset: Stage2 batch error query_id=q_000506: batch_timeout
2026-02-04 12:02:27 WARNING dataset: Stage2 batch error query_id=q_000507: batch_timeout
2026-02-04 12:02:27 WARNING dataset: Stage2 batch error query_id=q_000508: batch_timeout
2026-02-04 12:02:27 WARNING dataset: Stage2 batch error query_id=q_000509: batch_timeout
2026-02-04 12:02:27 WARNING dataset: Stage2 batch error query_id=q_000510: batch_timeout
2026-02-04 12:02:27 WARNING dataset: Stage2 batch error query_id=q_000511: batch_timeout
2026-02-04 12:02:27 WARNING dataset: Stage2 batch error query_id=q_000512: batch_timeout
2026-02-04 12:02:27 WARNING dataset: Stage2 batch error query_id=q_000513: batch_timeout
2026-02-04 12:02:27 WARNING dataset: Stage2 batch error query_id=q_000514: batch_timeout
2026-02-04 12:02:27 WARNING dataset: Stage2 batch error query_id=q_000507: batch_timeout
2026-02-04 12:02:27 WARNING dataset: Stage2 batch error query_id=q_000508: batch_timeout
2026-02-04 12:02:27 WARNING dataset: Stage2 batch error query_id=q_000509: batch_timeout
2026-02-04 12:02:27 WARNING dataset: Stage2 batch error query_id=q_000510: batch_timeout
2026-02-04 12:02:27 WARNING dataset: Stage2 batch error query_id=q_000511: batch_timeout
2026-02-04 12:02:27 WARNING dataset: Stage2 batch error query_id=q_000512: batch_timeout
2026-02-04 12:02:27 WARNING dataset: Stage2 batch error query_id=q_000513: batch_timeout
2026-02-04 12:02:27 WARNING dataset: Stage2 batch error query_id=q_000514: batch_timeout
2026-02-04 12:02:27 WARNING dataset: Stage2 batch error query_id=q_000515: batch_timeout
2026-02-04 12:02:27 WARNING dataset: Stage2 batch error query_id=q_000516: batch_timeout
2026-02-04 12:02:27 WARNING dataset: Stage2 batch error query_id=q_000517: batch_timeout
2026-02-04 12:02:27 WARNING dataset: Stage2 batch error query_id=q_000518: batch_timeout
2026-02-04 12:02:27 WARNING dataset: Stage2 batch error query_id=q_000519: batch_timeout
2026-02-04 12:02:27 WARNING dataset: Stage2 batch error query_id=q_000520: batch_timeout
2026-02-04 12:02:27 WARNING dataset: Stage2 batch error query_id=q_000521: batch_timeout
2026-02-04 12:02:27 WARNING dataset: Stage2 batch error query_id=q_000522: batch_timeout
2026-02-04 12:02:27 WARNING dataset: Stage2 batch error query_id=q_000515: batch_timeout
2026-02-04 12:02:27 WARNING dataset: Stage2 batch error query_id=q_000516: batch_timeout
2026-02-04 12:02:27 WARNING dataset: Stage2 batch error query_id=q_000517: batch_timeout
2026-02-04 12:02:27 WARNING dataset: Stage2 batch error query_id=q_000518: batch_timeout
2026-02-04 12:02:27 WARNING dataset: Stage2 batch error query_id=q_000519: batch_timeout
2026-02-04 12:02:27 WARNING dataset: Stage2 batch error query_id=q_000520: batch_timeout
2026-02-04 12:02:27 WARNING dataset: Stage2 batch error query_id=q_000521: batch_timeout
2026-02-04 12:02:27 WARNING dataset: Stage2 batch error query_id=q_000522: batch_timeout
2026-02-04 12:07:38 WARNING dataset: Stage2 batch error query_id=q_000523: batch_timeout
2026-02-04 12:07:38 WARNING dataset: Stage2 batch error query_id=q_000524: batch_timeout
2026-02-04 12:07:38 WARNING dataset: Stage2 batch error query_id=q_000525: batch_timeout
2026-02-04 12:07:38 WARNING dataset: Stage2 batch error query_id=q_000526: batch_timeout
2026-02-04 12:07:38 WARNING dataset: Stage2 batch error query_id=q_000527: batch_timeout
2026-02-04 12:07:38 WARNING dataset: Stage2 batch error query_id=q_000528: batch_timeout
2026-02-04 12:07:38 WARNING dataset: Stage2 batch error query_id=q_000529: batch_timeout
2026-02-04 12:07:38 WARNING dataset: Stage2 batch error query_id=q_000530: batch_timeout
2026-02-04 12:07:38 WARNING dataset: Stage2 batch error query_id=q_000531: batch_timeout
2026-02-04 12:07:38 WARNING dataset: Stage2 batch error query_id=q_000532: batch_timeout
2026-02-04 12:07:38 WARNING dataset: Stage2 batch error query_id=q_000533: batch_timeout
2026-02-04 12:07:38 WARNING dataset: Stage2 batch error query_id=q_000534: batch_timeout
2026-02-04 12:07:38 WARNING dataset: Stage2 batch error query_id=q_000535: batch_timeout
2026-02-04 12:07:38 WARNING dataset: Stage2 batch error query_id=q_000536: batch_timeout
2026-02-04 12:07:38 WARNING dataset: Stage2 batch error query_id=q_000537: batch_timeout
2026-02-04 12:07:38 WARNING dataset: Stage2 batch error query_id=q_000538: batch_timeout
2026-02-04 12:07:38 WARNING dataset: Stage2 batch error query_id=q_000539: batch_timeout
2026-02-04 12:07:38 WARNING dataset: Stage2 batch error query_id=q_000540: batch_timeout
2026-02-04 12:07:38 WARNING dataset: Stage2 batch error query_id=q_000541: batch_timeout
2026-02-04 12:07:38 WARNING dataset: Stage2 batch error query_id=q_000523: batch_timeout
2026-02-04 12:07:38 WARNING dataset: Stage2 batch error query_id=q_000524: batch_timeout
2026-02-04 12:07:38 WARNING dataset: Stage2 batch error query_id=q_000525: batch_timeout
2026-02-04 12:07:38 WARNING dataset: Stage2 batch error query_id=q_000526: batch_timeout
2026-02-04 12:07:38 WARNING dataset: Stage2 batch error query_id=q_000527: batch_timeout
2026-02-04 12:07:38 WARNING dataset: Stage2 batch error query_id=q_000528: batch_timeout
2026-02-04 12:07:38 WARNING dataset: Stage2 batch error query_id=q_000529: batch_timeout
2026-02-04 12:07:38 WARNING dataset: Stage2 batch error query_id=q_000530: batch_timeout
2026-02-04 12:07:38 WARNING dataset: Stage2 batch error query_id=q_000531: batch_timeout
2026-02-04 12:07:38 WARNING dataset: Stage2 batch error query_id=q_000532: batch_timeout
2026-02-04 12:07:38 WARNING dataset: Stage2 batch error query_id=q_000533: batch_timeout
2026-02-04 12:07:38 WARNING dataset: Stage2 batch error query_id=q_000534: batch_timeout
2026-02-04 12:07:38 WARNING dataset: Stage2 batch error query_id=q_000535: batch_timeout
2026-02-04 12:07:38 WARNING dataset: Stage2 batch error query_id=q_000536: batch_timeout
2026-02-04 12:07:38 WARNING dataset: Stage2 batch error query_id=q_000537: batch_timeout
2026-02-04 12:07:38 WARNING dataset: Stage2 batch error query_id=q_000538: batch_timeout
2026-02-04 12:07:38 WARNING dataset: Stage2 batch error query_id=q_000539: batch_timeout
2026-02-04 12:07:38 WARNING dataset: Stage2 batch error query_id=q_000540: batch_timeout
2026-02-04 12:07:38 WARNING dataset: Stage2 batch error query_id=q_000541: batch_timeout
2026-02-04 12:07:38 WARNING dataset: Stage2 batch error query_id=q_000542: batch_timeout
2026-02-04 12:07:38 WARNING dataset: Stage2 batch error query_id=q_000543: batch_timeout
2026-02-04 12:07:38 WARNING dataset: Stage2 batch error query_id=q_000544: batch_timeout
2026-02-04 12:07:38 WARNING dataset: Stage2 batch error query_id=q_000545: batch_timeout
2026-02-04 12:07:38 WARNING dataset: Stage2 batch error query_id=q_000546: batch_timeout
2026-02-04 12:07:38 WARNING dataset: Stage2 batch error query_id=q_000542: batch_timeout
2026-02-04 12:07:38 WARNING dataset: Stage2 batch error query_id=q_000543: batch_timeout
2026-02-04 12:07:38 WARNING dataset: Stage2 batch error query_id=q_000544: batch_timeout
2026-02-04 12:07:38 WARNING dataset: Stage2 batch error query_id=q_000545: batch_timeout
2026-02-04 12:07:38 WARNING dataset: Stage2 batch error query_id=q_000546: batch_timeout
2026-02-04 12:07:38 WARNING dataset: Stage2 batch error query_id=q_000547: batch_timeout
2026-02-04 12:07:38 WARNING dataset: Stage2 batch error query_id=q_000548: batch_timeout
2026-02-04 12:07:38 WARNING dataset: Stage2 batch error query_id=q_000549: batch_timeout
2026-02-04 12:07:38 WARNING dataset: Stage2 batch error query_id=q_000550: batch_timeout
2026-02-04 12:07:38 WARNING dataset: Stage2 batch error query_id=q_000551: batch_timeout
2026-02-04 12:07:38 WARNING dataset: Stage2 batch error query_id=q_000552: batch_timeout
2026-02-04 12:07:38 WARNING dataset: Stage2 batch error query_id=q_000553: batch_timeout
2026-02-04 12:07:38 WARNING dataset: Stage2 batch error query_id=q_000554: batch_timeout
2026-02-04 12:07:38 WARNING dataset: Stage2 batch error query_id=q_000555: batch_timeout
2026-02-04 12:07:38 WARNING dataset: Stage2 batch error query_id=q_000556: batch_timeout
2026-02-04 12:07:38 WARNING dataset: Stage2 batch error query_id=q_000557: batch_timeout
2026-02-04 12:07:38 WARNING dataset: Stage2 batch error query_id=q_000558: batch_timeout
2026-02-04 12:07:38 WARNING dataset: Stage2 batch error query_id=q_000559: batch_timeout
2026-02-04 12:07:38 WARNING dataset: Stage2 batch error query_id=q_000560: batch_timeout
2026-02-04 12:07:38 WARNING dataset: Stage2 batch error query_id=q_000561: batch_timeout
2026-02-04 12:07:38 WARNING dataset: Stage2 batch error query_id=q_000562: batch_timeout
2026-02-04 12:07:38 WARNING dataset: Stage2 batch error query_id=q_000563: batch_timeout
2026-02-04 12:07:38 WARNING dataset: Stage2 batch error query_id=q_000564: batch_timeout
2026-02-04 12:07:38 WARNING dataset: Stage2 batch error query_id=q_000565: batch_timeout
2026-02-04 12:07:38 WARNING dataset: Stage2 batch error query_id=q_000566: batch_timeout
2026-02-04 12:07:38 WARNING dataset: Stage2 batch error query_id=q_000567: batch_timeout
2026-02-04 12:07:38 WARNING dataset: Stage2 batch error query_id=q_000547: batch_timeout
2026-02-04 12:07:38 WARNING dataset: Stage2 batch error query_id=q_000548: batch_timeout
2026-02-04 12:07:38 WARNING dataset: Stage2 batch error query_id=q_000549: batch_timeout
2026-02-04 12:07:38 WARNING dataset: Stage2 batch error query_id=q_000550: batch_timeout
2026-02-04 12:07:38 WARNING dataset: Stage2 batch error query_id=q_000551: batch_timeout
2026-02-04 12:07:38 WARNING dataset: Stage2 batch error query_id=q_000552: batch_timeout
2026-02-04 12:07:38 WARNING dataset: Stage2 batch error query_id=q_000553: batch_timeout
2026-02-04 12:07:38 WARNING dataset: Stage2 batch error query_id=q_000554: batch_timeout
2026-02-04 12:07:38 WARNING dataset: Stage2 batch error query_id=q_000555: batch_timeout
2026-02-04 12:07:38 WARNING dataset: Stage2 batch error query_id=q_000556: batch_timeout
2026-02-04 12:07:38 WARNING dataset: Stage2 batch error query_id=q_000557: batch_timeout
2026-02-04 12:07:38 WARNING dataset: Stage2 batch error query_id=q_000558: batch_timeout
2026-02-04 12:07:38 WARNING dataset: Stage2 batch error query_id=q_000559: batch_timeout
2026-02-04 12:07:38 WARNING dataset: Stage2 batch error query_id=q_000560: batch_timeout
2026-02-04 12:07:38 WARNING dataset: Stage2 batch error query_id=q_000561: batch_timeout
2026-02-04 12:07:38 WARNING dataset: Stage2 batch error query_id=q_000562: batch_timeout
2026-02-04 12:07:38 WARNING dataset: Stage2 batch error query_id=q_000563: batch_timeout
2026-02-04 12:07:38 WARNING dataset: Stage2 batch error query_id=q_000564: batch_timeout
2026-02-04 12:07:38 WARNING dataset: Stage2 batch error query_id=q_000565: batch_timeout
2026-02-04 12:07:38 WARNING dataset: Stage2 batch error query_id=q_000566: batch_timeout
2026-02-04 12:07:38 WARNING dataset: Stage2 batch error query_id=q_000567: batch_timeout
2026-02-04 12:07:38 WARNING dataset: Stage2 batch error query_id=q_000568: batch_timeout
2026-02-04 12:07:38 WARNING dataset: Stage2 batch error query_id=q_000569: batch_timeout
2026-02-04 12:07:38 WARNING dataset: Stage2 batch error query_id=q_000570: batch_timeout
2026-02-04 12:07:38 WARNING dataset: Stage2 batch error query_id=q_000568: batch_timeout
2026-02-04 12:07:38 WARNING dataset: Stage2 batch error query_id=q_000569: batch_timeout
2026-02-04 12:07:38 WARNING dataset: Stage2 batch error query_id=q_000570: batch_timeout
2026-02-04 12:07:38 WARNING dataset: Stage2 batch error query_id=q_000571: batch_timeout
2026-02-04 12:07:38 WARNING dataset: Stage2 batch error query_id=q_000572: batch_timeout
2026-02-04 12:07:38 WARNING dataset: Stage2 batch error query_id=q_000573: batch_timeout
2026-02-04 12:07:38 WARNING dataset: Stage2 batch error query_id=q_000574: batch_timeout
2026-02-04 12:07:38 WARNING dataset: Stage2 batch error query_id=q_000575: batch_timeout
2026-02-04 12:07:38 WARNING dataset: Stage2 batch error query_id=q_000576: batch_timeout
2026-02-04 12:07:38 WARNING dataset: Stage2 batch error query_id=q_000577: batch_timeout
2026-02-04 12:07:38 WARNING dataset: Stage2 batch error query_id=q_000578: batch_timeout
2026-02-04 12:07:38 WARNING dataset: Stage2 batch error query_id=q_000579: batch_timeout
2026-02-04 12:07:38 WARNING dataset: Stage2 batch error query_id=q_000580: batch_timeout
2026-02-04 12:07:38 WARNING dataset: Stage2 batch error query_id=q_000581: batch_timeout
2026-02-04 12:07:38 WARNING dataset: Stage2 batch error query_id=q_000571: batch_timeout
2026-02-04 12:07:38 WARNING dataset: Stage2 batch error query_id=q_000572: batch_timeout
2026-02-04 12:07:38 WARNING dataset: Stage2 batch error query_id=q_000573: batch_timeout
2026-02-04 12:07:38 WARNING dataset: Stage2 batch error query_id=q_000574: batch_timeout
2026-02-04 12:07:38 WARNING dataset: Stage2 batch error query_id=q_000575: batch_timeout
2026-02-04 12:07:38 WARNING dataset: Stage2 batch error query_id=q_000576: batch_timeout
2026-02-04 12:07:38 WARNING dataset: Stage2 batch error query_id=q_000577: batch_timeout
2026-02-04 12:07:38 WARNING dataset: Stage2 batch error query_id=q_000578: batch_timeout
2026-02-04 12:07:38 WARNING dataset: Stage2 batch error query_id=q_000579: batch_timeout
2026-02-04 12:07:38 WARNING dataset: Stage2 batch error query_id=q_000580: batch_timeout
2026-02-04 12:07:38 WARNING dataset: Stage2 batch error query_id=q_000581: batch_timeout
2026-02-04 12:07:38 WARNING dataset: Stage2 batch error query_id=q_000582: batch_timeout
2026-02-04 12:07:38 WARNING dataset: Stage2 batch error query_id=q_000583: batch_timeout
2026-02-04 12:07:38 WARNING dataset: Stage2 batch error query_id=q_000584: batch_timeout
2026-02-04 12:07:38 WARNING dataset: Stage2 batch error query_id=q_000585: batch_timeout
2026-02-04 12:07:38 WARNING dataset: Stage2 batch error query_id=q_000586: batch_timeout
2026-02-04 12:07:38 WARNING dataset: Stage2 batch error query_id=q_000587: batch_timeout
2026-02-04 12:07:38 WARNING dataset: Stage2 batch error query_id=q_000588: batch_timeout
2026-02-04 12:07:38 WARNING dataset: Stage2 batch error query_id=q_000589: batch_timeout
2026-02-04 12:07:38 WARNING dataset: Stage2 batch error query_id=q_000590: batch_timeout
2026-02-04 12:07:38 WARNING dataset: Stage2 batch error query_id=q_000591: batch_timeout
2026-02-04 12:07:38 WARNING dataset: Stage2 batch error query_id=q_000592: batch_timeout
2026-02-04 12:07:38 WARNING dataset: Stage2 batch error query_id=q_000582: batch_timeout
2026-02-04 12:07:38 WARNING dataset: Stage2 batch error query_id=q_000583: batch_timeout
2026-02-04 12:07:38 WARNING dataset: Stage2 batch error query_id=q_000584: batch_timeout
2026-02-04 12:07:38 WARNING dataset: Stage2 batch error query_id=q_000585: batch_timeout
2026-02-04 12:07:38 WARNING dataset: Stage2 batch error query_id=q_000586: batch_timeout
2026-02-04 12:07:38 WARNING dataset: Stage2 batch error query_id=q_000587: batch_timeout
2026-02-04 12:07:38 WARNING dataset: Stage2 batch error query_id=q_000588: batch_timeout
2026-02-04 12:07:38 WARNING dataset: Stage2 batch error query_id=q_000589: batch_timeout
2026-02-04 12:07:38 WARNING dataset: Stage2 batch error query_id=q_000590: batch_timeout
2026-02-04 12:07:38 WARNING dataset: Stage2 batch error query_id=q_000591: batch_timeout
2026-02-04 12:07:38 WARNING dataset: Stage2 batch error query_id=q_000592: batch_timeout
2026-02-04 12:07:38 WARNING dataset: Stage2 batch error query_id=q_000593: batch_timeout
2026-02-04 12:07:38 WARNING dataset: Stage2 batch error query_id=q_000594: batch_timeout
2026-02-04 12:07:38 WARNING dataset: Stage2 batch error query_id=q_000595: batch_timeout
2026-02-04 12:07:38 WARNING dataset: Stage2 batch error query_id=q_000596: batch_timeout
2026-02-04 12:07:38 WARNING dataset: Stage2 batch error query_id=q_000597: batch_timeout
2026-02-04 12:07:38 WARNING dataset: Stage2 batch error query_id=q_000593: batch_timeout
2026-02-04 12:07:38 WARNING dataset: Stage2 batch error query_id=q_000594: batch_timeout
2026-02-04 12:07:38 WARNING dataset: Stage2 batch error query_id=q_000595: batch_timeout
2026-02-04 12:07:38 WARNING dataset: Stage2 batch error query_id=q_000596: batch_timeout
2026-02-04 12:07:38 WARNING dataset: Stage2 batch error query_id=q_000597: batch_timeout
2026-02-04 12:07:38 WARNING dataset: Stage2 batch error query_id=q_000598: batch_timeout
2026-02-04 12:07:38 WARNING dataset: Stage2 batch error query_id=q_000599: batch_timeout
2026-02-04 12:07:38 WARNING dataset: Stage2 batch error query_id=q_000600: batch_timeout
2026-02-04 12:07:38 WARNING dataset: Stage2 batch error query_id=q_000601: batch_timeout
2026-02-04 12:07:38 WARNING dataset: Stage2 batch error query_id=q_000602: batch_timeout
2026-02-04 12:07:38 WARNING dataset: Stage2 batch error query_id=q_000603: batch_timeout
2026-02-04 12:07:38 WARNING dataset: Stage2 batch error query_id=q_000604: batch_timeout
2026-02-04 12:07:38 WARNING dataset: Stage2 batch error query_id=q_000605: batch_timeout
2026-02-04 12:07:38 WARNING dataset: Stage2 batch error query_id=q_000606: batch_timeout
2026-02-04 12:07:38 WARNING dataset: Stage2 batch error query_id=q_000598: batch_timeout
2026-02-04 12:07:38 WARNING dataset: Stage2 batch error query_id=q_000599: batch_timeout
2026-02-04 12:07:38 WARNING dataset: Stage2 batch error query_id=q_000600: batch_timeout
2026-02-04 12:07:38 WARNING dataset: Stage2 batch error query_id=q_000601: batch_timeout
2026-02-04 12:07:38 WARNING dataset: Stage2 batch error query_id=q_000602: batch_timeout
2026-02-04 12:07:38 WARNING dataset: Stage2 batch error query_id=q_000603: batch_timeout
2026-02-04 12:07:38 WARNING dataset: Stage2 batch error query_id=q_000604: batch_timeout
2026-02-04 12:07:38 WARNING dataset: Stage2 batch error query_id=q_000605: batch_timeout
2026-02-04 12:07:38 WARNING dataset: Stage2 batch error query_id=q_000606: batch_timeout
2026-02-04 12:07:38 WARNING dataset: Stage2 batch error query_id=q_000607: batch_timeout
2026-02-04 12:07:38 WARNING dataset: Stage2 batch error query_id=q_000608: batch_timeout
2026-02-04 12:07:38 WARNING dataset: Stage2 batch error query_id=q_000609: batch_timeout
2026-02-04 12:07:38 WARNING dataset: Stage2 batch error query_id=q_000607: batch_timeout
2026-02-04 12:07:38 WARNING dataset: Stage2 batch error query_id=q_000608: batch_timeout
2026-02-04 12:07:38 WARNING dataset: Stage2 batch error query_id=q_000609: batch_timeout
2026-02-04 12:09:16 ERROR dataset: Stage1 rate limit info: limits={'rpm': None, 'tpm': None, 'rpd': None, 'note': 'set per your Google project tier'} headers=none
2026-02-04 12:09:16 ERROR dataset: Stage1 error intent=Entertainment: rate limit hit provider=gemini model=gemini-3-pro-preview limits={'rpm': None, 'tpm': None, 'rpd': None, 'note': 'set per your Google project tier'} headers=none
2026-02-04 12:09:30 ERROR dataset: Stage1 rate limit info: limits={'rpm': None, 'tpm': None, 'rpd': None, 'note': 'set per your Google project tier'} headers=none
2026-02-04 12:09:30 ERROR dataset: Stage1 error intent=Education: rate limit hit provider=gemini model=gemini-3-pro-preview limits={'rpm': None, 'tpm': None, 'rpd': None, 'note': 'set per your Google project tier'} headers=none
2026-02-04 12:09:46 ERROR dataset: Stage1 rate limit info: limits={'rpm': None, 'tpm': None, 'rpd': None, 'note': 'set per your Google project tier'} headers=none
2026-02-04 12:09:46 ERROR dataset: Stage1 error intent=Education: rate limit hit provider=gemini model=gemini-3-pro-preview limits={'rpm': None, 'tpm': None, 'rpd': None, 'note': 'set per your Google project tier'} headers=none
2026-02-04 12:09:59 ERROR dataset: Stage1 rate limit info: limits={'rpm': None, 'tpm': None, 'rpd': None, 'note': 'set per your Google project tier'} headers=none
2026-02-04 12:09:59 ERROR dataset: Stage1 error intent=Education: rate limit hit provider=gemini model=gemini-3-pro-preview limits={'rpm': None, 'tpm': None, 'rpd': None, 'note': 'set per your Google project tier'} headers=none
2026-02-04 12:12:50 WARNING dataset: Stage2 batch error query_id=q_000610: batch_timeout
2026-02-04 12:12:50 WARNING dataset: Stage2 batch error query_id=q_000611: batch_timeout
2026-02-04 12:12:50 WARNING dataset: Stage2 batch error query_id=q_000612: batch_timeout
2026-02-04 12:12:50 WARNING dataset: Stage2 batch error query_id=q_000613: batch_timeout
2026-02-04 12:12:50 WARNING dataset: Stage2 batch error query_id=q_000614: batch_timeout
2026-02-04 12:12:50 WARNING dataset: Stage2 batch error query_id=q_000615: batch_timeout
2026-02-04 12:12:50 WARNING dataset: Stage2 batch error query_id=q_000616: batch_timeout
2026-02-04 12:12:50 WARNING dataset: Stage2 batch error query_id=q_000617: batch_timeout
2026-02-04 12:12:50 WARNING dataset: Stage2 batch error query_id=q_000618: batch_timeout
2026-02-04 12:12:50 WARNING dataset: Stage2 batch error query_id=q_000619: batch_timeout
2026-02-04 12:12:50 WARNING dataset: Stage2 batch error query_id=q_000620: batch_timeout
2026-02-04 12:12:50 WARNING dataset: Stage2 batch error query_id=q_000621: batch_timeout
2026-02-04 12:12:50 WARNING dataset: Stage2 batch error query_id=q_000622: batch_timeout
2026-02-04 12:12:50 WARNING dataset: Stage2 batch error query_id=q_000623: batch_timeout
2026-02-04 12:12:50 WARNING dataset: Stage2 batch error query_id=q_000624: batch_timeout
2026-02-04 12:12:50 WARNING dataset: Stage2 batch error query_id=q_000625: batch_timeout
2026-02-04 12:12:50 WARNING dataset: Stage2 batch error query_id=q_000626: batch_timeout
2026-02-04 12:12:50 WARNING dataset: Stage2 batch error query_id=q_000627: batch_timeout
2026-02-04 12:12:50 WARNING dataset: Stage2 batch error query_id=q_000628: batch_timeout
2026-02-04 12:12:50 WARNING dataset: Stage2 batch error query_id=q_000629: batch_timeout
2026-02-04 12:12:50 WARNING dataset: Stage2 batch error query_id=q_000630: batch_timeout
2026-02-04 12:12:50 WARNING dataset: Stage2 batch error query_id=q_000631: batch_timeout
2026-02-04 12:12:50 WARNING dataset: Stage2 batch error query_id=q_000632: batch_timeout
2026-02-04 12:12:50 WARNING dataset: Stage2 batch error query_id=q_000633: batch_timeout
2026-02-04 12:12:50 WARNING dataset: Stage2 batch error query_id=q_000610: batch_timeout
2026-02-04 12:12:50 WARNING dataset: Stage2 batch error query_id=q_000611: batch_timeout
2026-02-04 12:12:50 WARNING dataset: Stage2 batch error query_id=q_000612: batch_timeout
2026-02-04 12:12:50 WARNING dataset: Stage2 batch error query_id=q_000613: batch_timeout
2026-02-04 12:12:50 WARNING dataset: Stage2 batch error query_id=q_000614: batch_timeout
2026-02-04 12:12:50 WARNING dataset: Stage2 batch error query_id=q_000615: batch_timeout
2026-02-04 12:12:50 WARNING dataset: Stage2 batch error query_id=q_000616: batch_timeout
2026-02-04 12:12:50 WARNING dataset: Stage2 batch error query_id=q_000617: batch_timeout
2026-02-04 12:12:50 WARNING dataset: Stage2 batch error query_id=q_000618: batch_timeout
2026-02-04 12:12:50 WARNING dataset: Stage2 batch error query_id=q_000619: batch_timeout
2026-02-04 12:12:50 WARNING dataset: Stage2 batch error query_id=q_000620: batch_timeout
2026-02-04 12:12:50 WARNING dataset: Stage2 batch error query_id=q_000621: batch_timeout
2026-02-04 12:12:50 WARNING dataset: Stage2 batch error query_id=q_000622: batch_timeout
2026-02-04 12:12:50 WARNING dataset: Stage2 batch error query_id=q_000623: batch_timeout
2026-02-04 12:12:50 WARNING dataset: Stage2 batch error query_id=q_000624: batch_timeout
2026-02-04 12:12:50 WARNING dataset: Stage2 batch error query_id=q_000625: batch_timeout
2026-02-04 12:12:50 WARNING dataset: Stage2 batch error query_id=q_000626: batch_timeout
2026-02-04 12:12:50 WARNING dataset: Stage2 batch error query_id=q_000627: batch_timeout
2026-02-04 12:12:50 WARNING dataset: Stage2 batch error query_id=q_000628: batch_timeout
2026-02-04 12:12:50 WARNING dataset: Stage2 batch error query_id=q_000629: batch_timeout
2026-02-04 12:12:50 WARNING dataset: Stage2 batch error query_id=q_000630: batch_timeout
2026-02-04 12:12:50 WARNING dataset: Stage2 batch error query_id=q_000631: batch_timeout
2026-02-04 12:12:50 WARNING dataset: Stage2 batch error query_id=q_000632: batch_timeout
2026-02-04 12:12:50 WARNING dataset: Stage2 batch error query_id=q_000633: batch_timeout
2026-02-04 12:12:50 WARNING dataset: Stage2 batch error query_id=q_000634: batch_timeout
2026-02-04 12:12:50 WARNING dataset: Stage2 batch error query_id=q_000635: batch_timeout
2026-02-04 12:12:50 WARNING dataset: Stage2 batch error query_id=q_000636: batch_timeout
2026-02-04 12:12:50 WARNING dataset: Stage2 batch error query_id=q_000637: batch_timeout
2026-02-04 12:12:50 WARNING dataset: Stage2 batch error query_id=q_000638: batch_timeout
2026-02-04 12:12:50 WARNING dataset: Stage2 batch error query_id=q_000639: batch_timeout
2026-02-04 12:12:50 WARNING dataset: Stage2 batch error query_id=q_000640: batch_timeout
2026-02-04 12:12:50 WARNING dataset: Stage2 batch error query_id=q_000641: batch_timeout
2026-02-04 12:12:50 WARNING dataset: Stage2 batch error query_id=q_000642: batch_timeout
2026-02-04 12:12:50 WARNING dataset: Stage2 batch error query_id=q_000643: batch_timeout
2026-02-04 12:12:50 WARNING dataset: Stage2 batch error query_id=q_000644: batch_timeout
2026-02-04 12:12:50 WARNING dataset: Stage2 batch error query_id=q_000645: batch_timeout
2026-02-04 12:12:50 WARNING dataset: Stage2 batch error query_id=q_000646: batch_timeout
2026-02-04 12:12:50 WARNING dataset: Stage2 batch error query_id=q_000647: batch_timeout
2026-02-04 12:12:50 WARNING dataset: Stage2 batch error query_id=q_000648: batch_timeout
2026-02-04 12:12:50 WARNING dataset: Stage2 batch error query_id=q_000649: batch_timeout
2026-02-04 12:12:50 WARNING dataset: Stage2 batch error query_id=q_000650: batch_timeout
2026-02-04 12:12:50 WARNING dataset: Stage2 batch error query_id=q_000651: batch_timeout
2026-02-04 12:12:50 WARNING dataset: Stage2 batch error query_id=q_000652: batch_timeout
2026-02-04 12:12:50 WARNING dataset: Stage2 batch error query_id=q_000653: batch_timeout
2026-02-04 12:12:50 WARNING dataset: Stage2 batch error query_id=q_000654: batch_timeout
2026-02-04 12:12:50 WARNING dataset: Stage2 batch error query_id=q_000655: batch_timeout
2026-02-04 12:12:50 WARNING dataset: Stage2 batch error query_id=q_000656: batch_timeout
2026-02-04 12:12:50 WARNING dataset: Stage2 batch error query_id=q_000657: batch_timeout
2026-02-04 12:12:50 WARNING dataset: Stage2 batch error query_id=q_000658: batch_timeout
2026-02-04 12:12:50 WARNING dataset: Stage2 batch error query_id=q_000659: batch_timeout
2026-02-04 12:12:50 WARNING dataset: Stage2 batch error query_id=q_000634: batch_timeout
2026-02-04 12:12:50 WARNING dataset: Stage2 batch error query_id=q_000635: batch_timeout
2026-02-04 12:12:50 WARNING dataset: Stage2 batch error query_id=q_000636: batch_timeout
2026-02-04 12:12:50 WARNING dataset: Stage2 batch error query_id=q_000637: batch_timeout
2026-02-04 12:12:50 WARNING dataset: Stage2 batch error query_id=q_000638: batch_timeout
2026-02-04 12:12:50 WARNING dataset: Stage2 batch error query_id=q_000639: batch_timeout
2026-02-04 12:12:50 WARNING dataset: Stage2 batch error query_id=q_000640: batch_timeout
2026-02-04 12:12:50 WARNING dataset: Stage2 batch error query_id=q_000641: batch_timeout
2026-02-04 12:12:50 WARNING dataset: Stage2 batch error query_id=q_000642: batch_timeout
2026-02-04 12:12:50 WARNING dataset: Stage2 batch error query_id=q_000643: batch_timeout
2026-02-04 12:12:50 WARNING dataset: Stage2 batch error query_id=q_000644: batch_timeout
2026-02-04 12:12:50 WARNING dataset: Stage2 batch error query_id=q_000645: batch_timeout
2026-02-04 12:12:50 WARNING dataset: Stage2 batch error query_id=q_000646: batch_timeout
2026-02-04 12:12:50 WARNING dataset: Stage2 batch error query_id=q_000647: batch_timeout
2026-02-04 12:12:50 WARNING dataset: Stage2 batch error query_id=q_000648: batch_timeout
2026-02-04 12:12:50 WARNING dataset: Stage2 batch error query_id=q_000649: batch_timeout
2026-02-04 12:12:50 WARNING dataset: Stage2 batch error query_id=q_000650: batch_timeout
2026-02-04 12:12:50 WARNING dataset: Stage2 batch error query_id=q_000651: batch_timeout
2026-02-04 12:12:50 WARNING dataset: Stage2 batch error query_id=q_000652: batch_timeout
2026-02-04 12:12:50 WARNING dataset: Stage2 batch error query_id=q_000653: batch_timeout
2026-02-04 12:12:50 WARNING dataset: Stage2 batch error query_id=q_000654: batch_timeout
2026-02-04 12:12:50 WARNING dataset: Stage2 batch error query_id=q_000655: batch_timeout
2026-02-04 12:12:50 WARNING dataset: Stage2 batch error query_id=q_000656: batch_timeout
2026-02-04 12:12:50 WARNING dataset: Stage2 batch error query_id=q_000657: batch_timeout
2026-02-04 12:12:50 WARNING dataset: Stage2 batch error query_id=q_000660: batch_timeout
2026-02-04 12:12:50 WARNING dataset: Stage2 batch error query_id=q_000661: batch_timeout
2026-02-04 12:12:50 WARNING dataset: Stage2 batch error query_id=q_000662: batch_timeout
2026-02-04 12:12:50 WARNING dataset: Stage2 batch error query_id=q_000663: batch_timeout
2026-02-04 12:12:50 WARNING dataset: Stage2 batch error query_id=q_000664: batch_timeout
2026-02-04 12:12:50 WARNING dataset: Stage2 batch error query_id=q_000665: batch_timeout
2026-02-04 12:12:50 WARNING dataset: Stage2 batch error query_id=q_000666: batch_timeout
2026-02-04 12:12:50 WARNING dataset: Stage2 batch error query_id=q_000667: batch_timeout
2026-02-04 12:12:50 WARNING dataset: Stage2 batch error query_id=q_000668: batch_timeout
2026-02-04 12:12:50 WARNING dataset: Stage2 batch error query_id=q_000669: batch_timeout
2026-02-04 12:12:50 WARNING dataset: Stage2 batch error query_id=q_000670: batch_timeout
2026-02-04 12:12:50 WARNING dataset: Stage2 batch error query_id=q_000671: batch_timeout
2026-02-04 12:12:50 WARNING dataset: Stage2 batch error query_id=q_000672: batch_timeout
2026-02-04 12:12:50 WARNING dataset: Stage2 batch error query_id=q_000673: batch_timeout
2026-02-04 12:12:50 WARNING dataset: Stage2 batch error query_id=q_000674: batch_timeout
2026-02-04 12:12:50 WARNING dataset: Stage2 batch error query_id=q_000675: batch_timeout
2026-02-04 12:12:50 WARNING dataset: Stage2 batch error query_id=q_000676: batch_timeout
2026-02-04 12:12:50 WARNING dataset: Stage2 batch error query_id=q_000677: batch_timeout
2026-02-04 12:12:50 WARNING dataset: Stage2 batch error query_id=q_000678: batch_timeout
2026-02-04 12:12:50 WARNING dataset: Stage2 batch error query_id=q_000679: batch_timeout
2026-02-04 12:12:50 WARNING dataset: Stage2 batch error query_id=q_000658: batch_timeout
2026-02-04 12:12:50 WARNING dataset: Stage2 batch error query_id=q_000659: batch_timeout
2026-02-04 12:12:50 WARNING dataset: Stage2 batch error query_id=q_000660: batch_timeout
2026-02-04 12:12:50 WARNING dataset: Stage2 batch error query_id=q_000661: batch_timeout
2026-02-04 12:12:50 WARNING dataset: Stage2 batch error query_id=q_000662: batch_timeout
2026-02-04 12:12:50 WARNING dataset: Stage2 batch error query_id=q_000663: batch_timeout
2026-02-04 12:12:50 WARNING dataset: Stage2 batch error query_id=q_000664: batch_timeout
2026-02-04 12:12:50 WARNING dataset: Stage2 batch error query_id=q_000665: batch_timeout
2026-02-04 12:12:50 WARNING dataset: Stage2 batch error query_id=q_000666: batch_timeout
2026-02-04 12:12:50 WARNING dataset: Stage2 batch error query_id=q_000667: batch_timeout
2026-02-04 12:12:50 WARNING dataset: Stage2 batch error query_id=q_000668: batch_timeout
2026-02-04 12:12:50 WARNING dataset: Stage2 batch error query_id=q_000669: batch_timeout
2026-02-04 12:12:50 WARNING dataset: Stage2 batch error query_id=q_000670: batch_timeout
2026-02-04 12:12:50 WARNING dataset: Stage2 batch error query_id=q_000671: batch_timeout
2026-02-04 12:12:50 WARNING dataset: Stage2 batch error query_id=q_000672: batch_timeout
2026-02-04 12:12:50 WARNING dataset: Stage2 batch error query_id=q_000673: batch_timeout
2026-02-04 12:12:50 WARNING dataset: Stage2 batch error query_id=q_000680: batch_timeout
2026-02-04 12:12:50 WARNING dataset: Stage2 batch error query_id=q_000681: batch_timeout
2026-02-04 12:12:50 WARNING dataset: Stage2 batch error query_id=q_000682: batch_timeout
2026-02-04 12:12:50 WARNING dataset: Stage2 batch error query_id=q_000683: batch_timeout
2026-02-04 12:12:50 WARNING dataset: Stage2 batch error query_id=q_000684: batch_timeout
2026-02-04 12:12:50 WARNING dataset: Stage2 batch error query_id=q_000685: batch_timeout
2026-02-04 12:12:50 WARNING dataset: Stage2 batch error query_id=q_000686: batch_timeout
2026-02-04 12:12:50 WARNING dataset: Stage2 batch error query_id=q_000687: batch_timeout
2026-02-04 12:12:50 WARNING dataset: Stage2 batch error query_id=q_000688: batch_timeout
2026-02-04 12:12:50 WARNING dataset: Stage2 batch error query_id=q_000689: batch_timeout
2026-02-04 12:12:50 WARNING dataset: Stage2 batch error query_id=q_000690: batch_timeout
2026-02-04 12:12:50 WARNING dataset: Stage2 batch error query_id=q_000691: batch_timeout
2026-02-04 12:12:50 WARNING dataset: Stage2 batch error query_id=q_000692: batch_timeout
2026-02-04 12:12:50 WARNING dataset: Stage2 batch error query_id=q_000693: batch_timeout
2026-02-04 12:12:50 WARNING dataset: Stage2 batch error query_id=q_000694: batch_timeout
2026-02-04 12:12:50 WARNING dataset: Stage2 batch error query_id=q_000695: batch_timeout
2026-02-04 12:12:50 WARNING dataset: Stage2 batch error query_id=q_000696: batch_timeout
2026-02-04 12:12:50 WARNING dataset: Stage2 batch error query_id=q_000674: batch_timeout
2026-02-04 12:12:50 WARNING dataset: Stage2 batch error query_id=q_000675: batch_timeout
2026-02-04 12:12:50 WARNING dataset: Stage2 batch error query_id=q_000676: batch_timeout
2026-02-04 12:12:50 WARNING dataset: Stage2 batch error query_id=q_000677: batch_timeout
2026-02-04 12:12:50 WARNING dataset: Stage2 batch error query_id=q_000678: batch_timeout
2026-02-04 12:12:50 WARNING dataset: Stage2 batch error query_id=q_000679: batch_timeout
2026-02-04 12:12:50 WARNING dataset: Stage2 batch error query_id=q_000680: batch_timeout
2026-02-04 12:12:50 WARNING dataset: Stage2 batch error query_id=q_000681: batch_timeout
2026-02-04 12:12:50 WARNING dataset: Stage2 batch error query_id=q_000682: batch_timeout
2026-02-04 12:12:50 WARNING dataset: Stage2 batch error query_id=q_000683: batch_timeout
2026-02-04 12:12:50 WARNING dataset: Stage2 batch error query_id=q_000684: batch_timeout
2026-02-04 12:12:50 WARNING dataset: Stage2 batch error query_id=q_000685: batch_timeout
2026-02-04 12:12:50 WARNING dataset: Stage2 batch error query_id=q_000686: batch_timeout
2026-02-04 12:12:50 WARNING dataset: Stage2 batch error query_id=q_000687: batch_timeout
2026-02-04 12:12:50 WARNING dataset: Stage2 batch error query_id=q_000688: batch_timeout
2026-02-04 12:12:50 WARNING dataset: Stage2 batch error query_id=q_000689: batch_timeout
2026-02-04 12:12:50 WARNING dataset: Stage2 batch error query_id=q_000690: batch_timeout
2026-02-04 12:12:50 WARNING dataset: Stage2 batch error query_id=q_000691: batch_timeout
2026-02-04 12:12:50 WARNING dataset: Stage2 batch error query_id=q_000692: batch_timeout
2026-02-04 12:12:50 WARNING dataset: Stage2 batch error query_id=q_000693: batch_timeout
2026-02-04 12:12:50 WARNING dataset: Stage2 batch error query_id=q_000694: batch_timeout
2026-02-04 12:12:50 WARNING dataset: Stage2 batch error query_id=q_000695: batch_timeout
2026-02-04 12:12:50 WARNING dataset: Stage2 batch error query_id=q_000696: batch_timeout
2026-02-04 12:14:53 WARNING dataset: Stage2 batch error query_id=q_000001: batch_timeout
2026-02-04 12:17:59 ERROR dataset: Stage1 rate limit info: limits={'rpm': None, 'tpm': None, 'rpd': None, 'note': 'set per your Google project tier'} headers=none
2026-02-04 12:17:59 ERROR dataset: Stage1 error intent=Entertainment: rate limit hit provider=gemini model=gemini-3-pro-preview limits={'rpm': None, 'tpm': None, 'rpd': None, 'note': 'set per your Google project tier'} headers=none
2026-02-04 12:18:02 WARNING dataset: Stage2 batch error query_id=q_000697: batch_timeout
2026-02-04 12:18:02 WARNING dataset: Stage2 batch error query_id=q_000698: batch_timeout
2026-02-04 12:18:02 WARNING dataset: Stage2 batch error query_id=q_000699: batch_timeout
2026-02-04 12:18:02 WARNING dataset: Stage2 batch error query_id=q_000700: batch_timeout
2026-02-04 12:18:02 WARNING dataset: Stage2 batch error query_id=q_000701: batch_timeout
2026-02-04 12:18:02 WARNING dataset: Stage2 batch error query_id=q_000702: batch_timeout
2026-02-04 12:18:02 WARNING dataset: Stage2 batch error query_id=q_000703: batch_timeout
2026-02-04 12:18:02 WARNING dataset: Stage2 batch error query_id=q_000704: batch_timeout
2026-02-04 12:18:02 WARNING dataset: Stage2 batch error query_id=q_000705: batch_timeout
2026-02-04 12:18:02 WARNING dataset: Stage2 batch error query_id=q_000706: batch_timeout
2026-02-04 12:18:02 WARNING dataset: Stage2 batch error query_id=q_000707: batch_timeout
2026-02-04 12:18:02 WARNING dataset: Stage2 batch error query_id=q_000708: batch_timeout
2026-02-04 12:18:02 WARNING dataset: Stage2 batch error query_id=q_000709: batch_timeout
2026-02-04 12:18:02 WARNING dataset: Stage2 batch error query_id=q_000710: batch_timeout
2026-02-04 12:18:02 WARNING dataset: Stage2 batch error query_id=q_000711: batch_timeout
2026-02-04 12:18:02 WARNING dataset: Stage2 batch error query_id=q_000712: batch_timeout
2026-02-04 12:18:02 WARNING dataset: Stage2 batch error query_id=q_000713: batch_timeout
2026-02-04 12:18:02 WARNING dataset: Stage2 batch error query_id=q_000714: batch_timeout
2026-02-04 12:18:02 WARNING dataset: Stage2 batch error query_id=q_000715: batch_timeout
2026-02-04 12:18:02 WARNING dataset: Stage2 batch error query_id=q_000716: batch_timeout
2026-02-04 12:18:02 WARNING dataset: Stage2 batch error query_id=q_000717: batch_timeout
2026-02-04 12:18:02 WARNING dataset: Stage2 batch error query_id=q_000718: batch_timeout
2026-02-04 12:18:02 WARNING dataset: Stage2 batch error query_id=q_000719: batch_timeout
2026-02-04 12:18:02 WARNING dataset: Stage2 batch error query_id=q_000720: batch_timeout
2026-02-04 12:18:02 WARNING dataset: Stage2 batch error query_id=q_000721: batch_timeout
2026-02-04 12:18:02 WARNING dataset: Stage2 batch error query_id=q_000722: batch_timeout
2026-02-04 12:18:02 WARNING dataset: Stage2 batch error query_id=q_000723: batch_timeout
2026-02-04 12:18:02 WARNING dataset: Stage2 batch error query_id=q_000724: batch_timeout
2026-02-04 12:18:02 WARNING dataset: Stage2 batch error query_id=q_000725: batch_timeout
2026-02-04 12:18:02 WARNING dataset: Stage2 batch error query_id=q_000726: batch_timeout
2026-02-04 12:18:02 WARNING dataset: Stage2 batch error query_id=q_000727: batch_timeout
2026-02-04 12:18:02 WARNING dataset: Stage2 batch error query_id=q_000728: batch_timeout
2026-02-04 12:18:02 WARNING dataset: Stage2 batch error query_id=q_000729: batch_timeout
2026-02-04 12:18:02 WARNING dataset: Stage2 batch error query_id=q_000697: batch_timeout
2026-02-04 12:18:02 WARNING dataset: Stage2 batch error query_id=q_000698: batch_timeout
2026-02-04 12:18:02 WARNING dataset: Stage2 batch error query_id=q_000699: batch_timeout
2026-02-04 12:18:02 WARNING dataset: Stage2 batch error query_id=q_000700: batch_timeout
2026-02-04 12:18:02 WARNING dataset: Stage2 batch error query_id=q_000701: batch_timeout
2026-02-04 12:18:02 WARNING dataset: Stage2 batch error query_id=q_000702: batch_timeout
2026-02-04 12:18:02 WARNING dataset: Stage2 batch error query_id=q_000703: batch_timeout
2026-02-04 12:18:02 WARNING dataset: Stage2 batch error query_id=q_000704: batch_timeout
2026-02-04 12:18:02 WARNING dataset: Stage2 batch error query_id=q_000705: batch_timeout
2026-02-04 12:18:02 WARNING dataset: Stage2 batch error query_id=q_000706: batch_timeout
2026-02-04 12:18:02 WARNING dataset: Stage2 batch error query_id=q_000707: batch_timeout
2026-02-04 12:18:02 WARNING dataset: Stage2 batch error query_id=q_000708: batch_timeout
2026-02-04 12:18:02 WARNING dataset: Stage2 batch error query_id=q_000709: batch_timeout
2026-02-04 12:18:02 WARNING dataset: Stage2 batch error query_id=q_000710: batch_timeout
2026-02-04 12:18:02 WARNING dataset: Stage2 batch error query_id=q_000711: batch_timeout
2026-02-04 12:18:02 WARNING dataset: Stage2 batch error query_id=q_000712: batch_timeout
2026-02-04 12:18:02 WARNING dataset: Stage2 batch error query_id=q_000713: batch_timeout
2026-02-04 12:18:02 WARNING dataset: Stage2 batch error query_id=q_000714: batch_timeout
2026-02-04 12:18:02 WARNING dataset: Stage2 batch error query_id=q_000715: batch_timeout
2026-02-04 12:18:02 WARNING dataset: Stage2 batch error query_id=q_000716: batch_timeout
2026-02-04 12:18:02 WARNING dataset: Stage2 batch error query_id=q_000717: batch_timeout
2026-02-04 12:18:02 WARNING dataset: Stage2 batch error query_id=q_000718: batch_timeout
2026-02-04 12:18:02 WARNING dataset: Stage2 batch error query_id=q_000719: batch_timeout
2026-02-04 12:18:02 WARNING dataset: Stage2 batch error query_id=q_000720: batch_timeout
2026-02-04 12:18:02 WARNING dataset: Stage2 batch error query_id=q_000721: batch_timeout
2026-02-04 12:18:02 WARNING dataset: Stage2 batch error query_id=q_000722: batch_timeout
2026-02-04 12:18:02 WARNING dataset: Stage2 batch error query_id=q_000723: batch_timeout
2026-02-04 12:18:02 WARNING dataset: Stage2 batch error query_id=q_000724: batch_timeout
2026-02-04 12:18:02 WARNING dataset: Stage2 batch error query_id=q_000725: batch_timeout
2026-02-04 12:18:02 WARNING dataset: Stage2 batch error query_id=q_000726: batch_timeout
2026-02-04 12:18:02 WARNING dataset: Stage2 batch error query_id=q_000727: batch_timeout
2026-02-04 12:18:02 WARNING dataset: Stage2 batch error query_id=q_000728: batch_timeout
2026-02-04 12:18:02 WARNING dataset: Stage2 batch error query_id=q_000729: batch_timeout
2026-02-04 12:18:02 WARNING dataset: Stage2 batch error query_id=q_000730: batch_timeout
2026-02-04 12:18:02 WARNING dataset: Stage2 batch error query_id=q_000731: batch_timeout
2026-02-04 12:18:02 WARNING dataset: Stage2 batch error query_id=q_000732: batch_timeout
2026-02-04 12:18:02 WARNING dataset: Stage2 batch error query_id=q_000733: batch_timeout
2026-02-04 12:18:02 WARNING dataset: Stage2 batch error query_id=q_000734: batch_timeout
2026-02-04 12:18:02 WARNING dataset: Stage2 batch error query_id=q_000735: batch_timeout
2026-02-04 12:18:02 WARNING dataset: Stage2 batch error query_id=q_000736: batch_timeout
2026-02-04 12:18:02 WARNING dataset: Stage2 batch error query_id=q_000737: batch_timeout
2026-02-04 12:18:02 WARNING dataset: Stage2 batch error query_id=q_000738: batch_timeout
2026-02-04 12:18:02 WARNING dataset: Stage2 batch error query_id=q_000739: batch_timeout
2026-02-04 12:18:02 WARNING dataset: Stage2 batch error query_id=q_000740: batch_timeout
2026-02-04 12:18:02 WARNING dataset: Stage2 batch error query_id=q_000741: batch_timeout
2026-02-04 12:18:02 WARNING dataset: Stage2 batch error query_id=q_000742: batch_timeout
2026-02-04 12:18:02 WARNING dataset: Stage2 batch error query_id=q_000743: batch_timeout
2026-02-04 12:18:02 WARNING dataset: Stage2 batch error query_id=q_000744: batch_timeout
2026-02-04 12:18:02 WARNING dataset: Stage2 batch error query_id=q_000745: batch_timeout
2026-02-04 12:18:02 WARNING dataset: Stage2 batch error query_id=q_000746: batch_timeout
2026-02-04 12:18:02 WARNING dataset: Stage2 batch error query_id=q_000747: batch_timeout
2026-02-04 12:18:02 WARNING dataset: Stage2 batch error query_id=q_000748: batch_timeout
2026-02-04 12:18:02 WARNING dataset: Stage2 batch error query_id=q_000749: batch_timeout
2026-02-04 12:18:02 WARNING dataset: Stage2 batch error query_id=q_000750: batch_timeout
2026-02-04 12:18:02 WARNING dataset: Stage2 batch error query_id=q_000751: batch_timeout
2026-02-04 12:18:02 WARNING dataset: Stage2 batch error query_id=q_000752: batch_timeout
2026-02-04 12:18:02 WARNING dataset: Stage2 batch error query_id=q_000753: batch_timeout
2026-02-04 12:18:02 WARNING dataset: Stage2 batch error query_id=q_000754: batch_timeout
2026-02-04 12:18:02 WARNING dataset: Stage2 batch error query_id=q_000755: batch_timeout
2026-02-04 12:18:02 WARNING dataset: Stage2 batch error query_id=q_000756: batch_timeout
2026-02-04 12:18:02 WARNING dataset: Stage2 batch error query_id=q_000757: batch_timeout
2026-02-04 12:18:02 WARNING dataset: Stage2 batch error query_id=q_000758: batch_timeout
2026-02-04 12:18:02 WARNING dataset: Stage2 batch error query_id=q_000730: batch_timeout
2026-02-04 12:18:02 WARNING dataset: Stage2 batch error query_id=q_000731: batch_timeout
2026-02-04 12:18:02 WARNING dataset: Stage2 batch error query_id=q_000732: batch_timeout
2026-02-04 12:18:02 WARNING dataset: Stage2 batch error query_id=q_000733: batch_timeout
2026-02-04 12:18:02 WARNING dataset: Stage2 batch error query_id=q_000734: batch_timeout
2026-02-04 12:18:02 WARNING dataset: Stage2 batch error query_id=q_000735: batch_timeout
2026-02-04 12:18:02 WARNING dataset: Stage2 batch error query_id=q_000736: batch_timeout
2026-02-04 12:18:02 WARNING dataset: Stage2 batch error query_id=q_000737: batch_timeout
2026-02-04 12:18:02 WARNING dataset: Stage2 batch error query_id=q_000738: batch_timeout
2026-02-04 12:18:02 WARNING dataset: Stage2 batch error query_id=q_000739: batch_timeout
2026-02-04 12:18:02 WARNING dataset: Stage2 batch error query_id=q_000740: batch_timeout
2026-02-04 12:18:02 WARNING dataset: Stage2 batch error query_id=q_000741: batch_timeout
2026-02-04 12:18:02 WARNING dataset: Stage2 batch error query_id=q_000742: batch_timeout
2026-02-04 12:18:02 WARNING dataset: Stage2 batch error query_id=q_000743: batch_timeout
2026-02-04 12:18:02 WARNING dataset: Stage2 batch error query_id=q_000744: batch_timeout
2026-02-04 12:18:02 WARNING dataset: Stage2 batch error query_id=q_000745: batch_timeout
2026-02-04 12:18:02 WARNING dataset: Stage2 batch error query_id=q_000746: batch_timeout
2026-02-04 12:18:02 WARNING dataset: Stage2 batch error query_id=q_000747: batch_timeout
2026-02-04 12:18:02 WARNING dataset: Stage2 batch error query_id=q_000748: batch_timeout
2026-02-04 12:18:02 WARNING dataset: Stage2 batch error query_id=q_000749: batch_timeout
2026-02-04 12:18:02 WARNING dataset: Stage2 batch error query_id=q_000750: batch_timeout
2026-02-04 12:18:02 WARNING dataset: Stage2 batch error query_id=q_000751: batch_timeout
2026-02-04 12:18:02 WARNING dataset: Stage2 batch error query_id=q_000752: batch_timeout
2026-02-04 12:18:02 WARNING dataset: Stage2 batch error query_id=q_000753: batch_timeout
2026-02-04 12:18:02 WARNING dataset: Stage2 batch error query_id=q_000754: batch_timeout
2026-02-04 12:18:02 WARNING dataset: Stage2 batch error query_id=q_000755: batch_timeout
2026-02-04 12:18:02 WARNING dataset: Stage2 batch error query_id=q_000756: batch_timeout
2026-02-04 12:18:02 WARNING dataset: Stage2 batch error query_id=q_000757: batch_timeout
2026-02-04 12:18:02 WARNING dataset: Stage2 batch error query_id=q_000759: batch_timeout
2026-02-04 12:18:02 WARNING dataset: Stage2 batch error query_id=q_000760: batch_timeout
2026-02-04 12:18:02 WARNING dataset: Stage2 batch error query_id=q_000761: batch_timeout
2026-02-04 12:18:02 WARNING dataset: Stage2 batch error query_id=q_000762: batch_timeout
2026-02-04 12:18:02 WARNING dataset: Stage2 batch error query_id=q_000763: batch_timeout
2026-02-04 12:18:02 WARNING dataset: Stage2 batch error query_id=q_000764: batch_timeout
2026-02-04 12:18:02 WARNING dataset: Stage2 batch error query_id=q_000765: batch_timeout
2026-02-04 12:18:02 WARNING dataset: Stage2 batch error query_id=q_000766: batch_timeout
2026-02-04 12:18:02 WARNING dataset: Stage2 batch error query_id=q_000767: batch_timeout
2026-02-04 12:18:02 WARNING dataset: Stage2 batch error query_id=q_000768: batch_timeout
2026-02-04 12:18:02 WARNING dataset: Stage2 batch error query_id=q_000769: batch_timeout
2026-02-04 12:18:02 WARNING dataset: Stage2 batch error query_id=q_000770: batch_timeout
2026-02-04 12:18:02 WARNING dataset: Stage2 batch error query_id=q_000771: batch_timeout
2026-02-04 12:18:02 WARNING dataset: Stage2 batch error query_id=q_000772: batch_timeout
2026-02-04 12:18:02 WARNING dataset: Stage2 batch error query_id=q_000773: batch_timeout
2026-02-04 12:18:02 WARNING dataset: Stage2 batch error query_id=q_000774: batch_timeout
2026-02-04 12:18:02 WARNING dataset: Stage2 batch error query_id=q_000775: batch_timeout
2026-02-04 12:18:02 WARNING dataset: Stage2 batch error query_id=q_000776: batch_timeout
2026-02-04 12:18:02 WARNING dataset: Stage2 batch error query_id=q_000777: batch_timeout
2026-02-04 12:18:02 WARNING dataset: Stage2 batch error query_id=q_000778: batch_timeout
2026-02-04 12:18:02 WARNING dataset: Stage2 batch error query_id=q_000779: batch_timeout
2026-02-04 12:18:02 WARNING dataset: Stage2 batch error query_id=q_000780: batch_timeout
2026-02-04 12:18:02 WARNING dataset: Stage2 batch error query_id=q_000781: batch_timeout
2026-02-04 12:18:02 WARNING dataset: Stage2 batch error query_id=q_000782: batch_timeout
2026-02-04 12:18:02 WARNING dataset: Stage2 batch error query_id=q_000783: batch_timeout
2026-02-04 12:18:02 WARNING dataset: Stage2 batch error query_id=q_000758: batch_timeout
2026-02-04 12:18:02 WARNING dataset: Stage2 batch error query_id=q_000759: batch_timeout
2026-02-04 12:18:02 WARNING dataset: Stage2 batch error query_id=q_000760: batch_timeout
2026-02-04 12:18:02 WARNING dataset: Stage2 batch error query_id=q_000761: batch_timeout
2026-02-04 12:18:02 WARNING dataset: Stage2 batch error query_id=q_000762: batch_timeout
2026-02-04 12:18:02 WARNING dataset: Stage2 batch error query_id=q_000763: batch_timeout
2026-02-04 12:18:02 WARNING dataset: Stage2 batch error query_id=q_000764: batch_timeout
2026-02-04 12:18:02 WARNING dataset: Stage2 batch error query_id=q_000765: batch_timeout
2026-02-04 12:18:02 WARNING dataset: Stage2 batch error query_id=q_000766: batch_timeout
2026-02-04 12:18:02 WARNING dataset: Stage2 batch error query_id=q_000767: batch_timeout
2026-02-04 12:18:02 WARNING dataset: Stage2 batch error query_id=q_000768: batch_timeout
2026-02-04 12:18:02 WARNING dataset: Stage2 batch error query_id=q_000769: batch_timeout
2026-02-04 12:18:02 WARNING dataset: Stage2 batch error query_id=q_000770: batch_timeout
2026-02-04 12:18:02 WARNING dataset: Stage2 batch error query_id=q_000771: batch_timeout
2026-02-04 12:18:02 WARNING dataset: Stage2 batch error query_id=q_000772: batch_timeout
2026-02-04 12:18:02 WARNING dataset: Stage2 batch error query_id=q_000773: batch_timeout
2026-02-04 12:18:02 WARNING dataset: Stage2 batch error query_id=q_000774: batch_timeout
2026-02-04 12:18:02 WARNING dataset: Stage2 batch error query_id=q_000775: batch_timeout
2026-02-04 12:18:02 WARNING dataset: Stage2 batch error query_id=q_000776: batch_timeout
2026-02-04 12:18:02 WARNING dataset: Stage2 batch error query_id=q_000777: batch_timeout
2026-02-04 12:18:02 WARNING dataset: Stage2 batch error query_id=q_000778: batch_timeout
2026-02-04 12:18:02 WARNING dataset: Stage2 batch error query_id=q_000779: batch_timeout
2026-02-04 12:18:02 WARNING dataset: Stage2 batch error query_id=q_000780: batch_timeout
2026-02-04 12:18:02 WARNING dataset: Stage2 batch error query_id=q_000781: batch_timeout
2026-02-04 12:18:02 WARNING dataset: Stage2 batch error query_id=q_000782: batch_timeout
2026-02-04 12:18:02 WARNING dataset: Stage2 batch error query_id=q_000783: batch_timeout
2026-02-04 12:18:14 ERROR dataset: Stage1 rate limit info: limits={'rpm': None, 'tpm': None, 'rpd': None, 'note': 'set per your Google project tier'} headers=none
2026-02-04 12:18:14 ERROR dataset: Stage1 error intent=Education: rate limit hit provider=gemini model=gemini-3-pro-preview limits={'rpm': None, 'tpm': None, 'rpd': None, 'note': 'set per your Google project tier'} headers=none
2026-02-04 12:18:29 ERROR dataset: Stage1 rate limit info: limits={'rpm': None, 'tpm': None, 'rpd': None, 'note': 'set per your Google project tier'} headers=none
2026-02-04 12:18:29 ERROR dataset: Stage1 error intent=Education: rate limit hit provider=gemini model=gemini-3-pro-preview limits={'rpm': None, 'tpm': None, 'rpd': None, 'note': 'set per your Google project tier'} headers=none
2026-02-04 12:18:42 ERROR dataset: Stage1 rate limit info: limits={'rpm': None, 'tpm': None, 'rpd': None, 'note': 'set per your Google project tier'} headers=none
2026-02-04 12:18:42 ERROR dataset: Stage1 error intent=Education: rate limit hit provider=gemini model=gemini-3-pro-preview limits={'rpm': None, 'tpm': None, 'rpd': None, 'note': 'set per your Google project tier'} headers=none
2026-02-04 12:23:12 WARNING dataset: Stage2 batch error query_id=q_000784: batch_timeout
2026-02-04 12:23:12 WARNING dataset: Stage2 batch error query_id=q_000785: batch_timeout
2026-02-04 12:23:12 WARNING dataset: Stage2 batch error query_id=q_000786: batch_timeout
2026-02-04 12:23:12 WARNING dataset: Stage2 batch error query_id=q_000787: batch_timeout
2026-02-04 12:23:12 WARNING dataset: Stage2 batch error query_id=q_000788: batch_timeout
2026-02-04 12:23:12 WARNING dataset: Stage2 batch error query_id=q_000789: batch_timeout
2026-02-04 12:23:12 WARNING dataset: Stage2 batch error query_id=q_000790: batch_timeout
2026-02-04 12:23:12 WARNING dataset: Stage2 batch error query_id=q_000791: batch_timeout
2026-02-04 12:23:12 WARNING dataset: Stage2 batch error query_id=q_000792: batch_timeout
2026-02-04 12:23:12 WARNING dataset: Stage2 batch error query_id=q_000793: batch_timeout
2026-02-04 12:23:12 WARNING dataset: Stage2 batch error query_id=q_000794: batch_timeout
2026-02-04 12:23:12 WARNING dataset: Stage2 batch error query_id=q_000795: batch_timeout
2026-02-04 12:23:12 WARNING dataset: Stage2 batch error query_id=q_000796: batch_timeout
2026-02-04 12:23:12 WARNING dataset: Stage2 batch error query_id=q_000797: batch_timeout
2026-02-04 12:23:12 WARNING dataset: Stage2 batch error query_id=q_000798: batch_timeout
2026-02-04 12:23:12 WARNING dataset: Stage2 batch error query_id=q_000799: batch_timeout
2026-02-04 12:23:12 WARNING dataset: Stage2 batch error query_id=q_000784: batch_timeout
2026-02-04 12:23:12 WARNING dataset: Stage2 batch error query_id=q_000785: batch_timeout
2026-02-04 12:23:12 WARNING dataset: Stage2 batch error query_id=q_000786: batch_timeout
2026-02-04 12:23:12 WARNING dataset: Stage2 batch error query_id=q_000787: batch_timeout
2026-02-04 12:23:12 WARNING dataset: Stage2 batch error query_id=q_000788: batch_timeout
2026-02-04 12:23:12 WARNING dataset: Stage2 batch error query_id=q_000789: batch_timeout
2026-02-04 12:23:12 WARNING dataset: Stage2 batch error query_id=q_000790: batch_timeout
2026-02-04 12:23:12 WARNING dataset: Stage2 batch error query_id=q_000791: batch_timeout
2026-02-04 12:23:12 WARNING dataset: Stage2 batch error query_id=q_000792: batch_timeout
2026-02-04 12:23:12 WARNING dataset: Stage2 batch error query_id=q_000793: batch_timeout
2026-02-04 12:23:12 WARNING dataset: Stage2 batch error query_id=q_000794: batch_timeout
2026-02-04 12:23:12 WARNING dataset: Stage2 batch error query_id=q_000795: batch_timeout
2026-02-04 12:23:12 WARNING dataset: Stage2 batch error query_id=q_000796: batch_timeout
2026-02-04 12:23:12 WARNING dataset: Stage2 batch error query_id=q_000797: batch_timeout
2026-02-04 12:23:12 WARNING dataset: Stage2 batch error query_id=q_000798: batch_timeout
2026-02-04 12:23:12 WARNING dataset: Stage2 batch error query_id=q_000799: batch_timeout
2026-02-04 12:23:12 WARNING dataset: Stage2 batch error query_id=q_000800: batch_timeout
2026-02-04 12:23:12 WARNING dataset: Stage2 batch error query_id=q_000800: batch_timeout
2026-02-04 12:23:12 WARNING dataset: Stage2 batch error query_id=q_000801: batch_timeout
2026-02-04 12:23:12 WARNING dataset: Stage2 batch error query_id=q_000802: batch_timeout
2026-02-04 12:23:12 WARNING dataset: Stage2 batch error query_id=q_000803: batch_timeout
2026-02-04 12:23:12 WARNING dataset: Stage2 batch error query_id=q_000804: batch_timeout
2026-02-04 12:23:12 WARNING dataset: Stage2 batch error query_id=q_000805: batch_timeout
2026-02-04 12:23:12 WARNING dataset: Stage2 batch error query_id=q_000806: batch_timeout
2026-02-04 12:23:12 WARNING dataset: Stage2 batch error query_id=q_000807: batch_timeout
2026-02-04 12:23:12 WARNING dataset: Stage2 batch error query_id=q_000808: batch_timeout
2026-02-04 12:23:12 WARNING dataset: Stage2 batch error query_id=q_000809: batch_timeout
2026-02-04 12:23:12 WARNING dataset: Stage2 batch error query_id=q_000810: batch_timeout
2026-02-04 12:23:12 WARNING dataset: Stage2 batch error query_id=q_000811: batch_timeout
2026-02-04 12:23:12 WARNING dataset: Stage2 batch error query_id=q_000812: batch_timeout
2026-02-04 12:23:12 WARNING dataset: Stage2 batch error query_id=q_000813: batch_timeout
2026-02-04 12:23:12 WARNING dataset: Stage2 batch error query_id=q_000814: batch_timeout
2026-02-04 12:23:12 WARNING dataset: Stage2 batch error query_id=q_000801: batch_timeout
2026-02-04 12:23:12 WARNING dataset: Stage2 batch error query_id=q_000802: batch_timeout
2026-02-04 12:23:12 WARNING dataset: Stage2 batch error query_id=q_000803: batch_timeout
2026-02-04 12:23:12 WARNING dataset: Stage2 batch error query_id=q_000804: batch_timeout
2026-02-04 12:23:12 WARNING dataset: Stage2 batch error query_id=q_000805: batch_timeout
2026-02-04 12:23:12 WARNING dataset: Stage2 batch error query_id=q_000806: batch_timeout
2026-02-04 12:23:12 WARNING dataset: Stage2 batch error query_id=q_000807: batch_timeout
2026-02-04 12:23:12 WARNING dataset: Stage2 batch error query_id=q_000808: batch_timeout
2026-02-04 12:23:12 WARNING dataset: Stage2 batch error query_id=q_000809: batch_timeout
2026-02-04 12:23:12 WARNING dataset: Stage2 batch error query_id=q_000810: batch_timeout
2026-02-04 12:23:12 WARNING dataset: Stage2 batch error query_id=q_000811: batch_timeout
2026-02-04 12:23:12 WARNING dataset: Stage2 batch error query_id=q_000812: batch_timeout
2026-02-04 12:23:12 WARNING dataset: Stage2 batch error query_id=q_000813: batch_timeout
2026-02-04 12:23:12 WARNING dataset: Stage2 batch error query_id=q_000814: batch_timeout
2026-02-04 12:23:12 WARNING dataset: Stage2 batch error query_id=q_000815: batch_timeout
2026-02-04 12:23:12 WARNING dataset: Stage2 batch error query_id=q_000816: batch_timeout
2026-02-04 12:23:12 WARNING dataset: Stage2 batch error query_id=q_000817: batch_timeout
2026-02-04 12:23:12 WARNING dataset: Stage2 batch error query_id=q_000818: batch_timeout
2026-02-04 12:23:12 WARNING dataset: Stage2 batch error query_id=q_000819: batch_timeout
2026-02-04 12:23:12 WARNING dataset: Stage2 batch error query_id=q_000820: batch_timeout
2026-02-04 12:23:12 WARNING dataset: Stage2 batch error query_id=q_000821: batch_timeout
2026-02-04 12:23:12 WARNING dataset: Stage2 batch error query_id=q_000822: batch_timeout
2026-02-04 12:23:12 WARNING dataset: Stage2 batch error query_id=q_000823: batch_timeout
2026-02-04 12:23:12 WARNING dataset: Stage2 batch error query_id=q_000815: batch_timeout
2026-02-04 12:23:12 WARNING dataset: Stage2 batch error query_id=q_000816: batch_timeout
2026-02-04 12:23:12 WARNING dataset: Stage2 batch error query_id=q_000817: batch_timeout
2026-02-04 12:23:12 WARNING dataset: Stage2 batch error query_id=q_000818: batch_timeout
2026-02-04 12:23:12 WARNING dataset: Stage2 batch error query_id=q_000819: batch_timeout
2026-02-04 12:23:12 WARNING dataset: Stage2 batch error query_id=q_000820: batch_timeout
2026-02-04 12:23:12 WARNING dataset: Stage2 batch error query_id=q_000821: batch_timeout
2026-02-04 12:23:12 WARNING dataset: Stage2 batch error query_id=q_000822: batch_timeout
2026-02-04 12:23:12 WARNING dataset: Stage2 batch error query_id=q_000823: batch_timeout
2026-02-04 12:23:12 WARNING dataset: Stage2 batch error query_id=q_000824: batch_timeout
2026-02-04 12:23:12 WARNING dataset: Stage2 batch error query_id=q_000825: batch_timeout
2026-02-04 12:23:12 WARNING dataset: Stage2 batch error query_id=q_000826: batch_timeout
2026-02-04 12:23:12 WARNING dataset: Stage2 batch error query_id=q_000824: batch_timeout
2026-02-04 12:23:12 WARNING dataset: Stage2 batch error query_id=q_000825: batch_timeout
2026-02-04 12:23:12 WARNING dataset: Stage2 batch error query_id=q_000826: batch_timeout
2026-02-04 12:23:12 WARNING dataset: Stage2 batch error query_id=q_000827: batch_timeout
2026-02-04 12:23:12 WARNING dataset: Stage2 batch error query_id=q_000828: batch_timeout
2026-02-04 12:23:12 WARNING dataset: Stage2 batch error query_id=q_000829: batch_timeout
2026-02-04 12:23:12 WARNING dataset: Stage2 batch error query_id=q_000830: batch_timeout
2026-02-04 12:23:12 WARNING dataset: Stage2 batch error query_id=q_000831: batch_timeout
2026-02-04 12:23:12 WARNING dataset: Stage2 batch error query_id=q_000832: batch_timeout
2026-02-04 12:23:12 WARNING dataset: Stage2 batch error query_id=q_000833: batch_timeout
2026-02-04 12:23:12 WARNING dataset: Stage2 batch error query_id=q_000834: batch_timeout
2026-02-04 12:23:12 WARNING dataset: Stage2 batch error query_id=q_000835: batch_timeout
2026-02-04 12:23:12 WARNING dataset: Stage2 batch error query_id=q_000836: batch_timeout
2026-02-04 12:23:12 WARNING dataset: Stage2 batch error query_id=q_000837: batch_timeout
2026-02-04 12:23:12 WARNING dataset: Stage2 batch error query_id=q_000838: batch_timeout
2026-02-04 12:23:12 WARNING dataset: Stage2 batch error query_id=q_000839: batch_timeout
2026-02-04 12:23:12 WARNING dataset: Stage2 batch error query_id=q_000840: batch_timeout
2026-02-04 12:23:12 WARNING dataset: Stage2 batch error query_id=q_000827: batch_timeout
2026-02-04 12:23:12 WARNING dataset: Stage2 batch error query_id=q_000828: batch_timeout
2026-02-04 12:23:12 WARNING dataset: Stage2 batch error query_id=q_000829: batch_timeout
2026-02-04 12:23:12 WARNING dataset: Stage2 batch error query_id=q_000830: batch_timeout
2026-02-04 12:23:12 WARNING dataset: Stage2 batch error query_id=q_000831: batch_timeout
2026-02-04 12:23:12 WARNING dataset: Stage2 batch error query_id=q_000832: batch_timeout
2026-02-04 12:23:12 WARNING dataset: Stage2 batch error query_id=q_000833: batch_timeout
2026-02-04 12:23:12 WARNING dataset: Stage2 batch error query_id=q_000834: batch_timeout
2026-02-04 12:23:12 WARNING dataset: Stage2 batch error query_id=q_000835: batch_timeout
2026-02-04 12:23:12 WARNING dataset: Stage2 batch error query_id=q_000836: batch_timeout
2026-02-04 12:23:12 WARNING dataset: Stage2 batch error query_id=q_000837: batch_timeout
2026-02-04 12:23:12 WARNING dataset: Stage2 batch error query_id=q_000838: batch_timeout
2026-02-04 12:23:12 WARNING dataset: Stage2 batch error query_id=q_000839: batch_timeout
2026-02-04 12:23:12 WARNING dataset: Stage2 batch error query_id=q_000841: batch_timeout
2026-02-04 12:23:12 WARNING dataset: Stage2 batch error query_id=q_000842: batch_timeout
2026-02-04 12:23:12 WARNING dataset: Stage2 batch error query_id=q_000843: batch_timeout
2026-02-04 12:23:12 WARNING dataset: Stage2 batch error query_id=q_000844: batch_timeout
2026-02-04 12:23:12 WARNING dataset: Stage2 batch error query_id=q_000845: batch_timeout
2026-02-04 12:23:12 WARNING dataset: Stage2 batch error query_id=q_000846: batch_timeout
2026-02-04 12:23:12 WARNING dataset: Stage2 batch error query_id=q_000847: batch_timeout
2026-02-04 12:23:12 WARNING dataset: Stage2 batch error query_id=q_000848: batch_timeout
2026-02-04 12:23:12 WARNING dataset: Stage2 batch error query_id=q_000849: batch_timeout
2026-02-04 12:23:12 WARNING dataset: Stage2 batch error query_id=q_000850: batch_timeout
2026-02-04 12:23:12 WARNING dataset: Stage2 batch error query_id=q_000851: batch_timeout
2026-02-04 12:23:12 WARNING dataset: Stage2 batch error query_id=q_000852: batch_timeout
2026-02-04 12:23:12 WARNING dataset: Stage2 batch error query_id=q_000853: batch_timeout
2026-02-04 12:23:12 WARNING dataset: Stage2 batch error query_id=q_000854: batch_timeout
2026-02-04 12:23:12 WARNING dataset: Stage2 batch error query_id=q_000855: batch_timeout
2026-02-04 12:23:12 WARNING dataset: Stage2 batch error query_id=q_000840: batch_timeout
2026-02-04 12:23:12 WARNING dataset: Stage2 batch error query_id=q_000841: batch_timeout
2026-02-04 12:23:12 WARNING dataset: Stage2 batch error query_id=q_000842: batch_timeout
2026-02-04 12:23:12 WARNING dataset: Stage2 batch error query_id=q_000843: batch_timeout
2026-02-04 12:23:12 WARNING dataset: Stage2 batch error query_id=q_000844: batch_timeout
2026-02-04 12:23:12 WARNING dataset: Stage2 batch error query_id=q_000845: batch_timeout
2026-02-04 12:23:12 WARNING dataset: Stage2 batch error query_id=q_000846: batch_timeout
2026-02-04 12:23:12 WARNING dataset: Stage2 batch error query_id=q_000847: batch_timeout
2026-02-04 12:23:12 WARNING dataset: Stage2 batch error query_id=q_000848: batch_timeout
2026-02-04 12:23:12 WARNING dataset: Stage2 batch error query_id=q_000849: batch_timeout
2026-02-04 12:23:12 WARNING dataset: Stage2 batch error query_id=q_000850: batch_timeout
2026-02-04 12:23:12 WARNING dataset: Stage2 batch error query_id=q_000851: batch_timeout
2026-02-04 12:23:12 WARNING dataset: Stage2 batch error query_id=q_000852: batch_timeout
2026-02-04 12:23:12 WARNING dataset: Stage2 batch error query_id=q_000856: batch_timeout
2026-02-04 12:23:12 WARNING dataset: Stage2 batch error query_id=q_000857: batch_timeout
2026-02-04 12:23:12 WARNING dataset: Stage2 batch error query_id=q_000858: batch_timeout
2026-02-04 12:23:12 WARNING dataset: Stage2 batch error query_id=q_000859: batch_timeout
2026-02-04 12:23:12 WARNING dataset: Stage2 batch error query_id=q_000860: batch_timeout
2026-02-04 12:23:12 WARNING dataset: Stage2 batch error query_id=q_000861: batch_timeout
2026-02-04 12:23:12 WARNING dataset: Stage2 batch error query_id=q_000862: batch_timeout
2026-02-04 12:23:12 WARNING dataset: Stage2 batch error query_id=q_000863: batch_timeout
2026-02-04 12:23:12 WARNING dataset: Stage2 batch error query_id=q_000864: batch_timeout
2026-02-04 12:23:12 WARNING dataset: Stage2 batch error query_id=q_000865: batch_timeout
2026-02-04 12:23:12 WARNING dataset: Stage2 batch error query_id=q_000866: batch_timeout
2026-02-04 12:23:12 WARNING dataset: Stage2 batch error query_id=q_000867: batch_timeout
2026-02-04 12:23:12 WARNING dataset: Stage2 batch error query_id=q_000868: batch_timeout
2026-02-04 12:23:12 WARNING dataset: Stage2 batch error query_id=q_000869: batch_timeout
2026-02-04 12:23:12 WARNING dataset: Stage2 batch error query_id=q_000870: batch_timeout
2026-02-04 12:23:12 WARNING dataset: Stage2 batch error query_id=q_000853: batch_timeout
2026-02-04 12:23:12 WARNING dataset: Stage2 batch error query_id=q_000854: batch_timeout
2026-02-04 12:23:12 WARNING dataset: Stage2 batch error query_id=q_000855: batch_timeout
2026-02-04 12:23:12 WARNING dataset: Stage2 batch error query_id=q_000856: batch_timeout
2026-02-04 12:23:12 WARNING dataset: Stage2 batch error query_id=q_000857: batch_timeout
2026-02-04 12:23:12 WARNING dataset: Stage2 batch error query_id=q_000858: batch_timeout
2026-02-04 12:23:12 WARNING dataset: Stage2 batch error query_id=q_000859: batch_timeout
2026-02-04 12:23:12 WARNING dataset: Stage2 batch error query_id=q_000860: batch_timeout
2026-02-04 12:23:12 WARNING dataset: Stage2 batch error query_id=q_000861: batch_timeout
2026-02-04 12:23:12 WARNING dataset: Stage2 batch error query_id=q_000862: batch_timeout
2026-02-04 12:23:12 WARNING dataset: Stage2 batch error query_id=q_000863: batch_timeout
2026-02-04 12:23:12 WARNING dataset: Stage2 batch error query_id=q_000864: batch_timeout
2026-02-04 12:23:12 WARNING dataset: Stage2 batch error query_id=q_000865: batch_timeout
2026-02-04 12:23:12 WARNING dataset: Stage2 batch error query_id=q_000866: batch_timeout
2026-02-04 12:23:12 WARNING dataset: Stage2 batch error query_id=q_000867: batch_timeout
2026-02-04 12:23:12 WARNING dataset: Stage2 batch error query_id=q_000868: batch_timeout
2026-02-04 12:23:12 WARNING dataset: Stage2 batch error query_id=q_000869: batch_timeout
2026-02-04 12:23:12 WARNING dataset: Stage2 batch error query_id=q_000870: batch_timeout
2026-02-04 12:26:41 ERROR dataset: Stage1 rate limit info: limits={'rpm': None, 'tpm': None, 'rpd': None, 'note': 'set per your Google project tier'} headers=none
2026-02-04 12:26:41 ERROR dataset: Stage1 error intent=Entertainment: rate limit hit provider=gemini model=gemini-3-pro-preview limits={'rpm': None, 'tpm': None, 'rpd': None, 'note': 'set per your Google project tier'} headers=none
2026-02-04 12:26:41 ERROR dataset: Stage1 stopping intent=Entertainment after 3 failures
2026-02-04 12:26:56 ERROR dataset: Stage1 rate limit info: limits={'rpm': None, 'tpm': None, 'rpd': None, 'note': 'set per your Google project tier'} headers=none
2026-02-04 12:26:56 ERROR dataset: Stage1 error intent=Education: rate limit hit provider=gemini model=gemini-3-pro-preview limits={'rpm': None, 'tpm': None, 'rpd': None, 'note': 'set per your Google project tier'} headers=none
2026-02-04 12:26:56 ERROR dataset: Stage1 stopping intent=Education after 3 failures
2026-02-04 12:27:11 ERROR dataset: Stage1 rate limit info: limits={'rpm': None, 'tpm': None, 'rpd': None, 'note': 'set per your Google project tier'} headers=none
2026-02-04 12:27:11 ERROR dataset: Stage1 error intent=Education: rate limit hit provider=gemini model=gemini-3-pro-preview limits={'rpm': None, 'tpm': None, 'rpd': None, 'note': 'set per your Google project tier'} headers=none
2026-02-04 12:27:11 ERROR dataset: Stage1 stopping intent=Education after 3 failures
2026-02-04 12:27:24 ERROR dataset: Stage1 rate limit info: limits={'rpm': None, 'tpm': None, 'rpd': None, 'note': 'set per your Google project tier'} headers=none
2026-02-04 12:27:24 ERROR dataset: Stage1 error intent=Education: rate limit hit provider=gemini model=gemini-3-pro-preview limits={'rpm': None, 'tpm': None, 'rpd': None, 'note': 'set per your Google project tier'} headers=none
2026-02-04 12:27:24 ERROR dataset: Stage1 stopping intent=Education after 3 failures
2026-02-04 12:28:23 WARNING dataset: Stage2 batch error query_id=q_000871: batch_timeout
2026-02-04 12:28:23 WARNING dataset: Stage2 batch error query_id=q_000872: batch_timeout
2026-02-04 12:28:23 WARNING dataset: Stage2 batch error query_id=q_000873: batch_timeout
2026-02-04 12:28:23 WARNING dataset: Stage2 batch error query_id=q_000874: batch_timeout
2026-02-04 12:28:23 WARNING dataset: Stage2 batch error query_id=q_000875: batch_timeout
2026-02-04 12:28:23 WARNING dataset: Stage2 batch error query_id=q_000876: batch_timeout
2026-02-04 12:28:23 WARNING dataset: Stage2 batch error query_id=q_000877: batch_timeout
2026-02-04 12:28:23 WARNING dataset: Stage2 batch error query_id=q_000878: batch_timeout
2026-02-04 12:28:23 WARNING dataset: Stage2 batch error query_id=q_000879: batch_timeout
2026-02-04 12:28:23 WARNING dataset: Stage2 batch error query_id=q_000880: batch_timeout
2026-02-04 12:28:23 WARNING dataset: Stage2 batch error query_id=q_000881: batch_timeout
2026-02-04 12:28:23 WARNING dataset: Stage2 batch error query_id=q_000882: batch_timeout
2026-02-04 12:28:23 WARNING dataset: Stage2 batch error query_id=q_000883: batch_timeout
2026-02-04 12:28:23 WARNING dataset: Stage2 batch error query_id=q_000884: batch_timeout
2026-02-04 12:28:23 WARNING dataset: Stage2 batch error query_id=q_000885: batch_timeout
2026-02-04 12:28:23 WARNING dataset: Stage2 batch error query_id=q_000886: batch_timeout
2026-02-04 12:28:23 WARNING dataset: Stage2 batch error query_id=q_000887: batch_timeout
2026-02-04 12:28:23 WARNING dataset: Stage2 batch error query_id=q_000888: batch_timeout
2026-02-04 12:28:23 WARNING dataset: Stage2 batch error query_id=q_000889: batch_timeout
2026-02-04 12:28:23 WARNING dataset: Stage2 batch error query_id=q_000890: batch_timeout
2026-02-04 12:28:23 WARNING dataset: Stage2 batch error query_id=q_000891: batch_timeout
2026-02-04 12:28:23 WARNING dataset: Stage2 batch error query_id=q_000892: batch_timeout
2026-02-04 12:28:23 WARNING dataset: Stage2 batch error query_id=q_000893: batch_timeout
2026-02-04 12:28:23 WARNING dataset: Stage2 batch error query_id=q_000871: batch_timeout
2026-02-04 12:28:23 WARNING dataset: Stage2 batch error query_id=q_000872: batch_timeout
2026-02-04 12:28:23 WARNING dataset: Stage2 batch error query_id=q_000873: batch_timeout
2026-02-04 12:28:23 WARNING dataset: Stage2 batch error query_id=q_000874: batch_timeout
2026-02-04 12:28:23 WARNING dataset: Stage2 batch error query_id=q_000875: batch_timeout
2026-02-04 12:28:23 WARNING dataset: Stage2 batch error query_id=q_000876: batch_timeout
2026-02-04 12:28:23 WARNING dataset: Stage2 batch error query_id=q_000877: batch_timeout
2026-02-04 12:28:23 WARNING dataset: Stage2 batch error query_id=q_000878: batch_timeout
2026-02-04 12:28:23 WARNING dataset: Stage2 batch error query_id=q_000879: batch_timeout
2026-02-04 12:28:23 WARNING dataset: Stage2 batch error query_id=q_000880: batch_timeout
2026-02-04 12:28:23 WARNING dataset: Stage2 batch error query_id=q_000881: batch_timeout
2026-02-04 12:28:23 WARNING dataset: Stage2 batch error query_id=q_000882: batch_timeout
2026-02-04 12:28:23 WARNING dataset: Stage2 batch error query_id=q_000883: batch_timeout
2026-02-04 12:28:23 WARNING dataset: Stage2 batch error query_id=q_000884: batch_timeout
2026-02-04 12:28:23 WARNING dataset: Stage2 batch error query_id=q_000885: batch_timeout
2026-02-04 12:28:23 WARNING dataset: Stage2 batch error query_id=q_000886: batch_timeout
2026-02-04 12:28:23 WARNING dataset: Stage2 batch error query_id=q_000887: batch_timeout
2026-02-04 12:28:23 WARNING dataset: Stage2 batch error query_id=q_000888: batch_timeout
2026-02-04 12:28:23 WARNING dataset: Stage2 batch error query_id=q_000889: batch_timeout
2026-02-04 12:28:23 WARNING dataset: Stage2 batch error query_id=q_000890: batch_timeout
2026-02-04 12:28:23 WARNING dataset: Stage2 batch error query_id=q_000891: batch_timeout
2026-02-04 12:28:23 WARNING dataset: Stage2 batch error query_id=q_000892: batch_timeout
2026-02-04 12:28:23 WARNING dataset: Stage2 batch error query_id=q_000893: batch_timeout
2026-02-04 12:28:23 WARNING dataset: Stage2 batch error query_id=q_000894: batch_timeout
2026-02-04 12:28:23 WARNING dataset: Stage2 batch error query_id=q_000895: batch_timeout
2026-02-04 12:28:23 WARNING dataset: Stage2 batch error query_id=q_000896: batch_timeout
2026-02-04 12:28:23 WARNING dataset: Stage2 batch error query_id=q_000897: batch_timeout
2026-02-04 12:28:23 WARNING dataset: Stage2 batch error query_id=q_000898: batch_timeout
2026-02-04 12:28:23 WARNING dataset: Stage2 batch error query_id=q_000899: batch_timeout
2026-02-04 12:28:23 WARNING dataset: Stage2 batch error query_id=q_000900: batch_timeout
2026-02-04 12:28:23 WARNING dataset: Stage2 batch error query_id=q_000901: batch_timeout
2026-02-04 12:28:23 WARNING dataset: Stage2 batch error query_id=q_000902: batch_timeout
2026-02-04 12:28:23 WARNING dataset: Stage2 batch error query_id=q_000903: batch_timeout
2026-02-04 12:28:23 WARNING dataset: Stage2 batch error query_id=q_000904: batch_timeout
2026-02-04 12:28:23 WARNING dataset: Stage2 batch error query_id=q_000905: batch_timeout
2026-02-04 12:28:23 WARNING dataset: Stage2 batch error query_id=q_000906: batch_timeout
2026-02-04 12:28:23 WARNING dataset: Stage2 batch error query_id=q_000907: batch_timeout
2026-02-04 12:28:23 WARNING dataset: Stage2 batch error query_id=q_000908: batch_timeout
2026-02-04 12:28:23 WARNING dataset: Stage2 batch error query_id=q_000909: batch_timeout
2026-02-04 12:28:23 WARNING dataset: Stage2 batch error query_id=q_000910: batch_timeout
2026-02-04 12:28:23 WARNING dataset: Stage2 batch error query_id=q_000911: batch_timeout
2026-02-04 12:28:23 WARNING dataset: Stage2 batch error query_id=q_000912: batch_timeout
2026-02-04 12:28:23 WARNING dataset: Stage2 batch error query_id=q_000913: batch_timeout
2026-02-04 12:28:23 WARNING dataset: Stage2 batch error query_id=q_000914: batch_timeout
2026-02-04 12:28:23 WARNING dataset: Stage2 batch error query_id=q_000915: batch_timeout
2026-02-04 12:28:23 WARNING dataset: Stage2 batch error query_id=q_000916: batch_timeout
2026-02-04 12:28:23 WARNING dataset: Stage2 batch error query_id=q_000917: batch_timeout
2026-02-04 12:28:23 WARNING dataset: Stage2 batch error query_id=q_000918: batch_timeout
2026-02-04 12:28:23 WARNING dataset: Stage2 batch error query_id=q_000919: batch_timeout
2026-02-04 12:28:23 WARNING dataset: Stage2 batch error query_id=q_000920: batch_timeout
2026-02-04 12:28:23 WARNING dataset: Stage2 batch error query_id=q_000921: batch_timeout
2026-02-04 12:28:23 WARNING dataset: Stage2 batch error query_id=q_000922: batch_timeout
2026-02-04 12:28:23 WARNING dataset: Stage2 batch error query_id=q_000923: batch_timeout
2026-02-04 12:28:23 WARNING dataset: Stage2 batch error query_id=q_000924: batch_timeout
2026-02-04 12:28:23 WARNING dataset: Stage2 batch error query_id=q_000925: batch_timeout
2026-02-04 12:28:23 WARNING dataset: Stage2 batch error query_id=q_000926: batch_timeout
2026-02-04 12:28:23 WARNING dataset: Stage2 batch error query_id=q_000927: batch_timeout
2026-02-04 12:28:23 WARNING dataset: Stage2 batch error query_id=q_000928: batch_timeout
2026-02-04 12:28:23 WARNING dataset: Stage2 batch error query_id=q_000929: batch_timeout
2026-02-04 12:28:23 WARNING dataset: Stage2 batch error query_id=q_000930: batch_timeout
2026-02-04 12:28:23 WARNING dataset: Stage2 batch error query_id=q_000894: batch_timeout
2026-02-04 12:28:23 WARNING dataset: Stage2 batch error query_id=q_000895: batch_timeout
2026-02-04 12:28:23 WARNING dataset: Stage2 batch error query_id=q_000896: batch_timeout
2026-02-04 12:28:23 WARNING dataset: Stage2 batch error query_id=q_000897: batch_timeout
2026-02-04 12:28:23 WARNING dataset: Stage2 batch error query_id=q_000898: batch_timeout
2026-02-04 12:28:23 WARNING dataset: Stage2 batch error query_id=q_000899: batch_timeout
2026-02-04 12:28:23 WARNING dataset: Stage2 batch error query_id=q_000900: batch_timeout
2026-02-04 12:28:23 WARNING dataset: Stage2 batch error query_id=q_000901: batch_timeout
2026-02-04 12:28:23 WARNING dataset: Stage2 batch error query_id=q_000902: batch_timeout
2026-02-04 12:28:23 WARNING dataset: Stage2 batch error query_id=q_000903: batch_timeout
2026-02-04 12:28:23 WARNING dataset: Stage2 batch error query_id=q_000904: batch_timeout
2026-02-04 12:28:23 WARNING dataset: Stage2 batch error query_id=q_000905: batch_timeout
2026-02-04 12:28:23 WARNING dataset: Stage2 batch error query_id=q_000906: batch_timeout
2026-02-04 12:28:23 WARNING dataset: Stage2 batch error query_id=q_000907: batch_timeout
2026-02-04 12:28:23 WARNING dataset: Stage2 batch error query_id=q_000908: batch_timeout
2026-02-04 12:28:23 WARNING dataset: Stage2 batch error query_id=q_000909: batch_timeout
2026-02-04 12:28:23 WARNING dataset: Stage2 batch error query_id=q_000910: batch_timeout
2026-02-04 12:28:23 WARNING dataset: Stage2 batch error query_id=q_000911: batch_timeout
2026-02-04 12:28:23 WARNING dataset: Stage2 batch error query_id=q_000912: batch_timeout
2026-02-04 12:28:23 WARNING dataset: Stage2 batch error query_id=q_000913: batch_timeout
2026-02-04 12:28:23 WARNING dataset: Stage2 batch error query_id=q_000914: batch_timeout
2026-02-04 12:28:23 WARNING dataset: Stage2 batch error query_id=q_000915: batch_timeout
2026-02-04 12:28:23 WARNING dataset: Stage2 batch error query_id=q_000916: batch_timeout
2026-02-04 12:28:23 WARNING dataset: Stage2 batch error query_id=q_000917: batch_timeout
2026-02-04 12:28:23 WARNING dataset: Stage2 batch error query_id=q_000918: batch_timeout
2026-02-04 12:28:23 WARNING dataset: Stage2 batch error query_id=q_000919: batch_timeout
2026-02-04 12:28:23 WARNING dataset: Stage2 batch error query_id=q_000920: batch_timeout
2026-02-04 12:28:23 WARNING dataset: Stage2 batch error query_id=q_000921: batch_timeout
2026-02-04 12:28:23 WARNING dataset: Stage2 batch error query_id=q_000922: batch_timeout
2026-02-04 12:28:23 WARNING dataset: Stage2 batch error query_id=q_000923: batch_timeout
2026-02-04 12:28:23 WARNING dataset: Stage2 batch error query_id=q_000924: batch_timeout
2026-02-04 12:28:23 WARNING dataset: Stage2 batch error query_id=q_000925: batch_timeout
2026-02-04 12:28:23 WARNING dataset: Stage2 batch error query_id=q_000926: batch_timeout
2026-02-04 12:28:23 WARNING dataset: Stage2 batch error query_id=q_000927: batch_timeout
2026-02-04 12:28:23 WARNING dataset: Stage2 batch error query_id=q_000928: batch_timeout
2026-02-04 12:28:23 WARNING dataset: Stage2 batch error query_id=q_000929: batch_timeout
2026-02-04 12:28:23 WARNING dataset: Stage2 batch error query_id=q_000930: batch_timeout
2026-02-04 12:28:23 WARNING dataset: Stage2 batch error query_id=q_000931: batch_timeout
2026-02-04 12:28:23 WARNING dataset: Stage2 batch error query_id=q_000932: batch_timeout
2026-02-04 12:28:23 WARNING dataset: Stage2 batch error query_id=q_000933: batch_timeout
2026-02-04 12:28:23 WARNING dataset: Stage2 batch error query_id=q_000934: batch_timeout
2026-02-04 12:28:23 WARNING dataset: Stage2 batch error query_id=q_000935: batch_timeout
2026-02-04 12:28:23 WARNING dataset: Stage2 batch error query_id=q_000936: batch_timeout
2026-02-04 12:28:23 WARNING dataset: Stage2 batch error query_id=q_000937: batch_timeout
2026-02-04 12:28:23 WARNING dataset: Stage2 batch error query_id=q_000938: batch_timeout
2026-02-04 12:28:23 WARNING dataset: Stage2 batch error query_id=q_000939: batch_timeout
2026-02-04 12:28:23 WARNING dataset: Stage2 batch error query_id=q_000940: batch_timeout
2026-02-04 12:28:23 WARNING dataset: Stage2 batch error query_id=q_000941: batch_timeout
2026-02-04 12:28:23 WARNING dataset: Stage2 batch error query_id=q_000942: batch_timeout
2026-02-04 12:28:23 WARNING dataset: Stage2 batch error query_id=q_000943: batch_timeout
2026-02-04 12:28:23 WARNING dataset: Stage2 batch error query_id=q_000944: batch_timeout
2026-02-04 12:28:23 WARNING dataset: Stage2 batch error query_id=q_000945: batch_timeout
2026-02-04 12:28:23 WARNING dataset: Stage2 batch error query_id=q_000946: batch_timeout
2026-02-04 12:28:23 WARNING dataset: Stage2 batch error query_id=q_000947: batch_timeout
2026-02-04 12:28:23 WARNING dataset: Stage2 batch error query_id=q_000948: batch_timeout
2026-02-04 12:28:23 WARNING dataset: Stage2 batch error query_id=q_000949: batch_timeout
2026-02-04 12:28:23 WARNING dataset: Stage2 batch error query_id=q_000950: batch_timeout
2026-02-04 12:28:23 WARNING dataset: Stage2 batch error query_id=q_000951: batch_timeout
2026-02-04 12:28:23 WARNING dataset: Stage2 batch error query_id=q_000952: batch_timeout
2026-02-04 12:28:23 WARNING dataset: Stage2 batch error query_id=q_000953: batch_timeout
2026-02-04 12:28:23 WARNING dataset: Stage2 batch error query_id=q_000954: batch_timeout
2026-02-04 12:28:23 WARNING dataset: Stage2 batch error query_id=q_000955: batch_timeout
2026-02-04 12:28:23 WARNING dataset: Stage2 batch error query_id=q_000956: batch_timeout
2026-02-04 12:28:23 WARNING dataset: Stage2 batch error query_id=q_000957: batch_timeout
2026-02-04 12:28:23 WARNING dataset: Stage2 batch error query_id=q_000931: batch_timeout
2026-02-04 12:28:23 WARNING dataset: Stage2 batch error query_id=q_000932: batch_timeout
2026-02-04 12:28:23 WARNING dataset: Stage2 batch error query_id=q_000933: batch_timeout
2026-02-04 12:28:23 WARNING dataset: Stage2 batch error query_id=q_000934: batch_timeout
2026-02-04 12:28:23 WARNING dataset: Stage2 batch error query_id=q_000935: batch_timeout
2026-02-04 12:28:23 WARNING dataset: Stage2 batch error query_id=q_000936: batch_timeout
2026-02-04 12:28:23 WARNING dataset: Stage2 batch error query_id=q_000937: batch_timeout
2026-02-04 12:28:23 WARNING dataset: Stage2 batch error query_id=q_000938: batch_timeout
2026-02-04 12:28:23 WARNING dataset: Stage2 batch error query_id=q_000939: batch_timeout
2026-02-04 12:28:23 WARNING dataset: Stage2 batch error query_id=q_000940: batch_timeout
2026-02-04 12:28:23 WARNING dataset: Stage2 batch error query_id=q_000941: batch_timeout
2026-02-04 12:28:23 WARNING dataset: Stage2 batch error query_id=q_000942: batch_timeout
2026-02-04 12:28:23 WARNING dataset: Stage2 batch error query_id=q_000943: batch_timeout
2026-02-04 12:28:23 WARNING dataset: Stage2 batch error query_id=q_000944: batch_timeout
2026-02-04 12:28:23 WARNING dataset: Stage2 batch error query_id=q_000945: batch_timeout
2026-02-04 12:28:23 WARNING dataset: Stage2 batch error query_id=q_000946: batch_timeout
2026-02-04 12:28:23 WARNING dataset: Stage2 batch error query_id=q_000947: batch_timeout
2026-02-04 12:28:23 WARNING dataset: Stage2 batch error query_id=q_000948: batch_timeout
2026-02-04 12:28:23 WARNING dataset: Stage2 batch error query_id=q_000949: batch_timeout
2026-02-04 12:28:23 WARNING dataset: Stage2 batch error query_id=q_000950: batch_timeout
2026-02-04 12:28:23 WARNING dataset: Stage2 batch error query_id=q_000951: batch_timeout
2026-02-04 12:28:23 WARNING dataset: Stage2 batch error query_id=q_000952: batch_timeout
2026-02-04 12:28:23 WARNING dataset: Stage2 batch error query_id=q_000953: batch_timeout
2026-02-04 12:28:23 WARNING dataset: Stage2 batch error query_id=q_000954: batch_timeout
2026-02-04 12:28:23 WARNING dataset: Stage2 batch error query_id=q_000955: batch_timeout
2026-02-04 12:28:23 WARNING dataset: Stage2 batch error query_id=q_000956: batch_timeout
2026-02-04 12:28:23 WARNING dataset: Stage2 batch error query_id=q_000957: batch_timeout
2026-02-04 12:33:35 WARNING dataset: Stage2 batch error query_id=q_000958: batch_timeout
2026-02-04 12:33:35 WARNING dataset: Stage2 batch error query_id=q_000959: batch_timeout
2026-02-04 12:33:35 WARNING dataset: Stage2 batch error query_id=q_000960: batch_timeout
2026-02-04 12:33:35 WARNING dataset: Stage2 batch error query_id=q_000961: batch_timeout
2026-02-04 12:33:35 WARNING dataset: Stage2 batch error query_id=q_000962: batch_timeout
2026-02-04 12:33:35 WARNING dataset: Stage2 batch error query_id=q_000963: batch_timeout
2026-02-04 12:33:35 WARNING dataset: Stage2 batch error query_id=q_000964: batch_timeout
2026-02-04 12:33:35 WARNING dataset: Stage2 batch error query_id=q_000965: batch_timeout
2026-02-04 12:33:35 WARNING dataset: Stage2 batch error query_id=q_000966: batch_timeout
2026-02-04 12:33:35 WARNING dataset: Stage2 batch error query_id=q_000967: batch_timeout
2026-02-04 12:33:35 WARNING dataset: Stage2 batch error query_id=q_000968: batch_timeout
2026-02-04 12:33:35 WARNING dataset: Stage2 batch error query_id=q_000969: batch_timeout
2026-02-04 12:33:35 WARNING dataset: Stage2 batch error query_id=q_000970: batch_timeout
2026-02-04 12:33:35 WARNING dataset: Stage2 batch error query_id=q_000971: batch_timeout
2026-02-04 12:33:35 WARNING dataset: Stage2 batch error query_id=q_000972: batch_timeout
2026-02-04 12:33:35 WARNING dataset: Stage2 batch error query_id=q_000973: batch_timeout
2026-02-04 12:33:35 WARNING dataset: Stage2 batch error query_id=q_000974: batch_timeout
2026-02-04 12:33:35 WARNING dataset: Stage2 batch error query_id=q_000975: batch_timeout
2026-02-04 12:33:35 WARNING dataset: Stage2 batch error query_id=q_000976: batch_timeout
2026-02-04 12:33:35 WARNING dataset: Stage2 batch error query_id=q_000977: batch_timeout
2026-02-04 12:33:35 WARNING dataset: Stage2 batch error query_id=q_000978: batch_timeout
2026-02-04 12:33:35 WARNING dataset: Stage2 batch error query_id=q_000979: batch_timeout
2026-02-04 12:33:35 WARNING dataset: Stage2 batch error query_id=q_000980: batch_timeout
2026-02-04 12:33:35 WARNING dataset: Stage2 batch error query_id=q_000981: batch_timeout
2026-02-04 12:33:35 WARNING dataset: Stage2 batch error query_id=q_000982: batch_timeout
2026-02-04 12:33:35 WARNING dataset: Stage2 batch error query_id=q_000983: batch_timeout
2026-02-04 12:33:35 WARNING dataset: Stage2 batch error query_id=q_000984: batch_timeout
2026-02-04 12:33:35 WARNING dataset: Stage2 batch error query_id=q_000985: batch_timeout
2026-02-04 12:33:35 WARNING dataset: Stage2 batch error query_id=q_000986: batch_timeout
2026-02-04 12:33:35 WARNING dataset: Stage2 batch error query_id=q_000987: batch_timeout
2026-02-04 12:33:35 WARNING dataset: Stage2 batch error query_id=q_000988: batch_timeout
2026-02-04 12:33:35 WARNING dataset: Stage2 batch error query_id=q_000989: batch_timeout
2026-02-04 12:33:35 WARNING dataset: Stage2 batch error query_id=q_000990: batch_timeout
2026-02-04 12:33:35 WARNING dataset: Stage2 batch error query_id=q_000991: batch_timeout
2026-02-04 12:33:35 WARNING dataset: Stage2 batch error query_id=q_000992: batch_timeout
2026-02-04 12:33:35 WARNING dataset: Stage2 batch error query_id=q_000993: batch_timeout
2026-02-04 12:33:35 WARNING dataset: Stage2 batch error query_id=q_000994: batch_timeout
2026-02-04 12:33:35 WARNING dataset: Stage2 batch error query_id=q_000995: batch_timeout
2026-02-04 12:33:35 WARNING dataset: Stage2 batch error query_id=q_000996: batch_timeout
2026-02-04 12:33:35 WARNING dataset: Stage2 batch error query_id=q_000997: batch_timeout
2026-02-04 12:33:35 WARNING dataset: Stage2 batch error query_id=q_000998: batch_timeout
2026-02-04 12:33:35 WARNING dataset: Stage2 batch error query_id=q_000999: batch_timeout
2026-02-04 12:33:35 WARNING dataset: Stage2 batch error query_id=q_001000: batch_timeout
2026-02-04 12:33:35 WARNING dataset: Stage2 batch error query_id=q_001001: batch_timeout
2026-02-04 12:33:35 WARNING dataset: Stage2 batch error query_id=q_001002: batch_timeout
2026-02-04 12:33:35 WARNING dataset: Stage2 batch error query_id=q_001003: batch_timeout
2026-02-04 12:33:35 WARNING dataset: Stage2 batch error query_id=q_001004: batch_timeout
2026-02-04 12:33:35 WARNING dataset: Stage2 batch error query_id=q_001005: batch_timeout
2026-02-04 12:33:35 WARNING dataset: Stage2 batch error query_id=q_001006: batch_timeout
2026-02-04 12:33:35 WARNING dataset: Stage2 batch error query_id=q_001007: batch_timeout
2026-02-04 12:33:35 WARNING dataset: Stage2 batch error query_id=q_001008: batch_timeout
2026-02-04 12:33:35 WARNING dataset: Stage2 batch error query_id=q_001009: batch_timeout
2026-02-04 12:33:35 WARNING dataset: Stage2 batch error query_id=q_001010: batch_timeout
2026-02-04 12:33:35 WARNING dataset: Stage2 batch error query_id=q_001011: batch_timeout
2026-02-04 12:33:35 WARNING dataset: Stage2 batch error query_id=q_001012: batch_timeout
2026-02-04 12:33:35 WARNING dataset: Stage2 batch error query_id=q_001013: batch_timeout
2026-02-04 12:33:35 WARNING dataset: Stage2 batch error query_id=q_001014: batch_timeout
2026-02-04 12:33:35 WARNING dataset: Stage2 batch error query_id=q_001015: batch_timeout
2026-02-04 12:33:35 WARNING dataset: Stage2 batch error query_id=q_001016: batch_timeout
2026-02-04 12:33:35 WARNING dataset: Stage2 batch error query_id=q_000958: batch_timeout
2026-02-04 12:33:35 WARNING dataset: Stage2 batch error query_id=q_000959: batch_timeout
2026-02-04 12:33:35 WARNING dataset: Stage2 batch error query_id=q_000960: batch_timeout
2026-02-04 12:33:35 WARNING dataset: Stage2 batch error query_id=q_000961: batch_timeout
2026-02-04 12:33:35 WARNING dataset: Stage2 batch error query_id=q_000962: batch_timeout
2026-02-04 12:33:35 WARNING dataset: Stage2 batch error query_id=q_000963: batch_timeout
2026-02-04 12:33:35 WARNING dataset: Stage2 batch error query_id=q_000964: batch_timeout
2026-02-04 12:33:35 WARNING dataset: Stage2 batch error query_id=q_000965: batch_timeout
2026-02-04 12:33:35 WARNING dataset: Stage2 batch error query_id=q_000966: batch_timeout
2026-02-04 12:33:35 WARNING dataset: Stage2 batch error query_id=q_000967: batch_timeout
2026-02-04 12:33:35 WARNING dataset: Stage2 batch error query_id=q_000968: batch_timeout
2026-02-04 12:33:35 WARNING dataset: Stage2 batch error query_id=q_000969: batch_timeout
2026-02-04 12:33:35 WARNING dataset: Stage2 batch error query_id=q_000970: batch_timeout
2026-02-04 12:33:35 WARNING dataset: Stage2 batch error query_id=q_000971: batch_timeout
2026-02-04 12:33:35 WARNING dataset: Stage2 batch error query_id=q_000972: batch_timeout
2026-02-04 12:33:35 WARNING dataset: Stage2 batch error query_id=q_000973: batch_timeout
2026-02-04 12:33:35 WARNING dataset: Stage2 batch error query_id=q_000974: batch_timeout
2026-02-04 12:33:35 WARNING dataset: Stage2 batch error query_id=q_000975: batch_timeout
2026-02-04 12:33:35 WARNING dataset: Stage2 batch error query_id=q_000976: batch_timeout
2026-02-04 12:33:35 WARNING dataset: Stage2 batch error query_id=q_000977: batch_timeout
2026-02-04 12:33:35 WARNING dataset: Stage2 batch error query_id=q_000978: batch_timeout
2026-02-04 12:33:35 WARNING dataset: Stage2 batch error query_id=q_000979: batch_timeout
2026-02-04 12:33:35 WARNING dataset: Stage2 batch error query_id=q_000980: batch_timeout
2026-02-04 12:33:35 WARNING dataset: Stage2 batch error query_id=q_000981: batch_timeout
2026-02-04 12:33:35 WARNING dataset: Stage2 batch error query_id=q_000982: batch_timeout
2026-02-04 12:33:35 WARNING dataset: Stage2 batch error query_id=q_000983: batch_timeout
2026-02-04 12:33:35 WARNING dataset: Stage2 batch error query_id=q_000984: batch_timeout
2026-02-04 12:33:35 WARNING dataset: Stage2 batch error query_id=q_000985: batch_timeout
2026-02-04 12:33:35 WARNING dataset: Stage2 batch error query_id=q_000986: batch_timeout
2026-02-04 12:33:35 WARNING dataset: Stage2 batch error query_id=q_000987: batch_timeout
2026-02-04 12:33:35 WARNING dataset: Stage2 batch error query_id=q_000988: batch_timeout
2026-02-04 12:33:35 WARNING dataset: Stage2 batch error query_id=q_001017: batch_timeout
2026-02-04 12:33:35 WARNING dataset: Stage2 batch error query_id=q_001018: batch_timeout
2026-02-04 12:33:35 WARNING dataset: Stage2 batch error query_id=q_001019: batch_timeout
2026-02-04 12:33:35 WARNING dataset: Stage2 batch error query_id=q_001020: batch_timeout
2026-02-04 12:33:35 WARNING dataset: Stage2 batch error query_id=q_001021: batch_timeout
2026-02-04 12:33:35 WARNING dataset: Stage2 batch error query_id=q_001022: batch_timeout
2026-02-04 12:33:35 WARNING dataset: Stage2 batch error query_id=q_001023: batch_timeout
2026-02-04 12:33:35 WARNING dataset: Stage2 batch error query_id=q_001024: batch_timeout
2026-02-04 12:33:35 WARNING dataset: Stage2 batch error query_id=q_001025: batch_timeout
2026-02-04 12:33:35 WARNING dataset: Stage2 batch error query_id=q_001026: batch_timeout
2026-02-04 12:33:35 WARNING dataset: Stage2 batch error query_id=q_001027: batch_timeout
2026-02-04 12:33:35 WARNING dataset: Stage2 batch error query_id=q_001028: batch_timeout
2026-02-04 12:33:35 WARNING dataset: Stage2 batch error query_id=q_001029: batch_timeout
2026-02-04 12:33:35 WARNING dataset: Stage2 batch error query_id=q_001030: batch_timeout
2026-02-04 12:33:35 WARNING dataset: Stage2 batch error query_id=q_001031: batch_timeout
2026-02-04 12:33:35 WARNING dataset: Stage2 batch error query_id=q_001032: batch_timeout
2026-02-04 12:33:35 WARNING dataset: Stage2 batch error query_id=q_001033: batch_timeout
2026-02-04 12:33:35 WARNING dataset: Stage2 batch error query_id=q_001034: batch_timeout
2026-02-04 12:33:35 WARNING dataset: Stage2 batch error query_id=q_001035: batch_timeout
2026-02-04 12:33:35 WARNING dataset: Stage2 batch error query_id=q_001036: batch_timeout
2026-02-04 12:33:35 WARNING dataset: Stage2 batch error query_id=q_001037: batch_timeout
2026-02-04 12:33:35 WARNING dataset: Stage2 batch error query_id=q_001038: batch_timeout
2026-02-04 12:33:35 WARNING dataset: Stage2 batch error query_id=q_000989: batch_timeout
2026-02-04 12:33:35 WARNING dataset: Stage2 batch error query_id=q_000990: batch_timeout
2026-02-04 12:33:35 WARNING dataset: Stage2 batch error query_id=q_000991: batch_timeout
2026-02-04 12:33:35 WARNING dataset: Stage2 batch error query_id=q_000992: batch_timeout
2026-02-04 12:33:35 WARNING dataset: Stage2 batch error query_id=q_000993: batch_timeout
2026-02-04 12:33:35 WARNING dataset: Stage2 batch error query_id=q_000994: batch_timeout
2026-02-04 12:33:35 WARNING dataset: Stage2 batch error query_id=q_000995: batch_timeout
2026-02-04 12:33:35 WARNING dataset: Stage2 batch error query_id=q_000996: batch_timeout
2026-02-04 12:33:35 WARNING dataset: Stage2 batch error query_id=q_000997: batch_timeout
2026-02-04 12:33:35 WARNING dataset: Stage2 batch error query_id=q_000998: batch_timeout
2026-02-04 12:33:35 WARNING dataset: Stage2 batch error query_id=q_000999: batch_timeout
2026-02-04 12:33:35 WARNING dataset: Stage2 batch error query_id=q_001000: batch_timeout
2026-02-04 12:33:35 WARNING dataset: Stage2 batch error query_id=q_001001: batch_timeout
2026-02-04 12:33:35 WARNING dataset: Stage2 batch error query_id=q_001002: batch_timeout
2026-02-04 12:33:35 WARNING dataset: Stage2 batch error query_id=q_001003: batch_timeout
2026-02-04 12:33:35 WARNING dataset: Stage2 batch error query_id=q_001004: batch_timeout
2026-02-04 12:33:35 WARNING dataset: Stage2 batch error query_id=q_001005: batch_timeout
2026-02-04 12:33:35 WARNING dataset: Stage2 batch error query_id=q_001006: batch_timeout
2026-02-04 12:33:35 WARNING dataset: Stage2 batch error query_id=q_001007: batch_timeout
2026-02-04 12:33:35 WARNING dataset: Stage2 batch error query_id=q_001008: batch_timeout
2026-02-04 12:33:35 WARNING dataset: Stage2 batch error query_id=q_001009: batch_timeout
2026-02-04 12:33:35 WARNING dataset: Stage2 batch error query_id=q_001010: batch_timeout
2026-02-04 12:33:35 WARNING dataset: Stage2 batch error query_id=q_001011: batch_timeout
2026-02-04 12:33:35 WARNING dataset: Stage2 batch error query_id=q_001012: batch_timeout
2026-02-04 12:33:35 WARNING dataset: Stage2 batch error query_id=q_001013: batch_timeout
2026-02-04 12:33:35 WARNING dataset: Stage2 batch error query_id=q_001014: batch_timeout
2026-02-04 12:33:35 WARNING dataset: Stage2 batch error query_id=q_001015: batch_timeout
2026-02-04 12:33:35 WARNING dataset: Stage2 batch error query_id=q_001016: batch_timeout
2026-02-04 12:33:35 WARNING dataset: Stage2 batch error query_id=q_001017: batch_timeout
2026-02-04 12:33:35 WARNING dataset: Stage2 batch error query_id=q_001039: batch_timeout
2026-02-04 12:33:35 WARNING dataset: Stage2 batch error query_id=q_001040: batch_timeout
2026-02-04 12:33:35 WARNING dataset: Stage2 batch error query_id=q_001041: batch_timeout
2026-02-04 12:33:35 WARNING dataset: Stage2 batch error query_id=q_001042: batch_timeout
2026-02-04 12:33:35 WARNING dataset: Stage2 batch error query_id=q_001043: batch_timeout
2026-02-04 12:33:35 WARNING dataset: Stage2 batch error query_id=q_001044: batch_timeout
2026-02-04 12:33:35 WARNING dataset: Stage2 batch error query_id=q_001018: batch_timeout
2026-02-04 12:33:35 WARNING dataset: Stage2 batch error query_id=q_001019: batch_timeout
2026-02-04 12:33:35 WARNING dataset: Stage2 batch error query_id=q_001020: batch_timeout
2026-02-04 12:33:35 WARNING dataset: Stage2 batch error query_id=q_001021: batch_timeout
2026-02-04 12:33:35 WARNING dataset: Stage2 batch error query_id=q_001022: batch_timeout
2026-02-04 12:33:35 WARNING dataset: Stage2 batch error query_id=q_001023: batch_timeout
2026-02-04 12:33:35 WARNING dataset: Stage2 batch error query_id=q_001024: batch_timeout
2026-02-04 12:33:35 WARNING dataset: Stage2 batch error query_id=q_001025: batch_timeout
2026-02-04 12:33:35 WARNING dataset: Stage2 batch error query_id=q_001026: batch_timeout
2026-02-04 12:33:35 WARNING dataset: Stage2 batch error query_id=q_001027: batch_timeout
2026-02-04 12:33:35 WARNING dataset: Stage2 batch error query_id=q_001028: batch_timeout
2026-02-04 12:33:35 WARNING dataset: Stage2 batch error query_id=q_001029: batch_timeout
2026-02-04 12:33:35 WARNING dataset: Stage2 batch error query_id=q_001030: batch_timeout
2026-02-04 12:33:35 WARNING dataset: Stage2 batch error query_id=q_001031: batch_timeout
2026-02-04 12:33:35 WARNING dataset: Stage2 batch error query_id=q_001032: batch_timeout
2026-02-04 12:33:35 WARNING dataset: Stage2 batch error query_id=q_001033: batch_timeout
2026-02-04 12:33:35 WARNING dataset: Stage2 batch error query_id=q_001034: batch_timeout
2026-02-04 12:33:35 WARNING dataset: Stage2 batch error query_id=q_001035: batch_timeout
2026-02-04 12:33:35 WARNING dataset: Stage2 batch error query_id=q_001036: batch_timeout
2026-02-04 12:33:35 WARNING dataset: Stage2 batch error query_id=q_001037: batch_timeout
2026-02-04 12:33:35 WARNING dataset: Stage2 batch error query_id=q_001038: batch_timeout
2026-02-04 12:33:35 WARNING dataset: Stage2 batch error query_id=q_001039: batch_timeout
2026-02-04 12:33:35 WARNING dataset: Stage2 batch error query_id=q_001040: batch_timeout
2026-02-04 12:33:35 WARNING dataset: Stage2 batch error query_id=q_001041: batch_timeout
2026-02-04 12:33:35 WARNING dataset: Stage2 batch error query_id=q_001042: batch_timeout
2026-02-04 12:33:35 WARNING dataset: Stage2 batch error query_id=q_001043: batch_timeout
2026-02-04 12:33:35 WARNING dataset: Stage2 batch error query_id=q_001044: batch_timeout
2026-02-04 12:35:24 ERROR dataset: Stage1 rate limit info: limits={'rpm': None, 'tpm': None, 'rpd': None, 'note': 'set per your Google project tier'} headers=none
2026-02-04 12:35:24 ERROR dataset: Stage1 error intent=product_lookup: rate limit hit provider=gemini model=gemini-3-pro-preview limits={'rpm': None, 'tpm': None, 'rpd': None, 'note': 'set per your Google project tier'} headers=none
2026-02-04 12:35:39 ERROR dataset: Stage1 rate limit info: limits={'rpm': None, 'tpm': None, 'rpd': None, 'note': 'set per your Google project tier'} headers=none
2026-02-04 12:35:39 ERROR dataset: Stage1 error intent=Documentation: rate limit hit provider=gemini model=gemini-3-pro-preview limits={'rpm': None, 'tpm': None, 'rpd': None, 'note': 'set per your Google project tier'} headers=none
2026-02-04 12:35:54 ERROR dataset: Stage1 rate limit info: limits={'rpm': None, 'tpm': None, 'rpd': None, 'note': 'set per your Google project tier'} headers=none
2026-02-04 12:35:54 ERROR dataset: Stage1 error intent=Documentation: rate limit hit provider=gemini model=gemini-3-pro-preview limits={'rpm': None, 'tpm': None, 'rpd': None, 'note': 'set per your Google project tier'} headers=none
2026-02-04 12:36:07 ERROR dataset: Stage1 rate limit info: limits={'rpm': None, 'tpm': None, 'rpd': None, 'note': 'set per your Google project tier'} headers=none
2026-02-04 12:36:07 ERROR dataset: Stage1 error intent=Documentation: rate limit hit provider=gemini model=gemini-3-pro-preview limits={'rpm': None, 'tpm': None, 'rpd': None, 'note': 'set per your Google project tier'} headers=none
2026-02-04 12:38:46 WARNING dataset: Stage2 batch error query_id=q_001045: batch_timeout
2026-02-04 12:38:46 WARNING dataset: Stage2 batch error query_id=q_001046: batch_timeout
2026-02-04 12:38:46 WARNING dataset: Stage2 batch error query_id=q_001047: batch_timeout
2026-02-04 12:38:46 WARNING dataset: Stage2 batch error query_id=q_001048: batch_timeout
2026-02-04 12:38:46 WARNING dataset: Stage2 batch error query_id=q_001049: batch_timeout
2026-02-04 12:38:46 WARNING dataset: Stage2 batch error query_id=q_001050: batch_timeout
2026-02-04 12:38:46 WARNING dataset: Stage2 batch error query_id=q_001051: batch_timeout
2026-02-04 12:38:46 WARNING dataset: Stage2 batch error query_id=q_001052: batch_timeout
2026-02-04 12:38:46 WARNING dataset: Stage2 batch error query_id=q_001053: batch_timeout
2026-02-04 12:38:46 WARNING dataset: Stage2 batch error query_id=q_001054: batch_timeout
2026-02-04 12:38:46 WARNING dataset: Stage2 batch error query_id=q_001055: batch_timeout
2026-02-04 12:38:46 WARNING dataset: Stage2 batch error query_id=q_001056: batch_timeout
2026-02-04 12:38:46 WARNING dataset: Stage2 batch error query_id=q_001057: batch_timeout
2026-02-04 12:38:46 WARNING dataset: Stage2 batch error query_id=q_001058: batch_timeout
2026-02-04 12:38:46 WARNING dataset: Stage2 batch error query_id=q_001059: batch_timeout
2026-02-04 12:38:46 WARNING dataset: Stage2 batch error query_id=q_001060: batch_timeout
2026-02-04 12:38:46 WARNING dataset: Stage2 batch error query_id=q_001061: batch_timeout
2026-02-04 12:38:46 WARNING dataset: Stage2 batch error query_id=q_001062: batch_timeout
2026-02-04 12:38:46 WARNING dataset: Stage2 batch error query_id=q_001063: batch_timeout
2026-02-04 12:38:46 WARNING dataset: Stage2 batch error query_id=q_001064: batch_timeout
2026-02-04 12:38:46 WARNING dataset: Stage2 batch error query_id=q_001065: batch_timeout
2026-02-04 12:38:46 WARNING dataset: Stage2 batch error query_id=q_001066: batch_timeout
2026-02-04 12:38:46 WARNING dataset: Stage2 batch error query_id=q_001045: batch_timeout
2026-02-04 12:38:46 WARNING dataset: Stage2 batch error query_id=q_001046: batch_timeout
2026-02-04 12:38:46 WARNING dataset: Stage2 batch error query_id=q_001047: batch_timeout
2026-02-04 12:38:46 WARNING dataset: Stage2 batch error query_id=q_001048: batch_timeout
2026-02-04 12:38:46 WARNING dataset: Stage2 batch error query_id=q_001049: batch_timeout
2026-02-04 12:38:46 WARNING dataset: Stage2 batch error query_id=q_001050: batch_timeout
2026-02-04 12:38:46 WARNING dataset: Stage2 batch error query_id=q_001051: batch_timeout
2026-02-04 12:38:46 WARNING dataset: Stage2 batch error query_id=q_001052: batch_timeout
2026-02-04 12:38:46 WARNING dataset: Stage2 batch error query_id=q_001053: batch_timeout
2026-02-04 12:38:46 WARNING dataset: Stage2 batch error query_id=q_001054: batch_timeout
2026-02-04 12:38:46 WARNING dataset: Stage2 batch error query_id=q_001055: batch_timeout
2026-02-04 12:38:46 WARNING dataset: Stage2 batch error query_id=q_001056: batch_timeout
2026-02-04 12:38:46 WARNING dataset: Stage2 batch error query_id=q_001057: batch_timeout
2026-02-04 12:38:46 WARNING dataset: Stage2 batch error query_id=q_001058: batch_timeout
2026-02-04 12:38:46 WARNING dataset: Stage2 batch error query_id=q_001059: batch_timeout
2026-02-04 12:38:46 WARNING dataset: Stage2 batch error query_id=q_001060: batch_timeout
2026-02-04 12:38:46 WARNING dataset: Stage2 batch error query_id=q_001061: batch_timeout
2026-02-04 12:38:46 WARNING dataset: Stage2 batch error query_id=q_001062: batch_timeout
2026-02-04 12:38:46 WARNING dataset: Stage2 batch error query_id=q_001063: batch_timeout
2026-02-04 12:38:46 WARNING dataset: Stage2 batch error query_id=q_001067: batch_timeout
2026-02-04 12:38:46 WARNING dataset: Stage2 batch error query_id=q_001068: batch_timeout
2026-02-04 12:38:46 WARNING dataset: Stage2 batch error query_id=q_001069: batch_timeout
2026-02-04 12:38:46 WARNING dataset: Stage2 batch error query_id=q_001070: batch_timeout
2026-02-04 12:38:46 WARNING dataset: Stage2 batch error query_id=q_001071: batch_timeout
2026-02-04 12:38:46 WARNING dataset: Stage2 batch error query_id=q_001072: batch_timeout
2026-02-04 12:38:46 WARNING dataset: Stage2 batch error query_id=q_001073: batch_timeout
2026-02-04 12:38:46 WARNING dataset: Stage2 batch error query_id=q_001074: batch_timeout
2026-02-04 12:38:46 WARNING dataset: Stage2 batch error query_id=q_001075: batch_timeout
2026-02-04 12:38:46 WARNING dataset: Stage2 batch error query_id=q_001076: batch_timeout
2026-02-04 12:38:46 WARNING dataset: Stage2 batch error query_id=q_001077: batch_timeout
2026-02-04 12:38:46 WARNING dataset: Stage2 batch error query_id=q_001078: batch_timeout
2026-02-04 12:38:46 WARNING dataset: Stage2 batch error query_id=q_001079: batch_timeout
2026-02-04 12:38:46 WARNING dataset: Stage2 batch error query_id=q_001080: batch_timeout
2026-02-04 12:38:46 WARNING dataset: Stage2 batch error query_id=q_001081: batch_timeout
2026-02-04 12:38:46 WARNING dataset: Stage2 batch error query_id=q_001082: batch_timeout
2026-02-04 12:38:46 WARNING dataset: Stage2 batch error query_id=q_001083: batch_timeout
2026-02-04 12:38:46 WARNING dataset: Stage2 batch error query_id=q_001084: batch_timeout
2026-02-04 12:38:46 WARNING dataset: Stage2 batch error query_id=q_001085: batch_timeout
2026-02-04 12:38:46 WARNING dataset: Stage2 batch error query_id=q_001086: batch_timeout
2026-02-04 12:38:46 WARNING dataset: Stage2 batch error query_id=q_001087: batch_timeout
2026-02-04 12:38:46 WARNING dataset: Stage2 batch error query_id=q_001088: batch_timeout
2026-02-04 12:38:46 WARNING dataset: Stage2 batch error query_id=q_001064: batch_timeout
2026-02-04 12:38:46 WARNING dataset: Stage2 batch error query_id=q_001065: batch_timeout
2026-02-04 12:38:46 WARNING dataset: Stage2 batch error query_id=q_001066: batch_timeout
2026-02-04 12:38:46 WARNING dataset: Stage2 batch error query_id=q_001067: batch_timeout
2026-02-04 12:38:46 WARNING dataset: Stage2 batch error query_id=q_001068: batch_timeout
2026-02-04 12:38:46 WARNING dataset: Stage2 batch error query_id=q_001069: batch_timeout
2026-02-04 12:38:46 WARNING dataset: Stage2 batch error query_id=q_001070: batch_timeout
2026-02-04 12:38:46 WARNING dataset: Stage2 batch error query_id=q_001071: batch_timeout
2026-02-04 12:38:46 WARNING dataset: Stage2 batch error query_id=q_001072: batch_timeout
2026-02-04 12:38:46 WARNING dataset: Stage2 batch error query_id=q_001073: batch_timeout
2026-02-04 12:38:46 WARNING dataset: Stage2 batch error query_id=q_001074: batch_timeout
2026-02-04 12:38:46 WARNING dataset: Stage2 batch error query_id=q_001075: batch_timeout
2026-02-04 12:38:46 WARNING dataset: Stage2 batch error query_id=q_001076: batch_timeout
2026-02-04 12:38:46 WARNING dataset: Stage2 batch error query_id=q_001077: batch_timeout
2026-02-04 12:38:46 WARNING dataset: Stage2 batch error query_id=q_001078: batch_timeout
2026-02-04 12:38:46 WARNING dataset: Stage2 batch error query_id=q_001079: batch_timeout
2026-02-04 12:38:46 WARNING dataset: Stage2 batch error query_id=q_001080: batch_timeout
2026-02-04 12:38:46 WARNING dataset: Stage2 batch error query_id=q_001089: batch_timeout
2026-02-04 12:38:46 WARNING dataset: Stage2 batch error query_id=q_001090: batch_timeout
2026-02-04 12:38:46 WARNING dataset: Stage2 batch error query_id=q_001091: batch_timeout
2026-02-04 12:38:46 WARNING dataset: Stage2 batch error query_id=q_001092: batch_timeout
2026-02-04 12:38:46 WARNING dataset: Stage2 batch error query_id=q_001093: batch_timeout
2026-02-04 12:38:46 WARNING dataset: Stage2 batch error query_id=q_001094: batch_timeout
2026-02-04 12:38:46 WARNING dataset: Stage2 batch error query_id=q_001095: batch_timeout
2026-02-04 12:38:46 WARNING dataset: Stage2 batch error query_id=q_001096: batch_timeout
2026-02-04 12:38:46 WARNING dataset: Stage2 batch error query_id=q_001097: batch_timeout
2026-02-04 12:38:46 WARNING dataset: Stage2 batch error query_id=q_001098: batch_timeout
2026-02-04 12:38:46 WARNING dataset: Stage2 batch error query_id=q_001099: batch_timeout
2026-02-04 12:38:46 WARNING dataset: Stage2 batch error query_id=q_001100: batch_timeout
2026-02-04 12:38:46 WARNING dataset: Stage2 batch error query_id=q_001101: batch_timeout
2026-02-04 12:38:46 WARNING dataset: Stage2 batch error query_id=q_001102: batch_timeout
2026-02-04 12:38:46 WARNING dataset: Stage2 batch error query_id=q_001103: batch_timeout
2026-02-04 12:38:46 WARNING dataset: Stage2 batch error query_id=q_001104: batch_timeout
2026-02-04 12:38:46 WARNING dataset: Stage2 batch error query_id=q_001105: batch_timeout
2026-02-04 12:38:46 WARNING dataset: Stage2 batch error query_id=q_001106: batch_timeout
2026-02-04 12:38:46 WARNING dataset: Stage2 batch error query_id=q_001089: batch_timeout
2026-02-04 12:38:46 WARNING dataset: Stage2 batch error query_id=q_001090: batch_timeout
2026-02-04 12:38:46 WARNING dataset: Stage2 batch error query_id=q_001091: batch_timeout
2026-02-04 12:38:46 WARNING dataset: Stage2 batch error query_id=q_001092: batch_timeout
2026-02-04 12:38:46 WARNING dataset: Stage2 batch error query_id=q_001093: batch_timeout
2026-02-04 12:38:46 WARNING dataset: Stage2 batch error query_id=q_001094: batch_timeout
2026-02-04 12:38:46 WARNING dataset: Stage2 batch error query_id=q_001095: batch_timeout
2026-02-04 12:38:46 WARNING dataset: Stage2 batch error query_id=q_001096: batch_timeout
2026-02-04 12:38:46 WARNING dataset: Stage2 batch error query_id=q_001097: batch_timeout
2026-02-04 12:38:46 WARNING dataset: Stage2 batch error query_id=q_001098: batch_timeout
2026-02-04 12:38:46 WARNING dataset: Stage2 batch error query_id=q_001099: batch_timeout
2026-02-04 12:38:46 WARNING dataset: Stage2 batch error query_id=q_001100: batch_timeout
2026-02-04 12:38:46 WARNING dataset: Stage2 batch error query_id=q_001081: batch_timeout
2026-02-04 12:38:46 WARNING dataset: Stage2 batch error query_id=q_001082: batch_timeout
2026-02-04 12:38:46 WARNING dataset: Stage2 batch error query_id=q_001083: batch_timeout
2026-02-04 12:38:46 WARNING dataset: Stage2 batch error query_id=q_001084: batch_timeout
2026-02-04 12:38:46 WARNING dataset: Stage2 batch error query_id=q_001085: batch_timeout
2026-02-04 12:38:46 WARNING dataset: Stage2 batch error query_id=q_001086: batch_timeout
2026-02-04 12:38:46 WARNING dataset: Stage2 batch error query_id=q_001087: batch_timeout
2026-02-04 12:38:46 WARNING dataset: Stage2 batch error query_id=q_001088: batch_timeout
2026-02-04 12:38:46 WARNING dataset: Stage2 batch error query_id=q_001089: batch_timeout
2026-02-04 12:38:46 WARNING dataset: Stage2 batch error query_id=q_001090: batch_timeout
2026-02-04 12:38:46 WARNING dataset: Stage2 batch error query_id=q_001091: batch_timeout
2026-02-04 12:38:46 WARNING dataset: Stage2 batch error query_id=q_001092: batch_timeout
2026-02-04 12:38:46 WARNING dataset: Stage2 batch error query_id=q_001093: batch_timeout
2026-02-04 12:38:46 WARNING dataset: Stage2 batch error query_id=q_001094: batch_timeout
2026-02-04 12:38:46 WARNING dataset: Stage2 batch error query_id=q_001095: batch_timeout
2026-02-04 12:38:46 WARNING dataset: Stage2 batch error query_id=q_001096: batch_timeout
2026-02-04 12:38:46 WARNING dataset: Stage2 batch error query_id=q_001097: batch_timeout
2026-02-04 12:38:46 WARNING dataset: Stage2 batch error query_id=q_001107: batch_timeout
2026-02-04 12:38:46 WARNING dataset: Stage2 batch error query_id=q_001108: batch_timeout
2026-02-04 12:38:46 WARNING dataset: Stage2 batch error query_id=q_001109: batch_timeout
2026-02-04 12:38:46 WARNING dataset: Stage2 batch error query_id=q_001110: batch_timeout
2026-02-04 12:38:46 WARNING dataset: Stage2 batch error query_id=q_001111: batch_timeout
2026-02-04 12:38:46 WARNING dataset: Stage2 batch error query_id=q_001112: batch_timeout
2026-02-04 12:38:46 WARNING dataset: Stage2 batch error query_id=q_001113: batch_timeout
2026-02-04 12:38:46 WARNING dataset: Stage2 batch error query_id=q_001114: batch_timeout
2026-02-04 12:38:46 WARNING dataset: Stage2 batch error query_id=q_001115: batch_timeout
2026-02-04 12:38:46 WARNING dataset: Stage2 batch error query_id=q_001116: batch_timeout
2026-02-04 12:38:46 WARNING dataset: Stage2 batch error query_id=q_001117: batch_timeout
2026-02-04 12:38:46 WARNING dataset: Stage2 batch error query_id=q_001118: batch_timeout
2026-02-04 12:38:46 WARNING dataset: Stage2 batch error query_id=q_001119: batch_timeout
2026-02-04 12:38:46 WARNING dataset: Stage2 batch error query_id=q_001120: batch_timeout
2026-02-04 12:38:46 WARNING dataset: Stage2 batch error query_id=q_001121: batch_timeout
2026-02-04 12:38:46 WARNING dataset: Stage2 batch error query_id=q_001122: batch_timeout
2026-02-04 12:38:46 WARNING dataset: Stage2 batch error query_id=q_001123: batch_timeout
2026-02-04 12:38:46 WARNING dataset: Stage2 batch error query_id=q_001124: batch_timeout
2026-02-04 12:38:46 WARNING dataset: Stage2 batch error query_id=q_001125: batch_timeout
2026-02-04 12:38:46 WARNING dataset: Stage2 batch error query_id=q_001126: batch_timeout
2026-02-04 12:38:46 WARNING dataset: Stage2 batch error query_id=q_001127: batch_timeout
2026-02-04 12:38:46 WARNING dataset: Stage2 batch error query_id=q_001128: batch_timeout
2026-02-04 12:38:46 WARNING dataset: Stage2 batch error query_id=q_001129: batch_timeout
2026-02-04 12:38:46 WARNING dataset: Stage2 batch error query_id=q_001130: batch_timeout
2026-02-04 12:38:46 WARNING dataset: Stage2 batch error query_id=q_001131: batch_timeout
2026-02-04 12:38:46 WARNING dataset: Stage2 batch error query_id=q_001101: batch_timeout
2026-02-04 12:38:46 WARNING dataset: Stage2 batch error query_id=q_001102: batch_timeout
2026-02-04 12:38:46 WARNING dataset: Stage2 batch error query_id=q_001103: batch_timeout
2026-02-04 12:38:46 WARNING dataset: Stage2 batch error query_id=q_001104: batch_timeout
2026-02-04 12:38:46 WARNING dataset: Stage2 batch error query_id=q_001105: batch_timeout
2026-02-04 12:38:46 WARNING dataset: Stage2 batch error query_id=q_001106: batch_timeout
2026-02-04 12:38:46 WARNING dataset: Stage2 batch error query_id=q_001107: batch_timeout
2026-02-04 12:38:46 WARNING dataset: Stage2 batch error query_id=q_001108: batch_timeout
2026-02-04 12:38:46 WARNING dataset: Stage2 batch error query_id=q_001109: batch_timeout
2026-02-04 12:38:46 WARNING dataset: Stage2 batch error query_id=q_001110: batch_timeout
2026-02-04 12:38:46 WARNING dataset: Stage2 batch error query_id=q_001111: batch_timeout
2026-02-04 12:38:46 WARNING dataset: Stage2 batch error query_id=q_001112: batch_timeout
2026-02-04 12:38:46 WARNING dataset: Stage2 batch error query_id=q_001098: batch_timeout
2026-02-04 12:38:46 WARNING dataset: Stage2 batch error query_id=q_001099: batch_timeout
2026-02-04 12:38:46 WARNING dataset: Stage2 batch error query_id=q_001100: batch_timeout
2026-02-04 12:38:46 WARNING dataset: Stage2 batch error query_id=q_001101: batch_timeout
2026-02-04 12:38:46 WARNING dataset: Stage2 batch error query_id=q_001102: batch_timeout
2026-02-04 12:38:46 WARNING dataset: Stage2 batch error query_id=q_001103: batch_timeout
2026-02-04 12:38:46 WARNING dataset: Stage2 batch error query_id=q_001104: batch_timeout
2026-02-04 12:38:46 WARNING dataset: Stage2 batch error query_id=q_001105: batch_timeout
2026-02-04 12:38:46 WARNING dataset: Stage2 batch error query_id=q_001106: batch_timeout
2026-02-04 12:38:46 WARNING dataset: Stage2 batch error query_id=q_001107: batch_timeout
2026-02-04 12:38:46 WARNING dataset: Stage2 batch error query_id=q_001108: batch_timeout
2026-02-04 12:38:46 WARNING dataset: Stage2 batch error query_id=q_001109: batch_timeout
2026-02-04 12:38:46 WARNING dataset: Stage2 batch error query_id=q_001110: batch_timeout
2026-02-04 12:38:46 WARNING dataset: Stage2 batch error query_id=q_001111: batch_timeout
2026-02-04 12:38:46 WARNING dataset: Stage2 batch error query_id=q_001112: batch_timeout
2026-02-04 12:38:46 WARNING dataset: Stage2 batch error query_id=q_001113: batch_timeout
2026-02-04 12:38:46 WARNING dataset: Stage2 batch error query_id=q_001114: batch_timeout
2026-02-04 12:38:46 WARNING dataset: Stage2 batch error query_id=q_001115: batch_timeout
2026-02-04 12:38:46 WARNING dataset: Stage2 batch error query_id=q_001116: batch_timeout
2026-02-04 12:38:46 WARNING dataset: Stage2 batch error query_id=q_001117: batch_timeout
2026-02-04 12:38:46 WARNING dataset: Stage2 batch error query_id=q_001118: batch_timeout
2026-02-04 12:38:46 WARNING dataset: Stage2 batch error query_id=q_001119: batch_timeout
2026-02-04 12:38:46 WARNING dataset: Stage2 batch error query_id=q_001120: batch_timeout
2026-02-04 12:38:46 WARNING dataset: Stage2 batch error query_id=q_001121: batch_timeout
2026-02-04 12:38:46 WARNING dataset: Stage2 batch error query_id=q_001122: batch_timeout
2026-02-04 12:38:46 WARNING dataset: Stage2 batch error query_id=q_001123: batch_timeout
2026-02-04 12:38:46 WARNING dataset: Stage2 batch error query_id=q_001124: batch_timeout
2026-02-04 12:38:46 WARNING dataset: Stage2 batch error query_id=q_001125: batch_timeout
2026-02-04 12:38:46 WARNING dataset: Stage2 batch error query_id=q_001126: batch_timeout
2026-02-04 12:38:46 WARNING dataset: Stage2 batch error query_id=q_001127: batch_timeout
2026-02-04 12:38:46 WARNING dataset: Stage2 batch error query_id=q_001128: batch_timeout
2026-02-04 12:38:46 WARNING dataset: Stage2 batch error query_id=q_001129: batch_timeout
2026-02-04 12:38:46 WARNING dataset: Stage2 batch error query_id=q_001130: batch_timeout
2026-02-04 12:38:46 WARNING dataset: Stage2 batch error query_id=q_001131: batch_timeout
2026-02-04 12:40:37 WARNING dataset: Stage2 batch error query_id=q_000001: batch_timeout
2026-02-04 12:43:56 WARNING dataset: Stage2 batch error query_id=q_001132: batch_timeout
2026-02-04 12:43:56 WARNING dataset: Stage2 batch error query_id=q_001133: batch_timeout
2026-02-04 12:43:56 WARNING dataset: Stage2 batch error query_id=q_001134: batch_timeout
2026-02-04 12:43:56 WARNING dataset: Stage2 batch error query_id=q_001135: batch_timeout
2026-02-04 12:43:56 WARNING dataset: Stage2 batch error query_id=q_001136: batch_timeout
2026-02-04 12:43:56 WARNING dataset: Stage2 batch error query_id=q_001137: batch_timeout
2026-02-04 12:43:56 WARNING dataset: Stage2 batch error query_id=q_001138: batch_timeout
2026-02-04 12:43:56 WARNING dataset: Stage2 batch error query_id=q_001139: batch_timeout
2026-02-04 12:43:56 WARNING dataset: Stage2 batch error query_id=q_001140: batch_timeout
2026-02-04 12:43:56 WARNING dataset: Stage2 batch error query_id=q_001141: batch_timeout
2026-02-04 12:43:56 WARNING dataset: Stage2 batch error query_id=q_001142: batch_timeout
2026-02-04 12:43:56 WARNING dataset: Stage2 batch error query_id=q_001143: batch_timeout
2026-02-04 12:43:56 WARNING dataset: Stage2 batch error query_id=q_001144: batch_timeout
2026-02-04 12:43:56 WARNING dataset: Stage2 batch error query_id=q_001145: batch_timeout
2026-02-04 12:43:56 WARNING dataset: Stage2 batch error query_id=q_001146: batch_timeout
2026-02-04 12:43:56 WARNING dataset: Stage2 batch error query_id=q_001147: batch_timeout
2026-02-04 12:43:56 WARNING dataset: Stage2 batch error query_id=q_001148: batch_timeout
2026-02-04 12:43:56 WARNING dataset: Stage2 batch error query_id=q_001149: batch_timeout
2026-02-04 12:43:56 WARNING dataset: Stage2 batch error query_id=q_001150: batch_timeout
2026-02-04 12:43:56 WARNING dataset: Stage2 batch error query_id=q_001151: batch_timeout
2026-02-04 12:43:56 WARNING dataset: Stage2 batch error query_id=q_001152: batch_timeout
2026-02-04 12:43:56 WARNING dataset: Stage2 batch error query_id=q_001153: batch_timeout
2026-02-04 12:43:56 WARNING dataset: Stage2 batch error query_id=q_001154: batch_timeout
2026-02-04 12:43:56 WARNING dataset: Stage2 batch error query_id=q_001155: batch_timeout
2026-02-04 12:43:56 WARNING dataset: Stage2 batch error query_id=q_001156: batch_timeout
2026-02-04 12:43:56 WARNING dataset: Stage2 batch error query_id=q_001157: batch_timeout
2026-02-04 12:43:56 WARNING dataset: Stage2 batch error query_id=q_001158: batch_timeout
2026-02-04 12:43:56 WARNING dataset: Stage2 batch error query_id=q_001113: batch_timeout
2026-02-04 12:43:56 WARNING dataset: Stage2 batch error query_id=q_001114: batch_timeout
2026-02-04 12:43:56 WARNING dataset: Stage2 batch error query_id=q_001115: batch_timeout
2026-02-04 12:43:56 WARNING dataset: Stage2 batch error query_id=q_001116: batch_timeout
2026-02-04 12:43:56 WARNING dataset: Stage2 batch error query_id=q_001117: batch_timeout
2026-02-04 12:43:56 WARNING dataset: Stage2 batch error query_id=q_001118: batch_timeout
2026-02-04 12:43:56 WARNING dataset: Stage2 batch error query_id=q_001119: batch_timeout
2026-02-04 12:43:56 WARNING dataset: Stage2 batch error query_id=q_001120: batch_timeout
2026-02-04 12:43:56 WARNING dataset: Stage2 batch error query_id=q_001121: batch_timeout
2026-02-04 12:43:56 WARNING dataset: Stage2 batch error query_id=q_001122: batch_timeout
2026-02-04 12:43:56 WARNING dataset: Stage2 batch error query_id=q_001123: batch_timeout
2026-02-04 12:43:56 WARNING dataset: Stage2 batch error query_id=q_001124: batch_timeout
2026-02-04 12:43:56 WARNING dataset: Stage2 batch error query_id=q_001125: batch_timeout
2026-02-04 12:43:56 WARNING dataset: Stage2 batch error query_id=q_001126: batch_timeout
2026-02-04 12:43:56 WARNING dataset: Stage2 batch error query_id=q_001127: batch_timeout
2026-02-04 12:43:56 WARNING dataset: Stage2 batch error query_id=q_001128: batch_timeout
2026-02-04 12:43:56 WARNING dataset: Stage2 batch error query_id=q_001129: batch_timeout
2026-02-04 12:43:56 WARNING dataset: Stage2 batch error query_id=q_001130: batch_timeout
2026-02-04 12:43:56 WARNING dataset: Stage2 batch error query_id=q_001131: batch_timeout
2026-02-04 12:43:56 WARNING dataset: Stage2 batch error query_id=q_001132: batch_timeout
2026-02-04 12:43:56 WARNING dataset: Stage2 batch error query_id=q_001133: batch_timeout
2026-02-04 12:43:56 WARNING dataset: Stage2 batch error query_id=q_001134: batch_timeout
2026-02-04 12:43:56 WARNING dataset: Stage2 batch error query_id=q_001135: batch_timeout
2026-02-04 12:43:56 WARNING dataset: Stage2 batch error query_id=q_001136: batch_timeout
2026-02-04 12:43:56 WARNING dataset: Stage2 batch error query_id=q_001137: batch_timeout
2026-02-04 12:43:56 WARNING dataset: Stage2 batch error query_id=q_001138: batch_timeout
2026-02-04 12:43:56 WARNING dataset: Stage2 batch error query_id=q_001139: batch_timeout
2026-02-04 12:43:56 WARNING dataset: Stage2 batch error query_id=q_001140: batch_timeout
2026-02-04 12:43:56 WARNING dataset: Stage2 batch error query_id=q_001159: batch_timeout
2026-02-04 12:43:56 WARNING dataset: Stage2 batch error query_id=q_001160: batch_timeout
2026-02-04 12:43:56 WARNING dataset: Stage2 batch error query_id=q_001161: batch_timeout
2026-02-04 12:43:56 WARNING dataset: Stage2 batch error query_id=q_001162: batch_timeout
2026-02-04 12:43:56 WARNING dataset: Stage2 batch error query_id=q_001163: batch_timeout
2026-02-04 12:43:56 WARNING dataset: Stage2 batch error query_id=q_001164: batch_timeout
2026-02-04 12:43:56 WARNING dataset: Stage2 batch error query_id=q_001165: batch_timeout
2026-02-04 12:43:56 WARNING dataset: Stage2 batch error query_id=q_001166: batch_timeout
2026-02-04 12:43:56 WARNING dataset: Stage2 batch error query_id=q_001167: batch_timeout
2026-02-04 12:43:56 WARNING dataset: Stage2 batch error query_id=q_001168: batch_timeout
2026-02-04 12:43:56 WARNING dataset: Stage2 batch error query_id=q_001169: batch_timeout
2026-02-04 12:43:56 WARNING dataset: Stage2 batch error query_id=q_001170: batch_timeout
2026-02-04 12:43:56 WARNING dataset: Stage2 batch error query_id=q_001171: batch_timeout
2026-02-04 12:43:56 WARNING dataset: Stage2 batch error query_id=q_001172: batch_timeout
2026-02-04 12:43:56 WARNING dataset: Stage2 batch error query_id=q_001173: batch_timeout
2026-02-04 12:43:56 WARNING dataset: Stage2 batch error query_id=q_001174: batch_timeout
2026-02-04 12:43:56 WARNING dataset: Stage2 batch error query_id=q_001175: batch_timeout
2026-02-04 12:43:56 WARNING dataset: Stage2 batch error query_id=q_001176: batch_timeout
2026-02-04 12:43:56 WARNING dataset: Stage2 batch error query_id=q_001177: batch_timeout
2026-02-04 12:43:56 WARNING dataset: Stage2 batch error query_id=q_001178: batch_timeout
2026-02-04 12:43:56 WARNING dataset: Stage2 batch error query_id=q_001179: batch_timeout
2026-02-04 12:43:56 WARNING dataset: Stage2 batch error query_id=q_001180: batch_timeout
2026-02-04 12:43:56 WARNING dataset: Stage2 batch error query_id=q_001181: batch_timeout
2026-02-04 12:43:56 WARNING dataset: Stage2 batch error query_id=q_001182: batch_timeout
2026-02-04 12:43:56 WARNING dataset: Stage2 batch error query_id=q_001183: batch_timeout
2026-02-04 12:43:56 WARNING dataset: Stage2 batch error query_id=q_001141: batch_timeout
2026-02-04 12:43:56 WARNING dataset: Stage2 batch error query_id=q_001142: batch_timeout
2026-02-04 12:43:56 WARNING dataset: Stage2 batch error query_id=q_001143: batch_timeout
2026-02-04 12:43:56 WARNING dataset: Stage2 batch error query_id=q_001144: batch_timeout
2026-02-04 12:43:56 WARNING dataset: Stage2 batch error query_id=q_001145: batch_timeout
2026-02-04 12:43:56 WARNING dataset: Stage2 batch error query_id=q_001146: batch_timeout
2026-02-04 12:43:56 WARNING dataset: Stage2 batch error query_id=q_001147: batch_timeout
2026-02-04 12:43:56 WARNING dataset: Stage2 batch error query_id=q_001148: batch_timeout
2026-02-04 12:43:56 WARNING dataset: Stage2 batch error query_id=q_001149: batch_timeout
2026-02-04 12:43:56 WARNING dataset: Stage2 batch error query_id=q_001150: batch_timeout
2026-02-04 12:43:56 WARNING dataset: Stage2 batch error query_id=q_001151: batch_timeout
2026-02-04 12:43:56 WARNING dataset: Stage2 batch error query_id=q_001152: batch_timeout
2026-02-04 12:43:56 WARNING dataset: Stage2 batch error query_id=q_001153: batch_timeout
2026-02-04 12:43:56 WARNING dataset: Stage2 batch error query_id=q_001154: batch_timeout
2026-02-04 12:43:56 WARNING dataset: Stage2 batch error query_id=q_001155: batch_timeout
2026-02-04 12:43:56 WARNING dataset: Stage2 batch error query_id=q_001132: batch_timeout
2026-02-04 12:43:56 WARNING dataset: Stage2 batch error query_id=q_001133: batch_timeout
2026-02-04 12:43:56 WARNING dataset: Stage2 batch error query_id=q_001134: batch_timeout
2026-02-04 12:43:56 WARNING dataset: Stage2 batch error query_id=q_001135: batch_timeout
2026-02-04 12:43:56 WARNING dataset: Stage2 batch error query_id=q_001136: batch_timeout
2026-02-04 12:43:56 WARNING dataset: Stage2 batch error query_id=q_001137: batch_timeout
2026-02-04 12:43:56 WARNING dataset: Stage2 batch error query_id=q_001138: batch_timeout
2026-02-04 12:43:56 WARNING dataset: Stage2 batch error query_id=q_001139: batch_timeout
2026-02-04 12:43:56 WARNING dataset: Stage2 batch error query_id=q_001140: batch_timeout
2026-02-04 12:43:56 WARNING dataset: Stage2 batch error query_id=q_001141: batch_timeout
2026-02-04 12:43:56 WARNING dataset: Stage2 batch error query_id=q_001142: batch_timeout
2026-02-04 12:43:56 WARNING dataset: Stage2 batch error query_id=q_001143: batch_timeout
2026-02-04 12:43:56 WARNING dataset: Stage2 batch error query_id=q_001144: batch_timeout
2026-02-04 12:43:56 WARNING dataset: Stage2 batch error query_id=q_001145: batch_timeout
2026-02-04 12:43:56 WARNING dataset: Stage2 batch error query_id=q_001146: batch_timeout
2026-02-04 12:43:56 WARNING dataset: Stage2 batch error query_id=q_001147: batch_timeout
2026-02-04 12:43:56 WARNING dataset: Stage2 batch error query_id=q_001148: batch_timeout
2026-02-04 12:43:56 WARNING dataset: Stage2 batch error query_id=q_001149: batch_timeout
2026-02-04 12:43:56 WARNING dataset: Stage2 batch error query_id=q_001150: batch_timeout
2026-02-04 12:43:56 WARNING dataset: Stage2 batch error query_id=q_001151: batch_timeout
2026-02-04 12:43:56 WARNING dataset: Stage2 batch error query_id=q_001152: batch_timeout
2026-02-04 12:43:56 WARNING dataset: Stage2 batch error query_id=q_001153: batch_timeout
2026-02-04 12:43:56 WARNING dataset: Stage2 batch error query_id=q_001154: batch_timeout
2026-02-04 12:43:56 WARNING dataset: Stage2 batch error query_id=q_001155: batch_timeout
2026-02-04 12:43:56 WARNING dataset: Stage2 batch error query_id=q_001156: batch_timeout
2026-02-04 12:43:56 WARNING dataset: Stage2 batch error query_id=q_001157: batch_timeout
2026-02-04 12:43:56 WARNING dataset: Stage2 batch error query_id=q_001158: batch_timeout
2026-02-04 12:43:56 WARNING dataset: Stage2 batch error query_id=q_001159: batch_timeout
2026-02-04 12:43:56 WARNING dataset: Stage2 batch error query_id=q_001184: batch_timeout
2026-02-04 12:43:56 WARNING dataset: Stage2 batch error query_id=q_001185: batch_timeout
2026-02-04 12:43:56 WARNING dataset: Stage2 batch error query_id=q_001186: batch_timeout
2026-02-04 12:43:56 WARNING dataset: Stage2 batch error query_id=q_001187: batch_timeout
2026-02-04 12:43:56 WARNING dataset: Stage2 batch error query_id=q_001188: batch_timeout
2026-02-04 12:43:56 WARNING dataset: Stage2 batch error query_id=q_001189: batch_timeout
2026-02-04 12:43:56 WARNING dataset: Stage2 batch error query_id=q_001190: batch_timeout
2026-02-04 12:43:56 WARNING dataset: Stage2 batch error query_id=q_001191: batch_timeout
2026-02-04 12:43:56 WARNING dataset: Stage2 batch error query_id=q_001192: batch_timeout
2026-02-04 12:43:56 WARNING dataset: Stage2 batch error query_id=q_001193: batch_timeout
2026-02-04 12:43:56 WARNING dataset: Stage2 batch error query_id=q_001194: batch_timeout
2026-02-04 12:43:56 WARNING dataset: Stage2 batch error query_id=q_001195: batch_timeout
2026-02-04 12:43:56 WARNING dataset: Stage2 batch error query_id=q_001196: batch_timeout
2026-02-04 12:43:56 WARNING dataset: Stage2 batch error query_id=q_001197: batch_timeout
2026-02-04 12:43:56 WARNING dataset: Stage2 batch error query_id=q_001198: batch_timeout
2026-02-04 12:43:56 WARNING dataset: Stage2 batch error query_id=q_001199: batch_timeout
2026-02-04 12:43:56 WARNING dataset: Stage2 batch error query_id=q_001200: batch_timeout
2026-02-04 12:43:56 WARNING dataset: Stage2 batch error query_id=q_001201: batch_timeout
2026-02-04 12:43:56 WARNING dataset: Stage2 batch error query_id=q_001202: batch_timeout
2026-02-04 12:43:56 WARNING dataset: Stage2 batch error query_id=q_001203: batch_timeout
2026-02-04 12:43:56 WARNING dataset: Stage2 batch error query_id=q_001204: batch_timeout
2026-02-04 12:43:56 WARNING dataset: Stage2 batch error query_id=q_001205: batch_timeout
2026-02-04 12:43:56 WARNING dataset: Stage2 batch error query_id=q_001206: batch_timeout
2026-02-04 12:43:56 WARNING dataset: Stage2 batch error query_id=q_001156: batch_timeout
2026-02-04 12:43:56 WARNING dataset: Stage2 batch error query_id=q_001157: batch_timeout
2026-02-04 12:43:56 WARNING dataset: Stage2 batch error query_id=q_001158: batch_timeout
2026-02-04 12:43:56 WARNING dataset: Stage2 batch error query_id=q_001159: batch_timeout
2026-02-04 12:43:56 WARNING dataset: Stage2 batch error query_id=q_001160: batch_timeout
2026-02-04 12:43:56 WARNING dataset: Stage2 batch error query_id=q_001161: batch_timeout
2026-02-04 12:43:56 WARNING dataset: Stage2 batch error query_id=q_001162: batch_timeout
2026-02-04 12:43:56 WARNING dataset: Stage2 batch error query_id=q_001163: batch_timeout
2026-02-04 12:43:56 WARNING dataset: Stage2 batch error query_id=q_001164: batch_timeout
2026-02-04 12:43:56 WARNING dataset: Stage2 batch error query_id=q_001165: batch_timeout
2026-02-04 12:43:56 WARNING dataset: Stage2 batch error query_id=q_001166: batch_timeout
2026-02-04 12:43:56 WARNING dataset: Stage2 batch error query_id=q_001167: batch_timeout
2026-02-04 12:43:56 WARNING dataset: Stage2 batch error query_id=q_001168: batch_timeout
2026-02-04 12:43:56 WARNING dataset: Stage2 batch error query_id=q_001169: batch_timeout
2026-02-04 12:43:56 WARNING dataset: Stage2 batch error query_id=q_001170: batch_timeout
2026-02-04 12:43:56 WARNING dataset: Stage2 batch error query_id=q_001171: batch_timeout
2026-02-04 12:43:56 WARNING dataset: Stage2 batch error query_id=q_001172: batch_timeout
2026-02-04 12:43:56 WARNING dataset: Stage2 batch error query_id=q_001173: batch_timeout
2026-02-04 12:43:56 WARNING dataset: Stage2 batch error query_id=q_001174: batch_timeout
2026-02-04 12:43:56 WARNING dataset: Stage2 batch error query_id=q_001175: batch_timeout
2026-02-04 12:43:56 WARNING dataset: Stage2 batch error query_id=q_001176: batch_timeout
2026-02-04 12:43:56 WARNING dataset: Stage2 batch error query_id=q_001177: batch_timeout
2026-02-04 12:43:56 WARNING dataset: Stage2 batch error query_id=q_001178: batch_timeout
2026-02-04 12:43:56 WARNING dataset: Stage2 batch error query_id=q_001179: batch_timeout
2026-02-04 12:43:56 WARNING dataset: Stage2 batch error query_id=q_001180: batch_timeout
2026-02-04 12:43:56 WARNING dataset: Stage2 batch error query_id=q_001181: batch_timeout
2026-02-04 12:43:56 WARNING dataset: Stage2 batch error query_id=q_001182: batch_timeout
2026-02-04 12:43:56 WARNING dataset: Stage2 batch error query_id=q_001183: batch_timeout
2026-02-04 12:43:56 WARNING dataset: Stage2 batch error query_id=q_001184: batch_timeout
2026-02-04 12:43:56 WARNING dataset: Stage2 batch error query_id=q_001185: batch_timeout
2026-02-04 12:43:56 WARNING dataset: Stage2 batch error query_id=q_001207: batch_timeout
2026-02-04 12:43:56 WARNING dataset: Stage2 batch error query_id=q_001208: batch_timeout
2026-02-04 12:43:56 WARNING dataset: Stage2 batch error query_id=q_001209: batch_timeout
2026-02-04 12:43:56 WARNING dataset: Stage2 batch error query_id=q_001210: batch_timeout
2026-02-04 12:43:56 WARNING dataset: Stage2 batch error query_id=q_001211: batch_timeout
2026-02-04 12:43:56 WARNING dataset: Stage2 batch error query_id=q_001212: batch_timeout
2026-02-04 12:43:56 WARNING dataset: Stage2 batch error query_id=q_001213: batch_timeout
2026-02-04 12:43:56 WARNING dataset: Stage2 batch error query_id=q_001214: batch_timeout
2026-02-04 12:43:56 WARNING dataset: Stage2 batch error query_id=q_001215: batch_timeout
2026-02-04 12:43:56 WARNING dataset: Stage2 batch error query_id=q_001216: batch_timeout
2026-02-04 12:43:56 WARNING dataset: Stage2 batch error query_id=q_001217: batch_timeout
2026-02-04 12:43:56 WARNING dataset: Stage2 batch error query_id=q_001218: batch_timeout
2026-02-04 12:43:56 WARNING dataset: Stage2 batch error query_id=q_001160: batch_timeout
2026-02-04 12:43:56 WARNING dataset: Stage2 batch error query_id=q_001161: batch_timeout
2026-02-04 12:43:56 WARNING dataset: Stage2 batch error query_id=q_001162: batch_timeout
2026-02-04 12:43:56 WARNING dataset: Stage2 batch error query_id=q_001163: batch_timeout
2026-02-04 12:43:56 WARNING dataset: Stage2 batch error query_id=q_001164: batch_timeout
2026-02-04 12:43:56 WARNING dataset: Stage2 batch error query_id=q_001165: batch_timeout
2026-02-04 12:43:56 WARNING dataset: Stage2 batch error query_id=q_001166: batch_timeout
2026-02-04 12:43:56 WARNING dataset: Stage2 batch error query_id=q_001167: batch_timeout
2026-02-04 12:43:56 WARNING dataset: Stage2 batch error query_id=q_001168: batch_timeout
2026-02-04 12:43:56 WARNING dataset: Stage2 batch error query_id=q_001169: batch_timeout
2026-02-04 12:43:56 WARNING dataset: Stage2 batch error query_id=q_001170: batch_timeout
2026-02-04 12:43:56 WARNING dataset: Stage2 batch error query_id=q_001171: batch_timeout
2026-02-04 12:43:56 WARNING dataset: Stage2 batch error query_id=q_001172: batch_timeout
2026-02-04 12:43:56 WARNING dataset: Stage2 batch error query_id=q_001173: batch_timeout
2026-02-04 12:43:56 WARNING dataset: Stage2 batch error query_id=q_001174: batch_timeout
2026-02-04 12:43:56 WARNING dataset: Stage2 batch error query_id=q_001175: batch_timeout
2026-02-04 12:43:56 WARNING dataset: Stage2 batch error query_id=q_001176: batch_timeout
2026-02-04 12:43:56 WARNING dataset: Stage2 batch error query_id=q_001177: batch_timeout
2026-02-04 12:43:56 WARNING dataset: Stage2 batch error query_id=q_001178: batch_timeout
2026-02-04 12:43:56 WARNING dataset: Stage2 batch error query_id=q_001179: batch_timeout
2026-02-04 12:43:56 WARNING dataset: Stage2 batch error query_id=q_001180: batch_timeout
2026-02-04 12:43:56 WARNING dataset: Stage2 batch error query_id=q_001181: batch_timeout
2026-02-04 12:43:56 WARNING dataset: Stage2 batch error query_id=q_001182: batch_timeout
2026-02-04 12:43:56 WARNING dataset: Stage2 batch error query_id=q_001183: batch_timeout
2026-02-04 12:43:56 WARNING dataset: Stage2 batch error query_id=q_001184: batch_timeout
2026-02-04 12:43:56 WARNING dataset: Stage2 batch error query_id=q_001185: batch_timeout
2026-02-04 12:43:56 WARNING dataset: Stage2 batch error query_id=q_001186: batch_timeout
2026-02-04 12:43:56 WARNING dataset: Stage2 batch error query_id=q_001187: batch_timeout
2026-02-04 12:43:56 WARNING dataset: Stage2 batch error query_id=q_001188: batch_timeout
2026-02-04 12:43:56 WARNING dataset: Stage2 batch error query_id=q_001189: batch_timeout
2026-02-04 12:43:56 WARNING dataset: Stage2 batch error query_id=q_001190: batch_timeout
2026-02-04 12:43:56 WARNING dataset: Stage2 batch error query_id=q_001191: batch_timeout
2026-02-04 12:43:56 WARNING dataset: Stage2 batch error query_id=q_001192: batch_timeout
2026-02-04 12:43:56 WARNING dataset: Stage2 batch error query_id=q_001193: batch_timeout
2026-02-04 12:43:56 WARNING dataset: Stage2 batch error query_id=q_001194: batch_timeout
2026-02-04 12:43:56 WARNING dataset: Stage2 batch error query_id=q_001195: batch_timeout
2026-02-04 12:43:56 WARNING dataset: Stage2 batch error query_id=q_001196: batch_timeout
2026-02-04 12:43:56 WARNING dataset: Stage2 batch error query_id=q_001197: batch_timeout
2026-02-04 12:43:56 WARNING dataset: Stage2 batch error query_id=q_001198: batch_timeout
2026-02-04 12:43:56 WARNING dataset: Stage2 batch error query_id=q_001199: batch_timeout
2026-02-04 12:43:56 WARNING dataset: Stage2 batch error query_id=q_001186: batch_timeout
2026-02-04 12:43:56 WARNING dataset: Stage2 batch error query_id=q_001187: batch_timeout
2026-02-04 12:43:56 WARNING dataset: Stage2 batch error query_id=q_001188: batch_timeout
2026-02-04 12:43:56 WARNING dataset: Stage2 batch error query_id=q_001189: batch_timeout
2026-02-04 12:43:56 WARNING dataset: Stage2 batch error query_id=q_001190: batch_timeout
2026-02-04 12:43:56 WARNING dataset: Stage2 batch error query_id=q_001191: batch_timeout
2026-02-04 12:43:56 WARNING dataset: Stage2 batch error query_id=q_001192: batch_timeout
2026-02-04 12:43:56 WARNING dataset: Stage2 batch error query_id=q_001193: batch_timeout
2026-02-04 12:43:56 WARNING dataset: Stage2 batch error query_id=q_001194: batch_timeout
2026-02-04 12:43:56 WARNING dataset: Stage2 batch error query_id=q_001195: batch_timeout
2026-02-04 12:43:56 WARNING dataset: Stage2 batch error query_id=q_001196: batch_timeout
2026-02-04 12:43:56 WARNING dataset: Stage2 batch error query_id=q_001197: batch_timeout
2026-02-04 12:43:56 WARNING dataset: Stage2 batch error query_id=q_001198: batch_timeout
2026-02-04 12:43:56 WARNING dataset: Stage2 batch error query_id=q_001199: batch_timeout
2026-02-04 12:43:56 WARNING dataset: Stage2 batch error query_id=q_001200: batch_timeout
2026-02-04 12:43:56 WARNING dataset: Stage2 batch error query_id=q_001201: batch_timeout
2026-02-04 12:43:56 WARNING dataset: Stage2 batch error query_id=q_001202: batch_timeout
2026-02-04 12:43:56 WARNING dataset: Stage2 batch error query_id=q_001203: batch_timeout
2026-02-04 12:43:56 WARNING dataset: Stage2 batch error query_id=q_001204: batch_timeout
2026-02-04 12:43:56 WARNING dataset: Stage2 batch error query_id=q_001205: batch_timeout
2026-02-04 12:43:56 WARNING dataset: Stage2 batch error query_id=q_001206: batch_timeout
2026-02-04 12:43:56 WARNING dataset: Stage2 batch error query_id=q_001207: batch_timeout
2026-02-04 12:43:56 WARNING dataset: Stage2 batch error query_id=q_001208: batch_timeout
2026-02-04 12:43:56 WARNING dataset: Stage2 batch error query_id=q_001209: batch_timeout
2026-02-04 12:43:56 WARNING dataset: Stage2 batch error query_id=q_001210: batch_timeout
2026-02-04 12:43:56 WARNING dataset: Stage2 batch error query_id=q_001211: batch_timeout
2026-02-04 12:43:56 WARNING dataset: Stage2 batch error query_id=q_001212: batch_timeout
2026-02-04 12:43:56 WARNING dataset: Stage2 batch error query_id=q_001213: batch_timeout
2026-02-04 12:43:56 WARNING dataset: Stage2 batch error query_id=q_001214: batch_timeout
2026-02-04 12:43:56 WARNING dataset: Stage2 batch error query_id=q_001215: batch_timeout
2026-02-04 12:43:56 WARNING dataset: Stage2 batch error query_id=q_001216: batch_timeout
2026-02-04 12:43:56 WARNING dataset: Stage2 batch error query_id=q_001217: batch_timeout
2026-02-04 12:43:56 WARNING dataset: Stage2 batch error query_id=q_001218: batch_timeout
2026-02-04 12:44:06 ERROR dataset: Stage1 rate limit info: limits={'rpm': None, 'tpm': None, 'rpd': None, 'note': 'set per your Google project tier'} headers=none
2026-02-04 12:44:06 ERROR dataset: Stage1 error intent=product_lookup: rate limit hit provider=gemini model=gemini-3-pro-preview limits={'rpm': None, 'tpm': None, 'rpd': None, 'note': 'set per your Google project tier'} headers=none
2026-02-04 12:44:22 ERROR dataset: Stage1 rate limit info: limits={'rpm': None, 'tpm': None, 'rpd': None, 'note': 'set per your Google project tier'} headers=none
2026-02-04 12:44:22 ERROR dataset: Stage1 error intent=Documentation: rate limit hit provider=gemini model=gemini-3-pro-preview limits={'rpm': None, 'tpm': None, 'rpd': None, 'note': 'set per your Google project tier'} headers=none
2026-02-04 12:44:38 ERROR dataset: Stage1 rate limit info: limits={'rpm': None, 'tpm': None, 'rpd': None, 'note': 'set per your Google project tier'} headers=none
2026-02-04 12:44:38 ERROR dataset: Stage1 error intent=Documentation: rate limit hit provider=gemini model=gemini-3-pro-preview limits={'rpm': None, 'tpm': None, 'rpd': None, 'note': 'set per your Google project tier'} headers=none
2026-02-04 12:44:50 ERROR dataset: Stage1 rate limit info: limits={'rpm': None, 'tpm': None, 'rpd': None, 'note': 'set per your Google project tier'} headers=none
2026-02-04 12:44:50 ERROR dataset: Stage1 error intent=Documentation: rate limit hit provider=gemini model=gemini-3-pro-preview limits={'rpm': None, 'tpm': None, 'rpd': None, 'note': 'set per your Google project tier'} headers=none
2026-02-04 12:49:07 WARNING dataset: Stage2 batch error query_id=q_001219: batch_timeout
2026-02-04 12:49:07 WARNING dataset: Stage2 batch error query_id=q_001220: batch_timeout
2026-02-04 12:49:07 WARNING dataset: Stage2 batch error query_id=q_001221: batch_timeout
2026-02-04 12:49:07 WARNING dataset: Stage2 batch error query_id=q_001222: batch_timeout
2026-02-04 12:49:07 WARNING dataset: Stage2 batch error query_id=q_001223: batch_timeout
2026-02-04 12:49:07 WARNING dataset: Stage2 batch error query_id=q_001224: batch_timeout
2026-02-04 12:49:07 WARNING dataset: Stage2 batch error query_id=q_001225: batch_timeout
2026-02-04 12:49:07 WARNING dataset: Stage2 batch error query_id=q_001226: batch_timeout
2026-02-04 12:49:07 WARNING dataset: Stage2 batch error query_id=q_001227: batch_timeout
2026-02-04 12:49:07 WARNING dataset: Stage2 batch error query_id=q_001228: batch_timeout
2026-02-04 12:49:07 WARNING dataset: Stage2 batch error query_id=q_001229: batch_timeout
2026-02-04 12:49:07 WARNING dataset: Stage2 batch error query_id=q_001230: batch_timeout
2026-02-04 12:49:07 WARNING dataset: Stage2 batch error query_id=q_001231: batch_timeout
2026-02-04 12:49:07 WARNING dataset: Stage2 batch error query_id=q_001232: batch_timeout
2026-02-04 12:49:07 WARNING dataset: Stage2 batch error query_id=q_001233: batch_timeout
2026-02-04 12:49:07 WARNING dataset: Stage2 batch error query_id=q_001234: batch_timeout
2026-02-04 12:49:07 WARNING dataset: Stage2 batch error query_id=q_001235: batch_timeout
2026-02-04 12:49:07 WARNING dataset: Stage2 batch error query_id=q_001236: batch_timeout
2026-02-04 12:49:07 WARNING dataset: Stage2 batch error query_id=q_001237: batch_timeout
2026-02-04 12:49:07 WARNING dataset: Stage2 batch error query_id=q_001238: batch_timeout
2026-02-04 12:49:07 WARNING dataset: Stage2 batch error query_id=q_001239: batch_timeout
2026-02-04 12:49:07 WARNING dataset: Stage2 batch error query_id=q_001240: batch_timeout
2026-02-04 12:49:07 WARNING dataset: Stage2 batch error query_id=q_001200: batch_timeout
2026-02-04 12:49:07 WARNING dataset: Stage2 batch error query_id=q_001201: batch_timeout
2026-02-04 12:49:07 WARNING dataset: Stage2 batch error query_id=q_001202: batch_timeout
2026-02-04 12:49:07 WARNING dataset: Stage2 batch error query_id=q_001203: batch_timeout
2026-02-04 12:49:07 WARNING dataset: Stage2 batch error query_id=q_001204: batch_timeout
2026-02-04 12:49:07 WARNING dataset: Stage2 batch error query_id=q_001205: batch_timeout
2026-02-04 12:49:07 WARNING dataset: Stage2 batch error query_id=q_001206: batch_timeout
2026-02-04 12:49:07 WARNING dataset: Stage2 batch error query_id=q_001207: batch_timeout
2026-02-04 12:49:07 WARNING dataset: Stage2 batch error query_id=q_001208: batch_timeout
2026-02-04 12:49:07 WARNING dataset: Stage2 batch error query_id=q_001209: batch_timeout
2026-02-04 12:49:07 WARNING dataset: Stage2 batch error query_id=q_001210: batch_timeout
2026-02-04 12:49:07 WARNING dataset: Stage2 batch error query_id=q_001211: batch_timeout
2026-02-04 12:49:07 WARNING dataset: Stage2 batch error query_id=q_001212: batch_timeout
2026-02-04 12:49:07 WARNING dataset: Stage2 batch error query_id=q_001213: batch_timeout
2026-02-04 12:49:07 WARNING dataset: Stage2 batch error query_id=q_001214: batch_timeout
2026-02-04 12:49:07 WARNING dataset: Stage2 batch error query_id=q_001215: batch_timeout
2026-02-04 12:49:07 WARNING dataset: Stage2 batch error query_id=q_001216: batch_timeout
2026-02-04 12:49:07 WARNING dataset: Stage2 batch error query_id=q_001217: batch_timeout
2026-02-04 12:49:07 WARNING dataset: Stage2 batch error query_id=q_001218: batch_timeout
2026-02-04 12:49:07 WARNING dataset: Stage2 batch error query_id=q_001219: batch_timeout
2026-02-04 12:49:07 WARNING dataset: Stage2 batch error query_id=q_001220: batch_timeout
2026-02-04 12:49:07 WARNING dataset: Stage2 batch error query_id=q_001221: batch_timeout
2026-02-04 12:49:07 WARNING dataset: Stage2 batch error query_id=q_001241: batch_timeout
2026-02-04 12:49:07 WARNING dataset: Stage2 batch error query_id=q_001242: batch_timeout
2026-02-04 12:49:07 WARNING dataset: Stage2 batch error query_id=q_001243: batch_timeout
2026-02-04 12:49:07 WARNING dataset: Stage2 batch error query_id=q_001244: batch_timeout
2026-02-04 12:49:07 WARNING dataset: Stage2 batch error query_id=q_001245: batch_timeout
2026-02-04 12:49:07 WARNING dataset: Stage2 batch error query_id=q_001246: batch_timeout
2026-02-04 12:49:07 WARNING dataset: Stage2 batch error query_id=q_001247: batch_timeout
2026-02-04 12:49:07 WARNING dataset: Stage2 batch error query_id=q_001248: batch_timeout
2026-02-04 12:49:07 WARNING dataset: Stage2 batch error query_id=q_001249: batch_timeout
2026-02-04 12:49:07 WARNING dataset: Stage2 batch error query_id=q_001250: batch_timeout
2026-02-04 12:49:07 WARNING dataset: Stage2 batch error query_id=q_001251: batch_timeout
2026-02-04 12:49:07 WARNING dataset: Stage2 batch error query_id=q_001252: batch_timeout
2026-02-04 12:49:07 WARNING dataset: Stage2 batch error query_id=q_001253: batch_timeout
2026-02-04 12:49:07 WARNING dataset: Stage2 batch error query_id=q_001254: batch_timeout
2026-02-04 12:49:07 WARNING dataset: Stage2 batch error query_id=q_001255: batch_timeout
2026-02-04 12:49:07 WARNING dataset: Stage2 batch error query_id=q_001256: batch_timeout
2026-02-04 12:49:07 WARNING dataset: Stage2 batch error query_id=q_001257: batch_timeout
2026-02-04 12:49:07 WARNING dataset: Stage2 batch error query_id=q_001258: batch_timeout
2026-02-04 12:49:07 WARNING dataset: Stage2 batch error query_id=q_001259: batch_timeout
2026-02-04 12:49:07 WARNING dataset: Stage2 batch error query_id=q_001260: batch_timeout
2026-02-04 12:49:07 WARNING dataset: Stage2 batch error query_id=q_001261: batch_timeout
2026-02-04 12:49:07 WARNING dataset: Stage2 batch error query_id=q_001262: batch_timeout
2026-02-04 12:49:07 WARNING dataset: Stage2 batch error query_id=q_001263: batch_timeout
2026-02-04 12:49:07 WARNING dataset: Stage2 batch error query_id=q_001264: batch_timeout
2026-02-04 12:49:07 WARNING dataset: Stage2 batch error query_id=q_001265: batch_timeout
2026-02-04 12:49:07 WARNING dataset: Stage2 batch error query_id=q_001222: batch_timeout
2026-02-04 12:49:07 WARNING dataset: Stage2 batch error query_id=q_001223: batch_timeout
2026-02-04 12:49:07 WARNING dataset: Stage2 batch error query_id=q_001224: batch_timeout
2026-02-04 12:49:07 WARNING dataset: Stage2 batch error query_id=q_001225: batch_timeout
2026-02-04 12:49:07 WARNING dataset: Stage2 batch error query_id=q_001226: batch_timeout
2026-02-04 12:49:07 WARNING dataset: Stage2 batch error query_id=q_001227: batch_timeout
2026-02-04 12:49:07 WARNING dataset: Stage2 batch error query_id=q_001228: batch_timeout
2026-02-04 12:49:07 WARNING dataset: Stage2 batch error query_id=q_001229: batch_timeout
2026-02-04 12:49:07 WARNING dataset: Stage2 batch error query_id=q_001230: batch_timeout
2026-02-04 12:49:07 WARNING dataset: Stage2 batch error query_id=q_001231: batch_timeout
2026-02-04 12:49:07 WARNING dataset: Stage2 batch error query_id=q_001232: batch_timeout
2026-02-04 12:49:07 WARNING dataset: Stage2 batch error query_id=q_001233: batch_timeout
2026-02-04 12:49:07 WARNING dataset: Stage2 batch error query_id=q_001234: batch_timeout
2026-02-04 12:49:07 WARNING dataset: Stage2 batch error query_id=q_001235: batch_timeout
2026-02-04 12:49:07 WARNING dataset: Stage2 batch error query_id=q_001236: batch_timeout
2026-02-04 12:49:07 WARNING dataset: Stage2 batch error query_id=q_001237: batch_timeout
2026-02-04 12:49:07 WARNING dataset: Stage2 batch error query_id=q_001238: batch_timeout
2026-02-04 12:49:07 WARNING dataset: Stage2 batch error query_id=q_001239: batch_timeout
2026-02-04 12:49:07 WARNING dataset: Stage2 batch error query_id=q_001240: batch_timeout
2026-02-04 12:49:07 WARNING dataset: Stage2 batch error query_id=q_001241: batch_timeout
2026-02-04 12:49:07 WARNING dataset: Stage2 batch error query_id=q_001242: batch_timeout
2026-02-04 12:49:07 WARNING dataset: Stage2 batch error query_id=q_001243: batch_timeout
2026-02-04 12:49:07 WARNING dataset: Stage2 batch error query_id=q_001244: batch_timeout
2026-02-04 12:49:07 WARNING dataset: Stage2 batch error query_id=q_001245: batch_timeout
2026-02-04 12:49:07 WARNING dataset: Stage2 batch error query_id=q_001219: batch_timeout
2026-02-04 12:49:07 WARNING dataset: Stage2 batch error query_id=q_001220: batch_timeout
2026-02-04 12:49:07 WARNING dataset: Stage2 batch error query_id=q_001221: batch_timeout
2026-02-04 12:49:07 WARNING dataset: Stage2 batch error query_id=q_001222: batch_timeout
2026-02-04 12:49:07 WARNING dataset: Stage2 batch error query_id=q_001223: batch_timeout
2026-02-04 12:49:07 WARNING dataset: Stage2 batch error query_id=q_001224: batch_timeout
2026-02-04 12:49:07 WARNING dataset: Stage2 batch error query_id=q_001225: batch_timeout
2026-02-04 12:49:07 WARNING dataset: Stage2 batch error query_id=q_001226: batch_timeout
2026-02-04 12:49:07 WARNING dataset: Stage2 batch error query_id=q_001227: batch_timeout
2026-02-04 12:49:07 WARNING dataset: Stage2 batch error query_id=q_001228: batch_timeout
2026-02-04 12:49:07 WARNING dataset: Stage2 batch error query_id=q_001229: batch_timeout
2026-02-04 12:49:07 WARNING dataset: Stage2 batch error query_id=q_001230: batch_timeout
2026-02-04 12:49:07 WARNING dataset: Stage2 batch error query_id=q_001231: batch_timeout
2026-02-04 12:49:07 WARNING dataset: Stage2 batch error query_id=q_001232: batch_timeout
2026-02-04 12:49:07 WARNING dataset: Stage2 batch error query_id=q_001233: batch_timeout
2026-02-04 12:49:07 WARNING dataset: Stage2 batch error query_id=q_001234: batch_timeout
2026-02-04 12:49:07 WARNING dataset: Stage2 batch error query_id=q_001235: batch_timeout
2026-02-04 12:49:07 WARNING dataset: Stage2 batch error query_id=q_001236: batch_timeout
2026-02-04 12:49:07 WARNING dataset: Stage2 batch error query_id=q_001237: batch_timeout
2026-02-04 12:49:07 WARNING dataset: Stage2 batch error query_id=q_001238: batch_timeout
2026-02-04 12:49:07 WARNING dataset: Stage2 batch error query_id=q_001239: batch_timeout
2026-02-04 12:49:07 WARNING dataset: Stage2 batch error query_id=q_001240: batch_timeout
2026-02-04 12:49:07 WARNING dataset: Stage2 batch error query_id=q_001266: batch_timeout
2026-02-04 12:49:07 WARNING dataset: Stage2 batch error query_id=q_001267: batch_timeout
2026-02-04 12:49:07 WARNING dataset: Stage2 batch error query_id=q_001268: batch_timeout
2026-02-04 12:49:07 WARNING dataset: Stage2 batch error query_id=q_001269: batch_timeout
2026-02-04 12:49:07 WARNING dataset: Stage2 batch error query_id=q_001270: batch_timeout
2026-02-04 12:49:07 WARNING dataset: Stage2 batch error query_id=q_001271: batch_timeout
2026-02-04 12:49:07 WARNING dataset: Stage2 batch error query_id=q_001272: batch_timeout
2026-02-04 12:49:07 WARNING dataset: Stage2 batch error query_id=q_001273: batch_timeout
2026-02-04 12:49:07 WARNING dataset: Stage2 batch error query_id=q_001274: batch_timeout
2026-02-04 12:49:07 WARNING dataset: Stage2 batch error query_id=q_001275: batch_timeout
2026-02-04 12:49:07 WARNING dataset: Stage2 batch error query_id=q_001276: batch_timeout
2026-02-04 12:49:07 WARNING dataset: Stage2 batch error query_id=q_001277: batch_timeout
2026-02-04 12:49:07 WARNING dataset: Stage2 batch error query_id=q_001278: batch_timeout
2026-02-04 12:49:07 WARNING dataset: Stage2 batch error query_id=q_001279: batch_timeout
2026-02-04 12:49:07 WARNING dataset: Stage2 batch error query_id=q_001246: batch_timeout
2026-02-04 12:49:07 WARNING dataset: Stage2 batch error query_id=q_001247: batch_timeout
2026-02-04 12:49:07 WARNING dataset: Stage2 batch error query_id=q_001248: batch_timeout
2026-02-04 12:49:07 WARNING dataset: Stage2 batch error query_id=q_001249: batch_timeout
2026-02-04 12:49:07 WARNING dataset: Stage2 batch error query_id=q_001250: batch_timeout
2026-02-04 12:49:07 WARNING dataset: Stage2 batch error query_id=q_001251: batch_timeout
2026-02-04 12:49:07 WARNING dataset: Stage2 batch error query_id=q_001252: batch_timeout
2026-02-04 12:49:07 WARNING dataset: Stage2 batch error query_id=q_001253: batch_timeout
2026-02-04 12:49:07 WARNING dataset: Stage2 batch error query_id=q_001254: batch_timeout
2026-02-04 12:49:07 WARNING dataset: Stage2 batch error query_id=q_001255: batch_timeout
2026-02-04 12:49:07 WARNING dataset: Stage2 batch error query_id=q_001256: batch_timeout
2026-02-04 12:49:07 WARNING dataset: Stage2 batch error query_id=q_001257: batch_timeout
2026-02-04 12:49:07 WARNING dataset: Stage2 batch error query_id=q_001258: batch_timeout
2026-02-04 12:49:07 WARNING dataset: Stage2 batch error query_id=q_001259: batch_timeout
2026-02-04 12:49:07 WARNING dataset: Stage2 batch error query_id=q_001260: batch_timeout
2026-02-04 12:49:07 WARNING dataset: Stage2 batch error query_id=q_001261: batch_timeout
2026-02-04 12:49:07 WARNING dataset: Stage2 batch error query_id=q_001262: batch_timeout
2026-02-04 12:49:07 WARNING dataset: Stage2 batch error query_id=q_001263: batch_timeout
2026-02-04 12:49:07 WARNING dataset: Stage2 batch error query_id=q_001264: batch_timeout
2026-02-04 12:49:07 WARNING dataset: Stage2 batch error query_id=q_001241: batch_timeout
2026-02-04 12:49:07 WARNING dataset: Stage2 batch error query_id=q_001242: batch_timeout
2026-02-04 12:49:07 WARNING dataset: Stage2 batch error query_id=q_001243: batch_timeout
2026-02-04 12:49:07 WARNING dataset: Stage2 batch error query_id=q_001244: batch_timeout
2026-02-04 12:49:07 WARNING dataset: Stage2 batch error query_id=q_001245: batch_timeout
2026-02-04 12:49:07 WARNING dataset: Stage2 batch error query_id=q_001246: batch_timeout
2026-02-04 12:49:07 WARNING dataset: Stage2 batch error query_id=q_001247: batch_timeout
2026-02-04 12:49:07 WARNING dataset: Stage2 batch error query_id=q_001248: batch_timeout
2026-02-04 12:49:07 WARNING dataset: Stage2 batch error query_id=q_001249: batch_timeout
2026-02-04 12:49:07 WARNING dataset: Stage2 batch error query_id=q_001250: batch_timeout
2026-02-04 12:49:07 WARNING dataset: Stage2 batch error query_id=q_001251: batch_timeout
2026-02-04 12:49:07 WARNING dataset: Stage2 batch error query_id=q_001252: batch_timeout
2026-02-04 12:49:07 WARNING dataset: Stage2 batch error query_id=q_001253: batch_timeout
2026-02-04 12:49:07 WARNING dataset: Stage2 batch error query_id=q_001254: batch_timeout
2026-02-04 12:49:07 WARNING dataset: Stage2 batch error query_id=q_001255: batch_timeout
2026-02-04 12:49:07 WARNING dataset: Stage2 batch error query_id=q_001256: batch_timeout
2026-02-04 12:49:07 WARNING dataset: Stage2 batch error query_id=q_001257: batch_timeout
2026-02-04 12:49:07 WARNING dataset: Stage2 batch error query_id=q_001258: batch_timeout
2026-02-04 12:49:07 WARNING dataset: Stage2 batch error query_id=q_001259: batch_timeout
2026-02-04 12:49:07 WARNING dataset: Stage2 batch error query_id=q_001260: batch_timeout
2026-02-04 12:49:07 WARNING dataset: Stage2 batch error query_id=q_001261: batch_timeout
2026-02-04 12:49:07 WARNING dataset: Stage2 batch error query_id=q_001262: batch_timeout
2026-02-04 12:49:07 WARNING dataset: Stage2 batch error query_id=q_001263: batch_timeout
2026-02-04 12:49:07 WARNING dataset: Stage2 batch error query_id=q_001264: batch_timeout
2026-02-04 12:49:07 WARNING dataset: Stage2 batch error query_id=q_001280: batch_timeout
2026-02-04 12:49:07 WARNING dataset: Stage2 batch error query_id=q_001281: batch_timeout
2026-02-04 12:49:07 WARNING dataset: Stage2 batch error query_id=q_001282: batch_timeout
2026-02-04 12:49:07 WARNING dataset: Stage2 batch error query_id=q_001283: batch_timeout
2026-02-04 12:49:07 WARNING dataset: Stage2 batch error query_id=q_001284: batch_timeout
2026-02-04 12:49:07 WARNING dataset: Stage2 batch error query_id=q_001285: batch_timeout
2026-02-04 12:49:07 WARNING dataset: Stage2 batch error query_id=q_001286: batch_timeout
2026-02-04 12:49:07 WARNING dataset: Stage2 batch error query_id=q_001287: batch_timeout
2026-02-04 12:49:07 WARNING dataset: Stage2 batch error query_id=q_001288: batch_timeout
2026-02-04 12:49:07 WARNING dataset: Stage2 batch error query_id=q_001289: batch_timeout
2026-02-04 12:49:07 WARNING dataset: Stage2 batch error query_id=q_001290: batch_timeout
2026-02-04 12:49:07 WARNING dataset: Stage2 batch error query_id=q_001291: batch_timeout
2026-02-04 12:49:07 WARNING dataset: Stage2 batch error query_id=q_001292: batch_timeout
2026-02-04 12:49:07 WARNING dataset: Stage2 batch error query_id=q_001293: batch_timeout
2026-02-04 12:49:07 WARNING dataset: Stage2 batch error query_id=q_001294: batch_timeout
2026-02-04 12:49:07 WARNING dataset: Stage2 batch error query_id=q_001295: batch_timeout
2026-02-04 12:49:07 WARNING dataset: Stage2 batch error query_id=q_001296: batch_timeout
2026-02-04 12:49:07 WARNING dataset: Stage2 batch error query_id=q_001297: batch_timeout
2026-02-04 12:49:07 WARNING dataset: Stage2 batch error query_id=q_001298: batch_timeout
2026-02-04 12:49:07 WARNING dataset: Stage2 batch error query_id=q_001299: batch_timeout
2026-02-04 12:49:07 WARNING dataset: Stage2 batch error query_id=q_001300: batch_timeout
2026-02-04 12:49:07 WARNING dataset: Stage2 batch error query_id=q_001301: batch_timeout
2026-02-04 12:49:07 WARNING dataset: Stage2 batch error query_id=q_001265: batch_timeout
2026-02-04 12:49:07 WARNING dataset: Stage2 batch error query_id=q_001266: batch_timeout
2026-02-04 12:49:07 WARNING dataset: Stage2 batch error query_id=q_001267: batch_timeout
2026-02-04 12:49:07 WARNING dataset: Stage2 batch error query_id=q_001268: batch_timeout
2026-02-04 12:49:07 WARNING dataset: Stage2 batch error query_id=q_001269: batch_timeout
2026-02-04 12:49:07 WARNING dataset: Stage2 batch error query_id=q_001270: batch_timeout
2026-02-04 12:49:07 WARNING dataset: Stage2 batch error query_id=q_001271: batch_timeout
2026-02-04 12:49:07 WARNING dataset: Stage2 batch error query_id=q_001272: batch_timeout
2026-02-04 12:49:07 WARNING dataset: Stage2 batch error query_id=q_001273: batch_timeout
2026-02-04 12:49:07 WARNING dataset: Stage2 batch error query_id=q_001274: batch_timeout
2026-02-04 12:49:07 WARNING dataset: Stage2 batch error query_id=q_001275: batch_timeout
2026-02-04 12:49:07 WARNING dataset: Stage2 batch error query_id=q_001276: batch_timeout
2026-02-04 12:49:07 WARNING dataset: Stage2 batch error query_id=q_001277: batch_timeout
2026-02-04 12:49:07 WARNING dataset: Stage2 batch error query_id=q_001278: batch_timeout
2026-02-04 12:49:07 WARNING dataset: Stage2 batch error query_id=q_001279: batch_timeout
2026-02-04 12:49:07 WARNING dataset: Stage2 batch error query_id=q_001280: batch_timeout
2026-02-04 12:49:07 WARNING dataset: Stage2 batch error query_id=q_001281: batch_timeout
2026-02-04 12:49:07 WARNING dataset: Stage2 batch error query_id=q_001282: batch_timeout
2026-02-04 12:49:07 WARNING dataset: Stage2 batch error query_id=q_001283: batch_timeout
2026-02-04 12:49:07 WARNING dataset: Stage2 batch error query_id=q_001284: batch_timeout
2026-02-04 12:49:07 WARNING dataset: Stage2 batch error query_id=q_001285: batch_timeout
2026-02-04 12:49:07 WARNING dataset: Stage2 batch error query_id=q_001286: batch_timeout
2026-02-04 12:49:07 WARNING dataset: Stage2 batch error query_id=q_001302: batch_timeout
2026-02-04 12:49:07 WARNING dataset: Stage2 batch error query_id=q_001303: batch_timeout
2026-02-04 12:49:07 WARNING dataset: Stage2 batch error query_id=q_001304: batch_timeout
2026-02-04 12:49:07 WARNING dataset: Stage2 batch error query_id=q_001305: batch_timeout
2026-02-04 12:49:07 WARNING dataset: Stage2 batch error query_id=q_001265: batch_timeout
2026-02-04 12:49:07 WARNING dataset: Stage2 batch error query_id=q_001266: batch_timeout
2026-02-04 12:49:07 WARNING dataset: Stage2 batch error query_id=q_001267: batch_timeout
2026-02-04 12:49:07 WARNING dataset: Stage2 batch error query_id=q_001268: batch_timeout
2026-02-04 12:49:07 WARNING dataset: Stage2 batch error query_id=q_001269: batch_timeout
2026-02-04 12:49:07 WARNING dataset: Stage2 batch error query_id=q_001270: batch_timeout
2026-02-04 12:49:07 WARNING dataset: Stage2 batch error query_id=q_001271: batch_timeout
2026-02-04 12:49:07 WARNING dataset: Stage2 batch error query_id=q_001272: batch_timeout
2026-02-04 12:49:07 WARNING dataset: Stage2 batch error query_id=q_001273: batch_timeout
2026-02-04 12:49:07 WARNING dataset: Stage2 batch error query_id=q_001274: batch_timeout
2026-02-04 12:49:07 WARNING dataset: Stage2 batch error query_id=q_001275: batch_timeout
2026-02-04 12:49:07 WARNING dataset: Stage2 batch error query_id=q_001276: batch_timeout
2026-02-04 12:49:07 WARNING dataset: Stage2 batch error query_id=q_001277: batch_timeout
2026-02-04 12:49:07 WARNING dataset: Stage2 batch error query_id=q_001278: batch_timeout
2026-02-04 12:49:07 WARNING dataset: Stage2 batch error query_id=q_001279: batch_timeout
2026-02-04 12:49:07 WARNING dataset: Stage2 batch error query_id=q_001280: batch_timeout
2026-02-04 12:49:07 WARNING dataset: Stage2 batch error query_id=q_001281: batch_timeout
2026-02-04 12:49:07 WARNING dataset: Stage2 batch error query_id=q_001282: batch_timeout
2026-02-04 12:49:07 WARNING dataset: Stage2 batch error query_id=q_001283: batch_timeout
2026-02-04 12:49:07 WARNING dataset: Stage2 batch error query_id=q_001284: batch_timeout
2026-02-04 12:49:07 WARNING dataset: Stage2 batch error query_id=q_001285: batch_timeout
2026-02-04 12:49:07 WARNING dataset: Stage2 batch error query_id=q_001286: batch_timeout
2026-02-04 12:49:07 WARNING dataset: Stage2 batch error query_id=q_001287: batch_timeout
2026-02-04 12:49:07 WARNING dataset: Stage2 batch error query_id=q_001288: batch_timeout
2026-02-04 12:49:07 WARNING dataset: Stage2 batch error query_id=q_001289: batch_timeout
2026-02-04 12:49:07 WARNING dataset: Stage2 batch error query_id=q_001290: batch_timeout
2026-02-04 12:49:07 WARNING dataset: Stage2 batch error query_id=q_001291: batch_timeout
2026-02-04 12:49:07 WARNING dataset: Stage2 batch error query_id=q_001292: batch_timeout
2026-02-04 12:49:07 WARNING dataset: Stage2 batch error query_id=q_001293: batch_timeout
2026-02-04 12:49:07 WARNING dataset: Stage2 batch error query_id=q_001294: batch_timeout
2026-02-04 12:49:07 WARNING dataset: Stage2 batch error query_id=q_001295: batch_timeout
2026-02-04 12:49:07 WARNING dataset: Stage2 batch error query_id=q_001296: batch_timeout
2026-02-04 12:49:07 WARNING dataset: Stage2 batch error query_id=q_001297: batch_timeout
2026-02-04 12:49:07 WARNING dataset: Stage2 batch error query_id=q_001298: batch_timeout
2026-02-04 12:49:07 WARNING dataset: Stage2 batch error query_id=q_001299: batch_timeout
2026-02-04 12:49:07 WARNING dataset: Stage2 batch error query_id=q_001300: batch_timeout
2026-02-04 12:49:07 WARNING dataset: Stage2 batch error query_id=q_001301: batch_timeout
2026-02-04 12:49:07 WARNING dataset: Stage2 batch error query_id=q_001302: batch_timeout
2026-02-04 12:49:07 WARNING dataset: Stage2 batch error query_id=q_001303: batch_timeout
2026-02-04 12:49:07 WARNING dataset: Stage2 batch error query_id=q_001304: batch_timeout
2026-02-04 12:49:07 WARNING dataset: Stage2 batch error query_id=q_001305: batch_timeout
2026-02-04 12:52:49 ERROR dataset: Stage1 rate limit info: limits={'rpm': None, 'tpm': None, 'rpd': None, 'note': 'set per your Google project tier'} headers=none
2026-02-04 12:52:49 ERROR dataset: Stage1 error intent=product_lookup: rate limit hit provider=gemini model=gemini-3-pro-preview limits={'rpm': None, 'tpm': None, 'rpd': None, 'note': 'set per your Google project tier'} headers=none
2026-02-04 12:52:49 ERROR dataset: Stage1 stopping intent=product_lookup after 3 failures
2026-02-04 12:53:05 ERROR dataset: Stage1 rate limit info: limits={'rpm': None, 'tpm': None, 'rpd': None, 'note': 'set per your Google project tier'} headers=none
2026-02-04 12:53:05 ERROR dataset: Stage1 error intent=Documentation: rate limit hit provider=gemini model=gemini-3-pro-preview limits={'rpm': None, 'tpm': None, 'rpd': None, 'note': 'set per your Google project tier'} headers=none
2026-02-04 12:53:05 ERROR dataset: Stage1 stopping intent=Documentation after 3 failures
2026-02-04 12:53:20 ERROR dataset: Stage1 rate limit info: limits={'rpm': None, 'tpm': None, 'rpd': None, 'note': 'set per your Google project tier'} headers=none
2026-02-04 12:53:20 ERROR dataset: Stage1 error intent=Documentation: rate limit hit provider=gemini model=gemini-3-pro-preview limits={'rpm': None, 'tpm': None, 'rpd': None, 'note': 'set per your Google project tier'} headers=none
2026-02-04 12:53:20 ERROR dataset: Stage1 stopping intent=Documentation after 3 failures
2026-02-04 12:53:33 ERROR dataset: Stage1 rate limit info: limits={'rpm': None, 'tpm': None, 'rpd': None, 'note': 'set per your Google project tier'} headers=none
2026-02-04 12:53:33 ERROR dataset: Stage1 error intent=Documentation: rate limit hit provider=gemini model=gemini-3-pro-preview limits={'rpm': None, 'tpm': None, 'rpd': None, 'note': 'set per your Google project tier'} headers=none
2026-02-04 12:53:33 ERROR dataset: Stage1 stopping intent=Documentation after 3 failures
2026-02-04 12:54:17 WARNING dataset: Stage2 batch error query_id=q_001287: batch_timeout
2026-02-04 12:54:17 WARNING dataset: Stage2 batch error query_id=q_001288: batch_timeout
2026-02-04 12:54:17 WARNING dataset: Stage2 batch error query_id=q_001289: batch_timeout
2026-02-04 12:54:17 WARNING dataset: Stage2 batch error query_id=q_001290: batch_timeout
2026-02-04 12:54:17 WARNING dataset: Stage2 batch error query_id=q_001291: batch_timeout
2026-02-04 12:54:17 WARNING dataset: Stage2 batch error query_id=q_001292: batch_timeout
2026-02-04 12:54:17 WARNING dataset: Stage2 batch error query_id=q_001293: batch_timeout
2026-02-04 12:54:17 WARNING dataset: Stage2 batch error query_id=q_001294: batch_timeout
2026-02-04 12:54:17 WARNING dataset: Stage2 batch error query_id=q_001295: batch_timeout
2026-02-04 12:54:17 WARNING dataset: Stage2 batch error query_id=q_001296: batch_timeout
2026-02-04 12:54:17 WARNING dataset: Stage2 batch error query_id=q_001297: batch_timeout
2026-02-04 12:54:17 WARNING dataset: Stage2 batch error query_id=q_001298: batch_timeout
2026-02-04 12:54:17 WARNING dataset: Stage2 batch error query_id=q_001299: batch_timeout
2026-02-04 12:54:17 WARNING dataset: Stage2 batch error query_id=q_001300: batch_timeout
2026-02-04 12:54:17 WARNING dataset: Stage2 batch error query_id=q_001301: batch_timeout
2026-02-04 12:54:17 WARNING dataset: Stage2 batch error query_id=q_001302: batch_timeout
2026-02-04 12:54:17 WARNING dataset: Stage2 batch error query_id=q_001303: batch_timeout
2026-02-04 12:54:17 WARNING dataset: Stage2 batch error query_id=q_001304: batch_timeout
2026-02-04 12:54:17 WARNING dataset: Stage2 batch error query_id=q_001305: batch_timeout
2026-02-04 12:54:17 WARNING dataset: Stage2 batch error query_id=q_001306: batch_timeout
2026-02-04 12:54:17 WARNING dataset: Stage2 batch error query_id=q_001307: batch_timeout
2026-02-04 12:54:17 WARNING dataset: Stage2 batch error query_id=q_001308: batch_timeout
2026-02-04 12:54:17 WARNING dataset: Stage2 batch error query_id=q_001309: batch_timeout
2026-02-04 12:54:17 WARNING dataset: Stage2 batch error query_id=q_001310: batch_timeout
2026-02-04 12:54:17 WARNING dataset: Stage2 batch error query_id=q_001311: batch_timeout
2026-02-04 12:54:17 WARNING dataset: Stage2 batch error query_id=q_001312: batch_timeout
2026-02-04 12:54:17 WARNING dataset: Stage2 batch error query_id=q_001313: batch_timeout
2026-02-04 12:54:17 WARNING dataset: Stage2 batch error query_id=q_001314: batch_timeout
2026-02-04 12:54:17 WARNING dataset: Stage2 batch error query_id=q_001306: batch_timeout
2026-02-04 12:54:17 WARNING dataset: Stage2 batch error query_id=q_001307: batch_timeout
2026-02-04 12:54:17 WARNING dataset: Stage2 batch error query_id=q_001308: batch_timeout
2026-02-04 12:54:17 WARNING dataset: Stage2 batch error query_id=q_001309: batch_timeout
2026-02-04 12:54:17 WARNING dataset: Stage2 batch error query_id=q_001310: batch_timeout
2026-02-04 12:54:17 WARNING dataset: Stage2 batch error query_id=q_001311: batch_timeout
2026-02-04 12:54:17 WARNING dataset: Stage2 batch error query_id=q_001312: batch_timeout
2026-02-04 12:54:17 WARNING dataset: Stage2 batch error query_id=q_001313: batch_timeout
2026-02-04 12:54:17 WARNING dataset: Stage2 batch error query_id=q_001314: batch_timeout
2026-02-04 12:54:17 WARNING dataset: Stage2 batch error query_id=q_001315: batch_timeout
2026-02-04 12:54:17 WARNING dataset: Stage2 batch error query_id=q_001316: batch_timeout
2026-02-04 12:54:17 WARNING dataset: Stage2 batch error query_id=q_001317: batch_timeout
2026-02-04 12:54:17 WARNING dataset: Stage2 batch error query_id=q_001318: batch_timeout
2026-02-04 12:54:17 WARNING dataset: Stage2 batch error query_id=q_001319: batch_timeout
2026-02-04 12:54:17 WARNING dataset: Stage2 batch error query_id=q_001320: batch_timeout
2026-02-04 12:54:17 WARNING dataset: Stage2 batch error query_id=q_001321: batch_timeout
2026-02-04 12:54:17 WARNING dataset: Stage2 batch error query_id=q_001322: batch_timeout
2026-02-04 12:54:17 WARNING dataset: Stage2 batch error query_id=q_001323: batch_timeout
2026-02-04 12:54:17 WARNING dataset: Stage2 batch error query_id=q_001324: batch_timeout
2026-02-04 12:54:17 WARNING dataset: Stage2 batch error query_id=q_001325: batch_timeout
2026-02-04 12:54:17 WARNING dataset: Stage2 batch error query_id=q_001326: batch_timeout
2026-02-04 12:54:17 WARNING dataset: Stage2 batch error query_id=q_001327: batch_timeout
2026-02-04 12:54:17 WARNING dataset: Stage2 batch error query_id=q_001328: batch_timeout
2026-02-04 12:54:17 WARNING dataset: Stage2 batch error query_id=q_001329: batch_timeout
2026-02-04 12:54:17 WARNING dataset: Stage2 batch error query_id=q_001330: batch_timeout
2026-02-04 12:54:17 WARNING dataset: Stage2 batch error query_id=q_001331: batch_timeout
2026-02-04 12:54:17 WARNING dataset: Stage2 batch error query_id=q_001332: batch_timeout
2026-02-04 12:54:17 WARNING dataset: Stage2 batch error query_id=q_001333: batch_timeout
2026-02-04 12:54:17 WARNING dataset: Stage2 batch error query_id=q_001315: batch_timeout
2026-02-04 12:54:17 WARNING dataset: Stage2 batch error query_id=q_001316: batch_timeout
2026-02-04 12:54:17 WARNING dataset: Stage2 batch error query_id=q_001317: batch_timeout
2026-02-04 12:54:17 WARNING dataset: Stage2 batch error query_id=q_001318: batch_timeout
2026-02-04 12:54:17 WARNING dataset: Stage2 batch error query_id=q_001319: batch_timeout
2026-02-04 12:54:17 WARNING dataset: Stage2 batch error query_id=q_001320: batch_timeout
2026-02-04 12:54:17 WARNING dataset: Stage2 batch error query_id=q_001321: batch_timeout
2026-02-04 12:54:17 WARNING dataset: Stage2 batch error query_id=q_001322: batch_timeout
2026-02-04 12:54:17 WARNING dataset: Stage2 batch error query_id=q_001323: batch_timeout
2026-02-04 12:54:17 WARNING dataset: Stage2 batch error query_id=q_001324: batch_timeout
2026-02-04 12:54:17 WARNING dataset: Stage2 batch error query_id=q_001325: batch_timeout
2026-02-04 12:54:17 WARNING dataset: Stage2 batch error query_id=q_001326: batch_timeout
2026-02-04 12:54:17 WARNING dataset: Stage2 batch error query_id=q_001327: batch_timeout
2026-02-04 12:54:17 WARNING dataset: Stage2 batch error query_id=q_001328: batch_timeout
2026-02-04 12:54:17 WARNING dataset: Stage2 batch error query_id=q_001329: batch_timeout
2026-02-04 12:54:17 WARNING dataset: Stage2 batch error query_id=q_001330: batch_timeout
2026-02-04 12:54:17 WARNING dataset: Stage2 batch error query_id=q_001331: batch_timeout
2026-02-04 12:54:17 WARNING dataset: Stage2 batch error query_id=q_001332: batch_timeout
2026-02-04 12:54:17 WARNING dataset: Stage2 batch error query_id=q_001333: batch_timeout
2026-02-04 12:54:17 WARNING dataset: Stage2 batch error query_id=q_001334: batch_timeout
2026-02-04 12:54:17 WARNING dataset: Stage2 batch error query_id=q_001335: batch_timeout
2026-02-04 12:54:17 WARNING dataset: Stage2 batch error query_id=q_001336: batch_timeout
2026-02-04 12:54:17 WARNING dataset: Stage2 batch error query_id=q_001337: batch_timeout
2026-02-04 12:54:17 WARNING dataset: Stage2 batch error query_id=q_001338: batch_timeout
2026-02-04 12:54:17 WARNING dataset: Stage2 batch error query_id=q_001339: batch_timeout
2026-02-04 12:54:17 WARNING dataset: Stage2 batch error query_id=q_001340: batch_timeout
2026-02-04 12:54:17 WARNING dataset: Stage2 batch error query_id=q_001341: batch_timeout
2026-02-04 12:54:17 WARNING dataset: Stage2 batch error query_id=q_001342: batch_timeout
2026-02-04 12:54:17 WARNING dataset: Stage2 batch error query_id=q_001343: batch_timeout
2026-02-04 12:54:17 WARNING dataset: Stage2 batch error query_id=q_001344: batch_timeout
2026-02-04 12:54:17 WARNING dataset: Stage2 batch error query_id=q_001345: batch_timeout
2026-02-04 12:54:17 WARNING dataset: Stage2 batch error query_id=q_001346: batch_timeout
2026-02-04 12:54:17 WARNING dataset: Stage2 batch error query_id=q_001334: batch_timeout
2026-02-04 12:54:17 WARNING dataset: Stage2 batch error query_id=q_001335: batch_timeout
2026-02-04 12:54:17 WARNING dataset: Stage2 batch error query_id=q_001336: batch_timeout
2026-02-04 12:54:17 WARNING dataset: Stage2 batch error query_id=q_001337: batch_timeout
2026-02-04 12:54:17 WARNING dataset: Stage2 batch error query_id=q_001338: batch_timeout
2026-02-04 12:54:17 WARNING dataset: Stage2 batch error query_id=q_001339: batch_timeout
2026-02-04 12:54:17 WARNING dataset: Stage2 batch error query_id=q_001340: batch_timeout
2026-02-04 12:54:17 WARNING dataset: Stage2 batch error query_id=q_001341: batch_timeout
2026-02-04 12:54:17 WARNING dataset: Stage2 batch error query_id=q_001342: batch_timeout
2026-02-04 12:54:17 WARNING dataset: Stage2 batch error query_id=q_001343: batch_timeout
2026-02-04 12:54:17 WARNING dataset: Stage2 batch error query_id=q_001344: batch_timeout
2026-02-04 12:54:17 WARNING dataset: Stage2 batch error query_id=q_001345: batch_timeout
2026-02-04 12:54:17 WARNING dataset: Stage2 batch error query_id=q_001346: batch_timeout
2026-02-04 12:54:17 WARNING dataset: Stage2 batch error query_id=q_001347: batch_timeout
2026-02-04 12:54:17 WARNING dataset: Stage2 batch error query_id=q_001348: batch_timeout
2026-02-04 12:54:17 WARNING dataset: Stage2 batch error query_id=q_001349: batch_timeout
2026-02-04 12:54:17 WARNING dataset: Stage2 batch error query_id=q_001350: batch_timeout
2026-02-04 12:54:17 WARNING dataset: Stage2 batch error query_id=q_001351: batch_timeout
2026-02-04 12:54:17 WARNING dataset: Stage2 batch error query_id=q_001352: batch_timeout
2026-02-04 12:54:17 WARNING dataset: Stage2 batch error query_id=q_001353: batch_timeout
2026-02-04 12:54:17 WARNING dataset: Stage2 batch error query_id=q_001354: batch_timeout
2026-02-04 12:54:17 WARNING dataset: Stage2 batch error query_id=q_001355: batch_timeout
2026-02-04 12:54:17 WARNING dataset: Stage2 batch error query_id=q_001356: batch_timeout
2026-02-04 12:54:17 WARNING dataset: Stage2 batch error query_id=q_001357: batch_timeout
2026-02-04 12:54:17 WARNING dataset: Stage2 batch error query_id=q_001358: batch_timeout
2026-02-04 12:54:17 WARNING dataset: Stage2 batch error query_id=q_001359: batch_timeout
2026-02-04 12:54:17 WARNING dataset: Stage2 batch error query_id=q_001360: batch_timeout
2026-02-04 12:54:17 WARNING dataset: Stage2 batch error query_id=q_001361: batch_timeout
2026-02-04 12:54:17 WARNING dataset: Stage2 batch error query_id=q_001306: batch_timeout
2026-02-04 12:54:17 WARNING dataset: Stage2 batch error query_id=q_001307: batch_timeout
2026-02-04 12:54:17 WARNING dataset: Stage2 batch error query_id=q_001308: batch_timeout
2026-02-04 12:54:17 WARNING dataset: Stage2 batch error query_id=q_001309: batch_timeout
2026-02-04 12:54:17 WARNING dataset: Stage2 batch error query_id=q_001310: batch_timeout
2026-02-04 12:54:17 WARNING dataset: Stage2 batch error query_id=q_001311: batch_timeout
2026-02-04 12:54:17 WARNING dataset: Stage2 batch error query_id=q_001312: batch_timeout
2026-02-04 12:54:17 WARNING dataset: Stage2 batch error query_id=q_001313: batch_timeout
2026-02-04 12:54:17 WARNING dataset: Stage2 batch error query_id=q_001314: batch_timeout
2026-02-04 12:54:17 WARNING dataset: Stage2 batch error query_id=q_001315: batch_timeout
2026-02-04 12:54:17 WARNING dataset: Stage2 batch error query_id=q_001316: batch_timeout
2026-02-04 12:54:17 WARNING dataset: Stage2 batch error query_id=q_001317: batch_timeout
2026-02-04 12:54:17 WARNING dataset: Stage2 batch error query_id=q_001318: batch_timeout
2026-02-04 12:54:17 WARNING dataset: Stage2 batch error query_id=q_001319: batch_timeout
2026-02-04 12:54:17 WARNING dataset: Stage2 batch error query_id=q_001320: batch_timeout
2026-02-04 12:54:17 WARNING dataset: Stage2 batch error query_id=q_001321: batch_timeout
2026-02-04 12:54:17 WARNING dataset: Stage2 batch error query_id=q_001322: batch_timeout
2026-02-04 12:54:17 WARNING dataset: Stage2 batch error query_id=q_001323: batch_timeout
2026-02-04 12:54:17 WARNING dataset: Stage2 batch error query_id=q_001324: batch_timeout
2026-02-04 12:54:17 WARNING dataset: Stage2 batch error query_id=q_001325: batch_timeout
2026-02-04 12:54:17 WARNING dataset: Stage2 batch error query_id=q_001326: batch_timeout
2026-02-04 12:54:17 WARNING dataset: Stage2 batch error query_id=q_001327: batch_timeout
2026-02-04 12:54:17 WARNING dataset: Stage2 batch error query_id=q_001328: batch_timeout
2026-02-04 12:54:17 WARNING dataset: Stage2 batch error query_id=q_001329: batch_timeout
2026-02-04 12:54:17 WARNING dataset: Stage2 batch error query_id=q_001330: batch_timeout
2026-02-04 12:54:17 WARNING dataset: Stage2 batch error query_id=q_001331: batch_timeout
2026-02-04 12:54:17 WARNING dataset: Stage2 batch error query_id=q_001332: batch_timeout
2026-02-04 12:54:17 WARNING dataset: Stage2 batch error query_id=q_001333: batch_timeout
2026-02-04 12:54:17 WARNING dataset: Stage2 batch error query_id=q_001347: batch_timeout
2026-02-04 12:54:17 WARNING dataset: Stage2 batch error query_id=q_001348: batch_timeout
2026-02-04 12:54:17 WARNING dataset: Stage2 batch error query_id=q_001349: batch_timeout
2026-02-04 12:54:17 WARNING dataset: Stage2 batch error query_id=q_001350: batch_timeout
2026-02-04 12:54:17 WARNING dataset: Stage2 batch error query_id=q_001351: batch_timeout
2026-02-04 12:54:17 WARNING dataset: Stage2 batch error query_id=q_001352: batch_timeout
2026-02-04 12:54:17 WARNING dataset: Stage2 batch error query_id=q_001353: batch_timeout
2026-02-04 12:54:17 WARNING dataset: Stage2 batch error query_id=q_001354: batch_timeout
2026-02-04 12:54:17 WARNING dataset: Stage2 batch error query_id=q_001355: batch_timeout
2026-02-04 12:54:17 WARNING dataset: Stage2 batch error query_id=q_001356: batch_timeout
2026-02-04 12:54:17 WARNING dataset: Stage2 batch error query_id=q_001357: batch_timeout
2026-02-04 12:54:17 WARNING dataset: Stage2 batch error query_id=q_001358: batch_timeout
2026-02-04 12:54:17 WARNING dataset: Stage2 batch error query_id=q_001359: batch_timeout
2026-02-04 12:54:17 WARNING dataset: Stage2 batch error query_id=q_001360: batch_timeout
2026-02-04 12:54:17 WARNING dataset: Stage2 batch error query_id=q_001361: batch_timeout
2026-02-04 12:54:17 WARNING dataset: Stage2 batch error query_id=q_001362: batch_timeout
2026-02-04 12:54:17 WARNING dataset: Stage2 batch error query_id=q_001363: batch_timeout
2026-02-04 12:54:17 WARNING dataset: Stage2 batch error query_id=q_001364: batch_timeout
2026-02-04 12:54:17 WARNING dataset: Stage2 batch error query_id=q_001365: batch_timeout
2026-02-04 12:54:17 WARNING dataset: Stage2 batch error query_id=q_001366: batch_timeout
2026-02-04 12:54:17 WARNING dataset: Stage2 batch error query_id=q_001367: batch_timeout
2026-02-04 12:54:17 WARNING dataset: Stage2 batch error query_id=q_001362: batch_timeout
2026-02-04 12:54:17 WARNING dataset: Stage2 batch error query_id=q_001363: batch_timeout
2026-02-04 12:54:17 WARNING dataset: Stage2 batch error query_id=q_001364: batch_timeout
2026-02-04 12:54:17 WARNING dataset: Stage2 batch error query_id=q_001365: batch_timeout
2026-02-04 12:54:17 WARNING dataset: Stage2 batch error query_id=q_001366: batch_timeout
2026-02-04 12:54:17 WARNING dataset: Stage2 batch error query_id=q_001367: batch_timeout
2026-02-04 12:54:17 WARNING dataset: Stage2 batch error query_id=q_001368: batch_timeout
2026-02-04 12:54:17 WARNING dataset: Stage2 batch error query_id=q_001369: batch_timeout
2026-02-04 12:54:17 WARNING dataset: Stage2 batch error query_id=q_001370: batch_timeout
2026-02-04 12:54:17 WARNING dataset: Stage2 batch error query_id=q_001371: batch_timeout
2026-02-04 12:54:17 WARNING dataset: Stage2 batch error query_id=q_001372: batch_timeout
2026-02-04 12:54:17 WARNING dataset: Stage2 batch error query_id=q_001373: batch_timeout
2026-02-04 12:54:17 WARNING dataset: Stage2 batch error query_id=q_001374: batch_timeout
2026-02-04 12:54:17 WARNING dataset: Stage2 batch error query_id=q_001375: batch_timeout
2026-02-04 12:54:17 WARNING dataset: Stage2 batch error query_id=q_001376: batch_timeout
2026-02-04 12:54:17 WARNING dataset: Stage2 batch error query_id=q_001377: batch_timeout
2026-02-04 12:54:17 WARNING dataset: Stage2 batch error query_id=q_001378: batch_timeout
2026-02-04 12:54:17 WARNING dataset: Stage2 batch error query_id=q_001379: batch_timeout
2026-02-04 12:54:17 WARNING dataset: Stage2 batch error query_id=q_001380: batch_timeout
2026-02-04 12:54:17 WARNING dataset: Stage2 batch error query_id=q_001381: batch_timeout
2026-02-04 12:54:17 WARNING dataset: Stage2 batch error query_id=q_001382: batch_timeout
2026-02-04 12:54:17 WARNING dataset: Stage2 batch error query_id=q_001383: batch_timeout
2026-02-04 12:54:17 WARNING dataset: Stage2 batch error query_id=q_001384: batch_timeout
2026-02-04 12:54:17 WARNING dataset: Stage2 batch error query_id=q_001385: batch_timeout
2026-02-04 12:54:17 WARNING dataset: Stage2 batch error query_id=q_001386: batch_timeout
2026-02-04 12:54:17 WARNING dataset: Stage2 batch error query_id=q_001387: batch_timeout
2026-02-04 12:54:17 WARNING dataset: Stage2 batch error query_id=q_001388: batch_timeout
2026-02-04 12:54:17 WARNING dataset: Stage2 batch error query_id=q_001389: batch_timeout
2026-02-04 12:54:17 WARNING dataset: Stage2 batch error query_id=q_001390: batch_timeout
2026-02-04 12:54:17 WARNING dataset: Stage2 batch error query_id=q_001391: batch_timeout
2026-02-04 12:54:17 WARNING dataset: Stage2 batch error query_id=q_001368: batch_timeout
2026-02-04 12:54:17 WARNING dataset: Stage2 batch error query_id=q_001369: batch_timeout
2026-02-04 12:54:17 WARNING dataset: Stage2 batch error query_id=q_001370: batch_timeout
2026-02-04 12:54:17 WARNING dataset: Stage2 batch error query_id=q_001371: batch_timeout
2026-02-04 12:54:17 WARNING dataset: Stage2 batch error query_id=q_001372: batch_timeout
2026-02-04 12:54:17 WARNING dataset: Stage2 batch error query_id=q_001373: batch_timeout
2026-02-04 12:54:17 WARNING dataset: Stage2 batch error query_id=q_001334: batch_timeout
2026-02-04 12:54:17 WARNING dataset: Stage2 batch error query_id=q_001335: batch_timeout
2026-02-04 12:54:17 WARNING dataset: Stage2 batch error query_id=q_001336: batch_timeout
2026-02-04 12:54:17 WARNING dataset: Stage2 batch error query_id=q_001337: batch_timeout
2026-02-04 12:54:17 WARNING dataset: Stage2 batch error query_id=q_001338: batch_timeout
2026-02-04 12:54:17 WARNING dataset: Stage2 batch error query_id=q_001339: batch_timeout
2026-02-04 12:54:17 WARNING dataset: Stage2 batch error query_id=q_001340: batch_timeout
2026-02-04 12:54:17 WARNING dataset: Stage2 batch error query_id=q_001341: batch_timeout
2026-02-04 12:54:17 WARNING dataset: Stage2 batch error query_id=q_001342: batch_timeout
2026-02-04 12:54:17 WARNING dataset: Stage2 batch error query_id=q_001343: batch_timeout
2026-02-04 12:54:17 WARNING dataset: Stage2 batch error query_id=q_001344: batch_timeout
2026-02-04 12:54:17 WARNING dataset: Stage2 batch error query_id=q_001345: batch_timeout
2026-02-04 12:54:17 WARNING dataset: Stage2 batch error query_id=q_001346: batch_timeout
2026-02-04 12:54:17 WARNING dataset: Stage2 batch error query_id=q_001347: batch_timeout
2026-02-04 12:54:17 WARNING dataset: Stage2 batch error query_id=q_001348: batch_timeout
2026-02-04 12:54:17 WARNING dataset: Stage2 batch error query_id=q_001349: batch_timeout
2026-02-04 12:54:17 WARNING dataset: Stage2 batch error query_id=q_001350: batch_timeout
2026-02-04 12:54:17 WARNING dataset: Stage2 batch error query_id=q_001351: batch_timeout
2026-02-04 12:54:17 WARNING dataset: Stage2 batch error query_id=q_001352: batch_timeout
2026-02-04 12:54:17 WARNING dataset: Stage2 batch error query_id=q_001353: batch_timeout
2026-02-04 12:54:17 WARNING dataset: Stage2 batch error query_id=q_001354: batch_timeout
2026-02-04 12:54:17 WARNING dataset: Stage2 batch error query_id=q_001355: batch_timeout
2026-02-04 12:54:17 WARNING dataset: Stage2 batch error query_id=q_001356: batch_timeout
2026-02-04 12:54:17 WARNING dataset: Stage2 batch error query_id=q_001357: batch_timeout
2026-02-04 12:54:17 WARNING dataset: Stage2 batch error query_id=q_001358: batch_timeout
2026-02-04 12:54:17 WARNING dataset: Stage2 batch error query_id=q_001359: batch_timeout
2026-02-04 12:54:17 WARNING dataset: Stage2 batch error query_id=q_001360: batch_timeout
2026-02-04 12:54:17 WARNING dataset: Stage2 batch error query_id=q_001361: batch_timeout
2026-02-04 12:54:17 WARNING dataset: Stage2 batch error query_id=q_001392: batch_timeout
2026-02-04 12:54:17 WARNING dataset: Stage2 batch error query_id=q_001362: batch_timeout
2026-02-04 12:54:17 WARNING dataset: Stage2 batch error query_id=q_001363: batch_timeout
2026-02-04 12:54:17 WARNING dataset: Stage2 batch error query_id=q_001364: batch_timeout
2026-02-04 12:54:17 WARNING dataset: Stage2 batch error query_id=q_001365: batch_timeout
2026-02-04 12:54:17 WARNING dataset: Stage2 batch error query_id=q_001366: batch_timeout
2026-02-04 12:54:17 WARNING dataset: Stage2 batch error query_id=q_001367: batch_timeout
2026-02-04 12:54:17 WARNING dataset: Stage2 batch error query_id=q_001368: batch_timeout
2026-02-04 12:54:17 WARNING dataset: Stage2 batch error query_id=q_001369: batch_timeout
2026-02-04 12:54:17 WARNING dataset: Stage2 batch error query_id=q_001370: batch_timeout
2026-02-04 12:54:17 WARNING dataset: Stage2 batch error query_id=q_001371: batch_timeout
2026-02-04 12:54:17 WARNING dataset: Stage2 batch error query_id=q_001372: batch_timeout
2026-02-04 12:54:17 WARNING dataset: Stage2 batch error query_id=q_001373: batch_timeout
2026-02-04 12:54:17 WARNING dataset: Stage2 batch error query_id=q_001374: batch_timeout
2026-02-04 12:54:17 WARNING dataset: Stage2 batch error query_id=q_001375: batch_timeout
2026-02-04 12:54:17 WARNING dataset: Stage2 batch error query_id=q_001376: batch_timeout
2026-02-04 12:54:17 WARNING dataset: Stage2 batch error query_id=q_001377: batch_timeout
2026-02-04 12:54:17 WARNING dataset: Stage2 batch error query_id=q_001378: batch_timeout
2026-02-04 12:54:17 WARNING dataset: Stage2 batch error query_id=q_001379: batch_timeout
2026-02-04 12:54:17 WARNING dataset: Stage2 batch error query_id=q_001380: batch_timeout
2026-02-04 12:54:17 WARNING dataset: Stage2 batch error query_id=q_001381: batch_timeout
2026-02-04 12:54:17 WARNING dataset: Stage2 batch error query_id=q_001382: batch_timeout
2026-02-04 12:54:17 WARNING dataset: Stage2 batch error query_id=q_001383: batch_timeout
2026-02-04 12:54:17 WARNING dataset: Stage2 batch error query_id=q_001384: batch_timeout
2026-02-04 12:54:17 WARNING dataset: Stage2 batch error query_id=q_001385: batch_timeout
2026-02-04 12:54:17 WARNING dataset: Stage2 batch error query_id=q_001386: batch_timeout
2026-02-04 12:54:17 WARNING dataset: Stage2 batch error query_id=q_001387: batch_timeout
2026-02-04 12:54:17 WARNING dataset: Stage2 batch error query_id=q_001388: batch_timeout
2026-02-04 12:54:17 WARNING dataset: Stage2 batch error query_id=q_001389: batch_timeout
2026-02-04 12:54:17 WARNING dataset: Stage2 batch error query_id=q_001390: batch_timeout
2026-02-04 12:54:17 WARNING dataset: Stage2 batch error query_id=q_001391: batch_timeout
2026-02-04 12:54:17 WARNING dataset: Stage2 batch error query_id=q_001392: batch_timeout
2026-02-04 12:59:29 WARNING dataset: Stage2 batch error query_id=q_001374: batch_timeout
2026-02-04 12:59:29 WARNING dataset: Stage2 batch error query_id=q_001375: batch_timeout
2026-02-04 12:59:29 WARNING dataset: Stage2 batch error query_id=q_001376: batch_timeout
2026-02-04 12:59:29 WARNING dataset: Stage2 batch error query_id=q_001377: batch_timeout
2026-02-04 12:59:29 WARNING dataset: Stage2 batch error query_id=q_001378: batch_timeout
2026-02-04 12:59:29 WARNING dataset: Stage2 batch error query_id=q_001379: batch_timeout
2026-02-04 12:59:29 WARNING dataset: Stage2 batch error query_id=q_001380: batch_timeout
2026-02-04 12:59:29 WARNING dataset: Stage2 batch error query_id=q_001381: batch_timeout
2026-02-04 12:59:29 WARNING dataset: Stage2 batch error query_id=q_001382: batch_timeout
2026-02-04 12:59:29 WARNING dataset: Stage2 batch error query_id=q_001383: batch_timeout
2026-02-04 12:59:29 WARNING dataset: Stage2 batch error query_id=q_001384: batch_timeout
2026-02-04 12:59:29 WARNING dataset: Stage2 batch error query_id=q_001385: batch_timeout
2026-02-04 12:59:29 WARNING dataset: Stage2 batch error query_id=q_001386: batch_timeout
2026-02-04 12:59:29 WARNING dataset: Stage2 batch error query_id=q_001387: batch_timeout
2026-02-04 12:59:29 WARNING dataset: Stage2 batch error query_id=q_001388: batch_timeout
2026-02-04 12:59:29 WARNING dataset: Stage2 batch error query_id=q_001389: batch_timeout
2026-02-04 12:59:29 WARNING dataset: Stage2 batch error query_id=q_001390: batch_timeout
2026-02-04 12:59:29 WARNING dataset: Stage2 batch error query_id=q_001391: batch_timeout
2026-02-04 12:59:29 WARNING dataset: Stage2 batch error query_id=q_001392: batch_timeout
2026-02-04 12:59:29 WARNING dataset: Stage2 batch error query_id=q_001393: batch_timeout
2026-02-04 12:59:29 WARNING dataset: Stage2 batch error query_id=q_001394: batch_timeout
2026-02-04 12:59:29 WARNING dataset: Stage2 batch error query_id=q_001395: batch_timeout
2026-02-04 12:59:29 WARNING dataset: Stage2 batch error query_id=q_001396: batch_timeout
2026-02-04 12:59:29 WARNING dataset: Stage2 batch error query_id=q_001397: batch_timeout
2026-02-04 12:59:29 WARNING dataset: Stage2 batch error query_id=q_001393: batch_timeout
2026-02-04 12:59:29 WARNING dataset: Stage2 batch error query_id=q_001394: batch_timeout
2026-02-04 12:59:29 WARNING dataset: Stage2 batch error query_id=q_001395: batch_timeout
2026-02-04 12:59:29 WARNING dataset: Stage2 batch error query_id=q_001396: batch_timeout
2026-02-04 12:59:29 WARNING dataset: Stage2 batch error query_id=q_001397: batch_timeout
2026-02-04 12:59:29 WARNING dataset: Stage2 batch error query_id=q_001398: batch_timeout
2026-02-04 12:59:29 WARNING dataset: Stage2 batch error query_id=q_001399: batch_timeout
2026-02-04 12:59:29 WARNING dataset: Stage2 batch error query_id=q_001400: batch_timeout
2026-02-04 12:59:29 WARNING dataset: Stage2 batch error query_id=q_001401: batch_timeout
2026-02-04 12:59:29 WARNING dataset: Stage2 batch error query_id=q_001402: batch_timeout
2026-02-04 12:59:29 WARNING dataset: Stage2 batch error query_id=q_001403: batch_timeout
2026-02-04 12:59:29 WARNING dataset: Stage2 batch error query_id=q_001404: batch_timeout
2026-02-04 12:59:29 WARNING dataset: Stage2 batch error query_id=q_001405: batch_timeout
2026-02-04 12:59:29 WARNING dataset: Stage2 batch error query_id=q_001406: batch_timeout
2026-02-04 12:59:29 WARNING dataset: Stage2 batch error query_id=q_001407: batch_timeout
2026-02-04 12:59:29 WARNING dataset: Stage2 batch error query_id=q_001408: batch_timeout
2026-02-04 12:59:29 WARNING dataset: Stage2 batch error query_id=q_001409: batch_timeout
2026-02-04 12:59:29 WARNING dataset: Stage2 batch error query_id=q_001410: batch_timeout
2026-02-04 12:59:29 WARNING dataset: Stage2 batch error query_id=q_001411: batch_timeout
2026-02-04 12:59:29 WARNING dataset: Stage2 batch error query_id=q_001412: batch_timeout
2026-02-04 12:59:29 WARNING dataset: Stage2 batch error query_id=q_001413: batch_timeout
2026-02-04 12:59:29 WARNING dataset: Stage2 batch error query_id=q_001414: batch_timeout
2026-02-04 12:59:29 WARNING dataset: Stage2 batch error query_id=q_001415: batch_timeout
2026-02-04 12:59:29 WARNING dataset: Stage2 batch error query_id=q_001416: batch_timeout
2026-02-04 12:59:29 WARNING dataset: Stage2 batch error query_id=q_001398: batch_timeout
2026-02-04 12:59:29 WARNING dataset: Stage2 batch error query_id=q_001399: batch_timeout
2026-02-04 12:59:29 WARNING dataset: Stage2 batch error query_id=q_001400: batch_timeout
2026-02-04 12:59:29 WARNING dataset: Stage2 batch error query_id=q_001401: batch_timeout
2026-02-04 12:59:29 WARNING dataset: Stage2 batch error query_id=q_001402: batch_timeout
2026-02-04 12:59:29 WARNING dataset: Stage2 batch error query_id=q_001403: batch_timeout
2026-02-04 12:59:29 WARNING dataset: Stage2 batch error query_id=q_001404: batch_timeout
2026-02-04 12:59:29 WARNING dataset: Stage2 batch error query_id=q_001405: batch_timeout
2026-02-04 12:59:29 WARNING dataset: Stage2 batch error query_id=q_001406: batch_timeout
2026-02-04 12:59:29 WARNING dataset: Stage2 batch error query_id=q_001417: batch_timeout
2026-02-04 12:59:29 WARNING dataset: Stage2 batch error query_id=q_001418: batch_timeout
2026-02-04 12:59:29 WARNING dataset: Stage2 batch error query_id=q_001419: batch_timeout
2026-02-04 12:59:29 WARNING dataset: Stage2 batch error query_id=q_001420: batch_timeout
2026-02-04 12:59:29 WARNING dataset: Stage2 batch error query_id=q_001421: batch_timeout
2026-02-04 12:59:29 WARNING dataset: Stage2 batch error query_id=q_001422: batch_timeout
2026-02-04 12:59:29 WARNING dataset: Stage2 batch error query_id=q_001423: batch_timeout
2026-02-04 12:59:29 WARNING dataset: Stage2 batch error query_id=q_001424: batch_timeout
2026-02-04 12:59:29 WARNING dataset: Stage2 batch error query_id=q_001425: batch_timeout
2026-02-04 12:59:29 WARNING dataset: Stage2 batch error query_id=q_001393: batch_timeout
2026-02-04 12:59:29 WARNING dataset: Stage2 batch error query_id=q_001394: batch_timeout
2026-02-04 12:59:29 WARNING dataset: Stage2 batch error query_id=q_001395: batch_timeout
2026-02-04 12:59:29 WARNING dataset: Stage2 batch error query_id=q_001396: batch_timeout
2026-02-04 12:59:29 WARNING dataset: Stage2 batch error query_id=q_001397: batch_timeout
2026-02-04 12:59:29 WARNING dataset: Stage2 batch error query_id=q_001398: batch_timeout
2026-02-04 12:59:29 WARNING dataset: Stage2 batch error query_id=q_001399: batch_timeout
2026-02-04 12:59:29 WARNING dataset: Stage2 batch error query_id=q_001400: batch_timeout
2026-02-04 12:59:29 WARNING dataset: Stage2 batch error query_id=q_001401: batch_timeout
2026-02-04 12:59:29 WARNING dataset: Stage2 batch error query_id=q_001402: batch_timeout
2026-02-04 12:59:29 WARNING dataset: Stage2 batch error query_id=q_001403: batch_timeout
2026-02-04 12:59:29 WARNING dataset: Stage2 batch error query_id=q_001404: batch_timeout
2026-02-04 12:59:29 WARNING dataset: Stage2 batch error query_id=q_001405: batch_timeout
2026-02-04 12:59:29 WARNING dataset: Stage2 batch error query_id=q_001406: batch_timeout
2026-02-04 12:59:29 WARNING dataset: Stage2 batch error query_id=q_001407: batch_timeout
2026-02-04 12:59:29 WARNING dataset: Stage2 batch error query_id=q_001408: batch_timeout
2026-02-04 12:59:29 WARNING dataset: Stage2 batch error query_id=q_001409: batch_timeout
2026-02-04 12:59:29 WARNING dataset: Stage2 batch error query_id=q_001410: batch_timeout
2026-02-04 12:59:29 WARNING dataset: Stage2 batch error query_id=q_001411: batch_timeout
2026-02-04 12:59:29 WARNING dataset: Stage2 batch error query_id=q_001412: batch_timeout
2026-02-04 12:59:29 WARNING dataset: Stage2 batch error query_id=q_001413: batch_timeout
2026-02-04 12:59:29 WARNING dataset: Stage2 batch error query_id=q_001414: batch_timeout
2026-02-04 12:59:29 WARNING dataset: Stage2 batch error query_id=q_001415: batch_timeout
2026-02-04 12:59:29 WARNING dataset: Stage2 batch error query_id=q_001416: batch_timeout
2026-02-04 12:59:29 WARNING dataset: Stage2 batch error query_id=q_001407: batch_timeout
2026-02-04 12:59:29 WARNING dataset: Stage2 batch error query_id=q_001408: batch_timeout
2026-02-04 12:59:29 WARNING dataset: Stage2 batch error query_id=q_001409: batch_timeout
2026-02-04 12:59:29 WARNING dataset: Stage2 batch error query_id=q_001410: batch_timeout
2026-02-04 12:59:29 WARNING dataset: Stage2 batch error query_id=q_001411: batch_timeout
2026-02-04 12:59:29 WARNING dataset: Stage2 batch error query_id=q_001412: batch_timeout
2026-02-04 12:59:29 WARNING dataset: Stage2 batch error query_id=q_001413: batch_timeout
2026-02-04 12:59:29 WARNING dataset: Stage2 batch error query_id=q_001414: batch_timeout
2026-02-04 12:59:29 WARNING dataset: Stage2 batch error query_id=q_001426: batch_timeout
2026-02-04 12:59:29 WARNING dataset: Stage2 batch error query_id=q_001427: batch_timeout
2026-02-04 12:59:29 WARNING dataset: Stage2 batch error query_id=q_001428: batch_timeout
2026-02-04 12:59:29 WARNING dataset: Stage2 batch error query_id=q_001429: batch_timeout
2026-02-04 12:59:29 WARNING dataset: Stage2 batch error query_id=q_001430: batch_timeout
2026-02-04 12:59:29 WARNING dataset: Stage2 batch error query_id=q_001431: batch_timeout
2026-02-04 12:59:29 WARNING dataset: Stage2 batch error query_id=q_001432: batch_timeout
2026-02-04 12:59:29 WARNING dataset: Stage2 batch error query_id=q_001433: batch_timeout
2026-02-04 12:59:29 WARNING dataset: Stage2 batch error query_id=q_001434: batch_timeout
2026-02-04 12:59:29 WARNING dataset: Stage2 batch error query_id=q_001435: batch_timeout
2026-02-04 12:59:29 WARNING dataset: Stage2 batch error query_id=q_001436: batch_timeout
2026-02-04 12:59:29 WARNING dataset: Stage2 batch error query_id=q_001437: batch_timeout
2026-02-04 12:59:29 WARNING dataset: Stage2 batch error query_id=q_001438: batch_timeout
2026-02-04 12:59:29 WARNING dataset: Stage2 batch error query_id=q_001439: batch_timeout
2026-02-04 12:59:29 WARNING dataset: Stage2 batch error query_id=q_001440: batch_timeout
2026-02-04 12:59:29 WARNING dataset: Stage2 batch error query_id=q_001441: batch_timeout
2026-02-04 12:59:29 WARNING dataset: Stage2 batch error query_id=q_001442: batch_timeout
2026-02-04 12:59:29 WARNING dataset: Stage2 batch error query_id=q_001443: batch_timeout
2026-02-04 12:59:29 WARNING dataset: Stage2 batch error query_id=q_001444: batch_timeout
2026-02-04 12:59:29 WARNING dataset: Stage2 batch error query_id=q_001445: batch_timeout
2026-02-04 12:59:29 WARNING dataset: Stage2 batch error query_id=q_001446: batch_timeout
2026-02-04 12:59:29 WARNING dataset: Stage2 batch error query_id=q_001447: batch_timeout
2026-02-04 12:59:29 WARNING dataset: Stage2 batch error query_id=q_001448: batch_timeout
2026-02-04 12:59:29 WARNING dataset: Stage2 batch error query_id=q_001449: batch_timeout
2026-02-04 12:59:29 WARNING dataset: Stage2 batch error query_id=q_001450: batch_timeout
2026-02-04 12:59:29 WARNING dataset: Stage2 batch error query_id=q_001451: batch_timeout
2026-02-04 12:59:29 WARNING dataset: Stage2 batch error query_id=q_001452: batch_timeout
2026-02-04 12:59:29 WARNING dataset: Stage2 batch error query_id=q_001453: batch_timeout
2026-02-04 12:59:29 WARNING dataset: Stage2 batch error query_id=q_001417: batch_timeout
2026-02-04 12:59:29 WARNING dataset: Stage2 batch error query_id=q_001418: batch_timeout
2026-02-04 12:59:29 WARNING dataset: Stage2 batch error query_id=q_001419: batch_timeout
2026-02-04 12:59:29 WARNING dataset: Stage2 batch error query_id=q_001420: batch_timeout
2026-02-04 12:59:29 WARNING dataset: Stage2 batch error query_id=q_001421: batch_timeout
2026-02-04 12:59:29 WARNING dataset: Stage2 batch error query_id=q_001422: batch_timeout
2026-02-04 12:59:29 WARNING dataset: Stage2 batch error query_id=q_001423: batch_timeout
2026-02-04 12:59:29 WARNING dataset: Stage2 batch error query_id=q_001424: batch_timeout
2026-02-04 12:59:29 WARNING dataset: Stage2 batch error query_id=q_001425: batch_timeout
2026-02-04 12:59:29 WARNING dataset: Stage2 batch error query_id=q_001415: batch_timeout
2026-02-04 12:59:29 WARNING dataset: Stage2 batch error query_id=q_001416: batch_timeout
2026-02-04 12:59:29 WARNING dataset: Stage2 batch error query_id=q_001417: batch_timeout
2026-02-04 12:59:29 WARNING dataset: Stage2 batch error query_id=q_001418: batch_timeout
2026-02-04 12:59:29 WARNING dataset: Stage2 batch error query_id=q_001419: batch_timeout
2026-02-04 12:59:29 WARNING dataset: Stage2 batch error query_id=q_001420: batch_timeout
2026-02-04 12:59:29 WARNING dataset: Stage2 batch error query_id=q_001421: batch_timeout
2026-02-04 12:59:29 WARNING dataset: Stage2 batch error query_id=q_001422: batch_timeout
2026-02-04 12:59:29 WARNING dataset: Stage2 batch error query_id=q_001423: batch_timeout
2026-02-04 12:59:29 WARNING dataset: Stage2 batch error query_id=q_001424: batch_timeout
2026-02-04 12:59:29 WARNING dataset: Stage2 batch error query_id=q_001425: batch_timeout
2026-02-04 12:59:29 WARNING dataset: Stage2 batch error query_id=q_001426: batch_timeout
2026-02-04 12:59:29 WARNING dataset: Stage2 batch error query_id=q_001427: batch_timeout
2026-02-04 12:59:29 WARNING dataset: Stage2 batch error query_id=q_001428: batch_timeout
2026-02-04 12:59:29 WARNING dataset: Stage2 batch error query_id=q_001429: batch_timeout
2026-02-04 12:59:29 WARNING dataset: Stage2 batch error query_id=q_001430: batch_timeout
2026-02-04 12:59:29 WARNING dataset: Stage2 batch error query_id=q_001431: batch_timeout
2026-02-04 12:59:29 WARNING dataset: Stage2 batch error query_id=q_001432: batch_timeout
2026-02-04 12:59:29 WARNING dataset: Stage2 batch error query_id=q_001433: batch_timeout
2026-02-04 12:59:29 WARNING dataset: Stage2 batch error query_id=q_001434: batch_timeout
2026-02-04 12:59:29 WARNING dataset: Stage2 batch error query_id=q_001435: batch_timeout
2026-02-04 12:59:29 WARNING dataset: Stage2 batch error query_id=q_001436: batch_timeout
2026-02-04 12:59:29 WARNING dataset: Stage2 batch error query_id=q_001437: batch_timeout
2026-02-04 13:01:34 ERROR dataset: Stage1 rate limit info: limits={'rpm': None, 'tpm': None, 'rpd': None, 'note': 'set per your Google project tier'} headers=none
2026-02-04 13:01:34 ERROR dataset: Stage1 error intent=Booking: rate limit hit provider=gemini model=gemini-3-pro-preview limits={'rpm': None, 'tpm': None, 'rpd': None, 'note': 'set per your Google project tier'} headers=none
2026-02-04 13:01:48 ERROR dataset: Stage1 rate limit info: limits={'rpm': None, 'tpm': None, 'rpd': None, 'note': 'set per your Google project tier'} headers=none
2026-02-04 13:01:48 ERROR dataset: Stage1 error intent=media playback: rate limit hit provider=gemini model=gemini-3-pro-preview limits={'rpm': None, 'tpm': None, 'rpd': None, 'note': 'set per your Google project tier'} headers=none
2026-02-04 13:02:02 ERROR dataset: Stage1 rate limit info: limits={'rpm': None, 'tpm': None, 'rpd': None, 'note': 'set per your Google project tier'} headers=none
2026-02-04 13:02:02 ERROR dataset: Stage1 error intent=media playback: rate limit hit provider=gemini model=gemini-3-pro-preview limits={'rpm': None, 'tpm': None, 'rpd': None, 'note': 'set per your Google project tier'} headers=none
2026-02-04 13:02:16 ERROR dataset: Stage1 rate limit info: limits={'rpm': None, 'tpm': None, 'rpd': None, 'note': 'set per your Google project tier'} headers=none
2026-02-04 13:02:16 ERROR dataset: Stage1 error intent=media playback: rate limit hit provider=gemini model=gemini-3-pro-preview limits={'rpm': None, 'tpm': None, 'rpd': None, 'note': 'set per your Google project tier'} headers=none
2026-02-04 13:10:19 ERROR dataset: Stage1 rate limit info: limits={'rpm': None, 'tpm': None, 'rpd': None, 'note': 'set per your Google project tier'} headers=none
2026-02-04 13:10:19 ERROR dataset: Stage1 error intent=Booking: rate limit hit provider=gemini model=gemini-3-pro-preview limits={'rpm': None, 'tpm': None, 'rpd': None, 'note': 'set per your Google project tier'} headers=none
2026-02-04 13:10:32 ERROR dataset: Stage1 rate limit info: limits={'rpm': None, 'tpm': None, 'rpd': None, 'note': 'set per your Google project tier'} headers=none
2026-02-04 13:10:32 ERROR dataset: Stage1 error intent=media playback: rate limit hit provider=gemini model=gemini-3-pro-preview limits={'rpm': None, 'tpm': None, 'rpd': None, 'note': 'set per your Google project tier'} headers=none
2026-02-04 13:10:44 ERROR dataset: Stage1 rate limit info: limits={'rpm': None, 'tpm': None, 'rpd': None, 'note': 'set per your Google project tier'} headers=none
2026-02-04 13:10:44 ERROR dataset: Stage1 error intent=media playback: rate limit hit provider=gemini model=gemini-3-pro-preview limits={'rpm': None, 'tpm': None, 'rpd': None, 'note': 'set per your Google project tier'} headers=none
2026-02-04 13:10:58 ERROR dataset: Stage1 rate limit info: limits={'rpm': None, 'tpm': None, 'rpd': None, 'note': 'set per your Google project tier'} headers=none
2026-02-04 13:10:58 ERROR dataset: Stage1 error intent=media playback: rate limit hit provider=gemini model=gemini-3-pro-preview limits={'rpm': None, 'tpm': None, 'rpd': None, 'note': 'set per your Google project tier'} headers=none
2026-02-04 13:19:02 ERROR dataset: Stage1 rate limit info: limits={'rpm': None, 'tpm': None, 'rpd': None, 'note': 'set per your Google project tier'} headers=none
2026-02-04 13:19:02 ERROR dataset: Stage1 error intent=Booking: rate limit hit provider=gemini model=gemini-3-pro-preview limits={'rpm': None, 'tpm': None, 'rpd': None, 'note': 'set per your Google project tier'} headers=none
2026-02-04 13:19:02 ERROR dataset: Stage1 stopping intent=Booking after 3 failures
2026-02-04 13:19:14 ERROR dataset: Stage1 rate limit info: limits={'rpm': None, 'tpm': None, 'rpd': None, 'note': 'set per your Google project tier'} headers=none
2026-02-04 13:19:14 ERROR dataset: Stage1 error intent=media playback: rate limit hit provider=gemini model=gemini-3-pro-preview limits={'rpm': None, 'tpm': None, 'rpd': None, 'note': 'set per your Google project tier'} headers=none
2026-02-04 13:19:14 ERROR dataset: Stage1 stopping intent=media playback after 3 failures
2026-02-04 13:19:27 ERROR dataset: Stage1 rate limit info: limits={'rpm': None, 'tpm': None, 'rpd': None, 'note': 'set per your Google project tier'} headers=none
2026-02-04 13:19:27 ERROR dataset: Stage1 error intent=media playback: rate limit hit provider=gemini model=gemini-3-pro-preview limits={'rpm': None, 'tpm': None, 'rpd': None, 'note': 'set per your Google project tier'} headers=none
2026-02-04 13:19:27 ERROR dataset: Stage1 stopping intent=media playback after 3 failures
2026-02-04 13:19:41 ERROR dataset: Stage1 rate limit info: limits={'rpm': None, 'tpm': None, 'rpd': None, 'note': 'set per your Google project tier'} headers=none
2026-02-04 13:19:41 ERROR dataset: Stage1 error intent=media playback: rate limit hit provider=gemini model=gemini-3-pro-preview limits={'rpm': None, 'tpm': None, 'rpd': None, 'note': 'set per your Google project tier'} headers=none
2026-02-04 13:19:41 ERROR dataset: Stage1 stopping intent=media playback after 3 failures
2026-02-04 13:27:46 ERROR dataset: Stage1 rate limit info: limits={'rpm': None, 'tpm': None, 'rpd': None, 'note': 'set per your Google project tier'} headers=none
2026-02-04 13:27:46 ERROR dataset: Stage1 error intent=weather: rate limit hit provider=gemini model=gemini-3-pro-preview limits={'rpm': None, 'tpm': None, 'rpd': None, 'note': 'set per your Google project tier'} headers=none
2026-02-04 13:27:56 ERROR dataset: Stage1 rate limit info: limits={'rpm': None, 'tpm': None, 'rpd': None, 'note': 'set per your Google project tier'} headers=none
2026-02-04 13:27:56 ERROR dataset: Stage1 error intent=qr scanner: rate limit hit provider=gemini model=gemini-3-pro-preview limits={'rpm': None, 'tpm': None, 'rpd': None, 'note': 'set per your Google project tier'} headers=none
2026-02-04 13:28:09 ERROR dataset: Stage1 rate limit info: limits={'rpm': None, 'tpm': None, 'rpd': None, 'note': 'set per your Google project tier'} headers=none
2026-02-04 13:28:09 ERROR dataset: Stage1 error intent=qr scanner: rate limit hit provider=gemini model=gemini-3-pro-preview limits={'rpm': None, 'tpm': None, 'rpd': None, 'note': 'set per your Google project tier'} headers=none
2026-02-04 13:28:24 ERROR dataset: Stage1 rate limit info: limits={'rpm': None, 'tpm': None, 'rpd': None, 'note': 'set per your Google project tier'} headers=none
2026-02-04 13:28:24 ERROR dataset: Stage1 error intent=qr scanner: rate limit hit provider=gemini model=gemini-3-pro-preview limits={'rpm': None, 'tpm': None, 'rpd': None, 'note': 'set per your Google project tier'} headers=none
2026-02-04 13:30:54 ERROR dataset: Stage1 parse error intent=qr scanner: Expecting ',' delimiter: line 210 column 55 (char 7751)
2026-02-04 13:30:54 INFO dataset: Stage1 recovered 42 objects from fallback parse intent=qr scanner
2026-02-04 13:30:54 INFO dataset: Stage1 intent=qr scanner created=42 total=42
2026-02-04 13:31:07 ERROR dataset: Stage1 parse error intent=qr scanner: Expecting ',' delimiter: line 210 column 55 (char 7751)
2026-02-04 13:31:07 INFO dataset: Stage1 recovered 42 objects from fallback parse intent=qr scanner
2026-02-04 13:31:07 INFO dataset: Stage1 intent=qr scanner created=42 total=42
2026-02-04 13:31:19 ERROR dataset: Stage1 parse error intent=qr scanner: Expecting ',' delimiter: line 210 column 55 (char 7751)
2026-02-04 13:31:19 INFO dataset: Stage1 recovered 42 objects from fallback parse intent=qr scanner
2026-02-04 13:31:19 INFO dataset: Stage1 intent=qr scanner created=42 total=42
2026-02-04 13:31:53 ERROR dataset: Stage1 parse error intent=qr scanner: Expecting ',' delimiter: line 150 column 55 (char 9883)
2026-02-04 13:31:53 INFO dataset: Stage1 recovered 30 objects from fallback parse intent=qr scanner
2026-02-04 13:31:53 INFO dataset: Stage1 intent=qr scanner created=30 total=72
2026-02-04 13:32:06 ERROR dataset: Stage1 parse error intent=qr scanner: Expecting ',' delimiter: line 150 column 55 (char 9883)
2026-02-04 13:32:06 INFO dataset: Stage1 recovered 30 objects from fallback parse intent=qr scanner
2026-02-04 13:32:06 INFO dataset: Stage1 intent=qr scanner created=30 total=72
2026-02-04 13:32:20 ERROR dataset: Stage1 parse error intent=qr scanner: Expecting ',' delimiter: line 150 column 55 (char 9883)
2026-02-04 13:32:20 INFO dataset: Stage1 recovered 30 objects from fallback parse intent=qr scanner
2026-02-04 13:32:20 INFO dataset: Stage1 intent=qr scanner created=30 total=72
2026-02-04 13:32:44 INFO dataset: Stage1 intent=qr scanner created=15 total=87
2026-02-04 13:32:58 INFO dataset: Stage1 intent=qr scanner created=15 total=87
2026-02-04 13:33:13 INFO dataset: Stage1 intent=qr scanner created=15 total=87
2026-02-04 13:33:44 ERROR dataset: Stage1 parse error intent=status check: Expecting ',' delimiter: line 85 column 55 (char 5805)
2026-02-04 13:33:44 INFO dataset: Stage1 recovered 17 objects from fallback parse intent=status check
2026-02-04 13:33:44 INFO dataset: Stage1 intent=status check created=17 total=17
2026-02-04 13:33:59 ERROR dataset: Stage1 parse error intent=status check: Expecting ',' delimiter: line 85 column 55 (char 5805)
2026-02-04 13:33:59 INFO dataset: Stage1 recovered 17 objects from fallback parse intent=status check
2026-02-04 13:33:59 INFO dataset: Stage1 intent=status check created=17 total=17
2026-02-04 13:34:12 ERROR dataset: Stage1 parse error intent=status check: Expecting ',' delimiter: line 85 column 55 (char 5805)
2026-02-04 13:34:12 INFO dataset: Stage1 recovered 17 objects from fallback parse intent=status check
2026-02-04 13:34:12 INFO dataset: Stage1 intent=status check created=17 total=17
2026-02-04 13:34:43 ERROR dataset: Stage1 parse error intent=status check: Expecting ',' delimiter: line 125 column 52 (char 7617)
2026-02-04 13:34:43 INFO dataset: Stage1 recovered 25 objects from fallback parse intent=status check
2026-02-04 13:34:43 INFO dataset: Stage1 intent=status check created=25 total=42
2026-02-04 13:34:57 ERROR dataset: Stage1 parse error intent=status check: Expecting ',' delimiter: line 120 column 48 (char 7771)
2026-02-04 13:34:57 INFO dataset: Stage1 recovered 24 objects from fallback parse intent=status check
2026-02-04 13:34:57 INFO dataset: Stage1 intent=status check created=24 total=41
2026-02-04 13:35:11 ERROR dataset: Stage1 parse error intent=status check: Expecting ',' delimiter: line 125 column 52 (char 7617)
2026-02-04 13:35:11 INFO dataset: Stage1 recovered 25 objects from fallback parse intent=status check
2026-02-04 13:35:11 INFO dataset: Stage1 intent=status check created=25 total=42
2026-02-04 13:35:38 ERROR dataset: Stage1 parse error intent=status check: Expecting ',' delimiter: line 85 column 53 (char 6752)
2026-02-04 13:35:38 INFO dataset: Stage1 recovered 17 objects from fallback parse intent=status check
2026-02-04 13:35:38 INFO dataset: Stage1 intent=status check created=17 total=59
2026-02-04 13:35:53 ERROR dataset: Stage1 parse error intent=status check: Expecting ',' delimiter: line 95 column 48 (char 6344)
2026-02-04 13:35:53 INFO dataset: Stage1 recovered 19 objects from fallback parse intent=status check
2026-02-04 13:35:53 INFO dataset: Stage1 intent=status check created=19 total=60
2026-02-04 13:36:06 ERROR dataset: Stage1 parse error intent=status check: Expecting ',' delimiter: line 85 column 53 (char 6752)
2026-02-04 13:36:06 INFO dataset: Stage1 recovered 17 objects from fallback parse intent=status check
2026-02-04 13:36:06 INFO dataset: Stage1 intent=status check created=17 total=59
2026-02-04 13:36:34 ERROR dataset: Stage1 parse error intent=status check: Expecting ',' delimiter: line 100 column 59 (char 7613)
2026-02-04 13:36:34 INFO dataset: Stage1 recovered 20 objects from fallback parse intent=status check
2026-02-04 13:36:34 INFO dataset: Stage1 intent=status check created=20 total=79
2026-02-04 13:36:52 ERROR dataset: Stage1 parse error intent=status check: Expecting ',' delimiter: line 100 column 71 (char 7599)
2026-02-04 13:36:52 INFO dataset: Stage1 recovered 20 objects from fallback parse intent=status check
2026-02-04 13:36:52 INFO dataset: Stage1 intent=status check created=20 total=80
2026-02-04 13:37:02 ERROR dataset: Stage1 parse error intent=status check: Expecting ',' delimiter: line 100 column 59 (char 7613)
2026-02-04 13:37:02 INFO dataset: Stage1 recovered 20 objects from fallback parse intent=status check
2026-02-04 13:37:02 INFO dataset: Stage1 intent=status check created=20 total=79
2026-02-04 13:37:20 INFO dataset: Stage1 intent=status check created=8 total=87
2026-02-04 13:37:33 INFO dataset: Stage1 intent=status check created=7 total=87
2026-02-04 13:37:47 INFO dataset: Stage1 intent=status check created=8 total=87
2026-02-04 14:20:01 WARNING dataset: Stage2 batch error query_id=q_000001: batch_timeout
2026-02-04 14:20:39 WARNING dataset: Stage2 asset download failed url=https://img.icons8.com/color/48/sugar-level.png err=HTTP Error 404: Not Found
2026-02-04 14:20:39 INFO dataset: Stage2 created response_id=r_000001_01
2026-02-04 14:20:39 WARNING dataset: Stage2 batch error query_id=q_000002: batch_timeout
2026-02-04 14:21:16 INFO dataset: Stage2 created response_id=r_000002_01
2026-02-04 14:21:16 WARNING dataset: Stage2 batch error query_id=q_000003: batch_timeout
2026-02-04 14:21:49 INFO dataset: Stage2 created response_id=r_000003_01
2026-02-04 14:21:49 WARNING dataset: Stage2 batch error query_id=q_000004: batch_timeout
2026-02-04 14:22:20 WARNING dataset: Stage2 asset download failed url=https://img.icons8.com/color/48/retirement.png err=HTTP Error 404: Not Found
2026-02-04 14:22:20 INFO dataset: Stage2 created response_id=r_000004_01
2026-02-04 14:22:20 WARNING dataset: Stage2 batch error query_id=q_000005: batch_timeout
2026-02-04 14:23:01 INFO dataset: Stage2 created response_id=r_000005_01
2026-02-04 14:23:01 WARNING dataset: Stage2 batch error query_id=q_000006: batch_timeout
2026-02-04 14:23:46 WARNING dataset: Stage2 asset download failed url=https://images.unsplash.com/photo-1645112481338-31826037a44a?auto=format&fit=crop&q=80&w=1000 err=HTTP Error 404: Not Found
2026-02-04 14:23:47 INFO dataset: Stage2 created response_id=r_000006_01
2026-02-04 14:23:47 WARNING dataset: Stage2 batch error query_id=q_000007: batch_timeout
2026-02-04 17:06:04 WARNING dataset: Stage2 asset download failed url=https://img.icons8.com/color/48/sugar-level.png err=HTTP Error 404: Not Found
2026-02-04 17:06:04 INFO dataset: Stage2 created response_id=r_000001_01
2026-02-04 17:06:07 INFO dataset: Stage2 created response_id=r_000002_01
2026-02-04 17:06:08 INFO dataset: Stage2 created response_id=r_000003_01
2026-02-04 17:06:09 WARNING dataset: Stage2 asset download failed url=https://img.icons8.com/color/48/retirement.png err=HTTP Error 404: Not Found
2026-02-04 17:06:09 INFO dataset: Stage2 created response_id=r_000004_01
2026-02-04 17:06:09 INFO dataset: Stage2 created response_id=r_000005_01
2026-02-04 17:06:11 WARNING dataset: Stage2 asset download failed url=https://images.unsplash.com/photo-1645112481338-31826037a44a?auto=format&fit=crop&q=80&w=1000 err=HTTP Error 404: Not Found
2026-02-04 17:06:11 INFO dataset: Stage2 created response_id=r_000006_01
2026-02-04 17:11:22 WARNING dataset: Stage2 batch error query_id=q_000007: batch_timeout
2026-02-04 17:11:49 INFO dataset: Stage2 created response_id=r_000007_01
2026-02-04 17:11:49 WARNING dataset: Stage2 batch error query_id=q_000008: batch_timeout
2026-02-04 17:12:36 WARNING dataset: Stage2 asset download failed url=https://static.example.com/icons/windy_weather.png err=<urlopen error [Errno 11001] getaddrinfo failed>
2026-02-04 17:12:36 WARNING dataset: Stage2 asset download failed url=https://static.example.com/icons/hiking_boot.png err=<urlopen error [Errno 11001] getaddrinfo failed>
2026-02-04 17:12:36 WARNING dataset: Stage2 asset download failed url=https://static.example.com/icons/tent_gear.png err=<urlopen error [Errno 11001] getaddrinfo failed>
2026-02-04 17:12:36 WARNING dataset: Stage2 asset download failed url=https://static.example.com/icons/first_aid.png err=<urlopen error [Errno 11001] getaddrinfo failed>
2026-02-04 17:12:36 WARNING dataset: Stage2 asset download failed url=https://static.example.com/images/torres_del_paine.jpg err=<urlopen error [Errno 11001] getaddrinfo failed>
2026-02-04 17:12:36 WARNING dataset: Stage2 asset download failed url=https://static.example.com/images/hiking_layers_diagram.jpg err=<urlopen error [Errno 11001] getaddrinfo failed>
2026-02-04 17:12:36 INFO dataset: Stage2 created response_id=r_000008_01
2026-02-04 17:12:36 WARNING dataset: Stage2 batch error query_id=q_000009: batch_timeout
2026-02-04 17:12:57 INFO dataset: Stage2 created response_id=r_000009_01
2026-02-04 17:12:57 WARNING dataset: Stage2 batch error query_id=q_000010: batch_timeout
2026-02-04 17:14:49 INFO dataset: Stage2 created response_id=r_000010_01
2026-02-04 17:20:01 WARNING dataset: Stage2 batch error query_id=q_000011: batch_timeout
2026-02-04 17:20:48 WARNING dataset: Stage2 asset download failed url=https://img.icons8.com/ios-filled/50/000000/cpu.png err=HTTP Error 404: Not Found
2026-02-04 17:20:50 INFO dataset: Stage2 created response_id=r_000011_01
2026-02-04 17:20:50 WARNING dataset: Stage2 batch error query_id=q_000012: batch_timeout
2026-02-04 17:21:27 INFO dataset: Stage2 created response_id=r_000012_01
2026-02-04 17:21:27 WARNING dataset: Stage2 batch error query_id=q_000013: batch_timeout
2026-02-04 17:22:11 INFO dataset: Stage2 created response_id=r_000013_01
2026-02-04 17:22:11 WARNING dataset: Stage2 batch error query_id=q_000014: batch_timeout
2026-02-04 17:23:11 WARNING dataset: Stage2 asset download failed url=https://images.samsung.com/is/image/samsung/assets/us/tvs/qled-vs-oled-brightness.jpg err=HTTP Error 404: Not Found
2026-02-04 17:23:12 WARNING dataset: Stage2 asset download failed url=https://www.lg.com/us/images/tvs/md08000123/gallery/medium01.jpg err=HTTP Error 403: Forbidden
2026-02-04 17:23:13 INFO dataset: Stage2 created response_id=r_000014_01
2026-02-04 17:23:13 WARNING dataset: Stage2 batch error query_id=q_000015: batch_timeout
2026-02-04 17:23:58 WARNING dataset: Stage2 asset download failed url=https://upload.wikimedia.org/wikipedia/commons/b/be/Sputnik_asm.jpg err=HTTP Error 403: Forbidden
2026-02-04 17:23:59 WARNING dataset: Stage2 asset download failed url=https://upload.wikimedia.org/wikipedia/commons/9/98/Aldrin_with_Experiment_-_GPN-2000-001164.jpg err=HTTP Error 403: Forbidden
2026-02-04 17:24:01 WARNING dataset: Stage2 asset download failed url=https://img.icons8.com/color/48/moon-exploration.png err=HTTP Error 404: Not Found
2026-02-04 17:24:01 INFO dataset: Stage2 created response_id=r_000015_01
2026-02-04 17:24:01 WARNING dataset: Stage2 batch error query_id=q_000016: batch_timeout
2026-02-04 17:24:38 WARNING dataset: Stage2 asset download failed url=https://images.dog.ceo/breeds/bichon/n02110647_708.jpg err=HTTP Error 404: Not Found
2026-02-04 17:24:39 WARNING dataset: Stage2 asset download failed url=https://images.dog.ceo/breeds/poodle-toy/n02113712_1502.jpg err=HTTP Error 404: Not Found
2026-02-04 17:24:39 WARNING dataset: Stage2 asset download failed url=https://images.dog.ceo/breeds/havanese/n02094041_3493.jpg err=HTTP Error 404: Not Found
2026-02-04 17:24:39 INFO dataset: Stage2 created response_id=r_000016_01
2026-02-04 17:24:39 WARNING dataset: Stage2 batch error query_id=q_000017: batch_timeout
2026-02-04 17:25:05 WARNING dataset: Stage2 asset download failed url=https://img.icons8.com/color/48/piggy-bank.png err=HTTP Error 404: Not Found
2026-02-04 17:25:07 WARNING dataset: Stage2 asset download failed url=https://img.icons8.com/color/48/hourglass-weighted.png err=HTTP Error 404: Not Found
2026-02-04 17:25:07 INFO dataset: Stage2 created response_id=r_000017_01
2026-02-04 17:25:07 WARNING dataset: Stage2 batch error query_id=q_000018: batch_timeout
2026-02-04 17:25:46 WARNING dataset: Stage2 asset download failed url=https://img.icons8.com/ios/50/expensive-price.png err=HTTP Error 404: Not Found
2026-02-04 17:25:46 INFO dataset: Stage2 created response_id=r_000018_01
2026-02-04 17:25:46 WARNING dataset: Stage2 batch error query_id=q_000019: batch_timeout
2026-02-04 17:26:32 WARNING dataset: Stage2 asset download failed url=https://img.icons8.com/ios-filled/50/000000/wi-fi.png err=HTTP Error 404: Not Found
2026-02-04 17:26:32 INFO dataset: Stage2 created response_id=r_000019_01
2026-02-04 17:26:32 WARNING dataset: Stage2 batch error query_id=q_000020: batch_timeout
2026-02-04 17:27:27 INFO dataset: Stage2 created response_id=r_000020_01
2026-02-04 17:32:39 WARNING dataset: Stage2 batch error query_id=q_000021: batch_timeout
2026-02-04 17:33:15 INFO dataset: Stage2 created response_id=r_000021_01
2026-02-04 17:33:15 WARNING dataset: Stage2 batch error query_id=q_000022: batch_timeout
2026-02-04 17:34:06 INFO dataset: Stage2 created response_id=r_000022_01
2026-02-04 17:34:06 WARNING dataset: Stage2 batch error query_id=q_000023: batch_timeout
2026-02-04 17:34:28 INFO dataset: Stage2 created response_id=r_000023_01
2026-02-04 17:34:28 WARNING dataset: Stage2 batch error query_id=q_000024: batch_timeout
2026-02-04 17:35:03 WARNING dataset: Stage2 asset download failed url=https://img.icons8.com/color/48/fitness.png err=HTTP Error 404: Not Found
2026-02-04 17:35:04 INFO dataset: Stage2 created response_id=r_000024_01
2026-02-04 17:35:04 WARNING dataset: Stage2 batch error query_id=q_000025: batch_timeout
2026-02-04 17:35:44 WARNING dataset: Stage2 asset download failed url=https://upload.wikimedia.org/wikipedia/commons/thumb/5/51/English_pattern_queen_of_spades.svg/800px-English_pattern_queen_of_spades.svg.png err=HTTP Error 403: Forbidden
2026-02-04 17:35:44 INFO dataset: Stage2 created response_id=r_000025_01
2026-02-04 17:35:44 WARNING dataset: Stage2 batch error query_id=q_000026: batch_timeout
2026-02-04 17:36:37 WARNING dataset: Stage2 asset download failed url=https://img.icons8.com/color/48/000000/safety-first.png err=HTTP Error 404: Not Found
2026-02-04 17:36:38 WARNING dataset: Stage2 asset download failed url=https://img.icons8.com/color/48/000000/tools.png err=HTTP Error 404: Not Found
2026-02-04 17:36:38 WARNING dataset: Stage2 asset download failed url=https://example.com/ui/sedan-jack-points.jpg err=HTTP Error 404: Not Found
2026-02-04 17:36:38 WARNING dataset: Stage2 asset download failed url=https://example.com/ui/lug-nut-star-pattern.jpg err=HTTP Error 404: Not Found
2026-02-04 17:36:38 INFO dataset: Stage2 created response_id=r_000026_01
2026-02-04 17:36:38 WARNING dataset: Stage2 batch error query_id=q_000027: batch_timeout
2026-02-04 17:37:26 INFO dataset: Stage2 created response_id=r_000027_01
2026-02-04 17:37:26 WARNING dataset: Stage2 batch error query_id=q_000028: batch_timeout
2026-02-04 17:38:09 WARNING dataset: Stage2 asset download failed url=https://img.icons8.com/color/48/cassette-tape.png err=HTTP Error 404: Not Found
2026-02-04 17:38:09 WARNING dataset: Stage2 asset download failed url=https://img.icons8.com/color/48/neon-light.png err=HTTP Error 404: Not Found
2026-02-04 17:38:09 INFO dataset: Stage2 created response_id=r_000028_01
2026-02-04 17:38:09 WARNING dataset: Stage2 batch error query_id=q_000029: batch_timeout
2026-02-04 17:39:21 INFO dataset: Stage2 created response_id=r_000029_01
2026-02-04 17:39:21 WARNING dataset: Stage2 batch error query_id=q_000030: batch_timeout
2026-02-04 17:40:08 WARNING dataset: Stage2 asset download failed url=https://upload.wikimedia.org/wikipedia/commons/thumb/0/03/Circle-with-radius.svg/240px-Circle-with-radius.svg.png err=HTTP Error 403: Forbidden
2026-02-04 17:40:08 INFO dataset: Stage2 created response_id=r_000030_01
2026-02-04 17:53:55 INFO dataset: Stage2 created response_id=r_000031_01
2026-02-04 17:54:38 INFO dataset: Stage2 created response_id=r_000032_01
2026-02-04 17:55:39 INFO dataset: Stage2 created response_id=r_000033_01
2026-02-04 17:56:22 WARNING dataset: Stage2 asset download failed url=https://upload.wikimedia.org/wikipedia/commons/thumb/b/bb/Solar_cell_diagram.svg/1200px-Solar_cell_diagram.svg.png err=HTTP Error 403: Forbidden
2026-02-04 17:56:22 INFO dataset: Stage2 created response_id=r_000034_01
2026-02-04 17:57:22 INFO dataset: Stage2 created response_id=r_000035_01
2026-02-04 17:57:54 INFO dataset: Stage2 created response_id=r_000036_01
2026-02-04 17:59:05 WARNING dataset: Stage2 asset download failed url=https://images.unsplash.com/photo-1531572751524-ce302359b91f?q=80&w=1000 err=HTTP Error 404: Not Found
2026-02-04 17:59:11 INFO dataset: Stage2 created response_id=r_000037_01
2026-02-04 18:00:36 WARNING dataset: Stage2 asset download failed url=https://img.icons8.com/color/48/filled-heart.png err=HTTP Error 404: Not Found
2026-02-04 18:00:36 INFO dataset: Stage2 created response_id=r_000038_01
2026-02-04 18:01:24 INFO dataset: Stage2 created response_id=r_000039_01
2026-02-04 18:02:04 INFO dataset: Stage2 created response_id=r_000040_01
2026-02-04 18:02:47 INFO dataset: Stage2 created response_id=r_000041_01
2026-02-04 18:03:43 WARNING dataset: Stage2 asset download failed url=https://images.unsplash.com/photo-1467003909585-2f8a72700 err=HTTP Error 404: Not Found
2026-02-04 18:03:43 INFO dataset: Stage2 created response_id=r_000042_01
2026-02-04 18:04:25 INFO dataset: Stage2 created response_id=r_000043_01
2026-02-04 18:05:26 WARNING dataset: Stage2 asset download failed url=https://img.icons8.com/color/48/first-aid-kit.png err=HTTP Error 404: Not Found
2026-02-04 18:05:33 INFO dataset: Stage2 created response_id=r_000044_01
2026-02-04 18:06:34 WARNING dataset: Stage2 asset download failed url=https://img.icons8.com/ios-filled/50/hard-drive.png err=HTTP Error 404: Not Found
2026-02-04 18:06:36 INFO dataset: Stage2 created response_id=r_000045_01
2026-02-04 18:07:20 WARNING dataset: Stage2 asset download failed url=https://img.icons8.com/color/48/heart-beat.png err=HTTP Error 404: Not Found
2026-02-04 18:07:24 INFO dataset: Stage2 created response_id=r_000046_01
2026-02-04 18:08:07 WARNING dataset: Stage2 asset download failed url=https://images.dog.ceo/breeds/bichon/stephanie.jpg err=HTTP Error 404: Not Found
2026-02-04 18:08:16 WARNING dataset: Stage2 asset download failed url=https://images.dog.ceo/breeds/poodle-miniature/n02113712_1505.jpg err=HTTP Error 404: Not Found
2026-02-04 18:08:19 WARNING dataset: Stage2 asset download failed url=https://images.dog.ceo/breeds/maltese/n02085936_235.jpg err=HTTP Error 404: Not Found
2026-02-04 18:08:35 WARNING dataset: Stage2 asset download failed url=https://img.icons8.com/ios/50/family-pangea.png err=HTTP Error 404: Not Found
2026-02-04 18:08:35 INFO dataset: Stage2 created response_id=r_000047_01
2026-02-04 18:09:09 WARNING dataset: Stage2 asset download failed url=https://img.icons8.com/color/48/euro-precision.png err=HTTP Error 404: Not Found
2026-02-04 18:09:13 INFO dataset: Stage2 created response_id=r_000048_01
2026-02-04 18:10:05 INFO dataset: Stage2 created response_id=r_000049_01
2026-02-04 18:10:44 INFO dataset: Stage2 created response_id=r_000050_01
2026-02-04 18:11:11 INFO dataset: Stage2 created response_id=r_000051_01
2026-02-04 18:11:58 WARNING dataset: Stage2 asset download failed url=https://images.unsplash.com/photo-1588702590474-af5e16d8e145?q=80&w=1000 err=HTTP Error 404: Not Found
2026-02-04 18:11:59 WARNING dataset: Stage2 asset download failed url=https://img.icons8.com/color/48/warning.png err=HTTP Error 404: Not Found
2026-02-04 18:12:00 INFO dataset: Stage2 created response_id=r_000052_01
2026-02-04 18:12:49 WARNING dataset: Stage2 asset download failed url=https://img.icons8.com/ios/50/farm-house.png err=HTTP Error 404: Not Found
2026-02-04 18:12:51 WARNING dataset: Stage2 asset download failed url=https://img.icons8.com/ios/50/pisa-tower.png err=HTTP Error 404: Not Found
2026-02-04 18:12:53 WARNING dataset: Stage2 asset download failed url=https://images.unsplash.com/photo-1515543397371-8615622b8c34 err=HTTP Error 404: Not Found
2026-02-04 18:12:54 INFO dataset: Stage2 created response_id=r_000053_01
2026-02-04 18:13:19 WARNING dataset: Stage2 asset download failed url=https://img.icons8.com/ios/50/function.png err=HTTP Error 404: Not Found
2026-02-04 18:13:20 INFO dataset: Stage2 created response_id=r_000054_01
2026-02-04 18:13:55 INFO dataset: Stage2 created response_id=r_000055_01
2026-02-04 18:14:30 INFO dataset: Stage2 created response_id=r_000056_01
2026-02-04 18:15:19 WARNING dataset: Stage2 asset download failed url=https://images.unsplash.com/photo-1528164344705-4754268799af err=HTTP Error 404: Not Found
2026-02-04 18:15:20 INFO dataset: Stage2 created response_id=r_000057_01
2026-02-04 18:16:25 WARNING dataset: Stage2 asset download failed url=https://images.unsplash.com/photo-1591814441473-7df6db0487c2?q=80&w=1000&auto=format&fit=crop err=HTTP Error 404: Not Found
2026-02-04 18:16:25 INFO dataset: Stage2 created response_id=r_000058_01
2026-02-04 18:16:59 INFO dataset: Stage2 created response_id=r_000059_01
2026-02-04 18:17:38 WARNING dataset: Stage2 asset download failed url=https://img.icons8.com/ios-filled/50/battery-level.png err=HTTP Error 404: Not Found
2026-02-04 18:17:38 INFO dataset: Stage2 created response_id=r_000060_01
2026-02-04 18:18:22 INFO dataset: Stage2 created response_id=r_000061_01
2026-02-04 18:19:23 WARNING dataset: Stage2 asset download failed url=https://eforms.state.gov/Forms/ds82.pdf err=HTTP Error 404: Not Found
2026-02-04 18:19:24 INFO dataset: Stage2 created response_id=r_000062_01
2026-02-04 18:20:01 WARNING dataset: Stage2 asset download failed url=https://img.icons8.com/color/48/stress.png err=HTTP Error 404: Not Found
2026-02-04 18:20:01 INFO dataset: Stage2 created response_id=r_000063_01
2026-02-04 18:20:39 WARNING dataset: Stage2 asset download failed url=https://img.icons8.com/ios/50/strategy.png err=HTTP Error 404: Not Found
2026-02-04 18:20:39 INFO dataset: Stage2 created response_id=r_000064_01
2026-02-04 18:21:29 WARNING dataset: Stage2 asset download failed url=https://img.icons8.com/color/48/first-aid-kit.png err=HTTP Error 404: Not Found
2026-02-04 18:21:30 WARNING dataset: Stage2 asset download failed url=https://img.icons8.com/color/48/dog-training.png err=HTTP Error 404: Not Found
2026-02-04 18:21:31 WARNING dataset: Stage2 asset download failed url=https://images.unsplash.com/photo-1591768793355-74d75b113e9b err=HTTP Error 404: Not Found
2026-02-04 18:21:31 INFO dataset: Stage2 created response_id=r_000065_01
2026-02-04 18:22:17 WARNING dataset: Stage2 asset download failed url=https://upload.wikimedia.org/wikipedia/commons/9/9e/Watt_James_steam_engine_n1.jpg err=HTTP Error 403: Forbidden
2026-02-04 18:22:17 WARNING dataset: Stage2 asset download failed url=https://upload.wikimedia.org/wikipedia/commons/b/b3/Power_loom_weaving_1835.jpg err=HTTP Error 403: Forbidden
2026-02-04 18:22:19 WARNING dataset: Stage2 asset download failed url=https://img.icons8.com/ios/50/000000/parchment.png err=HTTP Error 404: Not Found
2026-02-04 18:22:19 INFO dataset: Stage2 created response_id=r_000066_01
2026-02-04 18:22:43 INFO dataset: Stage2 created response_id=r_000067_01
2026-02-04 18:23:53 ERROR dataset: Stage2 error query_id=q_000068: <urlopen error [Errno 11001] getaddrinfo failed>
2026-02-04 21:34:10 INFO dataset: Stage2 created response_id=r_000068_01
2026-02-04 21:34:53 WARNING dataset: Stage2 asset download failed url=https://images.unsplash.com/photo-1637517614050-6192137559e5 err=HTTP Error 404: Not Found
2026-02-04 21:34:54 WARNING dataset: Stage2 asset download failed url=https://img.icons8.com/ios/50/000000/cloudy-weather.png err=HTTP Error 404: Not Found
2026-02-04 21:34:55 INFO dataset: Stage2 created response_id=r_000069_01
2026-02-04 21:35:21 INFO dataset: Stage2 created response_id=r_000070_01
2026-02-04 21:36:14 WARNING dataset: Stage2 asset download failed url=https://img.icons8.com/ios/50/000000/piggy-bank.png err=HTTP Error 404: Not Found
2026-02-04 21:36:15 INFO dataset: Stage2 created response_id=r_000071_01
2026-02-04 21:36:39 INFO dataset: Stage2 created response_id=r_000072_01
2026-02-04 21:37:01 INFO dataset: Stage2 created response_id=r_000073_01
2026-02-04 21:37:28 WARNING dataset: Stage2 asset download failed url=https://images.unsplash.com/photo-1486006396193-471068589dcb err=HTTP Error 404: Not Found
2026-02-04 21:37:28 INFO dataset: Stage2 created response_id=r_000074_01
2026-02-04 21:37:48 WARNING dataset: Stage2 asset download failed url=https://img.icons8.com/ios/50/tennis-court.png err=HTTP Error 404: Not Found
2026-02-04 21:37:48 INFO dataset: Stage2 created response_id=r_000075_01
2026-02-04 21:38:53 WARNING dataset: Stage2 asset download failed url=https://img.icons8.com/color/48/checked-laptop.png err=HTTP Error 404: Not Found
2026-02-04 21:38:53 INFO dataset: Stage2 created response_id=r_000076_01
2026-02-04 21:39:37 INFO dataset: Stage2 created response_id=r_000077_01
2026-02-04 21:40:01 INFO dataset: Stage2 created response_id=r_000078_01
2026-02-04 21:40:42 INFO dataset: Stage2 created response_id=r_000079_01
2026-02-04 21:41:05 WARNING dataset: Stage2 asset download failed url=https://upload.wikimedia.org/wikipedia/commons/thumb/e/ea/Van_Gogh_-_Starry_Night_-_Google_Art_Project.jpg/1280px-Van_Gogh_-_Starry_Night_-_Google_Art_Project.jpg err=HTTP Error 403: Forbidden
2026-02-04 21:41:05 WARNING dataset: Stage2 asset download failed url=https://upload.wikimedia.org/wikipedia/en/d/dd/The_Persistence_of_Memory.jpg err=HTTP Error 403: Forbidden
2026-02-04 21:41:06 WARNING dataset: Stage2 asset download failed url=https://upload.wikimedia.org/wikipedia/en/7/74/PicassoGuernica.jpg err=HTTP Error 403: Forbidden
2026-02-04 21:41:07 INFO dataset: Stage2 created response_id=r_000080_01
2026-02-04 21:41:46 WARNING dataset: Stage2 asset download failed url=https://static.example.com/icons/rest_circle.png err=<urlopen error [Errno 11001] getaddrinfo failed>
2026-02-04 21:41:46 WARNING dataset: Stage2 asset download failed url=https://static.example.com/icons/running_shoe.png err=<urlopen error [Errno 11001] getaddrinfo failed>
2026-02-04 21:41:46 WARNING dataset: Stage2 asset download failed url=https://static.example.com/icons/dumbbell.png err=<urlopen error [Errno 11001] getaddrinfo failed>
2026-02-04 21:41:46 WARNING dataset: Stage2 asset download failed url=https://static.example.com/icons/meditation.png err=<urlopen error [Errno 11001] getaddrinfo failed>
2026-02-04 21:41:46 INFO dataset: Stage2 created response_id=r_000081_01
2026-02-04 21:42:42 WARNING dataset: Stage2 asset download failed url=https://www.apple.com/newsroom/images/product/iphone/standard/Apple-iPhone-15-Pro-lineup-230912_big.jpg.large.jpg err=HTTP Error 404: Not Found
2026-02-04 21:42:42 WARNING dataset: Stage2 asset download failed url=https://lh3.googleusercontent.com/pw/ADCreHc8H_9F6X1p_fIq_W0yGvX7 err=HTTP Error 400: Bad Request
2026-02-04 21:42:43 WARNING dataset: Stage2 asset download failed url=https://img.icons8.com/ios/50/high-definition.png err=HTTP Error 404: Not Found
2026-02-04 21:42:45 INFO dataset: Stage2 created response_id=r_000082_01
2026-02-04 21:43:32 INFO dataset: Stage2 created response_id=r_000083_01
2026-02-04 21:44:24 WARNING dataset: Stage2 asset download failed url=https://images.unsplash.com/photo-15344 err=HTTP Error 404: Not Found
2026-02-04 21:44:24 INFO dataset: Stage2 created response_id=r_000084_01
2026-02-04 21:44:45 WARNING dataset: Stage2 asset download failed url=https://img.icons8.com/ios-glyphs/30/light-bulb.png err=HTTP Error 404: Not Found
2026-02-04 21:44:45 INFO dataset: Stage2 created response_id=r_000085_01
2026-02-04 21:45:23 WARNING dataset: Stage2 asset download failed url=https://img.icons8.com/color/48/000000/space-exploration.png err=HTTP Error 404: Not Found
2026-02-04 21:45:24 WARNING dataset: Stage2 asset download failed url=https://upload.wikimedia.org/wikipedia/commons/5/5e/Ganymede_-_G1_centered_on_Galileo_Regio.jpg err=HTTP Error 403: Forbidden
2026-02-04 21:45:25 WARNING dataset: Stage2 asset download failed url=https://upload.wikimedia.org/wikipedia/commons/d/d2/Titan_in_true_color.jpg err=HTTP Error 403: Forbidden
2026-02-04 21:45:25 INFO dataset: Stage2 created response_id=r_000086_01
2026-02-04 21:45:50 WARNING dataset: Stage2 asset download failed url=https://img.icons8.com/color/48/piggy-bank.png err=HTTP Error 404: Not Found
2026-02-04 21:45:51 INFO dataset: Stage2 created response_id=r_000087_01
2026-02-04 21:46:20 WARNING dataset: Stage2 asset download failed url=https://image.tmdb.org/t/p/w500/8699I986969896.jpg err=HTTP Error 404: Not Found
2026-02-04 21:46:21 WARNING dataset: Stage2 asset download failed url=https://image.tmdb.org/t/p/w500/987654321.jpg err=HTTP Error 404: Not Found
2026-02-04 21:46:21 WARNING dataset: Stage2 asset download failed url=https://image.tmdb.org/t/p/w500/matrix_poster.jpg err=HTTP Error 404: Not Found
2026-02-04 21:46:22 WARNING dataset: Stage2 asset download failed url=https://image.tmdb.org/t/p/w500/dark_city_poster.jpg err=HTTP Error 404: Not Found
2026-02-04 21:46:23 WARNING dataset: Stage2 asset download failed url=https://image.tmdb.org/t/p/w500/minority_report_poster.jpg err=HTTP Error 404: Not Found
2026-02-04 21:46:23 INFO dataset: Stage2 created response_id=r_000088_01
2026-02-04 21:47:21 INFO dataset: Stage2 created response_id=r_000089_01
2026-02-04 21:48:17 INFO dataset: Stage2 created response_id=r_000090_01
2026-02-04 21:48:43 INFO dataset: Stage2 created response_id=r_000091_01
2026-02-04 21:49:13 WARNING dataset: Stage2 asset download failed url=https://img.icons8.com/color/48/eagle.png err=HTTP Error 404: Not Found
2026-02-04 21:49:13 INFO dataset: Stage2 created response_id=r_000092_01
2026-02-04 21:49:45 WARNING dataset: Stage2 asset download failed url=https://img.icons8.com/color/48/000000/coffee-break.png err=HTTP Error 404: Not Found
2026-02-04 21:49:46 WARNING dataset: Stage2 asset download failed url=https://www.themoviedb.org/t/p/w600_and_h900_bestv2/3bhkrj58Vtu7enP5Yq6L60Z6v99.jpg err=HTTP Error 404: Not Found
2026-02-04 21:49:47 WARNING dataset: Stage2 asset download failed url=https://www.themoviedb.org/t/p/w600_and_h900_bestv2/d5iIl9h9btztp90o0Y7iKoo0p0n.jpg err=HTTP Error 404: Not Found
2026-02-04 21:49:47 INFO dataset: Stage2 created response_id=r_000093_01
2026-02-04 21:50:48 WARNING dataset: Stage2 asset download failed url=https://img.icons8.com/color/48/game-controller.png err=HTTP Error 404: Not Found
2026-02-04 21:50:48 INFO dataset: Stage2 created response_id=r_000094_01
2026-02-04 21:52:26 WARNING dataset: Stage2 asset download failed url=https://img.icons8.com/ios/50/000000/network-self-mesh.png err=HTTP Error 404: Not Found
2026-02-04 21:52:27 INFO dataset: Stage2 created response_id=r_000095_01
2026-02-04 21:53:06 WARNING dataset: Stage2 asset download failed url=https://img.icons8.com/ios/50/poker-cards.png err=HTTP Error 404: Not Found
2026-02-04 21:53:07 INFO dataset: Stage2 created response_id=r_000096_01
2026-02-04 21:53:43 INFO dataset: Stage2 created response_id=r_000097_01
2026-02-04 21:54:46 WARNING dataset: Stage2 asset download failed url=https://images.unsplash.com/photo-1459749411177-042180ce673c err=HTTP Error 404: Not Found
2026-02-04 21:54:47 INFO dataset: Stage2 created response_id=r_000098_01
2026-02-04 21:55:26 WARNING dataset: Stage2 asset download failed url=https://static1.srcdn.com/wordpress/wp-content/uploads/2023/10/marvel-cinematic-universe-timeline.jpg err=HTTP Error 404: Not Found
2026-02-04 21:55:27 WARNING dataset: Stage2 asset download failed url=https://static1.srcdn.com/wordpress/wp-content/uploads/2022/08/Captain-America-The-First-Avenger-Poster.jpg err=HTTP Error 404: Not Found
2026-02-04 21:55:27 INFO dataset: Stage2 created response_id=r_000099_01
2026-02-04 21:55:53 WARNING dataset: Stage2 asset download failed url=https://upload.wikimedia.org/wikipedia/commons/b/b5/Roman_holiday_poster.jpg err=HTTP Error 403: Forbidden
2026-02-04 21:55:56 INFO dataset: Stage2 created response_id=r_000100_01
2026-02-04 21:56:34 INFO dataset: Stage2 created response_id=r_000101_01
2026-02-04 21:57:13 WARNING dataset: Stage2 asset download failed url=https://static.wikia.nocookie.net/gameofthrones/images/8/8a/House-Stark-Main-Shield.PNG err=HTTP Error 404: Not Found
2026-02-04 21:57:14 WARNING dataset: Stage2 asset download failed url=https://static.wikia.nocookie.net/gameofthrones/images/8/8a/House-Lannister-Main-Shield.PNG err=HTTP Error 404: Not Found
2026-02-04 21:57:15 WARNING dataset: Stage2 asset download failed url=https://static.wikia.nocookie.net/gameofthrones/images/4/43/House-Targaryen-Main-Shield.PNG err=HTTP Error 404: Not Found
2026-02-04 21:57:15 INFO dataset: Stage2 created response_id=r_000102_01
2026-02-04 21:58:00 WARNING dataset: Stage2 asset download failed url=https://upload.wikimedia.org/wikipedia/en/9/9c/MilesDavisKindofBlue.jpg err=HTTP Error 403: Forbidden
2026-02-04 21:58:01 WARNING dataset: Stage2 asset download failed url=https://upload.wikimedia.org/wikipedia/en/0/00/Art_Blakey_Moanin.jpg err=HTTP Error 403: Forbidden
2026-02-04 21:58:01 WARNING dataset: Stage2 asset download failed url=https://upload.wikimedia.org/wikipedia/en/e/e5/Time_out_album_cover.jpg err=HTTP Error 403: Forbidden
2026-02-04 21:58:01 INFO dataset: Stage2 created response_id=r_000103_01
2026-02-04 21:59:09 WARNING dataset: Stage2 asset download failed url=https://www.arts.gov/sites/default/files/Reader-Resources-Gatsby.pdf err=HTTP Error 404: Not Found
2026-02-04 21:59:09 INFO dataset: Stage2 created response_id=r_000104_01
2026-02-04 21:59:58 INFO dataset: Stage2 created response_id=r_000105_01
2026-02-04 22:01:43 WARNING dataset: Stage2 asset download failed url=https://images.unsplash.com/photo-1459749411177-042180ce673c err=HTTP Error 404: Not Found
2026-02-04 22:01:46 WARNING dataset: Stage2 asset download failed url=https://img.icons8.com/ios-filled/50/electric-guitar.png err=HTTP Error 404: Not Found
2026-02-04 22:01:48 INFO dataset: Stage2 created response_id=r_000106_01
2026-02-04 22:02:35 WARNING dataset: Stage2 asset download failed url=https://img.icons8.com/ios/50/strategy.png err=HTTP Error 404: Not Found
2026-02-04 22:02:37 WARNING dataset: Stage2 asset download failed url=https://m.media-amazon.com/images/M/MV5BZjJlNzE5YzEtYzQwYS00NWUyLTg4MDAtMzVlY2I5N2I3NGRiXkEyXkFqcGdeQXVyNjAwNDUxODI@._V1_.jpg err=HTTP Error 404: Not Found
2026-02-04 22:02:37 WARNING dataset: Stage2 asset download failed url=https://m.media-amazon.com/images/M/MV5BODU4YTM2YjMtYmU4OC00N2VmLTg3ZjQtZDM5NmFjMzY0YzZiXkEyXkFqcGdeQXVyMzgxODM4NjM@._V1_.jpg err=HTTP Error 404: Not Found
2026-02-04 22:02:37 INFO dataset: Stage2 created response_id=r_000107_01
2026-02-04 22:04:24 WARNING dataset: Stage2 asset download failed url=https://img.icons8.com/ios/50/000000/bow-and-arrow.png err=HTTP Error 404: Not Found
2026-02-04 22:04:26 WARNING dataset: Stage2 asset download failed url=https://img.icons8.com/ios/50/000000/clandestine.png err=HTTP Error 404: Not Found
2026-02-04 22:04:26 INFO dataset: Stage2 created response_id=r_000108_01
2026-02-04 22:05:32 WARNING dataset: Stage2 asset download failed url=https://img.icons8.com/material-rounded/24/cinema.png err=HTTP Error 404: Not Found
2026-02-04 22:05:33 WARNING dataset: Stage2 asset download failed url=https://example.com/images/kings_speech_poster.jpg err=HTTP Error 404: Not Found
2026-02-04 22:05:33 WARNING dataset: Stage2 asset download failed url=https://example.com/images/12_years_slave_poster.jpg err=HTTP Error 404: Not Found
2026-02-04 22:05:33 WARNING dataset: Stage2 asset download failed url=https://example.com/images/moonlight_poster.jpg err=HTTP Error 404: Not Found
2026-02-04 22:05:33 WARNING dataset: Stage2 asset download failed url=https://example.com/images/shape_of_water_poster.jpg err=HTTP Error 404: Not Found
2026-02-04 22:05:33 WARNING dataset: Stage2 asset download failed url=https://example.com/images/parasite_poster.jpg err=HTTP Error 404: Not Found
2026-02-04 22:05:33 INFO dataset: Stage2 created response_id=r_000109_01
2026-02-04 22:06:11 WARNING dataset: Stage2 asset download failed url=https://img.icons8.com/ios/50/low-heat.png err=HTTP Error 404: Not Found
2026-02-04 22:06:11 INFO dataset: Stage2 created response_id=r_000110_01
2026-02-04 22:06:40 WARNING dataset: Stage2 asset download failed url=https://img.icons8.com/ios/50/guitar-fretboard.png err=HTTP Error 404: Not Found
2026-02-04 22:06:42 WARNING dataset: Stage2 asset download failed url=https://img.icons8.com/ios/50/amplifier.png err=HTTP Error 404: Not Found
2026-02-04 22:06:42 INFO dataset: Stage2 created response_id=r_000111_01
2026-02-04 22:08:09 WARNING dataset: Stage2 asset download failed url=https://example.com/icons/mic-mute.png err=HTTP Error 404: Not Found
2026-02-04 22:08:09 WARNING dataset: Stage2 asset download failed url=https://example.com/icons/video-on.png err=HTTP Error 404: Not Found
2026-02-04 22:08:09 WARNING dataset: Stage2 asset download failed url=https://example.com/icons/share-screen.png err=HTTP Error 404: Not Found
2026-02-04 22:08:09 INFO dataset: Stage2 created response_id=r_000112_01
2026-02-04 22:08:41 WARNING dataset: Stage2 asset download failed url=https://img.icons8.com/ios-filled/50/scales-of-justice.png err=HTTP Error 404: Not Found
2026-02-04 22:08:41 INFO dataset: Stage2 created response_id=r_000113_01
2026-02-04 22:09:50 INFO dataset: Stage2 created response_id=r_000114_01
2026-02-04 22:11:20 INFO dataset: Stage2 created response_id=r_000115_01
2026-02-04 22:11:59 WARNING dataset: Stage2 asset download failed url=https://example.com/images/the-thing-fx.jpg err=HTTP Error 404: Not Found
2026-02-04 22:11:59 WARNING dataset: Stage2 asset download failed url=https://example.com/images/blade-runner-models.jpg err=HTTP Error 404: Not Found
2026-02-04 22:11:59 WARNING dataset: Stage2 asset download failed url=https://example.com/images/robocop-suit.jpg err=HTTP Error 404: Not Found
2026-02-04 22:12:01 WARNING dataset: Stage2 asset download failed url=https://img.icons8.com/ios/50/robot-arm.png err=HTTP Error 404: Not Found
2026-02-04 22:12:01 INFO dataset: Stage2 created response_id=r_000116_01
2026-02-04 22:13:02 INFO dataset: Stage2 created response_id=r_000117_01
2026-02-04 22:13:52 WARNING dataset: Stage2 asset download failed url=https://images.unsplash.com/photo-1530101128230-d7c51c487582 err=HTTP Error 404: Not Found
2026-02-04 22:13:52 INFO dataset: Stage2 created response_id=r_000118_01
2026-02-04 22:14:34 WARNING dataset: Stage2 asset download failed url=https://images.square-enix-games.com/ffvi_pixel_remaster_screenshot.jpg err=<urlopen error [Errno 11001] getaddrinfo failed>
2026-02-04 22:14:34 WARNING dataset: Stage2 asset download failed url=https://images.square-enix-games.com/ffvii_remake_cloud_strife.jpg err=<urlopen error [Errno 11001] getaddrinfo failed>
2026-02-04 22:14:34 WARNING dataset: Stage2 asset download failed url=https://images.square-enix-games.com/ffx_hd_tidus_yuna.jpg err=<urlopen error [Errno 11001] getaddrinfo failed>
2026-02-04 22:14:34 INFO dataset: Stage2 created response_id=r_000119_01
2026-02-04 22:15:11 INFO dataset: Stage2 created response_id=r_000120_01
2026-02-04 22:15:41 WARNING dataset: Stage2 asset download failed url=https://img.icons8.com/material-outlined/24/radar.png err=HTTP Error 404: Not Found
2026-02-04 22:15:41 INFO dataset: Stage2 created response_id=r_000121_01
2026-02-04 22:16:16 WARNING dataset: Stage2 asset download failed url=https://img.icons8.com/ios/50/wi-fi.png err=HTTP Error 404: Not Found
2026-02-04 22:16:16 WARNING dataset: Stage2 asset download failed url=https://example.com/images/frozen-video-call-meme.jpg err=HTTP Error 404: Not Found
2026-02-04 22:16:17 WARNING dataset: Stage2 asset download failed url=https://example.com/images/home-office-zoom.jpg err=HTTP Error 404: Not Found
2026-02-04 22:16:17 INFO dataset: Stage2 created response_id=r_000122_01
2026-02-04 22:16:51 WARNING dataset: Stage2 asset download failed url=https://static.wikia.nocookie.net/marvelcinematicuniverse/images/Phase_One_Poster.jpg err=HTTP Error 404: Not Found
2026-02-04 22:16:52 WARNING dataset: Stage2 asset download failed url=https://static.wikia.nocookie.net/marvelcinematicuniverse/images/Cap_Shield.jpg err=HTTP Error 404: Not Found
2026-02-04 22:16:54 WARNING dataset: Stage2 asset download failed url=https://img.icons8.com/ios-filled/50/000000/superhero.png err=HTTP Error 404: Not Found
2026-02-04 22:16:54 INFO dataset: Stage2 created response_id=r_000123_01
2026-02-04 22:17:34 WARNING dataset: Stage2 asset download failed url=https://images.unsplash.com/photo-1599490659223-930b447873ef err=HTTP Error 404: Not Found
2026-02-04 22:17:35 INFO dataset: Stage2 created response_id=r_000124_01
2026-02-04 22:18:06 WARNING dataset: Stage2 asset download failed url=https://upload.wikimedia.org/wikipedia/commons/thumb/1/1b/Herosjourney.svg/1200px-Herosjourney.svg.png err=HTTP Error 403: Forbidden
2026-02-04 22:18:07 WARNING dataset: Stage2 asset download failed url=https://static.wikia.nocookie.net/starwars/images/d/dd/Luke_Tatooine.png err=HTTP Error 404: Not Found
2026-02-04 22:18:08 WARNING dataset: Stage2 asset download failed url=https://img.icons8.com/color/48/swords.png err=HTTP Error 404: Not Found
2026-02-04 22:18:08 INFO dataset: Stage2 created response_id=r_000125_01
2026-02-04 22:19:03 WARNING dataset: Stage2 asset download failed url=https://img.icons8.com/ios/50/strategy.png err=HTTP Error 404: Not Found
2026-02-04 22:19:04 WARNING dataset: Stage2 asset download failed url=https://img.icons8.com/ios/50/playing-cards.png err=HTTP Error 404: Not Found
2026-02-04 22:19:04 WARNING dataset: Stage2 asset download failed url=https://cf.geekdo-images.com/zdG_u_6_D60YV-vY_S_T-w__original/img/382-yY0A_XG-2U2mY2U2_XG-2U2mY/7-wonders-duel.jpg err=HTTP Error 400: Bad Request
2026-02-04 22:19:05 WARNING dataset: Stage2 asset download failed url=https://cf.geekdo-images.com/97960/patchwork.jpg err=HTTP Error 400: Bad Request
2026-02-04 22:19:05 WARNING dataset: Stage2 asset download failed url=https://cf.geekdo-images.com/79848/jaipur.jpg err=HTTP Error 400: Bad Request
2026-02-04 22:19:05 INFO dataset: Stage2 created response_id=r_000126_01
2026-02-04 22:19:50 WARNING dataset: Stage2 asset download failed url=https://www.dndbeyond.com/content/skills/intelligence.png err=HTTP Error 403: Forbidden
2026-02-04 22:19:51 WARNING dataset: Stage2 asset download failed url=https://www.dndbeyond.com/content/skills/charisma.png err=HTTP Error 403: Forbidden
2026-02-04 22:19:53 WARNING dataset: Stage2 asset download failed url=https://www.dndbeyond.com/content/icons/rest.png err=HTTP Error 403: Forbidden
2026-02-04 22:19:53 INFO dataset: Stage2 created response_id=r_000127_01
2026-02-04 22:20:28 WARNING dataset: Stage2 asset download failed url=https://img.icons8.com/color/48/laughing.png err=HTTP Error 404: Not Found
2026-02-04 22:20:29 WARNING dataset: Stage2 asset download failed url=https://img.icons8.com/color/48/family-together.png err=HTTP Error 404: Not Found
2026-02-04 22:20:30 INFO dataset: Stage2 created response_id=r_000128_01
2026-02-04 22:21:52 INFO dataset: Stage2 created response_id=r_000129_01
2026-02-04 22:22:37 INFO dataset: Stage2 created response_id=r_000130_01
2026-02-04 22:23:15 INFO dataset: Stage2 created response_id=r_000131_01
2026-02-04 22:24:08 WARNING dataset: Stage2 asset download failed url=https://upload.wikimedia.org/wikipedia/commons/thumb/e/e0/Sudoku_Puzzle_by_L2G-20050714_standard_layout.svg/600px-Sudoku_Puzzle_by_L2G-20050714_standard_layout.svg.png err=HTTP Error 403: Forbidden
2026-02-04 22:24:08 INFO dataset: Stage2 created response_id=r_000132_01
2026-02-04 22:24:38 WARNING dataset: Stage2 asset download failed url=https://images.example.com/yuru-camp-fuji.jpg err=<urlopen error [Errno 11001] getaddrinfo failed>
2026-02-04 22:24:38 WARNING dataset: Stage2 asset download failed url=https://images.example.com/non-non-biyori-village.jpg err=<urlopen error [Errno 11001] getaddrinfo failed>
2026-02-04 22:24:38 WARNING dataset: Stage2 asset download failed url=https://images.example.com/aria-canals.jpg err=<urlopen error [Errno 11001] getaddrinfo failed>
2026-02-04 22:24:38 WARNING dataset: Stage2 asset download failed url=https://images.example.com/k-on-clubroom.jpg err=<urlopen error [Errno 11001] getaddrinfo failed>
2026-02-04 22:24:38 WARNING dataset: Stage2 asset download failed url=https://icons.example.com/nature-leaf.png err=<urlopen error [Errno 11001] getaddrinfo failed>
2026-02-04 22:24:38 WARNING dataset: Stage2 asset download failed url=https://icons.example.com/map-pin.png err=<urlopen error [Errno 11001] getaddrinfo failed>
2026-02-04 22:24:38 WARNING dataset: Stage2 asset download failed url=https://icons.example.com/musical-note.png err=<urlopen error [Errno 11001] getaddrinfo failed>
2026-02-04 22:24:38 WARNING dataset: Stage2 asset download failed url=https://icons.example.com/sparkles-calm.png err=<urlopen error [Errno 11001] getaddrinfo failed>
2026-02-04 22:24:38 INFO dataset: Stage2 created response_id=r_000133_01
2026-02-04 22:25:26 INFO dataset: Stage2 created response_id=r_000134_01
2026-02-04 22:25:53 WARNING dataset: Stage2 asset download failed url=https://img.icons8.com/color/48/acoustic-guitar.png err=HTTP Error 404: Not Found
2026-02-04 22:25:54 WARNING dataset: Stage2 asset download failed url=https://img.icons8.com/color/48/light-bulb.png err=HTTP Error 404: Not Found
2026-02-04 22:25:54 INFO dataset: Stage2 created response_id=r_000135_01
2026-02-04 22:26:44 WARNING dataset: Stage2 asset download failed url=https://upload.wikimedia.org/wikipedia/commons/e/e2/Konami_Code.svg err=HTTP Error 403: Forbidden
2026-02-04 22:26:44 WARNING dataset: Stage2 asset download failed url=https://upload.wikimedia.org/wikipedia/en/b/b1/Contra_nes_boxart.jpg err=HTTP Error 403: Forbidden
2026-02-04 22:26:45 WARNING dataset: Stage2 asset download failed url=https://img.icons8.com/color/48/retro-console.png err=HTTP Error 404: Not Found
2026-02-04 22:26:46 INFO dataset: Stage2 created response_id=r_000136_01
2026-02-04 22:27:13 WARNING dataset: Stage2 asset download failed url=https://upload.wikimedia.org/wikipedia/commons/5/59/Monet_-_Impression%2C_Sunrise.jpg err=HTTP Error 403: Forbidden
2026-02-04 22:27:14 WARNING dataset: Stage2 asset download failed url=https://upload.wikimedia.org/wikipedia/en/4/4c/Les_Demoiselles_d%27Avignon.jpg err=HTTP Error 403: Forbidden
2026-02-04 22:27:14 INFO dataset: Stage2 created response_id=r_000137_01
2026-02-04 22:27:39 INFO dataset: Stage2 created response_id=r_000138_01
2026-02-04 22:28:22 WARNING dataset: Stage2 asset download failed url=https://images.unsplash.com/photo-1558904541-efa8c1965f1e?auto=format&fit=crop&w=600&q=80 err=HTTP Error 404: Not Found
2026-02-04 22:28:22 INFO dataset: Stage2 created response_id=r_000139_01
2026-02-04 22:28:46 WARNING dataset: Stage2 asset download failed url=https://img.icons8.com/material-rounded/24/vinyl.png err=HTTP Error 404: Not Found
2026-02-04 22:28:46 INFO dataset: Stage2 created response_id=r_000140_01
2026-02-04 22:29:26 WARNING dataset: Stage2 asset download failed url=https://img.icons8.com/ios/50/brush.png err=HTTP Error 404: Not Found
2026-02-04 22:29:26 WARNING dataset: Stage2 asset download failed url=https://img.icons8.com/ios/50/tools.png err=HTTP Error 404: Not Found
2026-02-04 22:29:28 INFO dataset: Stage2 created response_id=r_000141_01
2026-02-04 22:30:09 WARNING dataset: Stage2 asset download failed url=https://img.icons8.com/ios/50/000000/theater-curtains.png err=HTTP Error 404: Not Found
2026-02-04 22:30:11 INFO dataset: Stage2 created response_id=r_000142_01
2026-02-04 22:30:43 INFO dataset: Stage2 created response_id=r_000143_01
2026-02-04 22:31:14 WARNING dataset: Stage2 asset download failed url=https://img.icons8.com/ios/50/group.png err=HTTP Error 404: Not Found
2026-02-04 22:31:14 WARNING dataset: Stage2 asset download failed url=https://img.icons8.com/ios/50/playing-cards.png err=HTTP Error 404: Not Found
2026-02-04 22:31:14 INFO dataset: Stage2 created response_id=r_000144_01
2026-02-04 22:31:41 WARNING dataset: Stage2 asset download failed url=https://static.example.com/icons/finance.png err=<urlopen error [Errno 11001] getaddrinfo failed>
2026-02-04 22:31:41 WARNING dataset: Stage2 asset download failed url=https://static.example.com/icons/education.png err=<urlopen error [Errno 11001] getaddrinfo failed>
2026-02-04 22:31:41 WARNING dataset: Stage2 asset download failed url=https://static.example.com/icons/camera.png err=<urlopen error [Errno 11001] getaddrinfo failed>
2026-02-04 22:31:41 INFO dataset: Stage2 created response_id=r_000145_01
2026-02-04 22:32:27 WARNING dataset: Stage2 asset download failed url=https://img.icons8.com/ios/50/movie-director.png err=HTTP Error 404: Not Found
2026-02-04 22:32:28 INFO dataset: Stage2 created response_id=r_000146_01
2026-02-04 22:33:19 INFO dataset: Stage2 created response_id=r_000147_01
2026-02-04 22:33:50 INFO dataset: Stage2 created response_id=r_000148_01
2026-02-04 22:34:15 INFO dataset: Stage2 created response_id=r_000149_01
2026-02-04 22:34:55 WARNING dataset: Stage2 asset download failed url=https://img.icons8.com/ios/50/electric-guitar.png err=HTTP Error 404: Not Found
2026-02-04 22:34:55 INFO dataset: Stage2 created response_id=r_000150_01
2026-02-04 22:35:41 WARNING dataset: Stage2 asset download failed url=https://images.example.com/full-house-cast.jpg err=<urlopen error [Errno 11001] getaddrinfo failed>
2026-02-04 22:35:41 WARNING dataset: Stage2 asset download failed url=https://images.example.com/the-middle-family.jpg err=<urlopen error [Errno 11001] getaddrinfo failed>
2026-02-04 22:35:41 WARNING dataset: Stage2 asset download failed url=https://images.example.com/mayberry.jpg err=<urlopen error [Errno 11001] getaddrinfo failed>
2026-02-04 22:35:41 WARNING dataset: Stage2 asset download failed url=https://icons.example.com/family-group.png err=<urlopen error [Errno 11001] getaddrinfo failed>
2026-02-04 22:35:41 WARNING dataset: Stage2 asset download failed url=https://icons.example.com/tv-screen.png err=<urlopen error [Errno 11001] getaddrinfo failed>
2026-02-04 22:35:41 WARNING dataset: Stage2 asset download failed url=https://icons.example.com/wholesome-heart.png err=<urlopen error [Errno 11001] getaddrinfo failed>
2026-02-04 22:35:41 INFO dataset: Stage2 created response_id=r_000151_01
2026-02-04 22:36:13 INFO dataset: Stage2 created response_id=r_000152_01
2026-02-04 22:37:04 WARNING dataset: Stage2 asset download failed url=https://img.icons8.com/ios/50/music-theory.png err=HTTP Error 404: Not Found
2026-02-04 22:37:05 INFO dataset: Stage2 created response_id=r_000153_01
2026-02-04 22:37:36 INFO dataset: Stage2 created response_id=r_000154_01
2026-02-04 22:38:17 INFO dataset: Stage2 created response_id=r_000155_01
2026-02-04 22:38:45 WARNING dataset: Stage2 asset download failed url=https://m.media-amazon.com/images/M/MV5BMzFiYmI0MGQtM2RjOC00ZGE1LWJlYTMtZTM2YzRjNzM5YjNlXkEyXkFqcGdeQXVyMTQxNzMzNDI@._V1_.jpg err=HTTP Error 404: Not Found
2026-02-04 22:38:45 WARNING dataset: Stage2 asset download failed url=https://m.media-amazon.com/images/M/MV5BNWIwODRlZGUtZjFmZC00YmI1LWJhMjAtY2UxZDVhZDY2MjUyXkEyXkFqcGdeQXVyMTQxNzMzNDI@._V1_.jpg err=HTTP Error 404: Not Found
2026-02-04 22:38:47 WARNING dataset: Stage2 asset download failed url=https://m.media-amazon.com/images/M/MV5BZjhkMDM4MWItZTVjOC00ZDRhLThmOTAtM2I5NzUyNzE0N2Q1XkEyXkFqcGdeQXVyNDYyMDk5MTU@._V1_.jpg err=HTTP Error 404: Not Found
2026-02-04 22:38:47 INFO dataset: Stage2 created response_id=r_000156_01
2026-02-04 22:39:16 WARNING dataset: Stage2 asset download failed url=https://example.com/icons/robot-head.png err=HTTP Error 404: Not Found
2026-02-04 22:39:16 WARNING dataset: Stage2 asset download failed url=https://example.com/icons/knight-helmet.png err=HTTP Error 404: Not Found
2026-02-04 22:39:16 WARNING dataset: Stage2 asset download failed url=https://example.com/icons/lock-digital.png err=HTTP Error 404: Not Found
2026-02-04 22:39:16 INFO dataset: Stage2 created response_id=r_000157_01
2026-02-04 22:39:55 WARNING dataset: Stage2 asset download failed url=https://img.icons8.com/ios/50/electric-guitar.png err=HTTP Error 404: Not Found
2026-02-04 22:39:56 WARNING dataset: Stage2 asset download failed url=https://img.icons8.com/ios/50/opera-house.png err=HTTP Error 404: Not Found
2026-02-04 22:39:58 INFO dataset: Stage2 created response_id=r_000158_01
2026-02-04 22:40:46 INFO dataset: Stage2 created response_id=r_000159_01
2026-02-04 22:41:51 INFO dataset: Stage2 created response_id=r_000160_01
2026-02-04 22:42:32 INFO dataset: Stage2 created response_id=r_000161_01
2026-02-04 22:43:08 WARNING dataset: Stage2 asset download failed url=https://img.icons8.com/color/48/race-car.png err=HTTP Error 404: Not Found
2026-02-04 22:43:08 WARNING dataset: Stage2 asset download failed url=https://img.icons8.com/color/48/adventure.png err=HTTP Error 404: Not Found
2026-02-04 22:43:09 INFO dataset: Stage2 created response_id=r_000162_01
2026-02-04 22:43:46 INFO dataset: Stage2 created response_id=r_000163_01
2026-02-04 22:44:38 INFO dataset: Stage2 created response_id=r_000164_01
2026-02-04 22:45:14 WARNING dataset: Stage2 asset download failed url=https://img.icons8.com/ios/50/colosseum.png err=HTTP Error 404: Not Found
2026-02-04 22:45:15 WARNING dataset: Stage2 asset download failed url=https://img.icons8.com/ios/50/parthenon.png err=HTTP Error 404: Not Found
2026-02-04 22:45:16 WARNING dataset: Stage2 asset download failed url=https://img.icons8.com/ios/50/storyteller.png err=HTTP Error 404: Not Found
2026-02-04 22:45:16 WARNING dataset: Stage2 asset download failed url=https://upload.wikimedia.org/wikipedia/commons/thumb/5/5a/Forum_Romanum_at_night.jpg/320px-Forum_Romanum_at_night.jpg err=HTTP Error 403: Forbidden
2026-02-04 22:45:16 WARNING dataset: Stage2 asset download failed url=https://upload.wikimedia.org/wikipedia/commons/thumb/1/17/Greek_Pottery_5th_Century_BC.jpg/320px-Greek_Pottery_5th_Century_BC.jpg err=HTTP Error 403: Forbidden
2026-02-04 22:45:16 INFO dataset: Stage2 created response_id=r_000165_01
2026-02-04 22:45:55 INFO dataset: Stage2 created response_id=r_000166_01
2026-02-04 22:46:46 WARNING dataset: Stage2 asset download failed url=https://img.icons8.com/ios/50/mickey-mouse.png err=HTTP Error 404: Not Found
2026-02-04 22:46:47 WARNING dataset: Stage2 asset download failed url=https://img.icons8.com/ios/50/theater-mask.png err=HTTP Error 404: Not Found
2026-02-04 22:46:47 INFO dataset: Stage2 created response_id=r_000167_01
2026-02-04 22:49:06 INFO dataset: Stage2 created response_id=r_000168_01
2026-02-04 22:50:34 INFO dataset: Stage2 created response_id=r_000169_01
2026-02-04 22:51:14 INFO dataset: Stage2 created response_id=r_000170_01
2026-02-04 22:51:54 WARNING dataset: Stage2 asset download failed url=https://cards.scryfall.io/art_crop/front/c/e/ce4f30f5-da56-4dd1-88f6-433d9119a121.jpg err=HTTP Error 404: Not Found
2026-02-04 22:51:54 WARNING dataset: Stage2 asset download failed url=https://cards.scryfall.io/art_crop/front/d/d/ddb8cd0b-248c-4363-81b3-047d75dfcedd.jpg err=HTTP Error 404: Not Found
2026-02-04 22:51:56 WARNING dataset: Stage2 asset download failed url=https://img.icons8.com/color/48/000000/kraken.png err=HTTP Error 404: Not Found
2026-02-04 22:51:56 INFO dataset: Stage2 created response_id=r_000171_01
2026-02-04 22:52:48 WARNING dataset: Stage2 asset download failed url=https://upload.wikimedia.org/wikipedia/commons/thumb/d/d8/The_Office_Building.jpg/640px-The_Office_Building.jpg err=HTTP Error 403: Forbidden
2026-02-04 22:52:48 INFO dataset: Stage2 created response_id=r_000172_01
2026-02-04 22:53:28 WARNING dataset: Stage2 asset download failed url=https://upload.wikimedia.org/wikipedia/commons/thumb/4/4e/Jim_Gaffigan_2010.jpg/400px-Jim_Gaffigan_2010.jpg err=HTTP Error 403: Forbidden
2026-02-04 22:53:29 WARNING dataset: Stage2 asset download failed url=https://upload.wikimedia.org/wikipedia/commons/thumb/0/03/Brian_Regan_2014.jpg/400px-Brian_Regan_2014.jpg err=HTTP Error 403: Forbidden
2026-02-04 22:53:29 WARNING dataset: Stage2 asset download failed url=https://upload.wikimedia.org/wikipedia/commons/thumb/d/d4/Nate_Bargatze_2023.jpg/400px-Nate_Bargatze_2023.jpg err=HTTP Error 403: Forbidden
2026-02-04 22:53:29 WARNING dataset: Stage2 asset download failed url=https://upload.wikimedia.org/wikipedia/commons/thumb/e/e0/Jerry_Seinfeld_2016.jpg/400px-Jerry_Seinfeld_2016.jpg err=HTTP Error 403: Forbidden
2026-02-04 22:53:30 INFO dataset: Stage2 created response_id=r_000173_01
2026-02-04 22:54:10 INFO dataset: Stage2 created response_id=r_000174_01
2026-02-04 22:54:57 WARNING dataset: Stage2 asset download failed url=https://example.com/images/fuji-xs20.jpg err=HTTP Error 404: Not Found
2026-02-04 22:54:57 WARNING dataset: Stage2 asset download failed url=https://example.com/images/sony-a6700.jpg err=HTTP Error 404: Not Found
2026-02-04 22:54:57 WARNING dataset: Stage2 asset download failed url=https://example.com/images/om5-rugged.jpg err=HTTP Error 404: Not Found
2026-02-04 22:54:57 WARNING dataset: Stage2 asset download failed url=https://example.com/icons/weight-scale.png err=HTTP Error 404: Not Found
2026-02-04 22:54:58 WARNING dataset: Stage2 asset download failed url=https://example.com/icons/hand-steady.png err=HTTP Error 404: Not Found
2026-02-04 22:54:58 WARNING dataset: Stage2 asset download failed url=https://example.com/icons/price-tag.png err=HTTP Error 404: Not Found
2026-02-04 22:54:58 INFO dataset: Stage2 created response_id=r_000175_01
2026-02-04 22:57:42 WARNING dataset: Stage2 asset download failed url=https://img.icons8.com/material-outlined/24/000000/battery--v1.png err=HTTP Error 404: Not Found
2026-02-04 22:57:43 INFO dataset: Stage2 created response_id=r_000176_01
2026-02-04 22:59:12 INFO dataset: Stage2 created response_id=r_000177_01
2026-02-04 22:59:53 INFO dataset: Stage2 created response_id=r_000178_01
2026-02-04 23:00:31 WARNING dataset: Stage2 asset download failed url=https://www.cerave.com/-/media/project/loreal/brand-sites/cerave/master/us/products/moisturizing-cream/cerave_moisturizing_cream_16oz_jar_front-v2.jpg err=HTTP Error 403: Forbidden
2026-02-04 23:00:33 WARNING dataset: Stage2 asset download failed url=https://img.icons8.com/color/48/000000/no-scent.png err=HTTP Error 404: Not Found
2026-02-04 23:00:33 INFO dataset: Stage2 created response_id=r_000179_01
2026-02-04 23:03:09 WARNING dataset: Stage2 asset download failed url=https://img.icons8.com/ios/50/4k-visual-characteristic.png err=HTTP Error 404: Not Found
2026-02-04 23:03:10 WARNING dataset: Stage2 asset download failed url=https://img.icons8.com/ios/50/color-wheel.png err=HTTP Error 404: Not Found
2026-02-04 23:03:13 WARNING dataset: Stage2 asset download failed url=https://i.dell.com/media/global-site-design/product_images/dell_client_products/monitors/u_series/u2723qe/monitor-u2723qe-front.png err=HTTP Error 404: Not Found
2026-02-04 23:03:13 INFO dataset: Stage2 created response_id=r_000180_01
2026-02-04 23:04:01 INFO dataset: Stage2 created response_id=r_000181_01
2026-02-04 23:05:07 INFO dataset: Stage2 created response_id=r_000182_01
2026-02-04 23:05:47 WARNING dataset: Stage2 asset download failed url=https://img.icons8.com/ios-filled/50/000000/drop.png err=HTTP Error 404: Not Found
2026-02-04 23:05:47 INFO dataset: Stage2 created response_id=r_000183_01
2026-02-04 23:06:34 INFO dataset: Stage2 created response_id=r_000184_01
2026-02-04 23:07:21 WARNING dataset: Stage2 asset download failed url=https://img.icons8.com/color/48/wheat-free.png err=HTTP Error 404: Not Found
2026-02-04 23:07:22 INFO dataset: Stage2 created response_id=r_000185_01
2026-02-04 23:07:57 WARNING dataset: Stage2 asset download failed url=https://img.icons8.com/ios/50/tablet-pc.png err=HTTP Error 404: Not Found
2026-02-04 23:07:58 WARNING dataset: Stage2 asset download failed url=https://img.icons8.com/ios/50/water-drop.png err=HTTP Error 404: Not Found
2026-02-04 23:08:00 WARNING dataset: Stage2 asset download failed url=https://m.media-amazon.com/images/I/51fS8pI-p9L._AC_SL1000_.jpg err=HTTP Error 404: Not Found
2026-02-04 23:08:02 WARNING dataset: Stage2 asset download failed url=https://m.media-amazon.com/images/I/618m2E96ZWL._AC_SL1500_.jpg err=HTTP Error 404: Not Found
2026-02-04 23:08:02 INFO dataset: Stage2 created response_id=r_000186_01
2026-02-04 23:09:42 WARNING dataset: Stage2 asset download failed url=https://img.icons8.com/ios/50/cpu.png err=HTTP Error 404: Not Found
2026-02-04 23:09:43 INFO dataset: Stage2 created response_id=r_000187_01
2026-02-04 23:11:24 INFO dataset: Stage2 created response_id=r_000188_01
2026-02-04 23:11:55 INFO dataset: Stage2 created response_id=r_000189_01
2026-02-04 23:12:44 WARNING dataset: Stage2 asset download failed url=https://www.kitchenaid.com/content/dam/global/kitchenaid/countertop-appliances/portable/images/artisan-series-mixer.jpg err=Remote end closed connection without response
2026-02-04 23:13:03 WARNING dataset: Stage2 asset download failed url=https://www.kitchenaid.com/content/dam/global/kitchenaid/countertop-appliances/portable/images/pro-600-series-mixer.jpg err=Remote end closed connection without response
2026-02-04 23:13:03 INFO dataset: Stage2 created response_id=r_000190_01
2026-02-04 23:13:39 INFO dataset: Stage2 created response_id=r_000191_01
2026-02-04 23:14:22 WARNING dataset: Stage2 asset download failed url=https://support.apple.com/library/APPLE/APPLECARE_ALLGEOS/SP869/macbook-air-m2-ports.png err=HTTP Error 404: Not Found
2026-02-04 23:14:22 INFO dataset: Stage2 created response_id=r_000192_01
2026-02-04 23:14:58 WARNING dataset: Stage2 asset download failed url=https://www.fender.com/on/demandware.static/-/Sites-fender-pdplibrary/default/dw7868846c/images/squier-strat-pack-black.png err=HTTP Error 403: Forbidden
2026-02-04 23:15:01 WARNING dataset: Stage2 asset download failed url=https://usa.yamaha.com/files/pac012_gigmaker_735x735_530x530_f619478f7e7f6f96614457e5b22194c6.jpg err=HTTP Error 404: Not Found
2026-02-04 23:15:03 WARNING dataset: Stage2 asset download failed url=https://img.icons8.com/ios-filled/50/000000/amplifier.png err=HTTP Error 404: Not Found
2026-02-04 23:15:04 INFO dataset: Stage2 created response_id=r_000193_01
2026-02-04 23:15:47 INFO dataset: Stage2 created response_id=r_000194_01
2026-02-04 23:16:33 WARNING dataset: Stage2 asset download failed url=https://img.icons8.com/ios/50/000000/battery-level.png err=HTTP Error 404: Not Found
2026-02-04 23:16:34 INFO dataset: Stage2 created response_id=r_000195_01
2026-02-04 23:17:13 WARNING dataset: Stage2 asset download failed url=https://img.icons8.com/ios/50/000000/water-drop.png err=HTTP Error 404: Not Found
2026-02-04 23:17:14 WARNING dataset: Stage2 asset download failed url=https://img.icons8.com/ios/50/000000/spray.png err=HTTP Error 404: Not Found
2026-02-04 23:17:17 WARNING dataset: Stage2 asset download failed url=https://images.thdstatic.com/productImages/paint-sheen-guide.jpg err=HTTP Error 404: Not Found
2026-02-04 23:17:17 INFO dataset: Stage2 created response_id=r_000196_01
2026-02-04 23:18:09 WARNING dataset: Stage2 asset download failed url=https://img.icons8.com/color/48/car-engine.png err=HTTP Error 404: Not Found
2026-02-04 23:18:10 WARNING dataset: Stage2 asset download failed url=https://img.icons8.com/color/48/oil-can.png err=HTTP Error 404: Not Found
2026-02-04 23:18:10 WARNING dataset: Stage2 asset download failed url=https://www.api.org/-/media/files/certification/engine-oil/labels/api_sn_starburst_250x250.png err=<urlopen error [WinError 10054] An existing connection was forcibly closed by the remote host>
2026-02-04 23:18:10 INFO dataset: Stage2 created response_id=r_000197_01
2026-02-04 23:18:48 WARNING dataset: Stage2 asset download failed url=https://images.apple.com/v/macbook-air/n/images/overview/m3_chip__dq5p8p1p8u82_large.jpg err=HTTP Error 404: Not Found
2026-02-04 23:18:48 WARNING dataset: Stage2 asset download failed url=https://www.lg.com/us/images/laptops/md08001234/gallery/desktop-01.jpg err=HTTP Error 403: Forbidden
2026-02-04 23:18:50 INFO dataset: Stage2 created response_id=r_000198_01
2026-02-04 23:19:29 WARNING dataset: Stage2 asset download failed url=https://img.icons8.com/ios-filled/50/000000/battery-level.png err=HTTP Error 404: Not Found
2026-02-04 23:19:30 WARNING dataset: Stage2 asset download failed url=https://electronics.sony.com/media/7363403a554a93883a48e7150a639c08/primary.png err=HTTP Error 403: Forbidden
2026-02-04 23:19:31 WARNING dataset: Stage2 asset download failed url=https://assets.bose.com/content/dam/QC-ULTRA-HP-Black-Front.png err=HTTP Error 404: Not Found
2026-02-04 23:19:31 INFO dataset: Stage2 created response_id=r_000199_01
2026-02-04 23:20:14 WARNING dataset: Stage2 asset download failed url=https://www.breville.com/content/dam/breville/us/en/assets/espresso/images/bes878/bes878_hero.jpg err=HTTP Error 403: Forbidden
2026-02-04 23:20:18 WARNING dataset: Stage2 asset download failed url=https://www.delonghi.com/en-us/medias/EC9155MB-Hero.jpg err=HTTP Error 404: Not Found
2026-02-04 23:20:18 WARNING dataset: Stage2 asset download failed url=https://www.breville.com/content/dam/breville/us/en/assets/espresso/images/bes880/bes880_hero.jpg err=HTTP Error 403: Forbidden
2026-02-04 23:20:18 INFO dataset: Stage2 created response_id=r_000200_01
2026-02-04 23:21:13 WARNING dataset: Stage2 asset download failed url=https://images.ctfassets.net/s8m00sh0s8se/salomon-xa-pro-3d-v9-gtx.jpg err=HTTP Error 404: Not Found
2026-02-04 23:21:16 WARNING dataset: Stage2 asset download failed url=https://img.icons8.com/ios-filled/50/footprint.png err=HTTP Error 404: Not Found
2026-02-04 23:21:19 INFO dataset: Stage2 created response_id=r_000201_01
2026-02-04 23:22:02 INFO dataset: Stage2 created response_id=r_000202_01
2026-02-04 23:22:38 INFO dataset: Stage2 created response_id=r_000203_01
2026-02-04 23:23:11 WARNING dataset: Stage2 asset download failed url=https://static.thenounproject.com/png/brightness-icon.png err=HTTP Error 404: Not Found
2026-02-04 23:23:11 WARNING dataset: Stage2 asset download failed url=https://static.thenounproject.com/png/contrast-icon.png err=HTTP Error 404: Not Found
2026-02-04 23:23:12 WARNING dataset: Stage2 asset download failed url=https://static.thenounproject.com/png/warning-icon.png err=HTTP Error 404: Not Found
2026-02-04 23:23:12 INFO dataset: Stage2 created response_id=r_000204_01
2026-02-04 23:24:14 WARNING dataset: Stage2 asset download failed url=https://www.kelty.com/content/images/thumbs/0004943_late-start-4.jpeg err=HTTP Error 404: Not Found
2026-02-04 23:24:14 WARNING dataset: Stage2 asset download failed url=https://www.marmot.com/dw/image/v2/BCGH_PRD/on/demandware.static/-/Sites-marmot-master/default/dw45c6e761/images/hi-res/11920_001_1.jpg err=HTTP Error 403: Forbidden
2026-02-04 23:24:17 WARNING dataset: Stage2 asset download failed url=https://img.icons8.com/material-outlined/24/000000/group.png err=HTTP Error 404: Not Found
2026-02-04 23:24:18 INFO dataset: Stage2 created response_id=r_000205_01
2026-02-04 23:24:49 WARNING dataset: Stage2 asset download failed url=https://deciem.com/dw/image/v2/BJJF_PRD/on/demandware.static/-/Sites-deciem-master/default/dw3e6e8e8e/Images/products/The%20Ordinary/rdn-niacinamide-10pct-zinc-1pct-30ml.png err=HTTP Error 404: Not Found
2026-02-04 23:24:52 WARNING dataset: Stage2 asset download failed url=https://www.paulaschoice.com/dw/image/v2/BBNX_PRD/on/demandware.static/-/Sites-pc-catalog/default/dw066f1e3c/7980-1.png err=HTTP Error 404: Not Found
2026-02-04 23:24:53 WARNING dataset: Stage2 asset download failed url=https://img.icons8.com/ios/50/oil-control.png err=HTTP Error 404: Not Found
2026-02-04 23:24:54 INFO dataset: Stage2 created response_id=r_000206_01
2026-02-04 23:25:22 WARNING dataset: Stage2 asset download failed url=https://img.icons8.com/ios/50/wireless-network-status.png err=HTTP Error 404: Not Found
2026-02-04 23:25:32 WARNING dataset: Stage2 asset download failed url=https://www.keychron.com/cdn/shop/files/Keychron-Q3-Max-QMK-VIA-Wireless-Custom-Mechanical-Keyboard-ISO-Layout-Collection.jpg err=HTTP Error 404: Not Found
2026-02-04 23:25:32 INFO dataset: Stage2 created response_id=r_000207_01
2026-02-04 23:26:12 WARNING dataset: Stage2 asset download failed url=https://m.media-amazon.com/images/I/71Y7H8L9p9L._AC_SL1500_.jpg err=HTTP Error 404: Not Found
2026-02-04 23:26:13 WARNING dataset: Stage2 asset download failed url=https://m.media-amazon.com/images/I/717S-G49I9L._AC_SL1500_.jpg err=HTTP Error 404: Not Found
2026-02-04 23:26:14 WARNING dataset: Stage2 asset download failed url=https://m.media-amazon.com/images/I/71m6V02fS9L._AC_SL1500_.jpg err=HTTP Error 404: Not Found
2026-02-04 23:26:14 INFO dataset: Stage2 created response_id=r_000208_01
2026-02-04 23:27:13 WARNING dataset: Stage2 asset download failed url=https://m.media-amazon.com/images/I/61S8nE-qUuL.jpg err=HTTP Error 404: Not Found
2026-02-04 23:27:14 WARNING dataset: Stage2 asset download failed url=https://m.media-amazon.com/images/I/71u9S8H-YFL.jpg err=HTTP Error 404: Not Found
2026-02-04 23:27:16 WARNING dataset: Stage2 asset download failed url=https://m.media-amazon.com/images/I/61b7l9xWpSL.jpg err=HTTP Error 404: Not Found
2026-02-04 23:27:18 INFO dataset: Stage2 created response_id=r_000209_01
2026-02-04 23:28:05 WARNING dataset: Stage2 asset download failed url=https://images.unsplash.com/photo-1581605405669-fec81125e014 err=HTTP Error 404: Not Found
2026-02-04 23:28:06 INFO dataset: Stage2 created response_id=r_000210_01
2026-02-04 23:29:13 WARNING dataset: Stage2 asset download failed url=https://images.hermanmiller.group/hub/main/hmg/product-images/aeron/aeron_remastered_graphite.jpg err=HTTP Error 404: Not Found
2026-02-04 23:29:15 WARNING dataset: Stage2 asset download failed url=https://www.steelcase.com/content/uploads/2015/01/Leap-0017-1.jpg err=HTTP Error 404: Not Found
2026-02-04 23:29:16 INFO dataset: Stage2 created response_id=r_000211_01
2026-02-04 23:30:09 INFO dataset: Stage2 created response_id=r_000212_01
2026-02-04 23:30:50 INFO dataset: Stage2 created response_id=r_000213_01
2026-02-04 23:31:11 WARNING dataset: Stage2 asset download failed url=https://images.test/purina-pro-plan-salmon.jpg err=<urlopen error [Errno 11001] getaddrinfo failed>
2026-02-04 23:31:11 WARNING dataset: Stage2 asset download failed url=https://images.test/hills-sensitive-salmon.jpg err=<urlopen error [Errno 11001] getaddrinfo failed>
2026-02-04 23:31:11 WARNING dataset: Stage2 asset download failed url=https://images.test/nutro-lamb-rice.jpg err=<urlopen error [Errno 11001] getaddrinfo failed>
2026-02-04 23:31:11 WARNING dataset: Stage2 asset download failed url=https://icons.test/skin-shield.png err=<urlopen error [Errno 11001] getaddrinfo failed>
2026-02-04 23:31:11 WARNING dataset: Stage2 asset download failed url=https://icons.test/stomach.png err=<urlopen error [Errno 11001] getaddrinfo failed>
2026-02-04 23:31:11 WARNING dataset: Stage2 asset download failed url=https://icons.test/wheat-grain.png err=<urlopen error [Errno 11001] getaddrinfo failed>
2026-02-04 23:31:11 INFO dataset: Stage2 created response_id=r_000214_01
2026-02-04 23:31:42 WARNING dataset: Stage2 asset download failed url=https://images.thdstatic.com/productImages/dewalt-dcd800p2-kit.jpg err=HTTP Error 404: Not Found
2026-02-04 23:31:44 WARNING dataset: Stage2 asset download failed url=https://images.thdstatic.com/productImages/milwaukee-m18-fuel-kit.jpg err=HTTP Error 404: Not Found
2026-02-04 23:31:46 WARNING dataset: Stage2 asset download failed url=https://img.icons8.com/ios/50/battery-level-3.png err=HTTP Error 404: Not Found
2026-02-04 23:31:46 INFO dataset: Stage2 created response_id=r_000215_01
2026-02-04 23:32:16 WARNING dataset: Stage2 asset download failed url=https://m.media-amazon.com/images/I/719mH2Y-SUL._AC_SL1500_.jpg err=HTTP Error 404: Not Found
2026-02-04 23:32:17 WARNING dataset: Stage2 asset download failed url=https://m.media-amazon.com/images/I/61H2YQnC-FL._AC_SL1500_.jpg err=HTTP Error 404: Not Found
2026-02-04 23:32:18 WARNING dataset: Stage2 asset download failed url=https://m.media-amazon.com/images/I/71jL-o9L8LL._AC_SL1500_.jpg err=HTTP Error 404: Not Found
2026-02-04 23:32:20 WARNING dataset: Stage2 asset download failed url=https://img.icons8.com/ios/50/standing-desk.png err=HTTP Error 404: Not Found
2026-02-04 23:32:20 INFO dataset: Stage2 created response_id=r_000216_01
2026-02-04 23:33:09 INFO dataset: Stage2 created response_id=r_000217_01
2026-02-04 23:34:50 WARNING dataset: Stage2 asset download failed url=https://m.media-amazon.com/images/I/61f-B8t-p3L.jpg err=HTTP Error 404: Not Found
2026-02-04 23:34:51 WARNING dataset: Stage2 asset download failed url=https://m.media-amazon.com/images/I/712v-S6L-PL.jpg err=HTTP Error 404: Not Found
2026-02-04 23:34:52 WARNING dataset: Stage2 asset download failed url=https://img.icons8.com/ios/50/000000/falling.png err=HTTP Error 404: Not Found
2026-02-04 23:34:53 INFO dataset: Stage2 created response_id=r_000218_01
2026-02-04 23:35:21 WARNING dataset: Stage2 asset download failed url=https://www.apple.com/newsroom/images/product/iphone/standard/Apple-iPhone-14-Pro-iPhone-14-Pro-Max-camera-system-220907_inline.jpg.large.jpg err=HTTP Error 404: Not Found
2026-02-04 23:35:22 WARNING dataset: Stage2 asset download failed url=https://www.apple.com/newsroom/images/product/iphone/standard/Apple-iPhone-14-Pro-iPhone-14-Pro-Max-A16-Bionic-220907_inline.jpg.large.jpg err=HTTP Error 404: Not Found
2026-02-04 23:35:23 WARNING dataset: Stage2 asset download failed url=https://img.icons8.com/ios/50/cpu.png err=HTTP Error 404: Not Found
2026-02-04 23:35:24 INFO dataset: Stage2 created response_id=r_000219_01
2026-02-04 23:36:04 WARNING dataset: Stage2 asset download failed url=https://m.media-amazon.com/images/I/71Yy3I88S9L._AC_SL1500_.jpg err=HTTP Error 404: Not Found
2026-02-04 23:36:05 WARNING dataset: Stage2 asset download failed url=https://m.media-amazon.com/images/I/81S-N9D3YNL._AC_SL1500_.jpg err=HTTP Error 404: Not Found
2026-02-04 23:36:07 WARNING dataset: Stage2 asset download failed url=https://m.media-amazon.com/images/I/61mO-pP0URL._AC_SL1500_.jpg err=HTTP Error 404: Not Found
2026-02-04 23:36:07 INFO dataset: Stage2 created response_id=r_000220_01
2026-02-04 23:36:31 WARNING dataset: Stage2 asset download failed url=https://img.icons8.com/ios/50/000000/balance-weight.png err=HTTP Error 404: Not Found
2026-02-04 23:36:32 WARNING dataset: Stage2 asset download failed url=https://www.saucony.com/on/demandware.static/-/Sites-saucony_us-Library/default/dw15754593/content/seasonal-content/brooks-adrenaline-gts.jpg err=HTTP Error 404: Not Found
2026-02-04 23:36:32 INFO dataset: Stage2 created response_id=r_000221_01
2026-02-04 23:37:12 INFO dataset: Stage2 created response_id=r_000222_01
2026-02-04 23:37:45 WARNING dataset: Stage2 asset download failed url=https://images.samsung.com/is/image/samsung/assets/global/learn/oled-vs-qled/oled-vs-qled-main.jpg err=HTTP Error 404: Not Found
2026-02-04 23:37:46 WARNING dataset: Stage2 asset download failed url=https://m.media-amazon.com/images/I/71m6O2BvS4L.jpg err=HTTP Error 404: Not Found
2026-02-04 23:37:46 INFO dataset: Stage2 created response_id=r_000223_01
2026-02-04 23:38:18 INFO dataset: Stage2 created response_id=r_000224_01
2026-02-04 23:39:17 INFO dataset: Stage2 created response_id=r_000225_01
2026-02-04 23:39:49 INFO dataset: Stage2 created response_id=r_000226_01
2026-02-04 23:40:24 WARNING dataset: Stage2 asset download failed url=https://img.icons8.com/ios-filled/50/000000/battery-level.png err=HTTP Error 404: Not Found
2026-02-04 23:40:25 INFO dataset: Stage2 created response_id=r_000227_01
2026-02-04 23:40:51 WARNING dataset: Stage2 asset download failed url=https://img.icons8.com/color/48/bone.png err=HTTP Error 404: Not Found
2026-02-04 23:40:52 WARNING dataset: Stage2 asset download failed url=https://img.icons8.com/color/48/increase.png err=HTTP Error 404: Not Found
2026-02-04 23:40:53 INFO dataset: Stage2 created response_id=r_000228_01
2026-02-04 23:41:26 WARNING dataset: Stage2 asset download failed url=https://www.toyota.com/content/dam/toyota/intelligent/global/images/vehicles/2023/rav4hybrid/gallery/exterior/RAV_MY23_0016_V001.jpg err=HTTP Error 404: Not Found
2026-02-04 23:41:27 WARNING dataset: Stage2 asset download failed url=https://img.icons8.com/ios/50/4wd.png err=HTTP Error 404: Not Found
2026-02-04 23:41:27 INFO dataset: Stage2 created response_id=r_000229_01
2026-02-04 23:41:51 WARNING dataset: Stage2 asset download failed url=https://p.turbosquid.com/ts-thumb/v1/1521102941/ov/canoneosrebelt7dslrcamerawith1855mmlens_00_600x600.jpg err=HTTP Error 404: Not Found
2026-02-04 23:41:53 WARNING dataset: Stage2 asset download failed url=https://cdn-4.nikon-cdn.com/e/Q5NM96RZZo-YRYseY_vE8-6I_S_vT_9I-T_S_vE8-6I_S_vT_9I/Views/1590_D3500_front.png err=HTTP Error 403: Forbidden
2026-02-04 23:41:54 WARNING dataset: Stage2 asset download failed url=https://img.icons8.com/ios-filled/50/000000/wireless-network.png err=HTTP Error 404: Not Found
2026-02-04 23:41:54 INFO dataset: Stage2 created response_id=r_000230_01
2026-02-04 23:42:39 WARNING dataset: Stage2 asset download failed url=https://www.pcrichard.com/library/images/know/mattress-size-chart.jpg err=Remote end closed connection without response
2026-02-04 23:42:39 INFO dataset: Stage2 created response_id=r_000231_01
2026-02-04 23:43:06 WARNING dataset: Stage2 asset download failed url=https://img.icons8.com/ios/50/glass.png err=HTTP Error 404: Not Found
2026-02-04 23:43:06 INFO dataset: Stage2 created response_id=r_000232_01
2026-02-04 23:43:39 WARNING dataset: Stage2 asset download failed url=https://www.rei.com/dam/expert_advice_2019_sleeping_bag_ratings_iso_label.jpg err=HTTP Error 403: Forbidden
2026-02-04 23:43:40 INFO dataset: Stage2 created response_id=r_000233_01
2026-02-04 23:44:21 WARNING dataset: Stage2 asset download failed url=https://www.primotoys.com/wp-content/uploads/2016/02/Cubetto_Set_1.jpg err=HTTP Error 404: Not Found
2026-02-04 23:44:22 WARNING dataset: Stage2 asset download failed url=https://m.media-amazon.com/images/I/71u9zV6oXzL._AC_SL1500_.jpg err=HTTP Error 404: Not Found
2026-02-04 23:44:24 WARNING dataset: Stage2 asset download failed url=https://www.terrapinlogo.com/media/catalog/product/b/e/beebot-1.jpg err=HTTP Error 401: Unauthorized
2026-02-04 23:44:26 WARNING dataset: Stage2 asset download failed url=https://img.icons8.com/color/96/robot-vacuum.png err=HTTP Error 404: Not Found
2026-02-04 23:44:27 WARNING dataset: Stage2 asset download failed url=https://img.icons8.com/color/96/toy-bricks.png err=HTTP Error 404: Not Found
2026-02-04 23:44:27 INFO dataset: Stage2 created response_id=r_000234_01
2026-02-04 23:45:04 WARNING dataset: Stage2 asset download failed url=https://upload.wikimedia.org/wikipedia/commons/thumb/1/1d/Maple_syrup_grades.jpg/1024px-Maple_syrup_grades.jpg err=HTTP Error 403: Forbidden
2026-02-04 23:45:04 INFO dataset: Stage2 created response_id=r_000235_01
2026-02-04 23:45:27 WARNING dataset: Stage2 asset download failed url=https://img.icons8.com/ios-filled/50/battery-level.png err=HTTP Error 404: Not Found
2026-02-04 23:45:28 INFO dataset: Stage2 created response_id=r_000236_01
2026-02-04 23:46:01 WARNING dataset: Stage2 asset download failed url=https://images.unsplash.com/photo-1572916169351-75368a1332e6 err=HTTP Error 404: Not Found
2026-02-04 23:46:02 INFO dataset: Stage2 created response_id=r_000237_01
2026-02-04 23:46:28 WARNING dataset: Stage2 asset download failed url=https://images.unsplash.com/photo-1584947897505-670c5633857e err=HTTP Error 404: Not Found
2026-02-04 23:46:29 INFO dataset: Stage2 created response_id=r_000238_01
2026-02-04 23:47:06 WARNING dataset: Stage2 asset download failed url=https://img.icons8.com/ios/50/drop.png err=HTTP Error 404: Not Found
2026-02-04 23:47:06 INFO dataset: Stage2 created response_id=r_000239_01
2026-02-04 23:47:29 INFO dataset: Stage2 created response_id=r_000240_01
2026-02-04 23:48:03 WARNING dataset: Stage2 asset download failed url=https://img.icons8.com/ios/50/hard-drive.png err=HTTP Error 404: Not Found
2026-02-04 23:48:05 WARNING dataset: Stage2 asset download failed url=https://img.icons8.com/ios/50/ethernet.png err=HTTP Error 404: Not Found
2026-02-04 23:48:05 INFO dataset: Stage2 created response_id=r_000241_01
2026-02-04 23:48:47 WARNING dataset: Stage2 asset download failed url=https://img.icons8.com/ios/50/rough-texture.png err=HTTP Error 404: Not Found
2026-02-04 23:48:49 WARNING dataset: Stage2 asset download failed url=https://www.strathmoreartist.com/files/content/blog/2018_Blog/Watercolor_Texture_Comparison.jpg err=HTTP Error 404: Not Found
2026-02-04 23:48:49 INFO dataset: Stage2 created response_id=r_000242_01
2026-02-04 23:49:21 WARNING dataset: Stage2 asset download failed url=https://images.unsplash.com/photo-1509391366360-feaf9f3ed11b err=HTTP Error 404: Not Found
2026-02-04 23:49:21 INFO dataset: Stage2 created response_id=r_000243_01
2026-02-04 23:49:44 WARNING dataset: Stage2 asset download failed url=https://example.com/icons/ergonomic.png err=HTTP Error 404: Not Found
2026-02-04 23:49:44 WARNING dataset: Stage2 asset download failed url=https://example.com/icons/mesh.png err=HTTP Error 404: Not Found
2026-02-04 23:49:44 WARNING dataset: Stage2 asset download failed url=https://example.com/icons/price-tag.png err=HTTP Error 404: Not Found
2026-02-04 23:49:44 INFO dataset: Stage2 created response_id=r_000244_01
2026-02-04 23:50:24 WARNING dataset: Stage2 asset download failed url=https://fujifilm-x.com/wp-content/uploads/2020/02/x-t4_silver_front.jpg err=HTTP Error 403: Forbidden
2026-02-04 23:50:25 WARNING dataset: Stage2 asset download failed url=https://electronics.sony.com/media/745x745/a7iii.jpg err=HTTP Error 403: Forbidden
2026-02-04 23:50:25 WARNING dataset: Stage2 asset download failed url=https://shop.panasonic.com/images/lumix-s5-front.jpg err=HTTP Error 404: Not Found
2026-02-04 23:50:27 WARNING dataset: Stage2 asset download failed url=https://img.icons8.com/ios/50/video-camera.png err=HTTP Error 404: Not Found
2026-02-04 23:50:27 WARNING dataset: Stage2 asset download failed url=https://img.icons8.com/ios/50/steady-camera.png err=HTTP Error 404: Not Found
2026-02-04 23:50:27 INFO dataset: Stage2 created response_id=r_000245_01
2026-02-04 23:51:06 WARNING dataset: Stage2 asset download failed url=https://img.icons8.com/ios/50/cpu.png err=HTTP Error 404: Not Found
2026-02-04 23:51:07 WARNING dataset: Stage2 asset download failed url=https://img.icons8.com/ios/50/battery-level.png err=HTTP Error 404: Not Found
2026-02-04 23:51:07 INFO dataset: Stage2 created response_id=r_000246_01
2026-02-04 23:51:30 INFO dataset: Stage2 created response_id=r_000247_01
2026-02-04 23:51:57 INFO dataset: Stage2 created response_id=r_000248_01
2026-02-04 23:52:23 INFO dataset: Stage2 created response_id=r_000249_01
2026-02-04 23:53:18 WARNING dataset: Stage2 asset download failed url=https://img.icons8.com/ios/50/group.png err=HTTP Error 404: Not Found
2026-02-04 23:53:18 INFO dataset: Stage2 created response_id=r_000250_01
2026-02-04 23:53:52 WARNING dataset: Stage2 asset download failed url=https://www8.garmin.com/manuals/webhelp/GUID-C001C335-A8EC-4A41-AB0E-3543254A277A/EN-US/Fenix_7_Series_OM_EN-US.pdf err=HTTP Error 404: Not Found
2026-02-04 23:53:52 WARNING dataset: Stage2 asset download failed url=https://static.garmincdn.com/en/products/010-02540-10/g/rf-6450.jpg err=HTTP Error 404: Not Found
2026-02-04 23:53:53 WARNING dataset: Stage2 asset download failed url=https://img.icons8.com/ios-filled/50/000000/battery-level.png err=HTTP Error 404: Not Found
2026-02-04 23:53:54 WARNING dataset: Stage2 asset download failed url=https://img.icons8.com/ios-filled/50/000000/satellite-navigation.png err=HTTP Error 404: Not Found
2026-02-04 23:53:54 INFO dataset: Stage2 created response_id=r_000251_01
2026-02-04 23:54:26 INFO dataset: Stage2 created response_id=r_000252_01
2026-02-04 23:55:17 WARNING dataset: Stage2 asset download failed url=https://img.icons8.com/color/48/000000/no-reprography.png err=HTTP Error 404: Not Found
2026-02-04 23:55:18 WARNING dataset: Stage2 asset download failed url=https://www.cerave.com/-/media/project/loreal/brand-sites/cerave/master/us/products/pm-facial-moisturizing-lotion/700x700.jpg err=HTTP Error 403: Forbidden
2026-02-04 23:55:18 WARNING dataset: Stage2 asset download failed url=https://www.laroche-posay.us/dw/image/v2/AANG_PRD/on/demandware.static/-/Sites-lrp-master-catalog/default/dw76403692/product/3337875545792.jpg err=HTTP Error 403: Forbidden
2026-02-04 23:55:18 INFO dataset: Stage2 created response_id=r_000253_01
2026-02-04 23:56:07 WARNING dataset: Stage2 asset download failed url=https://img.icons8.com/fluency/48/measuring-tape.png err=HTTP Error 404: Not Found
2026-02-04 23:56:08 INFO dataset: Stage2 created response_id=r_000254_01
2026-02-04 23:56:40 INFO dataset: Stage2 created response_id=r_000255_01
2026-02-04 23:57:14 WARNING dataset: Stage2 asset download failed url=https://bike.shimano.com/content/dam/productsite/shimano/product-images/Dura-Ace_R9200_Groupset.jpg err=HTTP Error 403: Forbidden
2026-02-04 23:57:14 WARNING dataset: Stage2 asset download failed url=https://bike.shimano.com/content/dam/productsite/shimano/product-images/105_R7100_Di2.jpg err=HTTP Error 403: Forbidden
2026-02-04 23:57:14 INFO dataset: Stage2 created response_id=r_000256_01
2026-02-04 23:57:37 WARNING dataset: Stage2 asset download failed url=https://images.unsplash.com/photo-1589113103503-49ef8302c88e?q=80&w=1000&auto=format&fit=crop err=HTTP Error 404: Not Found
2026-02-04 23:57:38 WARNING dataset: Stage2 asset download failed url=https://images.unsplash.com/photo-1607604661251-922e17744197?q=80&w=1000&auto=format&fit=crop err=HTTP Error 404: Not Found
2026-02-04 23:57:39 INFO dataset: Stage2 created response_id=r_000257_01
2026-02-04 23:58:06 WARNING dataset: Stage2 asset download failed url=https://www.usa.canon.com/media/catalog/product/e/o/eos-r5_front_1.jpg err=HTTP Error 403: Forbidden
2026-02-04 23:58:06 WARNING dataset: Stage2 asset download failed url=https://www.usa.canon.com/media/catalog/product/e/f/ef50_18stm_front.jpg err=HTTP Error 403: Forbidden
2026-02-04 23:58:06 WARNING dataset: Stage2 asset download failed url=https://www.usa.canon.com/media/catalog/product/m/o/mount-adapter-ef-eos-r_1.jpg err=HTTP Error 403: Forbidden
2026-02-04 23:58:07 INFO dataset: Stage2 created response_id=r_000258_01
2026-02-04 23:58:34 INFO dataset: Stage2 created response_id=r_000259_01
2026-02-04 23:59:05 WARNING dataset: Stage2 asset download failed url=https://m.media-amazon.com/images/I/91U6767S69L.jpg err=HTTP Error 404: Not Found
2026-02-04 23:59:06 WARNING dataset: Stage2 asset download failed url=https://img.icons8.com/ios/50/000000/writer.png err=HTTP Error 404: Not Found
2026-02-04 23:59:06 INFO dataset: Stage2 created response_id=r_000260_01
2026-02-04 23:59:52 WARNING dataset: Stage2 asset download failed url=https://images.unsplash.com/photo-1589924691995-ad00895658f3?q=80&w=400 err=HTTP Error 404: Not Found
2026-02-04 23:59:54 WARNING dataset: Stage2 asset download failed url=https://img.icons8.com/color/48/great-dane.png err=HTTP Error 404: Not Found
2026-02-04 23:59:55 INFO dataset: Stage2 created response_id=r_000261_01
2026-02-05 00:00:27 INFO dataset: Stage2 created response_id=r_000262_01
2026-02-05 00:01:33 WARNING dataset: Stage2 asset download failed url=https://img.icons8.com/material-outlined/24/user-group.png err=HTTP Error 404: Not Found
2026-02-05 00:01:33 INFO dataset: Stage2 created response_id=r_000263_01
2026-02-05 00:01:57 WARNING dataset: Stage2 asset download failed url=https://img.icons8.com/ios/50/wi-fi.png err=HTTP Error 404: Not Found
2026-02-05 00:01:59 INFO dataset: Stage2 created response_id=r_000264_01
2026-02-05 00:02:51 INFO dataset: Stage2 created response_id=r_000265_01
2026-02-05 00:03:33 INFO dataset: Stage2 created response_id=r_000266_01
2026-02-05 00:03:54 INFO dataset: Stage2 created response_id=r_000267_01
2026-02-05 00:04:26 WARNING dataset: Stage2 asset download failed url=https://img.icons8.com/ios/50/us-dollar.png err=HTTP Error 404: Not Found
2026-02-05 00:04:26 WARNING dataset: Stage2 asset download failed url=https://img.icons8.com/ios/50/fence.png err=HTTP Error 404: Not Found
2026-02-05 00:04:26 INFO dataset: Stage2 created response_id=r_000268_01
2026-02-05 00:05:14 INFO dataset: Stage2 created response_id=r_000269_01
2026-02-05 00:05:43 WARNING dataset: Stage2 asset download failed url=https://images.unsplash.com/photo-1515165597738-98114272c70b err=HTTP Error 404: Not Found
2026-02-05 00:05:45 WARNING dataset: Stage2 asset download failed url=https://img.icons8.com/ios/50/departure.png err=HTTP Error 404: Not Found
2026-02-05 00:05:46 INFO dataset: Stage2 created response_id=r_000270_01
2026-02-05 00:06:34 INFO dataset: Stage2 created response_id=r_000271_01
2026-02-05 00:06:59 INFO dataset: Stage2 created response_id=r_000272_01
2026-02-05 00:07:43 WARNING dataset: Stage2 asset download failed url=https://images.unsplash.com/photo-1542367533-5136282f6d55 err=HTTP Error 404: Not Found
2026-02-05 00:07:44 WARNING dataset: Stage2 asset download failed url=https://images.unsplash.com/photo-1506012733847-532f0173267d err=HTTP Error 404: Not Found
2026-02-05 00:07:45 WARNING dataset: Stage2 asset download failed url=https://img.icons8.com/ios-filled/50/departure.png err=HTTP Error 404: Not Found
2026-02-05 00:07:46 WARNING dataset: Stage2 asset download failed url=https://img.icons8.com/ios-filled/50/arrival.png err=HTTP Error 404: Not Found
2026-02-05 00:07:46 INFO dataset: Stage2 created response_id=r_000273_01
2026-02-05 00:08:09 WARNING dataset: Stage2 asset download failed url=https://img.icons8.com/color/48/mop.png err=HTTP Error 404: Not Found
2026-02-05 00:08:09 INFO dataset: Stage2 created response_id=r_000274_01
2026-02-05 00:08:49 INFO dataset: Stage2 created response_id=r_000275_01
2026-02-05 00:09:11 WARNING dataset: Stage2 asset download failed url=https://images.unsplash.com/photo-1550966841-3ee7adac1661?auto=format&fit=crop&q=80&w=1000 err=HTTP Error 404: Not Found
2026-02-05 00:09:13 INFO dataset: Stage2 created response_id=r_000276_01
2026-02-05 00:09:36 WARNING dataset: Stage2 asset download failed url=https://img.icons8.com/color/48/clef.png err=HTTP Error 404: Not Found
2026-02-05 00:09:36 INFO dataset: Stage2 created response_id=r_000277_01
2026-02-05 00:10:07 WARNING dataset: Stage2 asset download failed url=https://img.icons8.com/ios/50/delivery-van.png err=HTTP Error 404: Not Found
2026-02-05 00:10:08 WARNING dataset: Stage2 asset download failed url=https://img.icons8.com/ios/50/hand-truck.png err=HTTP Error 404: Not Found
2026-02-05 00:10:08 INFO dataset: Stage2 created response_id=r_000278_01
2026-02-05 00:10:32 INFO dataset: Stage2 created response_id=r_000279_01
2026-02-05 00:11:11 WARNING dataset: Stage2 asset download failed url=https://images.unsplash.com/photo-1525974367349-21583084347c err=HTTP Error 404: Not Found
2026-02-05 00:11:11 INFO dataset: Stage2 created response_id=r_000280_01
2026-02-05 00:11:33 INFO dataset: Stage2 created response_id=r_000281_01
2026-02-05 00:11:59 INFO dataset: Stage2 created response_id=r_000282_01
2026-02-05 00:12:26 INFO dataset: Stage2 created response_id=r_000283_01
2026-02-05 00:13:08 WARNING dataset: Stage2 asset download failed url=https://img.icons8.com/color/48/car-wash.png err=HTTP Error 404: Not Found
2026-02-05 00:13:08 INFO dataset: Stage2 created response_id=r_000284_01
2026-02-05 00:13:35 WARNING dataset: Stage2 asset download failed url=https://images.unsplash.com/photo-1590059535881-805908f76361 err=HTTP Error 404: Not Found
2026-02-05 00:13:36 WARNING dataset: Stage2 asset download failed url=https://img.icons8.com/ios/50/000000/credit-card.png err=HTTP Error 404: Not Found
2026-02-05 00:13:36 INFO dataset: Stage2 created response_id=r_000285_01
2026-02-05 00:14:03 INFO dataset: Stage2 created response_id=r_000286_01
2026-02-05 00:14:35 INFO dataset: Stage2 created response_id=r_000287_01
2026-02-05 00:14:58 INFO dataset: Stage2 created response_id=r_000288_01
2026-02-05 00:15:26 WARNING dataset: Stage2 asset download failed url=https://img.icons8.com/color/48/000000/fence.png err=HTTP Error 404: Not Found
2026-02-05 00:15:27 INFO dataset: Stage2 created response_id=r_000289_01
2026-02-05 00:16:02 WARNING dataset: Stage2 asset download failed url=https://img.icons8.com/ios/50/euro-money.png err=HTTP Error 404: Not Found
2026-02-05 00:16:02 INFO dataset: Stage2 created response_id=r_000290_01
2026-02-05 00:16:38 INFO dataset: Stage2 created response_id=r_000291_01
2026-02-05 00:17:05 INFO dataset: Stage2 created response_id=r_000292_01
2026-02-05 00:17:35 INFO dataset: Stage2 created response_id=r_000293_01
2026-02-05 00:18:12 INFO dataset: Stage2 created response_id=r_000294_01
2026-02-05 00:18:35 WARNING dataset: Stage2 asset download failed url=https://example.com/icons/people.png err=HTTP Error 404: Not Found
2026-02-05 00:18:36 WARNING dataset: Stage2 asset download failed url=https://example.com/icons/video.png err=HTTP Error 404: Not Found
2026-02-05 00:18:36 WARNING dataset: Stage2 asset download failed url=https://example.com/icons/display.png err=HTTP Error 404: Not Found
2026-02-05 00:18:36 INFO dataset: Stage2 created response_id=r_000295_01
2026-02-05 00:19:13 INFO dataset: Stage2 created response_id=r_000296_01
2026-02-05 00:19:38 WARNING dataset: Stage2 asset download failed url=https://img.icons8.com/color/48/party-balloons.png err=HTTP Error 404: Not Found
2026-02-05 00:19:38 INFO dataset: Stage2 created response_id=r_000297_01
2026-02-05 00:20:11 INFO dataset: Stage2 created response_id=r_000298_01
2026-02-05 00:20:34 WARNING dataset: Stage2 asset download failed url=https://img.icons8.com/ios-filled/50/departure.png err=HTTP Error 404: Not Found
2026-02-05 00:20:34 INFO dataset: Stage2 created response_id=r_000299_01
2026-02-05 00:21:03 INFO dataset: Stage2 created response_id=r_000300_01
2026-02-05 00:21:27 INFO dataset: Stage2 created response_id=r_000301_01
2026-02-05 00:22:10 INFO dataset: Stage2 created response_id=r_000302_01
2026-02-05 00:22:39 INFO dataset: Stage2 created response_id=r_000303_01
2026-02-05 00:23:03 INFO dataset: Stage2 created response_id=r_000304_01
2026-02-05 00:23:32 WARNING dataset: Stage2 asset download failed url=https://example.com/icons/calendar-clock.png err=HTTP Error 404: Not Found
2026-02-05 00:23:32 WARNING dataset: Stage2 asset download failed url=https://example.com/icons/map-pin-denver.png err=HTTP Error 404: Not Found
2026-02-05 00:23:32 WARNING dataset: Stage2 asset download failed url=https://example.com/icons/home-sparkle.png err=HTTP Error 404: Not Found
2026-02-05 00:23:33 WARNING dataset: Stage2 asset download failed url=https://images.unsplash.com/photo-1527352733447-061732b3b04d err=HTTP Error 404: Not Found
2026-02-05 00:23:34 INFO dataset: Stage2 created response_id=r_000305_01
2026-02-05 00:24:06 INFO dataset: Stage2 created response_id=r_000306_01
2026-02-05 00:24:29 INFO dataset: Stage2 created response_id=r_000307_01
2026-02-05 00:25:03 INFO dataset: Stage2 created response_id=r_000308_01
2026-02-05 00:25:25 INFO dataset: Stage2 created response_id=r_000309_01
2026-02-05 00:25:52 INFO dataset: Stage2 created response_id=r_000310_01
2026-02-05 00:26:27 INFO dataset: Stage2 created response_id=r_000311_01
2026-02-05 00:26:45 INFO dataset: Stage2 created response_id=r_000312_01
2026-02-05 00:27:28 INFO dataset: Stage2 created response_id=r_000313_01
2026-02-05 00:27:51 INFO dataset: Stage2 created response_id=r_000314_01
2026-02-05 00:28:50 WARNING dataset: Stage2 asset download failed url=https://www.uhaul.com/static/Equipment/Trucks/15ft-Truck.png err=<urlopen error _ssl.c:989: The handshake operation timed out>
2026-02-05 00:29:20 WARNING dataset: Stage2 asset download failed url=https://www.uhaul.com/static/Equipment/Accessories/FurniturePad.png err=<urlopen error _ssl.c:989: The handshake operation timed out>
2026-02-05 00:29:21 INFO dataset: Stage2 created response_id=r_000315_01
2026-02-05 00:29:43 WARNING dataset: Stage2 asset download failed url=https://example.com/icons/calendar_icon.png err=HTTP Error 404: Not Found
2026-02-05 00:29:43 WARNING dataset: Stage2 asset download failed url=https://example.com/icons/tennis_ball.png err=HTTP Error 404: Not Found
2026-02-05 00:29:43 WARNING dataset: Stage2 asset download failed url=https://example.com/icons/map_pin.png err=HTTP Error 404: Not Found
2026-02-05 00:29:43 INFO dataset: Stage2 created response_id=r_000316_01
2026-02-05 00:30:15 INFO dataset: Stage2 created response_id=r_000317_01
2026-02-05 00:30:46 INFO dataset: Stage2 created response_id=r_000318_01
2026-02-05 00:31:23 INFO dataset: Stage2 created response_id=r_000319_01
2026-02-05 00:31:55 WARNING dataset: Stage2 asset download failed url=https://images.unsplash.com/photo-1544161515-436cefb65794 err=HTTP Error 404: Not Found
2026-02-05 00:31:56 INFO dataset: Stage2 created response_id=r_000320_01
2026-02-05 00:32:26 WARNING dataset: Stage2 asset download failed url=https://images.unsplash.com/photo-1599940824399-b87987cb972d err=HTTP Error 404: Not Found
2026-02-05 00:32:27 WARNING dataset: Stage2 asset download failed url=https://img.icons8.com/color/48/family-together.png err=HTTP Error 404: Not Found
2026-02-05 00:32:27 INFO dataset: Stage2 created response_id=r_000321_01
2026-02-05 00:32:53 INFO dataset: Stage2 created response_id=r_000322_01
2026-02-05 00:33:24 WARNING dataset: Stage2 asset download failed url=https://img.icons8.com/ios-filled/50/000000/group.png err=HTTP Error 404: Not Found
2026-02-05 00:33:24 INFO dataset: Stage2 created response_id=r_000323_01
2026-02-05 00:34:09 INFO dataset: Stage2 created response_id=r_000324_01
2026-02-05 00:34:46 INFO dataset: Stage2 created response_id=r_000325_01
2026-02-05 00:35:13 WARNING dataset: Stage2 asset download failed url=https://images.unsplash.com/photo-1551882547-ff43c63efa9c err=HTTP Error 404: Not Found
2026-02-05 00:35:14 INFO dataset: Stage2 created response_id=r_000326_01
2026-02-05 00:35:36 INFO dataset: Stage2 created response_id=r_000327_01
2026-02-05 00:36:07 WARNING dataset: Stage2 asset download failed url=https://img.icons8.com/ios/50/group.png err=HTTP Error 404: Not Found
2026-02-05 00:36:08 WARNING dataset: Stage2 asset download failed url=https://img.icons8.com/ios/50/automatic-transmission.png err=HTTP Error 404: Not Found
2026-02-05 00:36:08 INFO dataset: Stage2 created response_id=r_000328_01
2026-02-05 00:36:41 WARNING dataset: Stage2 asset download failed url=https://img.icons8.com/material-outlined/24/projector.png err=HTTP Error 404: Not Found
2026-02-05 00:36:41 WARNING dataset: Stage2 asset download failed url=https://img.icons8.com/material-outlined/24/coffee.png err=HTTP Error 404: Not Found
2026-02-05 00:36:41 INFO dataset: Stage2 created response_id=r_000329_01
2026-02-05 00:37:23 WARNING dataset: Stage2 asset download failed url=https://www.amtrak.com/content/dam/projects/dotcom/english/public/images/Hero/Route-Coast-Starlight-Hero.jpg err=HTTP Error 403: Forbidden
2026-02-05 00:37:23 WARNING dataset: Stage2 asset download failed url=https://www.amtrak.com/content/dam/projects/dotcom/english/public/images/rooms/superliner-family-bedroom-diagram.png err=HTTP Error 403: Forbidden
2026-02-05 00:37:24 INFO dataset: Stage2 created response_id=r_000330_01
2026-02-05 00:37:51 WARNING dataset: Stage2 asset download failed url=https://img.icons8.com/fluency/48/massage.png err=HTTP Error 404: Not Found
2026-02-05 00:37:51 INFO dataset: Stage2 created response_id=r_000331_01
2026-02-05 00:39:00 WARNING dataset: Stage2 asset download failed url=https://www.uhaul.com/static/img/trucks/15ft-truck.jpg err=<urlopen error _ssl.c:989: The handshake operation timed out>
2026-02-05 00:39:00 INFO dataset: Stage2 created response_id=r_000332_01
2026-02-05 00:39:25 WARNING dataset: Stage2 asset download failed url=https://img.icons8.com/fluency/48/sale-price-tag.png err=HTTP Error 404: Not Found
2026-02-05 00:39:25 INFO dataset: Stage2 created response_id=r_000333_01
2026-02-05 00:39:52 WARNING dataset: Stage2 asset download failed url=https://images.unsplash.com/photo-1538332414382-774f17726487 err=HTTP Error 404: Not Found
2026-02-05 00:39:54 INFO dataset: Stage2 created response_id=r_000334_01
2026-02-05 00:40:23 INFO dataset: Stage2 created response_id=r_000335_01
2026-02-05 00:40:46 INFO dataset: Stage2 created response_id=r_000336_01
2026-02-05 00:41:22 WARNING dataset: Stage2 asset download failed url=https://upload.wikimedia.org/wikipedia/commons/thumb/d/d4/AMC_Metreon_16_San_Francisco.jpg/640px-AMC_Metreon_16_San_Francisco.jpg err=HTTP Error 403: Forbidden
2026-02-05 00:41:23 INFO dataset: Stage2 created response_id=r_000337_01
2026-02-05 00:41:51 INFO dataset: Stage2 created response_id=r_000338_01
2026-02-05 00:42:32 WARNING dataset: Stage2 asset download failed url=https://img.icons8.com/color/48/departure.png err=HTTP Error 404: Not Found
2026-02-05 00:42:34 INFO dataset: Stage2 created response_id=r_000339_01
2026-02-05 00:43:08 WARNING dataset: Stage2 asset download failed url=https://www.centralparknyc.org/storage/attachments/cjyv3z3z1000001l7z3z3z3z1.jpg err=HTTP Error 403: Forbidden
2026-02-05 00:43:09 INFO dataset: Stage2 created response_id=r_000340_01
2026-02-05 00:43:34 INFO dataset: Stage2 created response_id=r_000341_01
2026-02-05 00:43:58 WARNING dataset: Stage2 asset download failed url=https://img.icons8.com/color/48/brake-warning.png err=HTTP Error 404: Not Found
2026-02-05 00:43:59 INFO dataset: Stage2 created response_id=r_000342_01
2026-02-05 00:44:28 INFO dataset: Stage2 created response_id=r_000343_01
2026-02-05 00:45:06 INFO dataset: Stage2 created response_id=r_000344_01
2026-02-05 00:45:28 INFO dataset: Stage2 created response_id=r_000345_01
2026-02-05 00:45:51 INFO dataset: Stage2 created response_id=r_000346_01
2026-02-05 00:46:14 INFO dataset: Stage2 created response_id=r_000347_01
2026-02-05 00:46:53 WARNING dataset: Stage2 asset download failed url=https://img.icons8.com/ios/50/hotel.png err=HTTP Error 404: Not Found
2026-02-05 00:46:55 WARNING dataset: Stage2 asset download failed url=https://images.trvl-media.com/hotels/18000000/17440000/17436400/17436374/49603831_z.jpg err=HTTP Error 404: Not Found
2026-02-05 00:46:58 WARNING dataset: Stage2 asset download failed url=https://images.trvl-media.com/hotels/1000000/10000/7000/6945/70928063_z.jpg err=HTTP Error 404: Not Found
2026-02-05 00:46:58 INFO dataset: Stage2 created response_id=r_000348_01
2026-02-05 00:47:28 INFO dataset: Stage2 created response_id=r_000349_01
2026-02-05 00:48:03 INFO dataset: Stage2 created response_id=r_000350_01
2026-02-05 00:48:37 WARNING dataset: Stage2 asset download failed url=https://images.unsplash.com/photo-1552423814-3582d326305a err=HTTP Error 404: Not Found
2026-02-05 00:48:37 WARNING dataset: Stage2 asset download failed url=https://images.unsplash.com/photo-1509030450996-93f2e3d5223c err=HTTP Error 404: Not Found
2026-02-05 00:48:39 INFO dataset: Stage2 created response_id=r_000351_01
2026-02-05 00:49:09 INFO dataset: Stage2 created response_id=r_000352_01
2026-02-05 00:49:41 WARNING dataset: Stage2 asset download failed url=https://i.imgur.com/uO6vRjS.png err=HTTP Error 429: Unknown Error
2026-02-05 00:49:41 INFO dataset: Stage2 created response_id=r_000353_01
2026-02-05 00:50:09 INFO dataset: Stage2 created response_id=r_000354_01
2026-02-05 00:50:37 WARNING dataset: Stage2 asset download failed url=https://upload.wikimedia.org/wikipedia/commons/thumb/1/13/Cumulonimbus_incus_in_Slovenia.jpg/1024px-Cumulonimbus_incus_in_Slovenia.jpg err=HTTP Error 403: Forbidden
2026-02-05 00:50:37 WARNING dataset: Stage2 asset download failed url=https://upload.wikimedia.org/wikipedia/commons/thumb/f/f1/Mammatus_clouds_over_the_Sierra_Nevada.jpg/1024px-Mammatus_clouds_over_the_Sierra_Nevada.jpg err=HTTP Error 403: Forbidden
2026-02-05 00:50:37 WARNING dataset: Stage2 asset download failed url=https://upload.wikimedia.org/wikipedia/commons/thumb/0/07/Wall_cloud_near_Wichita_Falls.jpg/1024px-Wall_cloud_near_Wichita_Falls.jpg err=HTTP Error 403: Forbidden
2026-02-05 00:50:37 WARNING dataset: Stage2 asset download failed url=https://static-assets.example.com/icons/weather/thunderstorm.png err=<urlopen error [Errno 11001] getaddrinfo failed>
2026-02-05 00:50:37 WARNING dataset: Stage2 asset download failed url=https://static-assets.example.com/icons/weather/hail.png err=<urlopen error [Errno 11001] getaddrinfo failed>
2026-02-05 00:50:37 WARNING dataset: Stage2 asset download failed url=https://static-assets.example.com/icons/weather/wind-gust.png err=<urlopen error [Errno 11001] getaddrinfo failed>
2026-02-05 00:50:37 WARNING dataset: Stage2 asset download failed url=https://static-assets.example.com/icons/weather/alert-triangle.png err=<urlopen error [Errno 11001] getaddrinfo failed>
2026-02-05 00:50:37 INFO dataset: Stage2 created response_id=r_000355_01
2026-02-05 00:51:05 WARNING dataset: Stage2 asset download failed url=https://images.unsplash.com/photo-1580619305218-8423a7f79b0f err=HTTP Error 404: Not Found
2026-02-05 00:51:07 WARNING dataset: Stage2 asset download failed url=https://img.icons8.com/color/48/000000/thermometer-down.png err=HTTP Error 404: Not Found
2026-02-05 00:51:07 WARNING dataset: Stage2 asset download failed url=https://img.icons8.com/color/48/000000/mountain-hiking.png err=HTTP Error 404: Not Found
2026-02-05 00:51:07 INFO dataset: Stage2 created response_id=r_000356_01
2026-02-05 00:51:47 WARNING dataset: Stage2 asset download failed url=https://img.icons8.com/color/48/000000/windrose.png err=HTTP Error 404: Not Found
2026-02-05 00:51:47 INFO dataset: Stage2 created response_id=r_000357_01
2026-02-05 00:52:15 WARNING dataset: Stage2 asset download failed url=https://img.icons8.com/color/48/water-drop.png err=HTTP Error 404: Not Found
2026-02-05 00:52:16 INFO dataset: Stage2 created response_id=r_000358_01
2026-02-05 00:52:41 INFO dataset: Stage2 created response_id=r_000359_01
2026-02-05 00:53:10 WARNING dataset: Stage2 asset download failed url=https://img.icons8.com/color/48/surgical-mask.png err=HTTP Error 404: Not Found
2026-02-05 00:53:10 INFO dataset: Stage2 created response_id=r_000360_01
2026-02-05 00:53:47 WARNING dataset: Stage2 asset download failed url=https://img.icons8.com/color/48/000000/suit.png err=HTTP Error 404: Not Found
2026-02-05 00:53:49 INFO dataset: Stage2 created response_id=r_000361_01
2026-02-05 00:54:25 INFO dataset: Stage2 created response_id=r_000362_01
2026-02-05 00:54:51 INFO dataset: Stage2 created response_id=r_000363_01
2026-02-05 00:55:19 WARNING dataset: Stage2 asset download failed url=https://images.unsplash.com/photo-1578922732025-394ae9b5c97a err=HTTP Error 404: Not Found
2026-02-05 00:55:21 WARNING dataset: Stage2 asset download failed url=https://images.unsplash.com/photo-1517783999520-f06efdc7424e err=HTTP Error 404: Not Found
2026-02-05 00:55:23 WARNING dataset: Stage2 asset download failed url=https://img.icons8.com/fluency/48/000000/globe.png err=HTTP Error 404: Not Found
2026-02-05 00:55:23 INFO dataset: Stage2 created response_id=r_000364_01
2026-02-05 00:56:01 WARNING dataset: Stage2 asset download failed url=https://www.nrmca.org/wp-content/uploads/2020/04/01p.pdf err=HTTP Error 403: Forbidden
2026-02-05 00:56:02 WARNING dataset: Stage2 asset download failed url=https://img.icons8.com/color/48/000000/low-temperature.png err=HTTP Error 404: Not Found
2026-02-05 00:56:02 INFO dataset: Stage2 created response_id=r_000365_01
2026-02-05 00:56:24 WARNING dataset: Stage2 asset download failed url=https://img.icons8.com/color/48/water-glass.png err=HTTP Error 404: Not Found
2026-02-05 00:56:24 INFO dataset: Stage2 created response_id=r_000366_01
2026-02-05 00:56:50 INFO dataset: Stage2 created response_id=r_000367_01
2026-02-05 00:57:43 INFO dataset: Stage2 created response_id=r_000368_01
2026-02-05 00:58:04 INFO dataset: Stage2 created response_id=r_000369_01
2026-02-05 00:58:35 WARNING dataset: Stage2 asset download failed url=https://images.unsplash.com/photo-1470252649358-96957c053e9a err=HTTP Error 404: Not Found
2026-02-05 00:58:37 INFO dataset: Stage2 created response_id=r_000370_01
2026-02-05 00:59:01 WARNING dataset: Stage2 asset download failed url=https://img.icons8.com/color/48/cycling-road-bike.png err=HTTP Error 404: Not Found
2026-02-05 00:59:01 INFO dataset: Stage2 created response_id=r_000371_01
2026-02-05 00:59:30 WARNING dataset: Stage2 asset download failed url=https://www.nhc.noaa.gov/images/sshws.png err=HTTP Error 404: Not Found
2026-02-05 00:59:30 INFO dataset: Stage2 created response_id=r_000372_01
2026-02-05 00:59:53 INFO dataset: Stage2 created response_id=r_000373_01
2026-02-05 01:00:27 INFO dataset: Stage2 created response_id=r_000374_01
2026-02-05 01:00:58 INFO dataset: Stage2 created response_id=r_000375_01
2026-02-05 01:01:21 INFO dataset: Stage2 created response_id=r_000376_01
2026-02-05 01:01:52 WARNING dataset: Stage2 asset download failed url=https://img.icons8.com/color/48/000000/dog-paw.png err=HTTP Error 404: Not Found
2026-02-05 01:01:52 INFO dataset: Stage2 created response_id=r_000377_01
2026-02-05 01:02:13 INFO dataset: Stage2 created response_id=r_000378_01
2026-02-05 01:02:37 INFO dataset: Stage2 created response_id=r_000379_01
2026-02-05 01:03:06 INFO dataset: Stage2 created response_id=r_000380_01
2026-02-05 01:03:36 INFO dataset: Stage2 created response_id=r_000381_01
2026-02-05 01:03:56 WARNING dataset: Stage2 asset download failed url=https://img.icons8.com/color/48/broken-house.png err=HTTP Error 404: Not Found
2026-02-05 01:03:57 INFO dataset: Stage2 created response_id=r_000382_01
2026-02-05 01:04:19 INFO dataset: Stage2 created response_id=r_000383_01
2026-02-05 01:04:42 WARNING dataset: Stage2 asset download failed url=https://img.icons8.com/color/48/000000/frost.png err=HTTP Error 404: Not Found
2026-02-05 01:04:42 INFO dataset: Stage2 created response_id=r_000384_01
2026-02-05 01:05:06 WARNING dataset: Stage2 asset download failed url=https://www.nrel.gov/docs/fy19osti/74494.pdf err=HTTP Error 403: Forbidden
2026-02-05 01:05:07 INFO dataset: Stage2 created response_id=r_000385_01
2026-02-05 01:05:35 INFO dataset: Stage2 created response_id=r_000386_01
2026-02-05 01:06:00 INFO dataset: Stage2 created response_id=r_000387_01
2026-02-05 01:06:31 WARNING dataset: Stage2 asset download failed url=https://img.icons8.com/color/48/high-waves.png err=HTTP Error 404: Not Found
2026-02-05 01:06:31 INFO dataset: Stage2 created response_id=r_000388_01
2026-02-05 01:07:00 INFO dataset: Stage2 created response_id=r_000389_01
2026-02-05 01:07:37 WARNING dataset: Stage2 asset download failed url=https://www.noaa.gov/sites/default/files/styles/landscape_width_650/public/2021-01/polar-vortex-diagram.jpg err=HTTP Error 403: Forbidden
2026-02-05 01:07:38 WARNING dataset: Stage2 asset download failed url=https://img.icons8.com/color/96/thermometer-down.png err=HTTP Error 404: Not Found
2026-02-05 01:07:39 INFO dataset: Stage2 created response_id=r_000390_01
2026-02-05 01:08:08 WARNING dataset: Stage2 asset download failed url=https://img.icons8.com/color/48/tree.png err=HTTP Error 404: Not Found
2026-02-05 01:08:08 INFO dataset: Stage2 created response_id=r_000391_01
2026-02-05 01:08:33 INFO dataset: Stage2 created response_id=r_000392_01
2026-02-05 01:09:03 WARNING dataset: Stage2 asset download failed url=https://img.icons8.com/fluency/48/low-temperature.png err=HTTP Error 404: Not Found
2026-02-05 01:09:05 WARNING dataset: Stage2 asset download failed url=https://img.icons8.com/fluency/48/high-visibility-vest.png err=HTTP Error 404: Not Found
2026-02-05 01:09:05 INFO dataset: Stage2 created response_id=r_000393_01
2026-02-05 01:09:37 INFO dataset: Stage2 created response_id=r_000394_01
2026-02-05 01:10:01 WARNING dataset: Stage2 asset download failed url=https://images.unsplash.com/photo-1559564661-56fa3f40e944 err=HTTP Error 404: Not Found
2026-02-05 01:10:02 INFO dataset: Stage2 created response_id=r_000395_01
2026-02-05 01:10:27 INFO dataset: Stage2 created response_id=r_000396_01
2026-02-05 01:10:52 INFO dataset: Stage2 created response_id=r_000397_01
2026-02-05 01:11:20 INFO dataset: Stage2 created response_id=r_000398_01
2026-02-05 01:11:48 WARNING dataset: Stage2 asset download failed url=https://img.icons8.com/color/48/monsoon.png err=HTTP Error 404: Not Found
2026-02-05 01:11:48 INFO dataset: Stage2 created response_id=r_000399_01
2026-02-05 01:12:17 INFO dataset: Stage2 created response_id=r_000400_01
2026-02-05 01:12:41 WARNING dataset: Stage2 asset download failed url=https://img.icons8.com/color/48/gardening.png err=HTTP Error 404: Not Found
2026-02-05 01:12:41 INFO dataset: Stage2 created response_id=r_000401_01
2026-02-05 01:13:12 WARNING dataset: Stage2 asset download failed url=https://img.icons8.com/color/48/000000/high-temperature.png err=HTTP Error 404: Not Found
2026-02-05 01:13:13 WARNING dataset: Stage2 asset download failed url=https://img.icons8.com/color/48/000000/sun-hat.png err=HTTP Error 404: Not Found
2026-02-05 01:13:14 WARNING dataset: Stage2 asset download failed url=https://img.icons8.com/color/48/000000/hazard.png err=HTTP Error 404: Not Found
2026-02-05 01:13:14 INFO dataset: Stage2 created response_id=r_000402_01
2026-02-05 01:13:42 INFO dataset: Stage2 created response_id=r_000403_01
2026-02-05 01:14:20 WARNING dataset: Stage2 asset download failed url=https://images.unsplash.com/photo-1597002235228-5782393ad290 err=HTTP Error 404: Not Found
2026-02-05 01:14:21 WARNING dataset: Stage2 asset download failed url=https://static.thenounproject.com/png/weather-icon.png err=HTTP Error 404: Not Found
2026-02-05 01:14:21 WARNING dataset: Stage2 asset download failed url=https://static.thenounproject.com/png/sun-icon.png err=HTTP Error 404: Not Found
2026-02-05 01:14:22 WARNING dataset: Stage2 asset download failed url=https://static.thenounproject.com/png/camera-icon.png err=HTTP Error 404: Not Found
2026-02-05 01:14:23 WARNING dataset: Stage2 asset download failed url=https://static.thenounproject.com/png/location-icon.png err=HTTP Error 404: Not Found
2026-02-05 01:14:23 INFO dataset: Stage2 created response_id=r_000404_01
2026-02-05 01:14:51 WARNING dataset: Stage2 asset download failed url=https://img.icons8.com/color/48/orange-sun.png err=HTTP Error 404: Not Found
2026-02-05 01:14:51 WARNING dataset: Stage2 asset download failed url=https://img.icons8.com/color/48/sunscreen.png err=HTTP Error 404: Not Found
2026-02-05 01:14:52 INFO dataset: Stage2 created response_id=r_000405_01
2026-02-05 01:15:10 WARNING dataset: Stage2 asset download failed url=https://img.icons8.com/color/48/chicago-skyline.png err=HTTP Error 404: Not Found
2026-02-05 01:15:10 INFO dataset: Stage2 created response_id=r_000406_01
2026-02-05 01:15:42 WARNING dataset: Stage2 asset download failed url=https://images.unsplash.com/photo-1520635686708-6537b084e622 err=HTTP Error 404: Not Found
2026-02-05 01:15:43 INFO dataset: Stage2 created response_id=r_000407_01
2026-02-05 01:16:09 WARNING dataset: Stage2 asset download failed url=https://example.com/icons/weather/cloud-base.png err=HTTP Error 404: Not Found
2026-02-05 01:16:09 WARNING dataset: Stage2 asset download failed url=https://example.com/icons/weather/sun-partial.png err=HTTP Error 404: Not Found
2026-02-05 01:16:09 WARNING dataset: Stage2 asset download failed url=https://example.com/icons/weather/bolt-element.png err=HTTP Error 404: Not Found
2026-02-05 01:16:09 INFO dataset: Stage2 created response_id=r_000408_01
2026-02-05 01:16:35 INFO dataset: Stage2 created response_id=r_000409_01
2026-02-05 01:16:58 WARNING dataset: Stage2 asset download failed url=https://img.icons8.com/color/48/low-visibility.png err=HTTP Error 404: Not Found
2026-02-05 01:16:58 INFO dataset: Stage2 created response_id=r_000410_01
2026-02-05 01:17:29 WARNING dataset: Stage2 asset download failed url=https://img.icons8.com/color/48/000000/thermometer-down.png err=HTTP Error 404: Not Found
2026-02-05 01:17:30 WARNING dataset: Stage2 asset download failed url=https://img.icons8.com/color/48/000000/thermometer-up.png err=HTTP Error 404: Not Found
2026-02-05 01:17:30 INFO dataset: Stage2 created response_id=r_000411_01
2026-02-05 01:17:52 INFO dataset: Stage2 created response_id=r_000412_01
2026-02-05 01:18:21 INFO dataset: Stage2 created response_id=r_000413_01
2026-02-05 01:18:45 WARNING dataset: Stage2 asset download failed url=https://img.icons8.com/ios/50/car-settings.png err=HTTP Error 404: Not Found
2026-02-05 01:18:49 WARNING dataset: Stage2 asset download failed url=https://images.unsplash.com/photo-1518914781460-a3adb465edec?q=80&w=1000 err=HTTP Error 404: Not Found
2026-02-05 01:18:50 WARNING dataset: Stage2 asset download failed url=https://images.unsplash.com/photo-1485236715598-ad2440938d58?q=80&w=1000 err=HTTP Error 404: Not Found
2026-02-05 01:18:50 INFO dataset: Stage2 created response_id=r_000414_01
2026-02-05 01:19:16 WARNING dataset: Stage2 asset download failed url=https://img.icons8.com/color/48/000000/shield-with-exclamation-mark.png err=HTTP Error 404: Not Found
2026-02-05 01:19:16 INFO dataset: Stage2 created response_id=r_000415_01
2026-02-05 01:19:41 WARNING dataset: Stage2 asset download failed url=https://upload.wikimedia.org/wikipedia/commons/thumb/a/a7/MercuryBarometer.svg/800px-MercuryBarometer.svg.png err=HTTP Error 403: Forbidden
2026-02-05 01:19:42 WARNING dataset: Stage2 asset download failed url=https://www.nws.noaa.gov/os/brochures/barometer.pdf err=HTTP Error 403: Forbidden
2026-02-05 01:19:42 INFO dataset: Stage2 created response_id=r_000416_01
2026-02-05 01:20:12 WARNING dataset: Stage2 asset download failed url=https://img.icons8.com/color/48/000000/wedding-arch.png err=HTTP Error 404: Not Found
2026-02-05 01:20:12 INFO dataset: Stage2 created response_id=r_000417_01
2026-02-05 01:20:49 WARNING dataset: Stage2 asset download failed url=https://img.icons8.com/color/48/low-visibility.png err=HTTP Error 404: Not Found
2026-02-05 01:20:49 INFO dataset: Stage2 created response_id=r_000418_01
2026-02-05 01:21:16 WARNING dataset: Stage2 asset download failed url=https://img.icons8.com/color/48/suit.png err=HTTP Error 404: Not Found
2026-02-05 01:21:17 INFO dataset: Stage2 created response_id=r_000419_01
2026-02-05 01:21:46 INFO dataset: Stage2 created response_id=r_000420_01
2026-02-05 01:22:10 WARNING dataset: Stage2 asset download failed url=https://www.weather.gov/images/safety/heatindexchart.png err=HTTP Error 404: Not Found
2026-02-05 01:22:10 WARNING dataset: Stage2 asset download failed url=https://upload.wikimedia.org/wikipedia/commons/thumb/a/a2/Evaporative_Cooling.png/640px-Evaporative_Cooling.png err=HTTP Error 403: Forbidden
2026-02-05 01:22:10 INFO dataset: Stage2 created response_id=r_000421_01
2026-02-05 01:22:21 ERROR dataset: Stage2 error query_id=q_000422: <urlopen error [WinError 10054] An existing connection was forcibly closed by the remote host>
2026-02-05 01:23:08 WARNING dataset: Stage2 asset download failed url=https://upload.wikimedia.org/wikipedia/commons/thumb/i/i0/Cumulonimbus_incus_in_Vietnam.jpg/640px-Cumulonimbus_incus_in_Vietnam.jpg err=HTTP Error 403: Forbidden
2026-02-05 01:23:08 WARNING dataset: Stage2 asset download failed url=https://upload.wikimedia.org/wikipedia/commons/thumb/f/f3/Mammatus_clouds_over_Enschede%2C_Netherlands.jpg/640px-Mammatus_clouds_over_Enschede%2C_Netherlands.jpg err=HTTP Error 403: Forbidden
2026-02-05 01:23:08 INFO dataset: Stage2 created response_id=r_000423_01
2026-02-05 01:23:34 WARNING dataset: Stage2 asset download failed url=https://img.icons8.com/color/48/australia.png err=HTTP Error 404: Not Found
2026-02-05 01:23:34 INFO dataset: Stage2 created response_id=r_000424_01
2026-02-05 01:24:02 INFO dataset: Stage2 created response_id=r_000425_01
2026-02-05 01:24:39 INFO dataset: Stage2 created response_id=r_000426_01
2026-02-05 01:25:07 INFO dataset: Stage2 created response_id=r_000422_01
2026-02-05 01:25:44 WARNING dataset: Stage2 asset download failed url=https://images.unsplash.com/photo-1504109586055-75870ad16795 err=HTTP Error 404: Not Found
2026-02-05 01:25:44 INFO dataset: Stage2 created response_id=r_000427_01
2026-02-05 01:26:15 WARNING dataset: Stage2 asset download failed url=https://images.unsplash.com/photo-1549400851-24083696542d err=HTTP Error 404: Not Found
2026-02-05 01:26:16 INFO dataset: Stage2 created response_id=r_000428_01
2026-02-05 01:26:48 INFO dataset: Stage2 created response_id=r_000429_01
2026-02-05 01:27:20 WARNING dataset: Stage2 asset download failed url=https://images.unsplash.com/photo-1540959733332-e94e270b4d82 err=HTTP Error 404: Not Found
2026-02-05 01:27:20 INFO dataset: Stage2 created response_id=r_000430_01
2026-02-05 01:27:47 WARNING dataset: Stage2 asset download failed url=https://img.icons8.com/color/48/medical-case.png err=HTTP Error 404: Not Found
2026-02-05 01:27:47 INFO dataset: Stage2 created response_id=r_000431_01
2026-02-05 01:28:17 WARNING dataset: Stage2 asset download failed url=https://img.icons8.com/color/48/sailing-ship.png err=HTTP Error 404: Not Found
2026-02-05 01:28:17 INFO dataset: Stage2 created response_id=r_000432_01
2026-02-05 01:28:45 WARNING dataset: Stage2 asset download failed url=https://img.icons8.com/color/48/000000/low-temperature.png err=HTTP Error 404: Not Found
2026-02-05 01:28:45 INFO dataset: Stage2 created response_id=r_000433_01
2026-02-05 01:29:06 INFO dataset: Stage2 created response_id=r_000434_01
2026-02-05 01:29:27 WARNING dataset: Stage2 asset download failed url=https://img.icons8.com/color/96/thunderstorm.png err=HTTP Error 404: Not Found
2026-02-05 01:29:27 INFO dataset: Stage2 created response_id=r_000435_01
2026-02-05 01:29:54 WARNING dataset: Stage2 asset download failed url=https://img.icons8.com/fluency/48/light-bulb.png err=HTTP Error 404: Not Found
2026-02-05 01:29:54 INFO dataset: Stage2 created response_id=r_000436_01
2026-02-05 01:30:27 INFO dataset: Stage2 created response_id=r_000437_01
2026-02-05 01:30:59 INFO dataset: Stage2 created response_id=r_000438_01
2026-02-05 01:31:22 INFO dataset: Stage2 created response_id=r_000439_01
2026-02-05 01:31:51 INFO dataset: Stage2 created response_id=r_000440_01
2026-02-05 01:32:17 INFO dataset: Stage2 created response_id=r_000441_01
2026-02-05 01:33:21 INFO dataset: Stage2 created response_id=r_000442_01
2026-02-05 01:33:43 INFO dataset: Stage2 created response_id=r_000443_01
2026-02-05 01:34:19 WARNING dataset: Stage2 asset download failed url=https://img.icons8.com/color/48/bullseye.png err=HTTP Error 404: Not Found
2026-02-05 01:34:20 INFO dataset: Stage2 created response_id=r_000444_01
2026-02-05 01:34:46 WARNING dataset: Stage2 asset download failed url=https://img.icons8.com/color/48/000000/checked-line.png err=HTTP Error 404: Not Found
2026-02-05 01:34:46 INFO dataset: Stage2 created response_id=r_000445_01
2026-02-05 01:35:13 WARNING dataset: Stage2 asset download failed url=https://example.com/icons/project_management.png err=HTTP Error 404: Not Found
2026-02-05 01:35:13 WARNING dataset: Stage2 asset download failed url=https://example.com/icons/gantt_chart.png err=HTTP Error 404: Not Found
2026-02-05 01:35:13 WARNING dataset: Stage2 asset download failed url=https://example.com/icons/overlap_alert.png err=HTTP Error 404: Not Found
2026-02-05 01:35:13 INFO dataset: Stage2 created response_id=r_000446_01
2026-02-05 01:35:50 WARNING dataset: Stage2 asset download failed url=https://img.icons8.com/color/48/fire.png err=HTTP Error 404: Not Found
2026-02-05 01:35:51 INFO dataset: Stage2 created response_id=r_000447_01
2026-02-05 01:36:13 WARNING dataset: Stage2 asset download failed url=https://img.icons8.com/ios/50/group.png err=HTTP Error 404: Not Found
2026-02-05 01:36:13 INFO dataset: Stage2 created response_id=r_000448_01
2026-02-05 01:36:49 INFO dataset: Stage2 created response_id=r_000449_01
2026-02-05 01:37:12 INFO dataset: Stage2 created response_id=r_000450_01
2026-02-05 01:37:44 INFO dataset: Stage2 created response_id=r_000451_01
2026-02-05 01:38:13 INFO dataset: Stage2 created response_id=r_000452_01
2026-02-05 01:38:43 WARNING dataset: Stage2 asset download failed url=https://img.icons8.com/color/48/000000/silver-medal.png err=HTTP Error 404: Not Found
2026-02-05 01:38:44 WARNING dataset: Stage2 asset download failed url=https://img.icons8.com/color/48/000000/bronze-medal.png err=HTTP Error 404: Not Found
2026-02-05 01:38:44 INFO dataset: Stage2 created response_id=r_000453_01
2026-02-05 01:39:10 WARNING dataset: Stage2 asset download failed url=https://img.icons8.com/material-outlined/24/000000/filled-box.png err=HTTP Error 404: Not Found
2026-02-05 01:39:10 WARNING dataset: Stage2 asset download failed url=https://upload.wikimedia.org/wikipedia/commons/thumb/a/a3/Bubble_chart_example.svg/600px-Bubble_chart_example.svg.png err=HTTP Error 403: Forbidden
2026-02-05 01:39:10 INFO dataset: Stage2 created response_id=r_000454_01
2026-02-05 01:39:40 WARNING dataset: Stage2 asset download failed url=https://img.icons8.com/fluency/48/000000/low-sales.png err=HTTP Error 404: Not Found
2026-02-05 01:39:41 WARNING dataset: Stage2 asset download failed url=https://img.icons8.com/fluency/48/000000/low-interest.png err=HTTP Error 404: Not Found
2026-02-05 01:39:41 INFO dataset: Stage2 created response_id=r_000455_01
2026-02-05 01:40:06 INFO dataset: Stage2 created response_id=r_000456_01
2026-02-05 01:40:31 INFO dataset: Stage2 created response_id=r_000457_01
2026-02-05 01:40:55 WARNING dataset: Stage2 asset download failed url=https://img.icons8.com/fluency/48/fire.png err=HTTP Error 404: Not Found
2026-02-05 01:40:55 INFO dataset: Stage2 created response_id=r_000458_01
2026-02-05 01:41:18 WARNING dataset: Stage2 asset download failed url=https://img.icons8.com/color/48/female-profile.png err=HTTP Error 404: Not Found
2026-02-05 01:41:18 INFO dataset: Stage2 created response_id=r_000459_01
2026-02-05 01:41:54 WARNING dataset: Stage2 asset download failed url=https://img.icons8.com/color/48/000000/coffee-cup.png err=HTTP Error 404: Not Found
2026-02-05 01:41:54 INFO dataset: Stage2 created response_id=r_000460_01
2026-02-05 01:42:21 INFO dataset: Stage2 created response_id=r_000461_01
2026-02-05 01:42:56 WARNING dataset: Stage2 asset download failed url=https://example.com/icons/health/flame-orange.png err=HTTP Error 404: Not Found
2026-02-05 01:42:56 WARNING dataset: Stage2 asset download failed url=https://example.com/icons/health/steps-green.png err=HTTP Error 404: Not Found
2026-02-05 01:42:56 WARNING dataset: Stage2 asset download failed url=https://example.com/icons/health/clock-blue.png err=HTTP Error 404: Not Found
2026-02-05 01:42:56 WARNING dataset: Stage2 asset download failed url=https://example.com/images/ui/concentric-fitness-rings.jpg err=HTTP Error 404: Not Found
2026-02-05 01:42:56 INFO dataset: Stage2 created response_id=r_000462_01
2026-02-05 01:43:19 INFO dataset: Stage2 created response_id=r_000463_01
2026-02-05 01:43:42 INFO dataset: Stage2 created response_id=r_000464_01
2026-02-05 01:44:20 INFO dataset: Stage2 created response_id=r_000465_01
2026-02-05 01:44:41 INFO dataset: Stage2 created response_id=r_000466_01
2026-02-05 01:45:10 INFO dataset: Stage2 created response_id=r_000467_01
2026-02-05 01:45:48 WARNING dataset: Stage2 asset download failed url=https://img.icons8.com/ios-filled/50/light-bolt.png err=HTTP Error 404: Not Found
2026-02-05 01:45:48 INFO dataset: Stage2 created response_id=r_000468_01
2026-02-05 01:46:20 WARNING dataset: Stage2 asset download failed url=https://img.icons8.com/ios/50/group.png err=HTTP Error 404: Not Found
2026-02-05 01:46:20 WARNING dataset: Stage2 asset download failed url=https://img.icons8.com/ios/50/credit-card.png err=HTTP Error 404: Not Found
2026-02-05 01:46:21 INFO dataset: Stage2 created response_id=r_000469_01
2026-02-05 01:46:45 WARNING dataset: Stage2 asset download failed url=https://img.icons8.com/ios/50/warning.png err=HTTP Error 404: Not Found
2026-02-05 01:46:45 INFO dataset: Stage2 created response_id=r_000470_01
2026-02-05 01:47:13 INFO dataset: Stage2 created response_id=r_000471_01
2026-02-05 01:47:42 WARNING dataset: Stage2 asset download failed url=https://img.icons8.com/fluency/48/star-off.png err=HTTP Error 404: Not Found
2026-02-05 01:47:42 INFO dataset: Stage2 created response_id=r_000472_01
2026-02-05 01:48:06 WARNING dataset: Stage2 asset download failed url=https://example.com/reports/subscriber-growth-june.pdf err=HTTP Error 404: Not Found
2026-02-05 01:48:08 INFO dataset: Stage2 created response_id=r_000473_01
2026-02-05 01:48:34 INFO dataset: Stage2 created response_id=r_000474_01
2026-02-05 01:49:11 WARNING dataset: Stage2 asset download failed url=https://example.com/icons/priority-high.png err=HTTP Error 404: Not Found
2026-02-05 01:49:11 WARNING dataset: Stage2 asset download failed url=https://example.com/icons/trending-up.png err=HTTP Error 404: Not Found
2026-02-05 01:49:11 WARNING dataset: Stage2 asset download failed url=https://example.com/icons/settings.png err=HTTP Error 404: Not Found
2026-02-05 01:49:11 INFO dataset: Stage2 created response_id=r_000475_01
2026-02-05 01:49:45 INFO dataset: Stage2 created response_id=r_000476_01
2026-02-05 01:50:14 WARNING dataset: Stage2 asset download failed url=https://img.icons8.com/fluency/48/meat.png err=HTTP Error 404: Not Found
2026-02-05 01:50:15 INFO dataset: Stage2 created response_id=r_000477_01
2026-02-05 01:50:41 WARNING dataset: Stage2 asset download failed url=https://example.com/icons/strength-red.png err=HTTP Error 404: Not Found
2026-02-05 01:50:41 WARNING dataset: Stage2 asset download failed url=https://example.com/icons/intellect-blue.png err=HTTP Error 404: Not Found
2026-02-05 01:50:41 WARNING dataset: Stage2 asset download failed url=https://example.com/icons/shield-gold.png err=HTTP Error 404: Not Found
2026-02-05 01:50:41 WARNING dataset: Stage2 asset download failed url=https://example.com/icons/speed-green.png err=HTTP Error 404: Not Found
2026-02-05 01:50:41 WARNING dataset: Stage2 asset download failed url=https://example.com/icons/health-orange.png err=HTTP Error 404: Not Found
2026-02-05 01:50:41 INFO dataset: Stage2 created response_id=r_000478_01
2026-02-05 01:51:07 WARNING dataset: Stage2 asset download failed url=https://example.com/images/gym-floor-plan.jpg err=HTTP Error 404: Not Found
2026-02-05 01:51:07 WARNING dataset: Stage2 asset download failed url=https://example.com/images/traffic-chart-sample.jpg err=HTTP Error 404: Not Found
2026-02-05 01:51:07 INFO dataset: Stage2 created response_id=r_000479_01
2026-02-05 01:51:37 INFO dataset: Stage2 created response_id=r_000480_01
2026-02-05 01:52:02 INFO dataset: Stage2 created response_id=r_000481_01
2026-02-05 01:52:37 INFO dataset: Stage2 created response_id=r_000482_01
2026-02-05 01:53:18 INFO dataset: Stage2 created response_id=r_000483_01
2026-02-05 01:53:41 INFO dataset: Stage2 created response_id=r_000484_01
2026-02-05 01:54:20 WARNING dataset: Stage2 asset download failed url=https://img.icons8.com/fluency/48/medical-heart.png err=HTTP Error 404: Not Found
2026-02-05 01:54:21 WARNING dataset: Stage2 asset download failed url=https://www.sec.gov/investor/alerts/ib_portfolio_rebalancing.pdf err=HTTP Error 403: Forbidden
2026-02-05 01:54:21 INFO dataset: Stage2 created response_id=r_000485_01
2026-02-05 01:54:54 WARNING dataset: Stage2 asset download failed url=https://img.icons8.com/fluency/48/fire.png err=HTTP Error 404: Not Found
2026-02-05 01:54:55 INFO dataset: Stage2 created response_id=r_000486_01
2026-02-05 01:55:17 WARNING dataset: Stage2 asset download failed url=https://img.icons8.com/color/48/000000/very-satisfied.png err=HTTP Error 404: Not Found
2026-02-05 01:55:20 WARNING dataset: Stage2 asset download failed url=https://img.icons8.com/color/48/000000/dissatisfied.png err=HTTP Error 404: Not Found
2026-02-05 01:55:21 WARNING dataset: Stage2 asset download failed url=https://img.icons8.com/color/48/000000/very-dissatisfied.png err=HTTP Error 404: Not Found
2026-02-05 01:55:21 INFO dataset: Stage2 created response_id=r_000487_01
2026-02-05 01:55:45 INFO dataset: Stage2 created response_id=r_000488_01
2026-02-05 01:56:12 INFO dataset: Stage2 created response_id=r_000489_01
2026-02-05 01:56:47 INFO dataset: Stage2 created response_id=r_000490_01
2026-02-05 01:57:13 WARNING dataset: Stage2 asset download failed url=https://img.icons8.com/fluency/48/000000/strategy-board.png err=HTTP Error 404: Not Found
2026-02-05 01:57:13 INFO dataset: Stage2 created response_id=r_000491_01
2026-02-05 01:57:41 WARNING dataset: Stage2 asset download failed url=https://img.icons8.com/fluency/48/cpu.png err=HTTP Error 404: Not Found
2026-02-05 01:57:41 INFO dataset: Stage2 created response_id=r_000492_01
2026-02-05 01:58:00 INFO dataset: Stage2 created response_id=r_000493_01
2026-02-05 01:58:51 INFO dataset: Stage2 created response_id=r_000494_01
2026-02-05 01:59:13 WARNING dataset: Stage2 asset download failed url=https://img.icons8.com/ios/50/light-bulb.png err=HTTP Error 404: Not Found
2026-02-05 01:59:13 INFO dataset: Stage2 created response_id=r_000495_01
2026-02-05 01:59:35 INFO dataset: Stage2 created response_id=r_000496_01
2026-02-05 02:00:22 INFO dataset: Stage2 created response_id=r_000497_01
2026-02-05 02:00:53 WARNING dataset: Stage2 asset download failed url=https://img.icons8.com/ios-filled/50/group.png err=HTTP Error 404: Not Found
2026-02-05 02:00:54 INFO dataset: Stage2 created response_id=r_000498_01
2026-02-05 02:01:32 WARNING dataset: Stage2 asset download failed url=https://img.icons8.com/color/48/cherries.png err=HTTP Error 404: Not Found
2026-02-05 02:01:32 INFO dataset: Stage2 created response_id=r_000499_01
2026-02-05 02:02:03 INFO dataset: Stage2 created response_id=r_000500_01
2026-02-05 02:02:27 WARNING dataset: Stage2 asset download failed url=https://img.icons8.com/color/48/bullseye.png err=HTTP Error 404: Not Found
2026-02-05 02:02:28 WARNING dataset: Stage2 asset download failed url=https://img.icons8.com/color/48/checked-line.png err=HTTP Error 404: Not Found
2026-02-05 02:02:28 INFO dataset: Stage2 created response_id=r_000501_01
2026-02-05 02:02:54 INFO dataset: Stage2 created response_id=r_000502_01
2026-02-05 02:03:21 INFO dataset: Stage2 created response_id=r_000503_01
2026-02-05 02:03:57 INFO dataset: Stage2 created response_id=r_000504_01
2026-02-05 02:04:24 WARNING dataset: Stage2 asset download failed url=https://img.icons8.com/color/48/000000/heart-beat.png err=HTTP Error 404: Not Found
2026-02-05 02:04:24 INFO dataset: Stage2 created response_id=r_000505_01
2026-02-05 02:04:48 WARNING dataset: Stage2 asset download failed url=https://img.icons8.com/color/48/meat.png err=HTTP Error 404: Not Found
2026-02-05 02:04:48 INFO dataset: Stage2 created response_id=r_000506_01
2026-02-05 02:05:14 WARNING dataset: Stage2 asset download failed url=https://img.icons8.com/color/48/up-graph.png err=HTTP Error 404: Not Found
2026-02-05 02:05:15 INFO dataset: Stage2 created response_id=r_000507_01
2026-02-05 02:05:41 WARNING dataset: Stage2 asset download failed url=https://upload.wikimedia.org/wikipedia/commons/thumb/c/c5/Treemap_example.png/800px-Treemap_example.png err=HTTP Error 403: Forbidden
2026-02-05 02:05:41 INFO dataset: Stage2 created response_id=r_000508_01
2026-02-05 02:06:14 INFO dataset: Stage2 created response_id=r_000509_01
2026-02-05 02:06:47 INFO dataset: Stage2 created response_id=r_000510_01
2026-02-05 02:07:23 WARNING dataset: Stage2 asset download failed url=https://via.placeholder.com/600x300.png?text=CSAT+Gauge+Score+85+Green+Zone err=<urlopen error [Errno 11002] getaddrinfo failed>
2026-02-05 02:07:24 INFO dataset: Stage2 created response_id=r_000511_01
2026-02-05 02:07:51 INFO dataset: Stage2 created response_id=r_000512_01
2026-02-05 02:08:21 WARNING dataset: Stage2 asset download failed url=https://example.com/icons/hazard-shield.png err=HTTP Error 404: Not Found
2026-02-05 02:08:21 WARNING dataset: Stage2 asset download failed url=https://example.com/icons/profit-graph.png err=HTTP Error 404: Not Found
2026-02-05 02:08:21 WARNING dataset: Stage2 asset download failed url=https://example.com/icons/funding-stack.png err=HTTP Error 404: Not Found
2026-02-05 02:08:21 INFO dataset: Stage2 created response_id=r_000513_01
2026-02-05 02:08:47 INFO dataset: Stage2 created response_id=r_000514_01
2026-02-05 02:09:11 WARNING dataset: Stage2 asset download failed url=https://img.icons8.com/material-rounded/24/battery-level-quality.png err=HTTP Error 404: Not Found
2026-02-05 02:09:13 INFO dataset: Stage2 created response_id=r_000515_01
2026-02-05 02:09:49 INFO dataset: Stage2 created response_id=r_000516_01
2026-02-05 02:10:11 WARNING dataset: Stage2 asset download failed url=https://img.icons8.com/material-rounded/48/000000/hard-drive.png err=HTTP Error 404: Not Found
2026-02-05 02:10:12 INFO dataset: Stage2 created response_id=r_000517_01
2026-02-05 02:10:51 INFO dataset: Stage2 created response_id=r_000518_01
2026-02-05 02:11:11 INFO dataset: Stage2 created response_id=r_000519_01
2026-02-05 02:11:44 INFO dataset: Stage2 created response_id=r_000520_01
2026-02-05 02:12:06 INFO dataset: Stage2 created response_id=r_000521_01
2026-02-05 02:12:42 WARNING dataset: Stage2 asset download failed url=https://img.icons8.com/fluency/48/000000/upward-trend.png err=HTTP Error 404: Not Found
2026-02-05 02:12:42 INFO dataset: Stage2 created response_id=r_000522_01
2026-02-05 02:13:09 WARNING dataset: Stage2 asset download failed url=https://images.unsplash.com/photo-1470738544076-399305941dd5 err=HTTP Error 404: Not Found
2026-02-05 02:13:11 WARNING dataset: Stage2 asset download failed url=https://img.icons8.com/color/48/family-together.png err=HTTP Error 404: Not Found
2026-02-05 02:13:11 INFO dataset: Stage2 created response_id=r_000523_01
2026-02-05 02:13:39 WARNING dataset: Stage2 asset download failed url=https://img.icons8.com/color/48/health-data.png err=HTTP Error 404: Not Found
2026-02-05 02:13:39 INFO dataset: Stage2 created response_id=r_000524_01
2026-02-05 02:14:18 WARNING dataset: Stage2 asset download failed url=https://img.icons8.com/ios/50/strategy.png err=HTTP Error 404: Not Found
2026-02-05 02:14:18 INFO dataset: Stage2 created response_id=r_000525_01
2026-02-05 02:14:41 WARNING dataset: Stage2 asset download failed url=https://img.icons8.com/color/48/000000/vegetables.png err=HTTP Error 404: Not Found
2026-02-05 02:14:42 INFO dataset: Stage2 created response_id=r_000526_01
2026-02-05 02:15:07 WARNING dataset: Stage2 asset download failed url=https://www.nps.gov/common/uploads/grid_builder/yose/crop16_9/3E37894C-1DD8-B71B-0B6E6A6D02901323.jpg err=HTTP Error 404: Not Found
2026-02-05 02:15:08 WARNING dataset: Stage2 asset download failed url=https://www.nps.gov/common/uploads/grid_builder/yose/crop16_9/3E1F8C40-1DD8-B71B-0B86F77689A49272.jpg err=HTTP Error 404: Not Found
2026-02-05 02:15:09 WARNING dataset: Stage2 asset download failed url=https://img.icons8.com/ios/50/camping-stove.png err=HTTP Error 404: Not Found
2026-02-05 02:15:09 WARNING dataset: Stage2 asset download failed url=https://img.icons8.com/ios/50/hiking-boots.png err=HTTP Error 404: Not Found
2026-02-05 02:15:10 WARNING dataset: Stage2 asset download failed url=https://img.icons8.com/ios/50/first-aid-kit.png err=HTTP Error 404: Not Found
2026-02-05 02:15:10 INFO dataset: Stage2 created response_id=r_000527_01
2026-02-05 02:15:37 WARNING dataset: Stage2 asset download failed url=https://img.icons8.com/ios-filled/50/000000/fountain-pen.png err=HTTP Error 404: Not Found
2026-02-05 02:15:37 WARNING dataset: Stage2 asset download failed url=https://img.icons8.com/ios-filled/50/000000/alphabet.png err=HTTP Error 404: Not Found
2026-02-05 02:15:40 INFO dataset: Stage2 created response_id=r_000528_01
2026-02-05 02:16:20 WARNING dataset: Stage2 asset download failed url=https://img.icons8.com/ios/50/000000/stove.png err=HTTP Error 404: Not Found
2026-02-05 02:16:21 INFO dataset: Stage2 created response_id=r_000529_01
2026-02-05 02:16:51 INFO dataset: Stage2 created response_id=r_000530_01
2026-02-05 02:17:26 INFO dataset: Stage2 created response_id=r_000531_01
2026-02-05 02:17:53 WARNING dataset: Stage2 asset download failed url=https://images.unsplash.com/photo-1518974459161-e13739663e26 err=HTTP Error 404: Not Found
2026-02-05 02:17:54 WARNING dataset: Stage2 asset download failed url=https://images.unsplash.com/photo-1543832495-2e6025f80b9e err=HTTP Error 404: Not Found
2026-02-05 02:17:55 INFO dataset: Stage2 created response_id=r_000532_01
