2026-04-19 00:18:54 INFO dataset: Stage1 intent=Information Retrieval created=1 total=2
2026-04-19 00:18:54 INFO dataset: Stage1 intent=Entertainment created=1 total=2
2026-04-19 00:18:54 INFO dataset: Stage1 intent=product_lookup created=1 total=2
2026-04-19 00:18:54 INFO dataset: Stage1 intent=Booking created=1 total=2
2026-04-19 00:18:54 INFO dataset: Stage1 intent=weather created=1 total=2
2026-04-19 00:18:54 INFO dataset: Stage1 intent=data visualisation created=1 total=2
2026-04-19 00:18:54 INFO dataset: Stage1 intent=Planning created=1 total=2
2026-04-19 00:18:54 INFO dataset: Stage1 intent=productivity created=1 total=2
2026-04-19 00:18:54 INFO dataset: Stage1 intent=Recipe created=1 total=2
2026-04-19 00:18:54 INFO dataset: Stage1 intent=Localization created=1 total=2
2026-04-19 00:18:54 INFO dataset: Stage1 intent=Technical support created=1 total=2
2026-04-19 00:18:54 INFO dataset: Stage1 intent=Creating Writing created=1 total=2
2026-04-19 00:18:54 INFO dataset: Stage1 intent=Event Schedule created=1 total=2
2026-04-19 00:18:54 INFO dataset: Stage1 intent=Research Analysis created=1 total=2
2026-04-19 00:18:54 ERROR dataset: Stage1 parse error intent=Comparison: Unterminated string starting at: line 3 column 19 (char 24)
2026-04-19 00:18:54 INFO dataset: Stage1 intent=calculation created=1 total=2
2026-04-19 00:18:54 INFO dataset: Stage1 intent=Travel created=1 total=2
2026-04-19 00:18:54 INFO dataset: Stage1 intent=Navigation created=1 total=2
2026-04-19 00:18:54 INFO dataset: Stage1 intent=Education created=1 total=2
2026-04-19 00:18:54 INFO dataset: Stage1 intent=Documentation created=1 total=2
2026-04-19 00:18:54 INFO dataset: Stage1 intent=media playback created=1 total=2
2026-04-19 00:18:54 INFO dataset: Stage1 intent=qr scanner created=1 total=2
2026-04-19 00:18:54 INFO dataset: Stage1 intent=status check created=1 total=2
2026-04-19 00:18:54 INFO dataset: Stage1 intent=notification created=1 total=2
2026-04-19 00:18:54 INFO dataset: Stage1 intent=Finance created=1 total=2
2026-04-19 00:18:54 INFO dataset: Stage1 intent=Healthcare created=1 total=2
2026-04-19 00:18:54 INFO dataset: Stage1 intent=Legal created=1 total=2
2026-04-19 00:18:54 INFO dataset: Stage1 intent=Real Estate created=1 total=2
2026-04-19 00:18:54 INFO dataset: Stage1 intent=Career created=1 total=2
2026-04-19 00:18:54 INFO dataset: Stage1 intent=Food and Dining created=1 total=2
2026-04-19 00:18:54 INFO dataset: Stage1 intent=Home Services created=1 total=2
2026-04-19 00:18:54 INFO dataset: Stage1 intent=Automotive created=1 total=2
2026-04-19 00:22:33 INFO dataset: Stage1 intent=Information Retrieval created=1 total=3
2026-04-19 00:22:33 INFO dataset: Stage1 intent=Entertainment created=1 total=3
2026-04-19 00:22:33 INFO dataset: Stage1 intent=product_lookup created=1 total=3
2026-04-19 00:22:33 ERROR dataset: Stage1 parse error intent=Booking: Unterminated string starting at: line 3 column 19 (char 24)
2026-04-19 00:22:33 INFO dataset: Stage1 intent=weather created=1 total=3
2026-04-19 00:22:33 INFO dataset: Stage1 intent=data visualisation created=1 total=3
2026-04-19 00:22:33 INFO dataset: Stage1 intent=Planning created=1 total=3
2026-04-19 00:22:33 INFO dataset: Stage1 intent=productivity created=1 total=3
2026-04-19 00:22:33 INFO dataset: Stage1 intent=Recipe created=1 total=3
2026-04-19 00:22:33 INFO dataset: Stage1 intent=Localization created=1 total=3
2026-04-19 00:22:33 INFO dataset: Stage1 intent=Technical support created=1 total=3
2026-04-19 00:22:33 INFO dataset: Stage1 intent=Creating Writing created=1 total=3
2026-04-19 00:22:33 INFO dataset: Stage1 intent=Event Schedule created=1 total=3
2026-04-19 00:22:33 INFO dataset: Stage1 intent=Research Analysis created=1 total=3
2026-04-19 00:22:33 INFO dataset: Stage1 intent=Comparison created=1 total=2
2026-04-19 00:22:33 INFO dataset: Stage1 intent=calculation created=1 total=3
2026-04-19 00:22:33 INFO dataset: Stage1 intent=Travel created=1 total=3
2026-04-19 00:22:33 INFO dataset: Stage1 intent=Navigation created=1 total=3
2026-04-19 00:22:33 INFO dataset: Stage1 intent=Education created=1 total=3
2026-04-19 00:22:33 INFO dataset: Stage1 intent=Documentation created=1 total=3
2026-04-19 00:22:33 INFO dataset: Stage1 intent=media playback created=1 total=3
2026-04-19 00:22:33 INFO dataset: Stage1 intent=qr scanner created=1 total=3
2026-04-19 00:22:33 INFO dataset: Stage1 intent=status check created=1 total=3
2026-04-19 00:22:33 INFO dataset: Stage1 intent=notification created=1 total=3
2026-04-19 00:22:33 INFO dataset: Stage1 intent=Finance created=1 total=3
2026-04-19 00:22:33 INFO dataset: Stage1 intent=Healthcare created=1 total=3
2026-04-19 00:22:33 INFO dataset: Stage1 intent=Legal created=1 total=3
2026-04-19 00:22:33 INFO dataset: Stage1 intent=Real Estate created=1 total=3
2026-04-19 00:22:33 INFO dataset: Stage1 intent=Career created=1 total=3
2026-04-19 00:22:33 INFO dataset: Stage1 intent=Food and Dining created=1 total=3
2026-04-19 00:22:33 INFO dataset: Stage1 intent=Home Services created=1 total=3
2026-04-19 00:22:33 INFO dataset: Stage1 intent=Automotive created=1 total=3
2026-04-19 00:26:10 INFO dataset: Stage1 intent=Information Retrieval created=1 total=4
2026-04-19 00:26:10 INFO dataset: Stage1 intent=Entertainment created=1 total=4
2026-04-19 00:26:10 INFO dataset: Stage1 intent=product_lookup created=1 total=4
2026-04-19 00:26:10 INFO dataset: Stage1 intent=Booking created=1 total=3
2026-04-19 00:26:10 INFO dataset: Stage1 intent=weather created=1 total=4
2026-04-19 00:26:10 INFO dataset: Stage1 intent=data visualisation created=1 total=4
2026-04-19 00:26:10 INFO dataset: Stage1 intent=Planning created=1 total=4
2026-04-19 00:26:10 INFO dataset: Stage1 intent=productivity created=1 total=4
2026-04-19 00:26:10 INFO dataset: Stage1 intent=Recipe created=1 total=4
2026-04-19 00:26:10 INFO dataset: Stage1 intent=Localization created=1 total=4
2026-04-19 00:26:10 INFO dataset: Stage1 intent=Technical support created=1 total=4
2026-04-19 00:26:10 INFO dataset: Stage1 intent=Creating Writing created=1 total=4
2026-04-19 00:26:10 INFO dataset: Stage1 intent=Event Schedule created=1 total=4
2026-04-19 00:26:10 ERROR dataset: Stage1 parse error intent=Research Analysis: Unterminated string starting at: line 3 column 19 (char 24)
2026-04-19 00:26:10 INFO dataset: Stage1 intent=Comparison created=1 total=3
2026-04-19 00:26:10 INFO dataset: Stage1 intent=calculation created=1 total=4
2026-04-19 00:26:10 INFO dataset: Stage1 intent=Travel created=1 total=4
2026-04-19 00:26:10 INFO dataset: Stage1 intent=Navigation created=1 total=4
2026-04-19 00:26:10 INFO dataset: Stage1 intent=Education created=1 total=4
2026-04-19 00:26:10 INFO dataset: Stage1 intent=Documentation created=1 total=4
2026-04-19 00:26:10 INFO dataset: Stage1 intent=media playback created=1 total=4
2026-04-19 00:26:10 INFO dataset: Stage1 intent=qr scanner created=1 total=4
2026-04-19 00:26:10 INFO dataset: Stage1 intent=status check created=1 total=4
2026-04-19 00:26:10 INFO dataset: Stage1 intent=notification created=1 total=4
2026-04-19 00:26:10 INFO dataset: Stage1 intent=Finance created=1 total=4
2026-04-19 00:26:10 INFO dataset: Stage1 intent=Healthcare created=1 total=4
2026-04-19 00:26:10 INFO dataset: Stage1 intent=Legal created=1 total=4
2026-04-19 00:26:10 INFO dataset: Stage1 intent=Real Estate created=1 total=4
2026-04-19 00:26:10 INFO dataset: Stage1 intent=Career created=1 total=4
2026-04-19 00:26:10 INFO dataset: Stage1 intent=Food and Dining created=1 total=4
2026-04-19 00:26:10 INFO dataset: Stage1 intent=Home Services created=1 total=4
2026-04-19 00:26:10 INFO dataset: Stage1 intent=Automotive created=1 total=4
2026-04-19 00:29:42 INFO dataset: Stage1 intent=Information Retrieval created=1 total=5
2026-04-19 00:29:42 INFO dataset: Stage1 intent=Entertainment created=1 total=5
2026-04-19 00:29:42 INFO dataset: Stage1 intent=product_lookup created=1 total=5
2026-04-19 00:29:42 INFO dataset: Stage1 intent=Booking created=1 total=4
2026-04-19 00:29:42 INFO dataset: Stage1 intent=weather created=1 total=5
2026-04-19 00:29:42 INFO dataset: Stage1 intent=data visualisation created=1 total=5
2026-04-19 00:29:42 INFO dataset: Stage1 intent=Planning created=1 total=5
2026-04-19 00:29:42 INFO dataset: Stage1 intent=productivity created=1 total=5
2026-04-19 00:29:42 INFO dataset: Stage1 intent=Recipe created=1 total=5
2026-04-19 00:29:42 INFO dataset: Stage1 intent=Localization created=1 total=5
2026-04-19 00:29:42 INFO dataset: Stage1 intent=Technical support created=1 total=5
2026-04-19 00:29:42 INFO dataset: Stage1 intent=Creating Writing created=1 total=5
2026-04-19 00:29:42 INFO dataset: Stage1 intent=Event Schedule created=1 total=5
2026-04-19 00:29:42 INFO dataset: Stage1 intent=Research Analysis created=1 total=4
2026-04-19 00:29:42 INFO dataset: Stage1 intent=Comparison created=1 total=4
2026-04-19 00:29:42 INFO dataset: Stage1 intent=calculation created=1 total=5
2026-04-19 00:29:42 INFO dataset: Stage1 intent=Travel created=1 total=5
2026-04-19 00:29:42 INFO dataset: Stage1 intent=Navigation created=1 total=5
2026-04-19 00:29:42 INFO dataset: Stage1 intent=Education created=1 total=5
2026-04-19 00:29:42 INFO dataset: Stage1 intent=Documentation created=1 total=5
2026-04-19 00:29:42 INFO dataset: Stage1 intent=media playback created=1 total=5
2026-04-19 00:29:42 INFO dataset: Stage1 intent=qr scanner created=1 total=5
2026-04-19 00:29:42 INFO dataset: Stage1 intent=status check created=1 total=5
2026-04-19 00:29:42 INFO dataset: Stage1 intent=notification created=1 total=5
2026-04-19 00:29:42 INFO dataset: Stage1 intent=Finance created=1 total=5
2026-04-19 00:29:42 INFO dataset: Stage1 intent=Healthcare created=1 total=5
2026-04-19 00:29:42 INFO dataset: Stage1 intent=Legal created=1 total=5
2026-04-19 00:29:42 INFO dataset: Stage1 intent=Real Estate created=1 total=5
2026-04-19 00:29:42 INFO dataset: Stage1 intent=Career created=1 total=5
2026-04-19 00:29:42 INFO dataset: Stage1 intent=Food and Dining created=1 total=5
2026-04-19 00:29:42 INFO dataset: Stage1 intent=Home Services created=1 total=5
2026-04-19 00:29:42 INFO dataset: Stage1 intent=Automotive created=1 total=5
2026-04-19 00:33:12 INFO dataset: Stage1 intent=Information Retrieval created=1 total=6
2026-04-19 00:33:12 INFO dataset: Stage1 intent=Entertainment created=1 total=6
2026-04-19 00:33:12 INFO dataset: Stage1 intent=product_lookup created=1 total=6
2026-04-19 00:33:12 INFO dataset: Stage1 intent=Booking created=1 total=5
2026-04-19 00:33:12 INFO dataset: Stage1 intent=weather created=1 total=6
2026-04-19 00:33:12 INFO dataset: Stage1 intent=data visualisation created=1 total=6
2026-04-19 00:33:12 INFO dataset: Stage1 intent=Planning created=1 total=6
2026-04-19 00:33:12 INFO dataset: Stage1 intent=productivity created=1 total=6
2026-04-19 00:33:12 INFO dataset: Stage1 intent=Recipe created=1 total=6
2026-04-19 00:33:12 INFO dataset: Stage1 intent=Localization created=1 total=6
2026-04-19 00:33:12 INFO dataset: Stage1 intent=Technical support created=1 total=6
2026-04-19 00:33:12 INFO dataset: Stage1 intent=Creating Writing created=1 total=6
2026-04-19 00:33:12 INFO dataset: Stage1 intent=Event Schedule created=1 total=6
2026-04-19 00:33:12 INFO dataset: Stage1 intent=Research Analysis created=1 total=5
2026-04-19 00:33:12 INFO dataset: Stage1 intent=Comparison created=1 total=5
2026-04-19 00:33:12 INFO dataset: Stage1 intent=calculation created=1 total=6
2026-04-19 00:33:12 INFO dataset: Stage1 intent=Travel created=1 total=6
2026-04-19 00:33:12 INFO dataset: Stage1 intent=Navigation created=1 total=6
2026-04-19 00:33:12 INFO dataset: Stage1 intent=Education created=1 total=6
2026-04-19 00:33:12 INFO dataset: Stage1 intent=Documentation created=1 total=6
2026-04-19 00:33:12 INFO dataset: Stage1 intent=media playback created=1 total=6
2026-04-19 00:33:12 INFO dataset: Stage1 intent=qr scanner created=1 total=6
2026-04-19 00:33:12 INFO dataset: Stage1 intent=status check created=1 total=6
2026-04-19 00:33:12 INFO dataset: Stage1 intent=notification created=1 total=6
2026-04-19 00:33:12 INFO dataset: Stage1 intent=Finance created=1 total=6
2026-04-19 00:33:12 INFO dataset: Stage1 intent=Healthcare created=1 total=6
2026-04-19 00:33:12 INFO dataset: Stage1 intent=Legal created=1 total=6
2026-04-19 00:33:12 INFO dataset: Stage1 intent=Real Estate created=1 total=6
2026-04-19 00:33:12 INFO dataset: Stage1 intent=Career created=1 total=6
2026-04-19 00:33:12 INFO dataset: Stage1 intent=Food and Dining created=1 total=6
2026-04-19 00:33:12 INFO dataset: Stage1 intent=Home Services created=1 total=6
2026-04-19 00:33:12 INFO dataset: Stage1 intent=Automotive created=1 total=6
2026-04-19 00:36:35 INFO dataset: Stage1 intent=Information Retrieval created=1 total=7
2026-04-19 00:36:35 INFO dataset: Stage1 intent=Entertainment created=1 total=7
2026-04-19 00:36:35 INFO dataset: Stage1 intent=product_lookup created=1 total=7
2026-04-19 00:36:35 INFO dataset: Stage1 intent=Booking created=1 total=6
2026-04-19 00:36:35 INFO dataset: Stage1 intent=weather created=1 total=7
2026-04-19 00:36:35 INFO dataset: Stage1 intent=data visualisation created=1 total=7
2026-04-19 00:36:35 INFO dataset: Stage1 intent=Planning created=1 total=7
2026-04-19 00:36:35 INFO dataset: Stage1 intent=productivity created=1 total=7
2026-04-19 00:36:35 INFO dataset: Stage1 intent=Recipe created=1 total=7
2026-04-19 00:36:35 INFO dataset: Stage1 intent=Localization created=1 total=7
2026-04-19 00:36:35 INFO dataset: Stage1 intent=Technical support created=1 total=7
2026-04-19 00:36:35 INFO dataset: Stage1 intent=Creating Writing created=1 total=7
2026-04-19 00:36:35 INFO dataset: Stage1 intent=Event Schedule created=1 total=7
2026-04-19 00:36:35 INFO dataset: Stage1 intent=Research Analysis created=1 total=6
2026-04-19 00:36:35 INFO dataset: Stage1 intent=Comparison created=1 total=6
2026-04-19 00:36:35 INFO dataset: Stage1 intent=calculation created=1 total=7
2026-04-19 00:36:35 INFO dataset: Stage1 intent=Travel created=1 total=7
2026-04-19 00:36:35 INFO dataset: Stage1 intent=Navigation created=1 total=7
2026-04-19 00:36:35 INFO dataset: Stage1 intent=Education created=1 total=7
2026-04-19 00:36:35 INFO dataset: Stage1 intent=Documentation created=1 total=7
2026-04-19 00:36:35 INFO dataset: Stage1 intent=media playback created=1 total=7
2026-04-19 00:36:35 INFO dataset: Stage1 intent=qr scanner created=1 total=7
2026-04-19 00:36:35 INFO dataset: Stage1 intent=status check created=1 total=7
2026-04-19 00:36:35 INFO dataset: Stage1 intent=notification created=1 total=7
2026-04-19 00:36:35 INFO dataset: Stage1 intent=Finance created=1 total=7
2026-04-19 00:36:35 INFO dataset: Stage1 intent=Healthcare created=1 total=7
2026-04-19 00:36:35 INFO dataset: Stage1 intent=Legal created=1 total=7
2026-04-19 00:36:35 INFO dataset: Stage1 intent=Real Estate created=1 total=7
2026-04-19 00:36:35 INFO dataset: Stage1 intent=Career created=1 total=7
2026-04-19 00:36:35 INFO dataset: Stage1 intent=Food and Dining created=1 total=7
2026-04-19 00:36:35 INFO dataset: Stage1 intent=Home Services created=1 total=7
2026-04-19 00:36:35 INFO dataset: Stage1 intent=Automotive created=1 total=7
2026-04-19 00:39:58 INFO dataset: Stage1 intent=Information Retrieval created=1 total=8
2026-04-19 00:39:58 INFO dataset: Stage1 intent=Entertainment created=1 total=8
2026-04-19 00:39:58 INFO dataset: Stage1 intent=product_lookup created=1 total=8
2026-04-19 00:39:58 INFO dataset: Stage1 intent=Booking created=1 total=7
2026-04-19 00:39:58 INFO dataset: Stage1 intent=weather created=1 total=8
2026-04-19 00:39:58 INFO dataset: Stage1 intent=data visualisation created=1 total=8
2026-04-19 00:39:58 INFO dataset: Stage1 intent=Planning created=1 total=8
2026-04-19 00:39:58 INFO dataset: Stage1 intent=productivity created=1 total=8
2026-04-19 00:39:58 INFO dataset: Stage1 intent=Recipe created=1 total=8
2026-04-19 00:39:58 INFO dataset: Stage1 intent=Localization created=1 total=8
2026-04-19 00:39:58 INFO dataset: Stage1 intent=Technical support created=1 total=8
2026-04-19 00:39:58 INFO dataset: Stage1 intent=Creating Writing created=1 total=8
2026-04-19 00:39:58 INFO dataset: Stage1 intent=Event Schedule created=1 total=8
2026-04-19 00:39:58 INFO dataset: Stage1 intent=Research Analysis created=1 total=7
2026-04-19 00:39:58 INFO dataset: Stage1 intent=Comparison created=1 total=7
2026-04-19 00:39:58 INFO dataset: Stage1 intent=calculation created=1 total=8
2026-04-19 00:39:58 INFO dataset: Stage1 intent=Travel created=1 total=8
2026-04-19 00:39:58 INFO dataset: Stage1 intent=Navigation created=1 total=8
2026-04-19 00:39:58 INFO dataset: Stage1 intent=Education created=1 total=8
2026-04-19 00:39:58 INFO dataset: Stage1 intent=Documentation created=1 total=8
2026-04-19 00:39:58 INFO dataset: Stage1 intent=media playback created=1 total=8
2026-04-19 00:39:58 INFO dataset: Stage1 intent=qr scanner created=1 total=8
2026-04-19 00:39:58 INFO dataset: Stage1 intent=status check created=1 total=8
2026-04-19 00:39:58 INFO dataset: Stage1 intent=notification created=1 total=8
2026-04-19 00:39:58 INFO dataset: Stage1 intent=Finance created=1 total=8
2026-04-19 00:39:58 INFO dataset: Stage1 intent=Healthcare created=1 total=8
2026-04-19 00:39:58 INFO dataset: Stage1 intent=Legal created=1 total=8
2026-04-19 00:39:58 INFO dataset: Stage1 intent=Real Estate created=1 total=8
2026-04-19 00:39:58 INFO dataset: Stage1 intent=Career created=1 total=8
2026-04-19 00:39:58 INFO dataset: Stage1 intent=Food and Dining created=1 total=8
2026-04-19 00:39:58 INFO dataset: Stage1 intent=Home Services created=1 total=8
2026-04-19 00:39:58 INFO dataset: Stage1 intent=Automotive created=1 total=8
2026-04-19 00:43:27 INFO dataset: Stage1 intent=Information Retrieval created=1 total=9
2026-04-19 00:43:27 INFO dataset: Stage1 intent=Entertainment created=1 total=9
2026-04-19 00:43:27 INFO dataset: Stage1 intent=product_lookup created=1 total=9
2026-04-19 00:43:27 INFO dataset: Stage1 intent=Booking created=1 total=8
2026-04-19 00:43:27 INFO dataset: Stage1 intent=weather created=1 total=9
2026-04-19 00:43:27 INFO dataset: Stage1 intent=data visualisation created=1 total=9
2026-04-19 00:43:27 INFO dataset: Stage1 intent=Planning created=1 total=9
2026-04-19 00:43:27 INFO dataset: Stage1 intent=productivity created=1 total=9
2026-04-19 00:43:27 INFO dataset: Stage1 intent=Recipe created=1 total=9
2026-04-19 00:43:27 INFO dataset: Stage1 intent=Localization created=1 total=9
2026-04-19 00:43:27 INFO dataset: Stage1 intent=Technical support created=1 total=9
2026-04-19 00:43:27 INFO dataset: Stage1 intent=Creating Writing created=1 total=9
2026-04-19 00:43:27 INFO dataset: Stage1 intent=Event Schedule created=1 total=9
2026-04-19 00:43:27 INFO dataset: Stage1 intent=Research Analysis created=1 total=8
2026-04-19 00:43:27 INFO dataset: Stage1 intent=Comparison created=1 total=8
2026-04-19 00:43:27 INFO dataset: Stage1 intent=calculation created=1 total=9
2026-04-19 00:43:27 INFO dataset: Stage1 intent=Travel created=1 total=9
2026-04-19 00:43:27 INFO dataset: Stage1 intent=Navigation created=1 total=9
2026-04-19 00:43:27 INFO dataset: Stage1 intent=Education created=1 total=9
2026-04-19 00:43:27 INFO dataset: Stage1 intent=Documentation created=1 total=9
2026-04-19 00:43:27 INFO dataset: Stage1 intent=media playback created=1 total=9
2026-04-19 00:43:27 INFO dataset: Stage1 intent=qr scanner created=1 total=9
2026-04-19 00:43:27 INFO dataset: Stage1 intent=status check created=1 total=9
2026-04-19 00:43:27 INFO dataset: Stage1 intent=notification created=1 total=9
2026-04-19 00:43:27 INFO dataset: Stage1 intent=Finance created=1 total=9
2026-04-19 00:43:27 INFO dataset: Stage1 intent=Healthcare created=1 total=9
2026-04-19 00:43:27 INFO dataset: Stage1 intent=Legal created=1 total=9
2026-04-19 00:43:27 INFO dataset: Stage1 intent=Real Estate created=1 total=9
2026-04-19 00:43:27 INFO dataset: Stage1 intent=Career created=1 total=9
2026-04-19 00:43:27 ERROR dataset: Stage1 parse error intent=Food and Dining: Unterminated string starting at: line 3 column 19 (char 24)
2026-04-19 00:43:27 INFO dataset: Stage1 intent=Home Services created=1 total=9
2026-04-19 00:43:27 INFO dataset: Stage1 intent=Automotive created=1 total=9
2026-04-19 00:47:02 INFO dataset: Stage1 intent=Information Retrieval created=1 total=10
2026-04-19 00:47:02 INFO dataset: Stage1 intent=Entertainment created=1 total=10
2026-04-19 00:47:02 INFO dataset: Stage1 intent=product_lookup created=1 total=10
2026-04-19 00:47:02 INFO dataset: Stage1 intent=Booking created=1 total=9
2026-04-19 00:47:02 INFO dataset: Stage1 intent=weather created=1 total=10
2026-04-19 00:47:02 INFO dataset: Stage1 intent=data visualisation created=1 total=10
2026-04-19 00:47:02 INFO dataset: Stage1 intent=Planning created=1 total=10
2026-04-19 00:47:02 INFO dataset: Stage1 intent=productivity created=1 total=10
2026-04-19 00:47:02 INFO dataset: Stage1 intent=Recipe created=1 total=10
2026-04-19 00:47:02 INFO dataset: Stage1 intent=Localization created=1 total=10
2026-04-19 00:47:02 INFO dataset: Stage1 intent=Technical support created=1 total=10
2026-04-19 00:47:02 INFO dataset: Stage1 intent=Creating Writing created=1 total=10
2026-04-19 00:47:02 INFO dataset: Stage1 intent=Event Schedule created=1 total=10
2026-04-19 00:47:02 INFO dataset: Stage1 intent=Research Analysis created=1 total=9
2026-04-19 00:47:02 INFO dataset: Stage1 intent=Comparison created=1 total=9
2026-04-19 00:47:02 INFO dataset: Stage1 intent=calculation created=1 total=10
2026-04-19 00:47:02 INFO dataset: Stage1 intent=Travel created=1 total=10
2026-04-19 00:47:02 INFO dataset: Stage1 intent=Navigation created=1 total=10
2026-04-19 00:47:02 INFO dataset: Stage1 intent=Education created=1 total=10
2026-04-19 00:47:02 INFO dataset: Stage1 intent=Documentation created=1 total=10
2026-04-19 00:47:02 INFO dataset: Stage1 intent=media playback created=1 total=10
2026-04-19 00:47:02 INFO dataset: Stage1 intent=qr scanner created=1 total=10
2026-04-19 00:47:02 INFO dataset: Stage1 intent=status check created=1 total=10
2026-04-19 00:47:02 INFO dataset: Stage1 intent=notification created=1 total=10
2026-04-19 00:47:02 INFO dataset: Stage1 intent=Finance created=1 total=10
2026-04-19 00:47:02 INFO dataset: Stage1 intent=Healthcare created=1 total=10
2026-04-19 00:47:02 INFO dataset: Stage1 intent=Legal created=1 total=10
2026-04-19 00:47:02 INFO dataset: Stage1 intent=Real Estate created=1 total=10
2026-04-19 00:47:02 INFO dataset: Stage1 intent=Career created=1 total=10
2026-04-19 00:47:02 INFO dataset: Stage1 intent=Food and Dining created=1 total=9
2026-04-19 00:47:02 INFO dataset: Stage1 intent=Home Services created=1 total=10
2026-04-19 00:47:02 INFO dataset: Stage1 intent=Automotive created=1 total=10
2026-04-19 00:50:26 INFO dataset: Stage1 intent=Information Retrieval created=1 total=11
2026-04-19 00:50:26 INFO dataset: Stage1 intent=Entertainment created=1 total=11
2026-04-19 00:50:26 INFO dataset: Stage1 intent=product_lookup created=1 total=11
2026-04-19 00:50:26 INFO dataset: Stage1 intent=Booking created=1 total=10
2026-04-19 00:50:26 INFO dataset: Stage1 intent=weather created=1 total=11
2026-04-19 00:50:26 INFO dataset: Stage1 intent=data visualisation created=1 total=11
2026-04-19 00:50:26 INFO dataset: Stage1 intent=Planning created=1 total=11
2026-04-19 00:50:26 INFO dataset: Stage1 intent=productivity created=1 total=11
2026-04-19 00:50:26 INFO dataset: Stage1 intent=Recipe created=1 total=11
2026-04-19 00:50:26 INFO dataset: Stage1 intent=Localization created=1 total=11
2026-04-19 00:50:26 INFO dataset: Stage1 intent=Technical support created=1 total=11
2026-04-19 00:50:26 INFO dataset: Stage1 intent=Creating Writing created=1 total=11
2026-04-19 00:50:26 INFO dataset: Stage1 intent=Event Schedule created=1 total=11
2026-04-19 00:50:26 INFO dataset: Stage1 intent=Research Analysis created=1 total=10
2026-04-19 00:50:26 INFO dataset: Stage1 intent=Comparison created=1 total=10
2026-04-19 00:50:26 INFO dataset: Stage1 intent=calculation created=1 total=11
2026-04-19 00:50:26 INFO dataset: Stage1 intent=Travel created=1 total=11
2026-04-19 00:50:26 INFO dataset: Stage1 intent=Navigation created=1 total=11
2026-04-19 00:50:26 INFO dataset: Stage1 intent=Education created=1 total=11
2026-04-19 00:50:26 INFO dataset: Stage1 intent=Documentation created=1 total=11
2026-04-19 00:50:26 INFO dataset: Stage1 intent=media playback created=1 total=11
2026-04-19 00:50:26 INFO dataset: Stage1 intent=qr scanner created=1 total=11
2026-04-19 00:50:26 INFO dataset: Stage1 intent=status check created=1 total=11
2026-04-19 00:50:26 INFO dataset: Stage1 intent=notification created=1 total=11
2026-04-19 00:50:26 INFO dataset: Stage1 intent=Finance created=1 total=11
2026-04-19 00:50:26 INFO dataset: Stage1 intent=Healthcare created=1 total=11
2026-04-19 00:50:26 INFO dataset: Stage1 intent=Legal created=1 total=11
2026-04-19 00:50:26 INFO dataset: Stage1 intent=Real Estate created=1 total=11
2026-04-19 00:50:26 INFO dataset: Stage1 intent=Career created=1 total=11
2026-04-19 00:50:26 INFO dataset: Stage1 intent=Food and Dining created=1 total=10
2026-04-19 00:50:26 INFO dataset: Stage1 intent=Home Services created=1 total=11
2026-04-19 00:50:26 INFO dataset: Stage1 intent=Automotive created=1 total=11
2026-04-19 00:53:56 INFO dataset: Stage1 intent=Information Retrieval created=1 total=12
2026-04-19 00:53:56 INFO dataset: Stage1 intent=Entertainment created=1 total=12
2026-04-19 00:53:56 INFO dataset: Stage1 intent=product_lookup created=1 total=12
2026-04-19 00:53:56 INFO dataset: Stage1 intent=Booking created=1 total=11
2026-04-19 00:53:56 INFO dataset: Stage1 intent=weather created=1 total=12
2026-04-19 00:53:56 INFO dataset: Stage1 intent=data visualisation created=1 total=12
2026-04-19 00:53:56 INFO dataset: Stage1 intent=Planning created=1 total=12
2026-04-19 00:53:56 INFO dataset: Stage1 intent=productivity created=1 total=12
2026-04-19 00:53:56 INFO dataset: Stage1 intent=Recipe created=1 total=12
2026-04-19 00:53:56 INFO dataset: Stage1 intent=Localization created=1 total=12
2026-04-19 00:53:56 INFO dataset: Stage1 intent=Technical support created=1 total=12
2026-04-19 00:53:56 INFO dataset: Stage1 intent=Creating Writing created=1 total=12
2026-04-19 00:53:56 INFO dataset: Stage1 intent=Event Schedule created=1 total=12
2026-04-19 00:53:56 INFO dataset: Stage1 intent=Research Analysis created=1 total=11
2026-04-19 00:53:56 INFO dataset: Stage1 intent=Comparison created=1 total=11
2026-04-19 00:53:56 INFO dataset: Stage1 intent=calculation created=1 total=12
2026-04-19 00:53:56 INFO dataset: Stage1 intent=Travel created=1 total=12
2026-04-19 00:53:56 INFO dataset: Stage1 intent=Navigation created=1 total=12
2026-04-19 00:53:56 INFO dataset: Stage1 intent=Education created=1 total=12
2026-04-19 00:53:56 INFO dataset: Stage1 intent=Documentation created=1 total=12
2026-04-19 00:53:56 INFO dataset: Stage1 intent=media playback created=1 total=12
2026-04-19 00:53:56 INFO dataset: Stage1 intent=qr scanner created=1 total=12
2026-04-19 00:53:56 INFO dataset: Stage1 intent=status check created=1 total=12
2026-04-19 00:53:56 ERROR dataset: Stage1 parse error intent=notification: Empty text
2026-04-19 00:53:56 INFO dataset: Stage1 intent=Finance created=1 total=12
2026-04-19 00:53:56 INFO dataset: Stage1 intent=Healthcare created=1 total=12
2026-04-19 00:53:56 INFO dataset: Stage1 intent=Legal created=1 total=12
2026-04-19 00:53:56 INFO dataset: Stage1 intent=Real Estate created=1 total=12
2026-04-19 00:53:56 INFO dataset: Stage1 intent=Career created=1 total=12
2026-04-19 00:53:56 INFO dataset: Stage1 intent=Food and Dining created=1 total=11
2026-04-19 00:53:56 INFO dataset: Stage1 intent=Home Services created=1 total=12
2026-04-19 00:53:56 INFO dataset: Stage1 intent=Automotive created=1 total=12
2026-04-19 00:57:39 INFO dataset: Stage1 intent=Information Retrieval created=1 total=13
2026-04-19 00:57:39 ERROR dataset: Stage1 parse error intent=Entertainment: Unterminated string starting at: line 3 column 19 (char 24)
2026-04-19 00:57:39 INFO dataset: Stage1 intent=product_lookup created=1 total=13
2026-04-19 00:57:39 INFO dataset: Stage1 intent=Booking created=1 total=12
2026-04-19 00:57:39 INFO dataset: Stage1 intent=weather created=1 total=13
2026-04-19 00:57:39 INFO dataset: Stage1 intent=data visualisation created=1 total=13
2026-04-19 00:57:39 INFO dataset: Stage1 intent=Planning created=1 total=13
2026-04-19 00:57:39 INFO dataset: Stage1 intent=productivity created=1 total=13
2026-04-19 00:57:39 INFO dataset: Stage1 intent=Recipe created=1 total=13
2026-04-19 00:57:39 INFO dataset: Stage1 intent=Localization created=1 total=13
2026-04-19 00:57:39 INFO dataset: Stage1 intent=Technical support created=1 total=13
2026-04-19 00:57:39 INFO dataset: Stage1 intent=Creating Writing created=1 total=13
2026-04-19 00:57:39 ERROR dataset: Stage1 parse error intent=Event Schedule: Unterminated string starting at: line 3 column 19 (char 24)
2026-04-19 00:57:39 INFO dataset: Stage1 intent=Research Analysis created=1 total=12
2026-04-19 00:57:39 INFO dataset: Stage1 intent=Comparison created=1 total=12
2026-04-19 00:57:39 INFO dataset: Stage1 intent=calculation created=1 total=13
2026-04-19 00:57:39 INFO dataset: Stage1 intent=Travel created=1 total=13
2026-04-19 00:57:39 INFO dataset: Stage1 intent=Navigation created=1 total=13
2026-04-19 00:57:39 INFO dataset: Stage1 intent=Education created=1 total=13
2026-04-19 00:57:39 INFO dataset: Stage1 intent=Documentation created=1 total=13
2026-04-19 00:57:39 INFO dataset: Stage1 intent=media playback created=1 total=13
2026-04-19 00:57:39 INFO dataset: Stage1 intent=qr scanner created=1 total=13
2026-04-19 00:57:39 ERROR dataset: Stage1 parse error intent=status check: Empty text
2026-04-19 00:57:39 INFO dataset: Stage1 intent=notification created=1 total=12
2026-04-19 00:57:39 INFO dataset: Stage1 intent=Finance created=1 total=13
2026-04-19 00:57:39 INFO dataset: Stage1 intent=Healthcare created=1 total=13
2026-04-19 00:57:39 INFO dataset: Stage1 intent=Legal created=1 total=13
2026-04-19 00:57:39 INFO dataset: Stage1 intent=Real Estate created=1 total=13
2026-04-19 00:57:39 INFO dataset: Stage1 intent=Career created=1 total=13
2026-04-19 00:57:39 INFO dataset: Stage1 intent=Food and Dining created=1 total=12
2026-04-19 00:57:39 INFO dataset: Stage1 intent=Home Services created=1 total=13
2026-04-19 00:57:39 INFO dataset: Stage1 intent=Automotive created=1 total=13
2026-04-19 01:01:08 INFO dataset: Stage1 intent=Information Retrieval created=1 total=14
2026-04-19 01:01:08 INFO dataset: Stage1 intent=Entertainment created=1 total=13
2026-04-19 01:01:08 INFO dataset: Stage1 intent=product_lookup created=1 total=14
2026-04-19 01:01:08 INFO dataset: Stage1 intent=Booking created=1 total=13
2026-04-19 01:01:08 INFO dataset: Stage1 intent=weather created=1 total=14
2026-04-19 01:01:08 INFO dataset: Stage1 intent=data visualisation created=1 total=14
2026-04-19 01:01:08 INFO dataset: Stage1 intent=Planning created=1 total=14
2026-04-19 01:01:08 INFO dataset: Stage1 intent=productivity created=1 total=14
2026-04-19 01:01:08 INFO dataset: Stage1 intent=Recipe created=1 total=14
2026-04-19 01:01:08 ERROR dataset: Stage1 parse error intent=Localization: Unterminated string starting at: line 3 column 19 (char 24)
2026-04-19 01:01:08 INFO dataset: Stage1 intent=Technical support created=1 total=14
2026-04-19 01:01:08 INFO dataset: Stage1 intent=Creating Writing created=1 total=14
2026-04-19 01:01:08 INFO dataset: Stage1 intent=Event Schedule created=1 total=13
2026-04-19 01:01:08 INFO dataset: Stage1 intent=Research Analysis created=1 total=13
2026-04-19 01:01:08 INFO dataset: Stage1 intent=Comparison created=1 total=13
2026-04-19 01:01:08 INFO dataset: Stage1 intent=calculation created=1 total=14
2026-04-19 01:01:08 INFO dataset: Stage1 intent=Travel created=1 total=14
2026-04-19 01:01:08 INFO dataset: Stage1 intent=Navigation created=1 total=14
2026-04-19 01:01:08 INFO dataset: Stage1 intent=Education created=1 total=14
2026-04-19 01:01:08 INFO dataset: Stage1 intent=Documentation created=1 total=14
2026-04-19 01:01:08 INFO dataset: Stage1 intent=media playback created=1 total=14
2026-04-19 01:01:08 INFO dataset: Stage1 intent=qr scanner created=1 total=14
2026-04-19 01:01:08 INFO dataset: Stage1 intent=status check created=1 total=13
2026-04-19 01:01:08 INFO dataset: Stage1 intent=notification created=1 total=13
2026-04-19 01:01:08 INFO dataset: Stage1 intent=Finance created=1 total=14
2026-04-19 01:01:08 INFO dataset: Stage1 intent=Healthcare created=1 total=14
2026-04-19 01:01:08 INFO dataset: Stage1 intent=Legal created=1 total=14
2026-04-19 01:01:08 INFO dataset: Stage1 intent=Real Estate created=1 total=14
2026-04-19 01:01:08 INFO dataset: Stage1 intent=Career created=1 total=14
2026-04-19 01:01:08 INFO dataset: Stage1 intent=Food and Dining created=1 total=13
2026-04-19 01:01:08 INFO dataset: Stage1 intent=Home Services created=1 total=14
2026-04-19 01:01:08 INFO dataset: Stage1 intent=Automotive created=1 total=14
2026-04-19 01:04:38 INFO dataset: Stage1 intent=Information Retrieval created=1 total=15
2026-04-19 01:04:38 INFO dataset: Stage1 intent=Entertainment created=1 total=14
2026-04-19 01:04:38 INFO dataset: Stage1 intent=product_lookup created=1 total=15
2026-04-19 01:04:38 INFO dataset: Stage1 intent=Booking created=1 total=14
2026-04-19 01:04:38 INFO dataset: Stage1 intent=weather created=1 total=15
2026-04-19 01:04:38 INFO dataset: Stage1 intent=data visualisation created=1 total=15
2026-04-19 01:04:38 INFO dataset: Stage1 intent=Planning created=1 total=15
2026-04-19 01:04:38 INFO dataset: Stage1 intent=productivity created=1 total=15
2026-04-19 01:04:38 INFO dataset: Stage1 intent=Recipe created=1 total=15
2026-04-19 01:04:38 INFO dataset: Stage1 intent=Localization created=1 total=14
2026-04-19 01:04:38 INFO dataset: Stage1 intent=Technical support created=1 total=15
2026-04-19 01:04:38 INFO dataset: Stage1 intent=Creating Writing created=1 total=15
2026-04-19 01:04:38 INFO dataset: Stage1 intent=Event Schedule created=1 total=14
2026-04-19 01:04:38 INFO dataset: Stage1 intent=Research Analysis created=1 total=14
2026-04-19 01:04:38 INFO dataset: Stage1 intent=Comparison created=1 total=14
2026-04-19 01:04:38 INFO dataset: Stage1 intent=calculation created=1 total=15
2026-04-19 01:04:38 INFO dataset: Stage1 intent=Travel created=1 total=15
2026-04-19 01:04:38 INFO dataset: Stage1 intent=Navigation created=1 total=15
2026-04-19 01:04:38 INFO dataset: Stage1 intent=Education created=1 total=15
2026-04-19 01:04:38 INFO dataset: Stage1 intent=Documentation created=1 total=15
2026-04-19 01:04:38 INFO dataset: Stage1 intent=media playback created=1 total=15
2026-04-19 01:04:38 INFO dataset: Stage1 intent=qr scanner created=1 total=15
2026-04-19 01:04:38 INFO dataset: Stage1 intent=status check created=1 total=14
2026-04-19 01:04:38 INFO dataset: Stage1 intent=notification created=1 total=14
2026-04-19 01:04:38 INFO dataset: Stage1 intent=Finance created=1 total=15
2026-04-19 01:04:38 INFO dataset: Stage1 intent=Healthcare created=1 total=15
2026-04-19 01:04:38 INFO dataset: Stage1 intent=Legal created=1 total=15
2026-04-19 01:04:38 INFO dataset: Stage1 intent=Real Estate created=1 total=15
2026-04-19 01:04:38 INFO dataset: Stage1 intent=Career created=1 total=15
2026-04-19 01:04:38 INFO dataset: Stage1 intent=Food and Dining created=1 total=14
2026-04-19 01:04:38 INFO dataset: Stage1 intent=Home Services created=1 total=15
2026-04-19 01:04:38 INFO dataset: Stage1 intent=Automotive created=1 total=15
2026-04-19 01:08:12 INFO dataset: Stage1 intent=Information Retrieval created=1 total=16
2026-04-19 01:08:12 INFO dataset: Stage1 intent=Entertainment created=1 total=15
2026-04-19 01:08:12 INFO dataset: Stage1 intent=product_lookup created=1 total=16
2026-04-19 01:08:12 INFO dataset: Stage1 intent=Booking created=1 total=15
2026-04-19 01:08:12 INFO dataset: Stage1 intent=weather created=1 total=16
2026-04-19 01:08:12 INFO dataset: Stage1 intent=data visualisation created=1 total=16
2026-04-19 01:08:12 INFO dataset: Stage1 intent=Planning created=1 total=16
2026-04-19 01:08:12 INFO dataset: Stage1 intent=productivity created=1 total=16
2026-04-19 01:08:12 INFO dataset: Stage1 intent=Recipe created=1 total=16
2026-04-19 01:08:12 INFO dataset: Stage1 intent=Localization created=1 total=15
2026-04-19 01:08:12 INFO dataset: Stage1 intent=Technical support created=1 total=16
2026-04-19 01:08:12 INFO dataset: Stage1 intent=Creating Writing created=1 total=16
2026-04-19 01:08:12 INFO dataset: Stage1 intent=Event Schedule created=1 total=15
2026-04-19 01:08:12 INFO dataset: Stage1 intent=Research Analysis created=1 total=15
2026-04-19 01:08:12 INFO dataset: Stage1 intent=Comparison created=1 total=15
2026-04-19 01:08:12 ERROR dataset: Stage1 parse error intent=calculation: Expecting ',' delimiter: line 11 column 4 (char 837)
2026-04-19 01:08:12 INFO dataset: Stage1 recovered 1 objects from fallback parse intent=calculation
2026-04-19 01:08:12 INFO dataset: Stage1 intent=calculation created=1 total=16
2026-04-19 01:08:12 INFO dataset: Stage1 intent=Travel created=1 total=16
2026-04-19 01:08:12 INFO dataset: Stage1 intent=Navigation created=1 total=16
2026-04-19 01:08:12 INFO dataset: Stage1 intent=Education created=1 total=16
2026-04-19 01:08:12 INFO dataset: Stage1 intent=Documentation created=1 total=16
2026-04-19 01:08:12 INFO dataset: Stage1 intent=media playback created=1 total=16
2026-04-19 01:08:12 INFO dataset: Stage1 intent=qr scanner created=1 total=16
2026-04-19 01:08:12 INFO dataset: Stage1 intent=status check created=1 total=15
2026-04-19 01:08:12 INFO dataset: Stage1 intent=notification created=1 total=15
2026-04-19 01:08:12 INFO dataset: Stage1 intent=Finance created=1 total=16
2026-04-19 01:08:12 INFO dataset: Stage1 intent=Healthcare created=1 total=16
2026-04-19 01:08:12 INFO dataset: Stage1 intent=Legal created=1 total=16
2026-04-19 01:08:12 INFO dataset: Stage1 intent=Real Estate created=1 total=16
2026-04-19 01:08:12 INFO dataset: Stage1 intent=Career created=1 total=16
2026-04-19 01:08:12 INFO dataset: Stage1 intent=Food and Dining created=1 total=15
2026-04-19 01:08:12 INFO dataset: Stage1 intent=Home Services created=1 total=16
2026-04-19 01:08:12 INFO dataset: Stage1 intent=Automotive created=1 total=16
2026-04-19 01:11:47 INFO dataset: Stage1 intent=Information Retrieval created=1 total=17
2026-04-19 01:11:47 INFO dataset: Stage1 intent=Entertainment created=1 total=16
2026-04-19 01:11:47 INFO dataset: Stage1 intent=product_lookup created=1 total=17
2026-04-19 01:11:47 INFO dataset: Stage1 intent=Booking created=1 total=16
2026-04-19 01:11:47 INFO dataset: Stage1 intent=weather created=1 total=17
2026-04-19 01:11:47 INFO dataset: Stage1 intent=data visualisation created=1 total=17
2026-04-19 01:11:47 INFO dataset: Stage1 intent=Planning created=1 total=17
2026-04-19 01:11:47 INFO dataset: Stage1 intent=productivity created=1 total=17
2026-04-19 01:11:47 INFO dataset: Stage1 intent=Recipe created=1 total=17
2026-04-19 01:11:47 INFO dataset: Stage1 intent=Localization created=1 total=16
2026-04-19 01:11:47 INFO dataset: Stage1 intent=Technical support created=1 total=17
2026-04-19 01:11:47 INFO dataset: Stage1 intent=Creating Writing created=1 total=17
2026-04-19 01:11:47 INFO dataset: Stage1 intent=Event Schedule created=1 total=16
2026-04-19 01:11:47 INFO dataset: Stage1 intent=Research Analysis created=1 total=16
2026-04-19 01:11:47 INFO dataset: Stage1 intent=Comparison created=1 total=16
2026-04-19 01:11:47 INFO dataset: Stage1 intent=calculation created=1 total=17
2026-04-19 01:11:47 INFO dataset: Stage1 intent=Travel created=1 total=17
2026-04-19 01:11:47 INFO dataset: Stage1 intent=Navigation created=1 total=17
2026-04-19 01:11:47 INFO dataset: Stage1 intent=Education created=1 total=17
2026-04-19 01:11:47 INFO dataset: Stage1 intent=Documentation created=1 total=17
2026-04-19 01:11:47 ERROR dataset: Stage1 parse error intent=media playback: Unterminated string starting at: line 3 column 19 (char 24)
2026-04-19 01:11:47 ERROR dataset: Stage1 parse error intent=qr scanner: Unterminated string starting at: line 3 column 19 (char 24)
2026-04-19 01:11:47 INFO dataset: Stage1 intent=status check created=1 total=16
2026-04-19 01:11:47 INFO dataset: Stage1 intent=notification created=1 total=16
2026-04-19 01:11:47 INFO dataset: Stage1 intent=Finance created=1 total=17
2026-04-19 01:11:47 INFO dataset: Stage1 intent=Healthcare created=1 total=17
2026-04-19 01:11:47 INFO dataset: Stage1 intent=Legal created=1 total=17
2026-04-19 01:11:47 INFO dataset: Stage1 intent=Real Estate created=1 total=17
2026-04-19 01:11:47 INFO dataset: Stage1 intent=Career created=1 total=17
2026-04-19 01:11:47 INFO dataset: Stage1 intent=Food and Dining created=1 total=16
2026-04-19 01:11:47 INFO dataset: Stage1 intent=Home Services created=1 total=17
2026-04-19 01:11:47 INFO dataset: Stage1 intent=Automotive created=1 total=17
2026-04-19 01:15:20 INFO dataset: Stage1 intent=Information Retrieval created=1 total=18
2026-04-19 01:15:20 INFO dataset: Stage1 intent=Entertainment created=1 total=17
2026-04-19 01:15:20 INFO dataset: Stage1 intent=product_lookup created=1 total=18
2026-04-19 01:15:20 INFO dataset: Stage1 intent=Booking created=1 total=17
2026-04-19 01:15:20 INFO dataset: Stage1 intent=weather created=1 total=18
2026-04-19 01:15:20 INFO dataset: Stage1 intent=data visualisation created=1 total=18
2026-04-19 01:15:20 INFO dataset: Stage1 intent=Planning created=1 total=18
2026-04-19 01:15:20 INFO dataset: Stage1 intent=productivity created=1 total=18
2026-04-19 01:15:20 INFO dataset: Stage1 intent=Recipe created=1 total=18
2026-04-19 01:15:20 INFO dataset: Stage1 intent=Localization created=1 total=17
2026-04-19 01:15:20 INFO dataset: Stage1 intent=Technical support created=1 total=18
2026-04-19 01:15:20 INFO dataset: Stage1 intent=Creating Writing created=1 total=18
2026-04-19 01:15:20 INFO dataset: Stage1 intent=Event Schedule created=1 total=17
2026-04-19 01:15:20 INFO dataset: Stage1 intent=Research Analysis created=1 total=17
2026-04-19 01:15:20 INFO dataset: Stage1 intent=Comparison created=1 total=17
2026-04-19 01:15:20 INFO dataset: Stage1 intent=calculation created=1 total=18
2026-04-19 01:15:20 INFO dataset: Stage1 intent=Travel created=1 total=18
2026-04-19 01:15:20 INFO dataset: Stage1 intent=Navigation created=1 total=18
2026-04-19 01:15:20 INFO dataset: Stage1 intent=Education created=1 total=18
2026-04-19 01:15:20 INFO dataset: Stage1 intent=Documentation created=1 total=18
2026-04-19 01:15:20 INFO dataset: Stage1 intent=media playback created=1 total=17
2026-04-19 01:15:20 INFO dataset: Stage1 intent=qr scanner created=1 total=17
2026-04-19 01:15:20 INFO dataset: Stage1 intent=status check created=1 total=17
2026-04-19 01:15:20 INFO dataset: Stage1 intent=notification created=1 total=17
2026-04-19 01:15:20 INFO dataset: Stage1 intent=Finance created=1 total=18
2026-04-19 01:15:20 INFO dataset: Stage1 intent=Healthcare created=1 total=18
2026-04-19 01:15:20 INFO dataset: Stage1 intent=Legal created=1 total=18
2026-04-19 01:15:20 INFO dataset: Stage1 intent=Real Estate created=1 total=18
2026-04-19 01:15:20 INFO dataset: Stage1 intent=Career created=1 total=18
2026-04-19 01:15:20 INFO dataset: Stage1 intent=Food and Dining created=1 total=17
2026-04-19 01:15:20 INFO dataset: Stage1 intent=Home Services created=1 total=18
2026-04-19 01:15:20 INFO dataset: Stage1 intent=Automotive created=1 total=18
2026-04-19 01:18:44 INFO dataset: Stage1 intent=Information Retrieval created=1 total=19
2026-04-19 01:18:44 INFO dataset: Stage1 intent=Entertainment created=1 total=18
2026-04-19 01:18:44 INFO dataset: Stage1 intent=product_lookup created=1 total=19
2026-04-19 01:18:44 INFO dataset: Stage1 intent=Booking created=1 total=18
2026-04-19 01:18:44 INFO dataset: Stage1 intent=weather created=1 total=19
2026-04-19 01:18:44 INFO dataset: Stage1 intent=data visualisation created=1 total=19
2026-04-19 01:18:44 INFO dataset: Stage1 intent=Planning created=1 total=19
2026-04-19 01:18:44 INFO dataset: Stage1 intent=productivity created=1 total=19
2026-04-19 01:18:44 INFO dataset: Stage1 intent=Recipe created=1 total=19
2026-04-19 01:18:44 INFO dataset: Stage1 intent=Localization created=1 total=18
2026-04-19 01:18:44 INFO dataset: Stage1 intent=Technical support created=1 total=19
2026-04-19 01:18:44 INFO dataset: Stage1 intent=Creating Writing created=1 total=19
2026-04-19 01:18:44 INFO dataset: Stage1 intent=Event Schedule created=1 total=18
2026-04-19 01:18:44 INFO dataset: Stage1 intent=Research Analysis created=1 total=18
2026-04-19 01:18:44 INFO dataset: Stage1 intent=Comparison created=1 total=18
2026-04-19 01:18:44 INFO dataset: Stage1 intent=calculation created=1 total=19
2026-04-19 01:18:44 INFO dataset: Stage1 intent=Travel created=1 total=19
2026-04-19 01:18:44 INFO dataset: Stage1 intent=Navigation created=1 total=19
2026-04-19 01:18:44 INFO dataset: Stage1 intent=Education created=1 total=19
2026-04-19 01:18:44 INFO dataset: Stage1 intent=Documentation created=1 total=19
2026-04-19 01:18:44 INFO dataset: Stage1 intent=media playback created=1 total=18
2026-04-19 01:18:44 INFO dataset: Stage1 intent=qr scanner created=1 total=18
2026-04-19 01:18:44 INFO dataset: Stage1 intent=status check created=1 total=18
2026-04-19 01:18:44 INFO dataset: Stage1 intent=notification created=1 total=18
2026-04-19 01:18:44 INFO dataset: Stage1 intent=Finance created=1 total=19
2026-04-19 01:18:44 INFO dataset: Stage1 intent=Healthcare created=1 total=19
2026-04-19 01:18:44 INFO dataset: Stage1 intent=Legal created=1 total=19
2026-04-19 01:18:44 INFO dataset: Stage1 intent=Real Estate created=1 total=19
2026-04-19 01:18:44 INFO dataset: Stage1 intent=Career created=1 total=19
2026-04-19 01:18:44 INFO dataset: Stage1 intent=Food and Dining created=1 total=18
2026-04-19 01:18:44 INFO dataset: Stage1 intent=Home Services created=1 total=19
2026-04-19 01:18:44 INFO dataset: Stage1 intent=Automotive created=1 total=19
2026-04-19 01:22:10 INFO dataset: Stage1 intent=Information Retrieval created=1 total=20
2026-04-19 01:22:10 INFO dataset: Stage1 intent=Entertainment created=1 total=19
2026-04-19 01:22:10 INFO dataset: Stage1 intent=product_lookup created=1 total=20
2026-04-19 01:22:10 INFO dataset: Stage1 intent=Booking created=1 total=19
2026-04-19 01:22:10 INFO dataset: Stage1 intent=weather created=1 total=20
2026-04-19 01:22:10 INFO dataset: Stage1 intent=data visualisation created=1 total=20
2026-04-19 01:22:10 INFO dataset: Stage1 intent=Planning created=1 total=20
2026-04-19 01:22:10 INFO dataset: Stage1 intent=productivity created=1 total=20
2026-04-19 01:22:10 INFO dataset: Stage1 intent=Recipe created=1 total=20
2026-04-19 01:22:10 INFO dataset: Stage1 intent=Localization created=1 total=19
2026-04-19 01:22:10 INFO dataset: Stage1 intent=Technical support created=1 total=20
2026-04-19 01:22:10 INFO dataset: Stage1 intent=Creating Writing created=1 total=20
2026-04-19 01:22:10 INFO dataset: Stage1 intent=Event Schedule created=1 total=19
2026-04-19 01:22:10 INFO dataset: Stage1 intent=Research Analysis created=1 total=19
2026-04-19 01:22:10 INFO dataset: Stage1 intent=Comparison created=1 total=19
2026-04-19 01:22:10 INFO dataset: Stage1 intent=calculation created=1 total=20
2026-04-19 01:22:10 INFO dataset: Stage1 intent=Travel created=1 total=20
2026-04-19 01:22:10 INFO dataset: Stage1 intent=Navigation created=1 total=20
2026-04-19 01:22:10 INFO dataset: Stage1 intent=Education created=1 total=20
2026-04-19 01:22:10 INFO dataset: Stage1 intent=Documentation created=1 total=20
2026-04-19 01:22:10 INFO dataset: Stage1 intent=media playback created=1 total=19
2026-04-19 01:22:10 INFO dataset: Stage1 intent=qr scanner created=1 total=19
2026-04-19 01:22:10 INFO dataset: Stage1 intent=status check created=1 total=19
2026-04-19 01:22:10 INFO dataset: Stage1 intent=notification created=1 total=19
2026-04-19 01:22:10 INFO dataset: Stage1 intent=Finance created=1 total=20
2026-04-19 01:22:10 INFO dataset: Stage1 intent=Healthcare created=1 total=20
2026-04-19 01:22:10 INFO dataset: Stage1 intent=Legal created=1 total=20
2026-04-19 01:22:10 INFO dataset: Stage1 intent=Real Estate created=1 total=20
2026-04-19 01:22:10 INFO dataset: Stage1 intent=Career created=1 total=20
2026-04-19 01:22:10 INFO dataset: Stage1 intent=Food and Dining created=1 total=19
2026-04-19 01:22:10 INFO dataset: Stage1 intent=Home Services created=1 total=20
2026-04-19 01:22:10 INFO dataset: Stage1 intent=Automotive created=1 total=20
2026-04-19 01:25:37 INFO dataset: Stage1 intent=Information Retrieval created=1 total=21
2026-04-19 01:25:37 INFO dataset: Stage1 intent=Entertainment created=1 total=20
2026-04-19 01:25:37 INFO dataset: Stage1 intent=product_lookup created=1 total=21
2026-04-19 01:25:37 INFO dataset: Stage1 intent=Booking created=1 total=20
2026-04-19 01:25:37 INFO dataset: Stage1 intent=weather created=1 total=21
2026-04-19 01:25:37 INFO dataset: Stage1 intent=data visualisation created=1 total=21
2026-04-19 01:25:37 INFO dataset: Stage1 intent=Planning created=1 total=21
2026-04-19 01:25:37 INFO dataset: Stage1 intent=productivity created=1 total=21
2026-04-19 01:25:37 INFO dataset: Stage1 intent=Recipe created=1 total=21
2026-04-19 01:25:37 ERROR dataset: Stage1 parse error intent=Localization: Unterminated string starting at: line 3 column 19 (char 24)
2026-04-19 01:25:37 INFO dataset: Stage1 intent=Technical support created=1 total=21
2026-04-19 01:25:37 INFO dataset: Stage1 intent=Creating Writing created=1 total=21
2026-04-19 01:25:37 INFO dataset: Stage1 intent=Event Schedule created=1 total=20
2026-04-19 01:25:37 ERROR dataset: Stage1 parse error intent=Research Analysis: Unterminated string starting at: line 3 column 19 (char 24)
2026-04-19 01:25:37 INFO dataset: Stage1 intent=Comparison created=1 total=20
2026-04-19 01:25:37 INFO dataset: Stage1 intent=calculation created=1 total=21
2026-04-19 01:25:37 INFO dataset: Stage1 intent=Travel created=1 total=21
2026-04-19 01:25:37 INFO dataset: Stage1 intent=Navigation created=1 total=21
2026-04-19 01:25:37 INFO dataset: Stage1 intent=Education created=1 total=21
2026-04-19 01:25:37 INFO dataset: Stage1 intent=Documentation created=1 total=21
2026-04-19 01:25:37 INFO dataset: Stage1 intent=media playback created=1 total=20
2026-04-19 01:25:37 INFO dataset: Stage1 intent=qr scanner created=1 total=20
2026-04-19 01:25:37 INFO dataset: Stage1 intent=status check created=1 total=20
2026-04-19 01:25:37 INFO dataset: Stage1 intent=notification created=1 total=20
2026-04-19 01:25:37 INFO dataset: Stage1 intent=Finance created=1 total=21
2026-04-19 01:25:37 INFO dataset: Stage1 intent=Healthcare created=1 total=21
2026-04-19 01:25:37 INFO dataset: Stage1 intent=Legal created=1 total=21
2026-04-19 01:25:37 INFO dataset: Stage1 intent=Real Estate created=1 total=21
2026-04-19 01:25:37 INFO dataset: Stage1 intent=Career created=1 total=21
2026-04-19 01:25:37 INFO dataset: Stage1 intent=Food and Dining created=1 total=20
2026-04-19 01:25:37 INFO dataset: Stage1 intent=Home Services created=1 total=21
2026-04-19 01:25:37 INFO dataset: Stage1 intent=Automotive created=1 total=21
2026-04-19 01:29:08 INFO dataset: Stage1 intent=Information Retrieval created=1 total=22
2026-04-19 01:29:08 INFO dataset: Stage1 intent=Entertainment created=1 total=21
2026-04-19 01:29:08 INFO dataset: Stage1 intent=product_lookup created=1 total=22
2026-04-19 01:29:08 INFO dataset: Stage1 intent=Booking created=1 total=21
2026-04-19 01:29:08 INFO dataset: Stage1 intent=weather created=1 total=22
2026-04-19 01:29:08 INFO dataset: Stage1 intent=data visualisation created=1 total=22
2026-04-19 01:29:08 INFO dataset: Stage1 intent=Planning created=1 total=22
2026-04-19 01:29:08 INFO dataset: Stage1 intent=productivity created=1 total=22
2026-04-19 01:29:08 INFO dataset: Stage1 intent=Recipe created=1 total=22
2026-04-19 01:29:08 INFO dataset: Stage1 intent=Localization created=1 total=20
2026-04-19 01:29:08 INFO dataset: Stage1 intent=Technical support created=1 total=22
2026-04-19 01:29:08 INFO dataset: Stage1 intent=Creating Writing created=1 total=22
2026-04-19 01:29:08 INFO dataset: Stage1 intent=Event Schedule created=1 total=21
2026-04-19 01:29:08 INFO dataset: Stage1 intent=Research Analysis created=1 total=20
2026-04-19 01:29:08 INFO dataset: Stage1 intent=Comparison created=1 total=21
2026-04-19 01:29:08 INFO dataset: Stage1 intent=calculation created=1 total=22
2026-04-19 01:29:08 INFO dataset: Stage1 intent=Travel created=1 total=22
2026-04-19 01:29:08 INFO dataset: Stage1 intent=Navigation created=1 total=22
2026-04-19 01:29:08 INFO dataset: Stage1 intent=Education created=1 total=22
2026-04-19 01:29:08 INFO dataset: Stage1 intent=Documentation created=1 total=22
2026-04-19 01:29:08 INFO dataset: Stage1 intent=media playback created=1 total=21
2026-04-19 01:29:08 INFO dataset: Stage1 intent=qr scanner created=1 total=21
2026-04-19 01:29:08 INFO dataset: Stage1 intent=status check created=1 total=21
2026-04-19 01:29:08 INFO dataset: Stage1 intent=notification created=1 total=21
2026-04-19 01:29:08 INFO dataset: Stage1 intent=Finance created=1 total=22
2026-04-19 01:29:08 INFO dataset: Stage1 intent=Healthcare created=1 total=22
2026-04-19 01:29:08 INFO dataset: Stage1 intent=Legal created=1 total=22
2026-04-19 01:29:08 INFO dataset: Stage1 intent=Real Estate created=1 total=22
2026-04-19 01:29:08 INFO dataset: Stage1 intent=Career created=1 total=22
2026-04-19 01:29:08 INFO dataset: Stage1 intent=Food and Dining created=1 total=21
2026-04-19 01:29:08 INFO dataset: Stage1 intent=Home Services created=1 total=22
2026-04-19 01:29:08 INFO dataset: Stage1 intent=Automotive created=1 total=22
2026-04-19 01:32:46 INFO dataset: Stage1 intent=Information Retrieval created=1 total=23
2026-04-19 01:32:46 INFO dataset: Stage1 intent=Entertainment created=1 total=22
2026-04-19 01:32:46 INFO dataset: Stage1 intent=product_lookup created=1 total=23
2026-04-19 01:32:46 INFO dataset: Stage1 intent=Booking created=1 total=22
2026-04-19 01:32:46 INFO dataset: Stage1 intent=weather created=1 total=23
2026-04-19 01:32:46 INFO dataset: Stage1 intent=data visualisation created=1 total=23
2026-04-19 01:32:46 INFO dataset: Stage1 intent=Planning created=1 total=23
2026-04-19 01:32:46 INFO dataset: Stage1 intent=productivity created=1 total=23
2026-04-19 01:32:46 INFO dataset: Stage1 intent=Recipe created=1 total=23
2026-04-19 01:32:46 INFO dataset: Stage1 intent=Localization created=1 total=21
2026-04-19 01:32:46 INFO dataset: Stage1 intent=Technical support created=1 total=23
2026-04-19 01:32:46 INFO dataset: Stage1 intent=Creating Writing created=1 total=23
2026-04-19 01:32:46 INFO dataset: Stage1 intent=Event Schedule created=1 total=22
2026-04-19 01:32:46 INFO dataset: Stage1 intent=Research Analysis created=1 total=21
2026-04-19 01:32:46 INFO dataset: Stage1 intent=Comparison created=1 total=22
2026-04-19 01:32:46 INFO dataset: Stage1 intent=calculation created=1 total=23
2026-04-19 01:32:46 INFO dataset: Stage1 intent=Travel created=1 total=23
2026-04-19 01:32:46 INFO dataset: Stage1 intent=Navigation created=1 total=23
2026-04-19 01:32:46 INFO dataset: Stage1 intent=Education created=1 total=23
2026-04-19 01:32:46 INFO dataset: Stage1 intent=Documentation created=1 total=23
2026-04-19 01:32:46 INFO dataset: Stage1 intent=media playback created=1 total=22
2026-04-19 01:32:46 INFO dataset: Stage1 intent=qr scanner created=1 total=22
2026-04-19 01:32:46 INFO dataset: Stage1 intent=status check created=1 total=22
2026-04-19 01:32:46 INFO dataset: Stage1 intent=notification created=1 total=22
2026-04-19 01:32:46 INFO dataset: Stage1 intent=Finance created=1 total=23
2026-04-19 01:32:46 INFO dataset: Stage1 intent=Healthcare created=1 total=23
2026-04-19 01:32:46 INFO dataset: Stage1 intent=Legal created=1 total=23
2026-04-19 01:32:46 INFO dataset: Stage1 intent=Real Estate created=1 total=23
2026-04-19 01:32:46 INFO dataset: Stage1 intent=Career created=1 total=23
2026-04-19 01:32:46 INFO dataset: Stage1 intent=Food and Dining created=1 total=22
2026-04-19 01:32:46 INFO dataset: Stage1 intent=Home Services created=1 total=23
2026-04-19 01:32:46 INFO dataset: Stage1 intent=Automotive created=1 total=23
2026-04-19 01:36:25 INFO dataset: Stage1 intent=Information Retrieval created=1 total=24
2026-04-19 01:36:25 INFO dataset: Stage1 intent=Entertainment created=1 total=23
2026-04-19 01:36:25 INFO dataset: Stage1 intent=product_lookup created=1 total=24
2026-04-19 01:36:25 INFO dataset: Stage1 intent=Booking created=1 total=23
2026-04-19 01:36:25 INFO dataset: Stage1 intent=weather created=1 total=24
2026-04-19 01:36:25 INFO dataset: Stage1 intent=data visualisation created=1 total=24
2026-04-19 01:36:25 INFO dataset: Stage1 intent=Planning created=1 total=24
2026-04-19 01:36:25 ERROR dataset: Stage1 parse error intent=productivity: Unterminated string starting at: line 3 column 19 (char 24)
2026-04-19 01:36:25 INFO dataset: Stage1 intent=Recipe created=1 total=24
2026-04-19 01:36:25 INFO dataset: Stage1 intent=Localization created=1 total=22
2026-04-19 01:36:25 INFO dataset: Stage1 intent=Technical support created=1 total=24
2026-04-19 01:36:25 INFO dataset: Stage1 intent=Creating Writing created=1 total=24
2026-04-19 01:36:25 INFO dataset: Stage1 intent=Event Schedule created=1 total=23
2026-04-19 01:36:25 INFO dataset: Stage1 intent=Research Analysis created=1 total=22
2026-04-19 01:36:25 INFO dataset: Stage1 intent=Comparison created=1 total=23
2026-04-19 01:36:25 INFO dataset: Stage1 intent=calculation created=1 total=24
2026-04-19 01:36:25 INFO dataset: Stage1 intent=Travel created=1 total=24
2026-04-19 01:36:25 INFO dataset: Stage1 intent=Navigation created=1 total=24
2026-04-19 01:36:25 INFO dataset: Stage1 intent=Education created=1 total=24
2026-04-19 01:36:25 INFO dataset: Stage1 intent=Documentation created=1 total=24
2026-04-19 01:36:25 INFO dataset: Stage1 intent=media playback created=1 total=23
2026-04-19 01:36:25 INFO dataset: Stage1 intent=qr scanner created=1 total=23
2026-04-19 01:36:25 ERROR dataset: Stage1 parse error intent=status check: Unterminated string starting at: line 3 column 19 (char 24)
2026-04-19 01:36:25 INFO dataset: Stage1 intent=notification created=1 total=23
2026-04-19 01:36:25 INFO dataset: Stage1 intent=Finance created=1 total=24
2026-04-19 01:36:25 INFO dataset: Stage1 intent=Healthcare created=1 total=24
2026-04-19 01:36:25 INFO dataset: Stage1 intent=Legal created=1 total=24
2026-04-19 01:36:25 INFO dataset: Stage1 intent=Real Estate created=1 total=24
2026-04-19 01:36:25 INFO dataset: Stage1 intent=Career created=1 total=24
2026-04-19 01:36:25 INFO dataset: Stage1 intent=Food and Dining created=1 total=23
2026-04-19 01:36:25 INFO dataset: Stage1 intent=Home Services created=1 total=24
2026-04-19 01:36:25 INFO dataset: Stage1 intent=Automotive created=1 total=24
2026-04-19 01:40:08 INFO dataset: Stage1 intent=Information Retrieval created=1 total=25
2026-04-19 01:40:08 INFO dataset: Stage1 intent=Entertainment created=1 total=24
2026-04-19 01:40:08 INFO dataset: Stage1 intent=product_lookup created=1 total=25
2026-04-19 01:40:08 INFO dataset: Stage1 intent=Booking created=1 total=24
2026-04-19 01:40:08 INFO dataset: Stage1 intent=weather created=1 total=25
2026-04-19 01:40:08 INFO dataset: Stage1 intent=data visualisation created=1 total=25
2026-04-19 01:40:08 INFO dataset: Stage1 intent=Planning created=1 total=25
2026-04-19 01:40:08 INFO dataset: Stage1 intent=productivity created=1 total=24
2026-04-19 01:40:08 INFO dataset: Stage1 intent=Recipe created=1 total=25
2026-04-19 01:40:08 INFO dataset: Stage1 intent=Localization created=1 total=23
2026-04-19 01:40:08 INFO dataset: Stage1 intent=Technical support created=1 total=25
2026-04-19 01:40:08 INFO dataset: Stage1 intent=Creating Writing created=1 total=25
2026-04-19 01:40:08 INFO dataset: Stage1 intent=Event Schedule created=1 total=24
2026-04-19 01:40:08 INFO dataset: Stage1 intent=Research Analysis created=1 total=23
2026-04-19 01:40:08 INFO dataset: Stage1 intent=Comparison created=1 total=24
2026-04-19 01:40:08 INFO dataset: Stage1 intent=calculation created=1 total=25
2026-04-19 01:40:08 INFO dataset: Stage1 intent=Travel created=1 total=25
2026-04-19 01:40:08 INFO dataset: Stage1 intent=Navigation created=1 total=25
2026-04-19 01:40:08 INFO dataset: Stage1 intent=Education created=1 total=25
2026-04-19 01:40:08 INFO dataset: Stage1 intent=Documentation created=1 total=25
2026-04-19 01:40:08 INFO dataset: Stage1 intent=media playback created=1 total=24
2026-04-19 01:40:08 INFO dataset: Stage1 intent=qr scanner created=1 total=24
2026-04-19 01:40:08 INFO dataset: Stage1 intent=status check created=1 total=23
2026-04-19 01:40:08 INFO dataset: Stage1 intent=notification created=1 total=24
2026-04-19 01:40:08 INFO dataset: Stage1 intent=Finance created=1 total=25
2026-04-19 01:40:08 INFO dataset: Stage1 intent=Healthcare created=1 total=25
2026-04-19 01:40:08 INFO dataset: Stage1 intent=Legal created=1 total=25
2026-04-19 01:40:08 INFO dataset: Stage1 intent=Real Estate created=1 total=25
2026-04-19 01:40:08 INFO dataset: Stage1 intent=Career created=1 total=25
2026-04-19 01:40:08 INFO dataset: Stage1 intent=Food and Dining created=1 total=24
2026-04-19 01:40:08 INFO dataset: Stage1 intent=Home Services created=1 total=25
2026-04-19 01:40:08 ERROR dataset: Stage1 parse error intent=Automotive: Unterminated string starting at: line 3 column 19 (char 24)
2026-04-19 01:43:39 INFO dataset: Stage1 intent=Information Retrieval created=1 total=26
2026-04-19 01:43:39 INFO dataset: Stage1 intent=Entertainment created=1 total=25
2026-04-19 01:43:39 INFO dataset: Stage1 intent=product_lookup created=1 total=26
2026-04-19 01:43:39 INFO dataset: Stage1 intent=Booking created=1 total=25
2026-04-19 01:43:39 INFO dataset: Stage1 intent=weather created=1 total=26
2026-04-19 01:43:39 INFO dataset: Stage1 intent=data visualisation created=1 total=26
2026-04-19 01:43:39 INFO dataset: Stage1 intent=Planning created=1 total=26
2026-04-19 01:43:39 INFO dataset: Stage1 intent=productivity created=1 total=25
2026-04-19 01:43:39 INFO dataset: Stage1 intent=Recipe created=1 total=26
2026-04-19 01:43:39 INFO dataset: Stage1 intent=Localization created=1 total=24
2026-04-19 01:43:39 INFO dataset: Stage1 intent=Technical support created=1 total=26
2026-04-19 01:43:39 INFO dataset: Stage1 intent=Creating Writing created=1 total=26
2026-04-19 01:43:39 INFO dataset: Stage1 intent=Event Schedule created=1 total=25
2026-04-19 01:43:39 INFO dataset: Stage1 intent=Research Analysis created=1 total=24
2026-04-19 01:43:39 INFO dataset: Stage1 intent=Comparison created=1 total=25
2026-04-19 01:43:39 INFO dataset: Stage1 intent=calculation created=1 total=26
2026-04-19 01:43:39 INFO dataset: Stage1 intent=Travel created=1 total=26
2026-04-19 01:43:39 INFO dataset: Stage1 intent=Navigation created=1 total=26
2026-04-19 01:43:39 INFO dataset: Stage1 intent=Education created=1 total=26
2026-04-19 01:43:39 INFO dataset: Stage1 intent=Documentation created=1 total=26
2026-04-19 01:43:39 INFO dataset: Stage1 intent=media playback created=1 total=25
2026-04-19 01:43:39 INFO dataset: Stage1 intent=qr scanner created=1 total=25
2026-04-19 01:43:39 INFO dataset: Stage1 intent=status check created=1 total=24
2026-04-19 01:43:39 INFO dataset: Stage1 intent=notification created=1 total=25
2026-04-19 01:43:39 INFO dataset: Stage1 intent=Finance created=1 total=26
2026-04-19 01:43:39 INFO dataset: Stage1 intent=Healthcare created=1 total=26
2026-04-19 01:43:39 INFO dataset: Stage1 intent=Legal created=1 total=26
2026-04-19 01:43:39 INFO dataset: Stage1 intent=Real Estate created=1 total=26
2026-04-19 01:43:39 INFO dataset: Stage1 intent=Career created=1 total=26
2026-04-19 01:43:39 INFO dataset: Stage1 intent=Food and Dining created=1 total=25
2026-04-19 01:43:39 INFO dataset: Stage1 intent=Home Services created=1 total=26
2026-04-19 01:43:39 INFO dataset: Stage1 intent=Automotive created=1 total=25
2026-04-19 01:47:06 INFO dataset: Stage1 intent=Information Retrieval created=1 total=27
2026-04-19 01:47:06 INFO dataset: Stage1 intent=Entertainment created=1 total=26
2026-04-19 01:47:06 INFO dataset: Stage1 intent=product_lookup created=1 total=27
2026-04-19 01:47:06 INFO dataset: Stage1 intent=Booking created=1 total=26
2026-04-19 01:47:06 INFO dataset: Stage1 intent=weather created=1 total=27
2026-04-19 01:47:06 INFO dataset: Stage1 intent=data visualisation created=1 total=27
2026-04-19 01:47:06 INFO dataset: Stage1 intent=Planning created=1 total=27
2026-04-19 01:47:06 INFO dataset: Stage1 intent=productivity created=1 total=26
2026-04-19 01:47:06 INFO dataset: Stage1 intent=Recipe created=1 total=27
2026-04-19 01:47:06 INFO dataset: Stage1 intent=Localization created=1 total=25
2026-04-19 01:47:06 INFO dataset: Stage1 intent=Technical support created=1 total=27
2026-04-19 01:47:06 INFO dataset: Stage1 intent=Creating Writing created=1 total=27
2026-04-19 01:47:06 INFO dataset: Stage1 intent=Event Schedule created=1 total=26
2026-04-19 01:47:06 INFO dataset: Stage1 intent=Research Analysis created=1 total=25
2026-04-19 01:47:06 INFO dataset: Stage1 intent=Comparison created=1 total=26
2026-04-19 01:47:06 INFO dataset: Stage1 intent=calculation created=1 total=27
2026-04-19 01:47:06 INFO dataset: Stage1 intent=Travel created=1 total=27
2026-04-19 01:47:06 INFO dataset: Stage1 intent=Navigation created=1 total=27
2026-04-19 01:47:06 INFO dataset: Stage1 intent=Education created=1 total=27
2026-04-19 01:47:06 INFO dataset: Stage1 intent=Documentation created=1 total=27
2026-04-19 01:47:06 INFO dataset: Stage1 intent=media playback created=1 total=26
2026-04-19 01:47:06 INFO dataset: Stage1 intent=qr scanner created=1 total=26
2026-04-19 01:47:06 INFO dataset: Stage1 intent=status check created=1 total=25
2026-04-19 01:47:06 INFO dataset: Stage1 intent=notification created=1 total=26
2026-04-19 01:47:06 INFO dataset: Stage1 intent=Finance created=1 total=27
2026-04-19 01:47:06 INFO dataset: Stage1 intent=Healthcare created=1 total=27
2026-04-19 01:47:06 INFO dataset: Stage1 intent=Legal created=1 total=27
2026-04-19 01:47:06 INFO dataset: Stage1 intent=Real Estate created=1 total=27
2026-04-19 01:47:06 INFO dataset: Stage1 intent=Career created=1 total=27
2026-04-19 01:47:06 INFO dataset: Stage1 intent=Food and Dining created=1 total=26
2026-04-19 01:47:06 INFO dataset: Stage1 intent=Home Services created=1 total=27
2026-04-19 01:47:06 INFO dataset: Stage1 intent=Automotive created=1 total=26
2026-04-19 01:50:25 INFO dataset: Stage1 intent=Information Retrieval created=1 total=28
2026-04-19 01:50:25 INFO dataset: Stage1 intent=Entertainment created=1 total=27
2026-04-19 01:50:25 INFO dataset: Stage1 intent=product_lookup created=1 total=28
2026-04-19 01:50:25 INFO dataset: Stage1 intent=Booking created=1 total=27
2026-04-19 01:50:25 INFO dataset: Stage1 intent=weather created=1 total=28
2026-04-19 01:50:25 INFO dataset: Stage1 intent=data visualisation created=1 total=28
2026-04-19 01:50:25 INFO dataset: Stage1 intent=Planning created=1 total=28
2026-04-19 01:50:25 INFO dataset: Stage1 intent=productivity created=1 total=27
2026-04-19 01:50:25 INFO dataset: Stage1 intent=Recipe created=1 total=28
2026-04-19 01:50:25 INFO dataset: Stage1 intent=Localization created=1 total=26
2026-04-19 01:50:25 INFO dataset: Stage1 intent=Technical support created=1 total=28
2026-04-19 01:50:25 INFO dataset: Stage1 intent=Creating Writing created=1 total=28
2026-04-19 01:50:25 INFO dataset: Stage1 intent=Event Schedule created=1 total=27
2026-04-19 01:50:25 INFO dataset: Stage1 intent=Research Analysis created=1 total=26
2026-04-19 01:50:25 INFO dataset: Stage1 intent=Comparison created=1 total=27
2026-04-19 01:50:25 INFO dataset: Stage1 intent=calculation created=1 total=28
2026-04-19 01:50:25 INFO dataset: Stage1 intent=Travel created=1 total=28
2026-04-19 01:50:25 INFO dataset: Stage1 intent=Navigation created=1 total=28
2026-04-19 01:50:25 INFO dataset: Stage1 intent=Education created=1 total=28
2026-04-19 01:50:25 INFO dataset: Stage1 intent=Documentation created=1 total=28
2026-04-19 01:50:25 INFO dataset: Stage1 intent=media playback created=1 total=27
2026-04-19 01:50:25 INFO dataset: Stage1 intent=qr scanner created=1 total=27
2026-04-19 01:50:25 INFO dataset: Stage1 intent=status check created=1 total=26
2026-04-19 01:50:25 INFO dataset: Stage1 intent=notification created=1 total=27
2026-04-19 01:50:25 INFO dataset: Stage1 intent=Finance created=1 total=28
2026-04-19 01:50:25 INFO dataset: Stage1 intent=Healthcare created=1 total=28
2026-04-19 01:50:25 INFO dataset: Stage1 intent=Legal created=1 total=28
2026-04-19 01:50:25 INFO dataset: Stage1 intent=Real Estate created=1 total=28
2026-04-19 01:50:25 INFO dataset: Stage1 intent=Career created=1 total=28
2026-04-19 01:50:25 INFO dataset: Stage1 intent=Food and Dining created=1 total=27
2026-04-19 01:50:25 INFO dataset: Stage1 intent=Home Services created=1 total=28
2026-04-19 01:50:25 INFO dataset: Stage1 intent=Automotive created=1 total=27
2026-04-19 01:53:46 INFO dataset: Stage1 intent=Information Retrieval created=1 total=29
2026-04-19 01:53:46 INFO dataset: Stage1 intent=Entertainment created=1 total=28
2026-04-19 01:53:46 INFO dataset: Stage1 intent=product_lookup created=1 total=29
2026-04-19 01:53:46 INFO dataset: Stage1 intent=Booking created=1 total=28
2026-04-19 01:53:46 INFO dataset: Stage1 intent=weather created=1 total=29
2026-04-19 01:53:46 INFO dataset: Stage1 intent=data visualisation created=1 total=29
2026-04-19 01:53:46 INFO dataset: Stage1 intent=Planning created=1 total=29
2026-04-19 01:53:46 INFO dataset: Stage1 intent=productivity created=1 total=28
2026-04-19 01:53:46 INFO dataset: Stage1 intent=Recipe created=1 total=29
2026-04-19 01:53:46 INFO dataset: Stage1 intent=Localization created=1 total=27
2026-04-19 01:53:46 INFO dataset: Stage1 intent=Technical support created=1 total=29
2026-04-19 01:53:46 INFO dataset: Stage1 intent=Creating Writing created=1 total=29
2026-04-19 01:53:46 INFO dataset: Stage1 intent=Event Schedule created=1 total=28
2026-04-19 01:53:46 INFO dataset: Stage1 intent=Research Analysis created=1 total=27
2026-04-19 01:53:46 INFO dataset: Stage1 intent=Comparison created=1 total=28
2026-04-19 01:53:46 INFO dataset: Stage1 intent=calculation created=1 total=29
2026-04-19 01:53:46 INFO dataset: Stage1 intent=Travel created=1 total=29
2026-04-19 01:53:46 INFO dataset: Stage1 intent=Navigation created=1 total=29
2026-04-19 01:53:46 INFO dataset: Stage1 intent=Education created=1 total=29
2026-04-19 01:53:46 INFO dataset: Stage1 intent=Documentation created=1 total=29
2026-04-19 01:53:46 INFO dataset: Stage1 intent=media playback created=1 total=28
2026-04-19 01:53:46 INFO dataset: Stage1 intent=qr scanner created=1 total=28
2026-04-19 01:53:46 INFO dataset: Stage1 intent=status check created=1 total=27
2026-04-19 01:53:46 INFO dataset: Stage1 intent=notification created=1 total=28
2026-04-19 01:53:46 INFO dataset: Stage1 intent=Finance created=1 total=29
2026-04-19 01:53:46 INFO dataset: Stage1 intent=Healthcare created=1 total=29
2026-04-19 01:53:46 INFO dataset: Stage1 intent=Legal created=1 total=29
2026-04-19 01:53:46 INFO dataset: Stage1 intent=Real Estate created=1 total=29
2026-04-19 01:53:46 INFO dataset: Stage1 intent=Career created=1 total=29
2026-04-19 01:53:46 INFO dataset: Stage1 intent=Food and Dining created=1 total=28
2026-04-19 01:53:46 INFO dataset: Stage1 intent=Home Services created=1 total=29
2026-04-19 01:53:46 INFO dataset: Stage1 intent=Automotive created=1 total=28
2026-04-19 01:57:15 INFO dataset: Stage1 intent=Information Retrieval created=1 total=30
2026-04-19 01:57:15 INFO dataset: Stage1 intent=Entertainment created=1 total=29
2026-04-19 01:57:15 INFO dataset: Stage1 intent=product_lookup created=1 total=30
2026-04-19 01:57:15 INFO dataset: Stage1 intent=Booking created=1 total=29
2026-04-19 01:57:15 INFO dataset: Stage1 intent=weather created=1 total=30
2026-04-19 01:57:15 INFO dataset: Stage1 intent=data visualisation created=1 total=30
2026-04-19 01:57:15 INFO dataset: Stage1 intent=Planning created=1 total=30
2026-04-19 01:57:15 INFO dataset: Stage1 intent=productivity created=1 total=29
2026-04-19 01:57:15 INFO dataset: Stage1 intent=Recipe created=1 total=30
2026-04-19 01:57:15 INFO dataset: Stage1 intent=Localization created=1 total=28
2026-04-19 01:57:15 INFO dataset: Stage1 intent=Technical support created=1 total=30
2026-04-19 01:57:15 INFO dataset: Stage1 intent=Creating Writing created=1 total=30
2026-04-19 01:57:15 INFO dataset: Stage1 intent=Event Schedule created=1 total=29
2026-04-19 01:57:15 INFO dataset: Stage1 intent=Research Analysis created=1 total=28
2026-04-19 01:57:15 INFO dataset: Stage1 intent=Comparison created=1 total=29
2026-04-19 01:57:15 INFO dataset: Stage1 intent=calculation created=1 total=30
2026-04-19 01:57:15 INFO dataset: Stage1 intent=Travel created=1 total=30
2026-04-19 01:57:15 INFO dataset: Stage1 intent=Navigation created=1 total=30
2026-04-19 01:57:15 INFO dataset: Stage1 intent=Education created=1 total=30
2026-04-19 01:57:15 INFO dataset: Stage1 intent=Documentation created=1 total=30
2026-04-19 01:57:15 INFO dataset: Stage1 intent=media playback created=1 total=29
2026-04-19 01:57:15 INFO dataset: Stage1 intent=qr scanner created=1 total=29
2026-04-19 01:57:15 INFO dataset: Stage1 intent=status check created=1 total=28
2026-04-19 01:57:15 INFO dataset: Stage1 intent=notification created=1 total=29
2026-04-19 01:57:15 INFO dataset: Stage1 intent=Finance created=1 total=30
2026-04-19 01:57:15 INFO dataset: Stage1 intent=Healthcare created=1 total=30
2026-04-19 01:57:15 INFO dataset: Stage1 intent=Legal created=1 total=30
2026-04-19 01:57:15 INFO dataset: Stage1 intent=Real Estate created=1 total=30
2026-04-19 01:57:15 INFO dataset: Stage1 intent=Career created=1 total=30
2026-04-19 01:57:15 INFO dataset: Stage1 intent=Food and Dining created=1 total=29
2026-04-19 01:57:15 INFO dataset: Stage1 intent=Home Services created=1 total=30
2026-04-19 01:57:15 INFO dataset: Stage1 intent=Automotive created=1 total=29
2026-04-19 02:00:46 INFO dataset: Stage1 intent=Information Retrieval created=1 total=31
2026-04-19 02:00:46 INFO dataset: Stage1 intent=Entertainment created=1 total=30
2026-04-19 02:00:46 INFO dataset: Stage1 intent=product_lookup created=1 total=31
2026-04-19 02:00:46 INFO dataset: Stage1 intent=Booking created=1 total=30
2026-04-19 02:00:46 INFO dataset: Stage1 intent=weather created=1 total=31
2026-04-19 02:00:46 INFO dataset: Stage1 intent=data visualisation created=1 total=31
2026-04-19 02:00:46 INFO dataset: Stage1 intent=Planning created=1 total=31
2026-04-19 02:00:46 INFO dataset: Stage1 intent=productivity created=1 total=30
2026-04-19 02:00:46 INFO dataset: Stage1 intent=Recipe created=1 total=31
2026-04-19 02:00:46 INFO dataset: Stage1 intent=Localization created=1 total=29
2026-04-19 02:00:46 INFO dataset: Stage1 intent=Technical support created=1 total=31
2026-04-19 02:00:46 INFO dataset: Stage1 intent=Creating Writing created=1 total=31
2026-04-19 02:00:46 INFO dataset: Stage1 intent=Event Schedule created=1 total=30
2026-04-19 02:00:46 INFO dataset: Stage1 intent=Research Analysis created=1 total=29
2026-04-19 02:00:46 INFO dataset: Stage1 intent=Comparison created=1 total=30
2026-04-19 02:00:46 INFO dataset: Stage1 intent=calculation created=1 total=31
2026-04-19 02:00:46 INFO dataset: Stage1 intent=Travel created=1 total=31
2026-04-19 02:00:46 INFO dataset: Stage1 intent=Navigation created=1 total=31
2026-04-19 02:00:46 INFO dataset: Stage1 intent=Education created=1 total=31
2026-04-19 02:00:46 INFO dataset: Stage1 intent=Documentation created=1 total=31
2026-04-19 02:00:46 INFO dataset: Stage1 intent=media playback created=1 total=30
2026-04-19 02:00:46 INFO dataset: Stage1 intent=qr scanner created=1 total=30
2026-04-19 02:00:46 INFO dataset: Stage1 intent=status check created=1 total=29
2026-04-19 02:00:46 INFO dataset: Stage1 intent=notification created=1 total=30
2026-04-19 02:00:46 INFO dataset: Stage1 intent=Finance created=1 total=31
2026-04-19 02:00:46 INFO dataset: Stage1 intent=Healthcare created=1 total=31
2026-04-19 02:00:46 INFO dataset: Stage1 intent=Legal created=1 total=31
2026-04-19 02:00:46 INFO dataset: Stage1 intent=Real Estate created=1 total=31
2026-04-19 02:00:46 INFO dataset: Stage1 intent=Career created=1 total=31
2026-04-19 02:00:46 INFO dataset: Stage1 intent=Food and Dining created=1 total=30
2026-04-19 02:00:46 INFO dataset: Stage1 intent=Home Services created=1 total=31
2026-04-19 02:00:46 INFO dataset: Stage1 intent=Automotive created=1 total=30
2026-04-19 02:04:19 INFO dataset: Stage1 intent=Information Retrieval created=1 total=32
2026-04-19 02:04:19 INFO dataset: Stage1 intent=Entertainment created=1 total=31
2026-04-19 02:04:19 INFO dataset: Stage1 intent=product_lookup created=1 total=32
2026-04-19 02:04:19 ERROR dataset: Stage1 parse error intent=Booking: Unterminated string starting at: line 3 column 19 (char 24)
2026-04-19 02:04:19 INFO dataset: Stage1 intent=weather created=1 total=32
2026-04-19 02:04:19 INFO dataset: Stage1 intent=data visualisation created=1 total=32
2026-04-19 02:04:19 INFO dataset: Stage1 intent=Planning created=1 total=32
2026-04-19 02:04:19 INFO dataset: Stage1 intent=productivity created=1 total=31
2026-04-19 02:04:19 INFO dataset: Stage1 intent=Recipe created=1 total=32
2026-04-19 02:04:19 INFO dataset: Stage1 intent=Localization created=1 total=30
2026-04-19 02:04:19 INFO dataset: Stage1 intent=Technical support created=1 total=32
2026-04-19 02:04:19 INFO dataset: Stage1 intent=Creating Writing created=1 total=32
2026-04-19 02:04:19 INFO dataset: Stage1 intent=Event Schedule created=1 total=31
2026-04-19 02:04:19 INFO dataset: Stage1 intent=Research Analysis created=1 total=30
2026-04-19 02:04:19 INFO dataset: Stage1 intent=Comparison created=1 total=31
2026-04-19 02:04:19 INFO dataset: Stage1 intent=calculation created=1 total=32
2026-04-19 02:04:19 INFO dataset: Stage1 intent=Travel created=1 total=32
2026-04-19 02:04:19 INFO dataset: Stage1 intent=Navigation created=1 total=32
2026-04-19 02:04:19 INFO dataset: Stage1 intent=Education created=1 total=32
2026-04-19 02:04:19 INFO dataset: Stage1 intent=Documentation created=1 total=32
2026-04-19 02:04:19 INFO dataset: Stage1 intent=media playback created=1 total=31
2026-04-19 02:04:19 INFO dataset: Stage1 intent=qr scanner created=1 total=31
2026-04-19 02:04:19 INFO dataset: Stage1 intent=status check created=1 total=30
2026-04-19 02:04:19 ERROR dataset: Stage1 parse error intent=notification: Unterminated string starting at: line 8 column 7 (char 894)
2026-04-19 02:04:19 INFO dataset: Stage1 intent=Finance created=1 total=32
2026-04-19 02:04:19 INFO dataset: Stage1 intent=Healthcare created=1 total=32
2026-04-19 02:04:19 INFO dataset: Stage1 intent=Legal created=1 total=32
2026-04-19 02:04:19 INFO dataset: Stage1 intent=Real Estate created=1 total=32
2026-04-19 02:04:19 INFO dataset: Stage1 intent=Career created=1 total=32
2026-04-19 02:04:19 INFO dataset: Stage1 intent=Food and Dining created=1 total=31
2026-04-19 02:04:19 INFO dataset: Stage1 intent=Home Services created=1 total=32
2026-04-19 02:04:19 INFO dataset: Stage1 intent=Automotive created=1 total=31
2026-04-19 02:08:04 ERROR dataset: Stage1 parse error intent=Information Retrieval: Unterminated string starting at: line 3 column 19 (char 24)
2026-04-19 02:08:04 INFO dataset: Stage1 intent=Entertainment created=1 total=32
2026-04-19 02:08:04 INFO dataset: Stage1 intent=product_lookup created=1 total=33
2026-04-19 02:08:04 ERROR dataset: Stage1 parse error intent=Booking: Unterminated string starting at: line 3 column 19 (char 24)
2026-04-19 02:08:04 INFO dataset: Stage1 intent=weather created=1 total=33
2026-04-19 02:08:04 INFO dataset: Stage1 intent=data visualisation created=1 total=33
2026-04-19 02:08:04 INFO dataset: Stage1 intent=Planning created=1 total=33
2026-04-19 02:08:04 INFO dataset: Stage1 intent=productivity created=1 total=32
2026-04-19 02:08:04 INFO dataset: Stage1 intent=Recipe created=1 total=33
2026-04-19 02:08:04 INFO dataset: Stage1 intent=Localization created=1 total=31
2026-04-19 02:08:04 INFO dataset: Stage1 intent=Technical support created=1 total=33
2026-04-19 02:08:04 INFO dataset: Stage1 intent=Creating Writing created=1 total=33
2026-04-19 02:08:04 ERROR dataset: Stage1 parse error intent=Event Schedule: Unterminated string starting at: line 3 column 19 (char 24)
2026-04-19 02:08:04 INFO dataset: Stage1 intent=Research Analysis created=1 total=31
2026-04-19 02:08:04 INFO dataset: Stage1 intent=Comparison created=1 total=32
2026-04-19 02:08:04 INFO dataset: Stage1 intent=calculation created=1 total=33
2026-04-19 02:08:04 INFO dataset: Stage1 intent=Travel created=1 total=33
2026-04-19 02:08:04 INFO dataset: Stage1 intent=Navigation created=1 total=33
2026-04-19 02:08:04 INFO dataset: Stage1 intent=Education created=1 total=33
2026-04-19 02:08:04 INFO dataset: Stage1 intent=Documentation created=1 total=33
2026-04-19 02:08:04 INFO dataset: Stage1 intent=media playback created=1 total=32
2026-04-19 02:08:04 INFO dataset: Stage1 intent=qr scanner created=1 total=32
2026-04-19 02:08:04 INFO dataset: Stage1 intent=status check created=1 total=31
2026-04-19 02:08:04 INFO dataset: Stage1 intent=notification created=1 total=31
2026-04-19 02:08:04 INFO dataset: Stage1 intent=Finance created=1 total=33
2026-04-19 02:08:04 INFO dataset: Stage1 intent=Healthcare created=1 total=33
2026-04-19 02:08:04 INFO dataset: Stage1 intent=Legal created=1 total=33
2026-04-19 02:08:04 INFO dataset: Stage1 intent=Real Estate created=1 total=33
2026-04-19 02:08:04 INFO dataset: Stage1 intent=Career created=1 total=33
2026-04-19 02:08:04 INFO dataset: Stage1 intent=Food and Dining created=1 total=32
2026-04-19 02:08:04 INFO dataset: Stage1 intent=Home Services created=1 total=33
2026-04-19 02:08:04 INFO dataset: Stage1 intent=Automotive created=1 total=32
2026-04-19 02:11:50 INFO dataset: Stage1 intent=Information Retrieval created=1 total=33
2026-04-19 02:11:50 INFO dataset: Stage1 intent=Entertainment created=1 total=33
2026-04-19 02:11:50 INFO dataset: Stage1 intent=product_lookup created=1 total=34
2026-04-19 02:11:50 INFO dataset: Stage1 intent=Booking created=1 total=31
2026-04-19 02:11:50 INFO dataset: Stage1 intent=weather created=1 total=34
2026-04-19 02:11:50 INFO dataset: Stage1 intent=data visualisation created=1 total=34
2026-04-19 02:11:50 INFO dataset: Stage1 intent=Planning created=1 total=34
2026-04-19 02:11:50 INFO dataset: Stage1 intent=productivity created=1 total=33
2026-04-19 02:11:50 INFO dataset: Stage1 intent=Recipe created=1 total=34
2026-04-19 02:11:50 INFO dataset: Stage1 intent=Localization created=1 total=32
2026-04-19 02:11:50 INFO dataset: Stage1 intent=Technical support created=1 total=34
2026-04-19 02:11:50 INFO dataset: Stage1 intent=Creating Writing created=1 total=34
2026-04-19 02:11:50 INFO dataset: Stage1 intent=Event Schedule created=1 total=32
2026-04-19 02:11:50 INFO dataset: Stage1 intent=Research Analysis created=1 total=32
2026-04-19 02:11:50 INFO dataset: Stage1 intent=Comparison created=1 total=33
2026-04-19 02:11:50 INFO dataset: Stage1 intent=calculation created=1 total=34
2026-04-19 02:11:50 INFO dataset: Stage1 intent=Travel created=1 total=34
2026-04-19 02:11:50 INFO dataset: Stage1 intent=Navigation created=1 total=34
2026-04-19 02:11:50 INFO dataset: Stage1 intent=Education created=1 total=34
2026-04-19 02:11:50 INFO dataset: Stage1 intent=Documentation created=1 total=34
2026-04-19 02:11:50 INFO dataset: Stage1 intent=media playback created=1 total=33
2026-04-19 02:11:50 INFO dataset: Stage1 intent=qr scanner created=1 total=33
2026-04-19 02:11:50 INFO dataset: Stage1 intent=status check created=1 total=32
2026-04-19 02:11:50 INFO dataset: Stage1 intent=notification created=1 total=32
2026-04-19 02:11:50 INFO dataset: Stage1 intent=Finance created=1 total=34
2026-04-19 02:11:50 INFO dataset: Stage1 intent=Healthcare created=1 total=34
2026-04-19 02:11:50 INFO dataset: Stage1 intent=Legal created=1 total=34
2026-04-19 02:11:50 INFO dataset: Stage1 intent=Real Estate created=1 total=34
2026-04-19 02:11:50 INFO dataset: Stage1 intent=Career created=1 total=34
2026-04-19 02:11:50 ERROR dataset: Stage1 parse error intent=Food and Dining: Unterminated string starting at: line 3 column 19 (char 24)
2026-04-19 02:11:50 INFO dataset: Stage1 intent=Home Services created=1 total=34
2026-04-19 02:11:50 INFO dataset: Stage1 intent=Automotive created=1 total=33
2026-04-19 02:15:20 INFO dataset: Stage1 intent=Information Retrieval created=1 total=34
2026-04-19 02:15:20 INFO dataset: Stage1 intent=Entertainment created=1 total=34
2026-04-19 02:15:20 INFO dataset: Stage1 intent=product_lookup created=1 total=35
2026-04-19 02:15:20 INFO dataset: Stage1 intent=Booking created=1 total=32
2026-04-19 02:15:20 INFO dataset: Stage1 intent=weather created=1 total=35
2026-04-19 02:15:20 INFO dataset: Stage1 intent=data visualisation created=1 total=35
2026-04-19 02:15:20 INFO dataset: Stage1 intent=Planning created=1 total=35
2026-04-19 02:15:20 INFO dataset: Stage1 intent=productivity created=1 total=34
2026-04-19 02:15:20 INFO dataset: Stage1 intent=Recipe created=1 total=35
2026-04-19 02:15:20 INFO dataset: Stage1 intent=Localization created=1 total=33
2026-04-19 02:15:20 INFO dataset: Stage1 intent=Technical support created=1 total=35
2026-04-19 02:15:20 INFO dataset: Stage1 intent=Creating Writing created=1 total=35
2026-04-19 02:15:20 INFO dataset: Stage1 intent=Event Schedule created=1 total=33
2026-04-19 02:15:20 INFO dataset: Stage1 intent=Research Analysis created=1 total=33
2026-04-19 02:15:20 INFO dataset: Stage1 intent=Comparison created=1 total=34
2026-04-19 02:15:20 INFO dataset: Stage1 intent=calculation created=1 total=35
2026-04-19 02:15:20 INFO dataset: Stage1 intent=Travel created=1 total=35
2026-04-19 02:15:20 INFO dataset: Stage1 intent=Navigation created=1 total=35
2026-04-19 02:15:20 INFO dataset: Stage1 intent=Education created=1 total=35
2026-04-19 02:15:20 INFO dataset: Stage1 intent=Documentation created=1 total=35
2026-04-19 02:15:20 INFO dataset: Stage1 intent=media playback created=1 total=34
2026-04-19 02:15:20 INFO dataset: Stage1 intent=qr scanner created=1 total=34
2026-04-19 02:15:20 INFO dataset: Stage1 intent=status check created=1 total=33
2026-04-19 02:15:20 INFO dataset: Stage1 intent=notification created=1 total=33
2026-04-19 02:15:20 INFO dataset: Stage1 intent=Finance created=1 total=35
2026-04-19 02:15:20 INFO dataset: Stage1 intent=Healthcare created=1 total=35
2026-04-19 02:15:20 INFO dataset: Stage1 intent=Legal created=1 total=35
2026-04-19 02:15:20 INFO dataset: Stage1 intent=Real Estate created=1 total=35
2026-04-19 02:15:20 INFO dataset: Stage1 intent=Career created=1 total=35
2026-04-19 02:15:20 INFO dataset: Stage1 intent=Food and Dining created=1 total=33
2026-04-19 02:15:20 INFO dataset: Stage1 intent=Home Services created=1 total=35
2026-04-19 02:15:20 INFO dataset: Stage1 intent=Automotive created=1 total=34
2026-04-19 02:18:50 INFO dataset: Stage1 intent=Information Retrieval created=1 total=35
2026-04-19 02:18:50 INFO dataset: Stage1 intent=Entertainment created=1 total=35
2026-04-19 02:18:50 INFO dataset: Stage1 intent=product_lookup created=1 total=36
2026-04-19 02:18:50 INFO dataset: Stage1 intent=Booking created=1 total=33
2026-04-19 02:18:50 INFO dataset: Stage1 intent=weather created=1 total=36
2026-04-19 02:18:50 INFO dataset: Stage1 intent=data visualisation created=1 total=36
2026-04-19 02:18:50 INFO dataset: Stage1 intent=Planning created=1 total=36
2026-04-19 02:18:50 INFO dataset: Stage1 intent=productivity created=1 total=35
2026-04-19 02:18:50 INFO dataset: Stage1 intent=Recipe created=1 total=36
2026-04-19 02:18:50 INFO dataset: Stage1 intent=Localization created=1 total=34
2026-04-19 02:18:50 INFO dataset: Stage1 intent=Technical support created=1 total=36
2026-04-19 02:18:50 INFO dataset: Stage1 intent=Creating Writing created=1 total=36
2026-04-19 02:18:50 INFO dataset: Stage1 intent=Event Schedule created=1 total=34
2026-04-19 02:18:50 INFO dataset: Stage1 intent=Research Analysis created=1 total=34
2026-04-19 02:18:50 INFO dataset: Stage1 intent=Comparison created=1 total=35
2026-04-19 02:18:50 INFO dataset: Stage1 intent=calculation created=1 total=36
2026-04-19 02:18:50 INFO dataset: Stage1 intent=Travel created=1 total=36
2026-04-19 02:18:50 INFO dataset: Stage1 intent=Navigation created=1 total=36
2026-04-19 02:18:50 INFO dataset: Stage1 intent=Education created=1 total=36
2026-04-19 02:18:50 INFO dataset: Stage1 intent=Documentation created=1 total=36
2026-04-19 02:18:50 INFO dataset: Stage1 intent=media playback created=1 total=35
2026-04-19 02:18:50 INFO dataset: Stage1 intent=qr scanner created=1 total=35
2026-04-19 02:18:50 INFO dataset: Stage1 intent=status check created=1 total=34
2026-04-19 02:18:50 INFO dataset: Stage1 intent=notification created=1 total=34
2026-04-19 02:18:50 INFO dataset: Stage1 intent=Finance created=1 total=36
2026-04-19 02:18:50 INFO dataset: Stage1 intent=Healthcare created=1 total=36
2026-04-19 02:18:50 INFO dataset: Stage1 intent=Legal created=1 total=36
2026-04-19 02:18:50 INFO dataset: Stage1 intent=Real Estate created=1 total=36
2026-04-19 02:18:50 INFO dataset: Stage1 intent=Career created=1 total=36
2026-04-19 02:18:50 INFO dataset: Stage1 intent=Food and Dining created=1 total=34
2026-04-19 02:18:50 INFO dataset: Stage1 intent=Home Services created=1 total=36
2026-04-19 02:18:50 INFO dataset: Stage1 intent=Automotive created=1 total=35
2026-04-19 02:22:23 INFO dataset: Stage1 intent=Information Retrieval created=1 total=36
2026-04-19 02:22:23 INFO dataset: Stage1 intent=Entertainment created=1 total=36
2026-04-19 02:22:23 INFO dataset: Stage1 intent=product_lookup created=1 total=37
2026-04-19 02:22:23 INFO dataset: Stage1 intent=Booking created=1 total=34
2026-04-19 02:22:23 INFO dataset: Stage1 intent=weather created=1 total=37
2026-04-19 02:22:23 INFO dataset: Stage1 intent=data visualisation created=1 total=37
2026-04-19 02:22:23 INFO dataset: Stage1 intent=Planning created=1 total=37
2026-04-19 02:22:23 INFO dataset: Stage1 intent=productivity created=1 total=36
2026-04-19 02:22:23 INFO dataset: Stage1 intent=Recipe created=1 total=37
2026-04-19 02:22:23 INFO dataset: Stage1 intent=Localization created=1 total=35
2026-04-19 02:22:23 INFO dataset: Stage1 intent=Technical support created=1 total=37
2026-04-19 02:22:23 INFO dataset: Stage1 intent=Creating Writing created=1 total=37
2026-04-19 02:22:23 INFO dataset: Stage1 intent=Event Schedule created=1 total=35
2026-04-19 02:22:23 INFO dataset: Stage1 intent=Research Analysis created=1 total=35
2026-04-19 02:22:23 INFO dataset: Stage1 intent=Comparison created=1 total=36
2026-04-19 02:22:23 INFO dataset: Stage1 intent=calculation created=1 total=37
2026-04-19 02:22:23 INFO dataset: Stage1 intent=Travel created=1 total=37
2026-04-19 02:22:23 INFO dataset: Stage1 intent=Navigation created=1 total=37
2026-04-19 02:22:23 INFO dataset: Stage1 intent=Education created=1 total=37
2026-04-19 02:22:23 INFO dataset: Stage1 intent=Documentation created=1 total=37
2026-04-19 02:22:23 INFO dataset: Stage1 intent=media playback created=1 total=36
2026-04-19 02:22:23 INFO dataset: Stage1 intent=qr scanner created=1 total=36
2026-04-19 02:22:23 INFO dataset: Stage1 intent=status check created=1 total=35
2026-04-19 02:22:23 INFO dataset: Stage1 intent=notification created=1 total=35
2026-04-19 02:22:23 INFO dataset: Stage1 intent=Finance created=1 total=37
2026-04-19 02:22:23 INFO dataset: Stage1 intent=Healthcare created=1 total=37
2026-04-19 02:22:23 INFO dataset: Stage1 intent=Legal created=1 total=37
2026-04-19 02:22:23 INFO dataset: Stage1 intent=Real Estate created=1 total=37
2026-04-19 02:22:23 INFO dataset: Stage1 intent=Career created=1 total=37
2026-04-19 02:22:23 INFO dataset: Stage1 intent=Food and Dining created=1 total=35
2026-04-19 02:22:23 INFO dataset: Stage1 intent=Home Services created=1 total=37
2026-04-19 02:22:23 INFO dataset: Stage1 intent=Automotive created=1 total=36
2026-04-19 02:25:46 INFO dataset: Stage1 intent=Information Retrieval created=1 total=37
2026-04-19 02:25:46 INFO dataset: Stage1 intent=Entertainment created=1 total=37
2026-04-19 02:25:46 INFO dataset: Stage1 intent=product_lookup created=1 total=38
2026-04-19 02:25:46 INFO dataset: Stage1 intent=Booking created=1 total=35
2026-04-19 02:25:46 INFO dataset: Stage1 intent=weather created=1 total=38
2026-04-19 02:25:46 INFO dataset: Stage1 intent=data visualisation created=1 total=38
2026-04-19 02:25:46 INFO dataset: Stage1 intent=Planning created=1 total=38
2026-04-19 02:25:46 INFO dataset: Stage1 intent=productivity created=1 total=37
2026-04-19 02:25:46 INFO dataset: Stage1 intent=Recipe created=1 total=38
2026-04-19 02:25:46 INFO dataset: Stage1 intent=Localization created=1 total=36
2026-04-19 02:25:46 INFO dataset: Stage1 intent=Technical support created=1 total=38
2026-04-19 02:25:46 INFO dataset: Stage1 intent=Creating Writing created=1 total=38
2026-04-19 02:25:46 INFO dataset: Stage1 intent=Event Schedule created=1 total=36
2026-04-19 02:25:46 INFO dataset: Stage1 intent=Research Analysis created=1 total=36
2026-04-19 02:25:46 INFO dataset: Stage1 intent=Comparison created=1 total=37
2026-04-19 02:25:46 INFO dataset: Stage1 intent=calculation created=1 total=38
2026-04-19 02:25:46 INFO dataset: Stage1 intent=Travel created=1 total=38
2026-04-19 02:25:46 INFO dataset: Stage1 intent=Navigation created=1 total=38
2026-04-19 02:25:46 INFO dataset: Stage1 intent=Education created=1 total=38
2026-04-19 02:25:46 INFO dataset: Stage1 intent=Documentation created=1 total=38
2026-04-19 02:25:46 INFO dataset: Stage1 intent=media playback created=1 total=37
2026-04-19 02:25:46 INFO dataset: Stage1 intent=qr scanner created=1 total=37
2026-04-19 02:25:46 INFO dataset: Stage1 intent=status check created=1 total=36
2026-04-19 02:25:46 INFO dataset: Stage1 intent=notification created=1 total=36
2026-04-19 02:25:46 INFO dataset: Stage1 intent=Finance created=1 total=38
2026-04-19 02:25:46 INFO dataset: Stage1 intent=Healthcare created=1 total=38
2026-04-19 02:25:46 INFO dataset: Stage1 intent=Legal created=1 total=38
2026-04-19 02:25:46 INFO dataset: Stage1 intent=Real Estate created=1 total=38
2026-04-19 02:25:46 INFO dataset: Stage1 intent=Career created=1 total=38
2026-04-19 02:25:46 INFO dataset: Stage1 intent=Food and Dining created=1 total=36
2026-04-19 02:25:46 INFO dataset: Stage1 intent=Home Services created=1 total=38
2026-04-19 02:25:46 INFO dataset: Stage1 intent=Automotive created=1 total=37
2026-04-19 02:29:31 INFO dataset: Stage1 intent=Information Retrieval created=1 total=38
2026-04-19 02:29:31 INFO dataset: Stage1 intent=Entertainment created=1 total=38
2026-04-19 02:29:31 INFO dataset: Stage1 intent=product_lookup created=1 total=39
2026-04-19 02:29:31 INFO dataset: Stage1 intent=Booking created=1 total=36
2026-04-19 02:29:31 INFO dataset: Stage1 intent=weather created=1 total=39
2026-04-19 02:29:31 INFO dataset: Stage1 intent=data visualisation created=1 total=39
2026-04-19 02:29:31 INFO dataset: Stage1 intent=Planning created=1 total=39
2026-04-19 02:29:31 INFO dataset: Stage1 intent=productivity created=1 total=38
2026-04-19 02:29:31 INFO dataset: Stage1 intent=Recipe created=1 total=39
2026-04-19 02:29:31 INFO dataset: Stage1 intent=Localization created=1 total=37
2026-04-19 02:29:31 INFO dataset: Stage1 intent=Technical support created=1 total=39
2026-04-19 02:29:31 INFO dataset: Stage1 intent=Creating Writing created=1 total=39
2026-04-19 02:29:31 INFO dataset: Stage1 intent=Event Schedule created=1 total=37
2026-04-19 02:29:31 INFO dataset: Stage1 intent=Research Analysis created=1 total=37
2026-04-19 02:29:31 INFO dataset: Stage1 intent=Comparison created=1 total=38
2026-04-19 02:29:31 INFO dataset: Stage1 intent=calculation created=1 total=39
2026-04-19 02:29:31 INFO dataset: Stage1 intent=Travel created=1 total=39
2026-04-19 02:29:31 INFO dataset: Stage1 intent=Navigation created=1 total=39
2026-04-19 02:29:31 INFO dataset: Stage1 intent=Education created=1 total=39
2026-04-19 02:29:31 INFO dataset: Stage1 intent=Documentation created=1 total=39
2026-04-19 02:29:31 INFO dataset: Stage1 intent=media playback created=1 total=38
2026-04-19 02:29:31 INFO dataset: Stage1 intent=qr scanner created=1 total=38
2026-04-19 02:29:31 INFO dataset: Stage1 intent=status check created=1 total=37
2026-04-19 02:29:31 INFO dataset: Stage1 intent=notification created=1 total=37
2026-04-19 02:29:31 INFO dataset: Stage1 intent=Finance created=1 total=39
2026-04-19 02:29:31 INFO dataset: Stage1 intent=Healthcare created=1 total=39
2026-04-19 02:29:31 INFO dataset: Stage1 intent=Legal created=1 total=39
2026-04-19 02:29:31 INFO dataset: Stage1 intent=Real Estate created=1 total=39
2026-04-19 02:29:31 INFO dataset: Stage1 intent=Career created=1 total=39
2026-04-19 02:29:31 ERROR dataset: Stage1 parse error intent=Food and Dining: Unterminated string starting at: line 3 column 19 (char 24)
2026-04-19 02:29:31 INFO dataset: Stage1 intent=Home Services created=1 total=39
2026-04-19 02:29:31 INFO dataset: Stage1 intent=Automotive created=1 total=38
2026-04-19 02:33:03 INFO dataset: Stage1 intent=Information Retrieval created=1 total=39
2026-04-19 02:33:03 INFO dataset: Stage1 intent=Entertainment created=1 total=39
2026-04-19 02:33:03 INFO dataset: Stage1 intent=product_lookup created=1 total=40
2026-04-19 02:33:03 INFO dataset: Stage1 intent=Booking created=1 total=37
2026-04-19 02:33:03 INFO dataset: Stage1 intent=weather created=1 total=40
2026-04-19 02:33:03 INFO dataset: Stage1 intent=data visualisation created=1 total=40
2026-04-19 02:33:03 INFO dataset: Stage1 intent=Planning created=1 total=40
2026-04-19 02:33:03 INFO dataset: Stage1 intent=productivity created=1 total=39
2026-04-19 02:33:03 INFO dataset: Stage1 intent=Recipe created=1 total=40
2026-04-19 02:33:03 INFO dataset: Stage1 intent=Localization created=1 total=38
2026-04-19 02:33:03 INFO dataset: Stage1 intent=Technical support created=1 total=40
2026-04-19 02:33:03 INFO dataset: Stage1 intent=Creating Writing created=1 total=40
2026-04-19 02:33:03 INFO dataset: Stage1 intent=Event Schedule created=1 total=38
2026-04-19 02:33:03 INFO dataset: Stage1 intent=Research Analysis created=1 total=38
2026-04-19 02:33:03 INFO dataset: Stage1 intent=Comparison created=1 total=39
2026-04-19 02:33:03 INFO dataset: Stage1 intent=calculation created=1 total=40
2026-04-19 02:33:03 INFO dataset: Stage1 intent=Travel created=1 total=40
2026-04-19 02:33:03 ERROR dataset: Stage1 parse error intent=Navigation: Unterminated string starting at: line 3 column 19 (char 24)
2026-04-19 02:33:03 INFO dataset: Stage1 intent=Education created=1 total=40
2026-04-19 02:33:03 INFO dataset: Stage1 intent=Documentation created=1 total=40
2026-04-19 02:33:03 INFO dataset: Stage1 intent=media playback created=1 total=39
2026-04-19 02:33:03 INFO dataset: Stage1 intent=qr scanner created=1 total=39
2026-04-19 02:33:03 INFO dataset: Stage1 intent=status check created=1 total=38
2026-04-19 02:33:03 INFO dataset: Stage1 intent=notification created=1 total=38
2026-04-19 02:33:03 INFO dataset: Stage1 intent=Finance created=1 total=40
2026-04-19 02:33:03 INFO dataset: Stage1 intent=Healthcare created=1 total=40
2026-04-19 02:33:03 INFO dataset: Stage1 intent=Legal created=1 total=40
2026-04-19 02:33:03 INFO dataset: Stage1 intent=Real Estate created=1 total=40
2026-04-19 02:33:03 INFO dataset: Stage1 intent=Career created=1 total=40
2026-04-19 02:33:03 INFO dataset: Stage1 intent=Food and Dining created=1 total=37
2026-04-19 02:33:03 INFO dataset: Stage1 intent=Home Services created=1 total=40
2026-04-19 02:33:03 INFO dataset: Stage1 intent=Automotive created=1 total=39
2026-04-19 02:36:26 INFO dataset: Stage1 intent=Information Retrieval created=1 total=40
2026-04-19 02:36:26 INFO dataset: Stage1 intent=Entertainment created=1 total=40
2026-04-19 02:36:26 INFO dataset: Stage1 intent=product_lookup created=1 total=41
2026-04-19 02:36:26 INFO dataset: Stage1 intent=Booking created=1 total=38
2026-04-19 02:36:26 INFO dataset: Stage1 intent=weather created=1 total=41
2026-04-19 02:36:26 INFO dataset: Stage1 intent=data visualisation created=1 total=41
2026-04-19 02:36:26 INFO dataset: Stage1 intent=Planning created=1 total=41
2026-04-19 02:36:26 INFO dataset: Stage1 intent=productivity created=1 total=40
2026-04-19 02:36:26 INFO dataset: Stage1 intent=Recipe created=1 total=41
2026-04-19 02:36:26 INFO dataset: Stage1 intent=Localization created=1 total=39
2026-04-19 02:36:26 INFO dataset: Stage1 intent=Technical support created=1 total=41
2026-04-19 02:36:26 INFO dataset: Stage1 intent=Creating Writing created=1 total=41
2026-04-19 02:36:26 INFO dataset: Stage1 intent=Event Schedule created=1 total=39
2026-04-19 02:36:26 INFO dataset: Stage1 intent=Research Analysis created=1 total=39
2026-04-19 02:36:26 INFO dataset: Stage1 intent=Comparison created=1 total=40
2026-04-19 02:36:26 INFO dataset: Stage1 intent=calculation created=1 total=41
2026-04-19 02:36:26 INFO dataset: Stage1 intent=Travel created=1 total=41
2026-04-19 02:36:26 INFO dataset: Stage1 intent=Navigation created=1 total=40
2026-04-19 02:36:26 INFO dataset: Stage1 intent=Education created=1 total=41
2026-04-19 02:36:26 INFO dataset: Stage1 intent=Documentation created=1 total=41
2026-04-19 02:36:26 INFO dataset: Stage1 intent=media playback created=1 total=40
2026-04-19 02:36:26 INFO dataset: Stage1 intent=qr scanner created=1 total=40
2026-04-19 02:36:26 INFO dataset: Stage1 intent=status check created=1 total=39
2026-04-19 02:36:26 INFO dataset: Stage1 intent=notification created=1 total=39
2026-04-19 02:36:26 INFO dataset: Stage1 intent=Finance created=1 total=41
2026-04-19 02:36:26 INFO dataset: Stage1 intent=Healthcare created=1 total=41
2026-04-19 02:36:26 INFO dataset: Stage1 intent=Legal created=1 total=41
2026-04-19 02:36:26 INFO dataset: Stage1 intent=Real Estate created=1 total=41
2026-04-19 02:36:26 INFO dataset: Stage1 intent=Career created=1 total=41
2026-04-19 02:36:26 INFO dataset: Stage1 intent=Food and Dining created=1 total=38
2026-04-19 02:36:26 INFO dataset: Stage1 intent=Home Services created=1 total=41
2026-04-19 02:36:26 INFO dataset: Stage1 intent=Automotive created=1 total=40
2026-04-19 02:39:55 INFO dataset: Stage1 intent=Information Retrieval created=1 total=41
2026-04-19 02:39:55 INFO dataset: Stage1 intent=Entertainment created=1 total=41
2026-04-19 02:39:55 INFO dataset: Stage1 intent=product_lookup created=1 total=42
2026-04-19 02:39:55 INFO dataset: Stage1 intent=Booking created=1 total=39
2026-04-19 02:39:55 ERROR dataset: Stage1 parse error intent=weather: Unterminated string starting at: line 3 column 19 (char 24)
2026-04-19 02:39:55 INFO dataset: Stage1 intent=data visualisation created=1 total=42
2026-04-19 02:39:55 INFO dataset: Stage1 intent=Planning created=1 total=42
2026-04-19 02:39:55 INFO dataset: Stage1 intent=productivity created=1 total=41
2026-04-19 02:39:55 INFO dataset: Stage1 intent=Recipe created=1 total=42
2026-04-19 02:39:55 INFO dataset: Stage1 intent=Localization created=1 total=40
2026-04-19 02:39:55 INFO dataset: Stage1 intent=Technical support created=1 total=42
2026-04-19 02:39:55 INFO dataset: Stage1 intent=Creating Writing created=1 total=42
2026-04-19 02:39:55 INFO dataset: Stage1 intent=Event Schedule created=1 total=40
2026-04-19 02:39:55 INFO dataset: Stage1 intent=Research Analysis created=1 total=40
2026-04-19 02:39:55 INFO dataset: Stage1 intent=Comparison created=1 total=41
2026-04-19 02:39:55 INFO dataset: Stage1 intent=calculation created=1 total=42
2026-04-19 02:39:55 INFO dataset: Stage1 intent=Travel created=1 total=42
2026-04-19 02:39:55 INFO dataset: Stage1 intent=Navigation created=1 total=41
2026-04-19 02:39:55 INFO dataset: Stage1 intent=Education created=1 total=42
2026-04-19 02:39:55 INFO dataset: Stage1 intent=Documentation created=1 total=42
2026-04-19 02:39:55 INFO dataset: Stage1 intent=media playback created=1 total=41
2026-04-19 02:39:55 INFO dataset: Stage1 intent=qr scanner created=1 total=41
2026-04-19 02:39:55 INFO dataset: Stage1 intent=status check created=1 total=40
2026-04-19 02:39:55 INFO dataset: Stage1 intent=notification created=1 total=40
2026-04-19 02:39:55 INFO dataset: Stage1 intent=Finance created=1 total=42
2026-04-19 02:39:55 INFO dataset: Stage1 intent=Healthcare created=1 total=42
2026-04-19 02:39:55 INFO dataset: Stage1 intent=Legal created=1 total=42
2026-04-19 02:39:55 INFO dataset: Stage1 intent=Real Estate created=1 total=42
2026-04-19 02:39:55 INFO dataset: Stage1 intent=Career created=1 total=42
2026-04-19 02:39:55 INFO dataset: Stage1 intent=Food and Dining created=1 total=39
2026-04-19 02:39:55 INFO dataset: Stage1 intent=Home Services created=1 total=42
2026-04-19 02:39:55 INFO dataset: Stage1 intent=Automotive created=1 total=41
2026-04-19 02:43:30 INFO dataset: Stage1 intent=Information Retrieval created=1 total=42
2026-04-19 02:43:30 INFO dataset: Stage1 intent=Entertainment created=1 total=42
2026-04-19 02:43:30 INFO dataset: Stage1 intent=product_lookup created=1 total=43
2026-04-19 02:43:30 INFO dataset: Stage1 intent=Booking created=1 total=40
2026-04-19 02:43:30 INFO dataset: Stage1 intent=weather created=1 total=42
2026-04-19 02:43:30 INFO dataset: Stage1 intent=data visualisation created=1 total=43
2026-04-19 02:43:30 INFO dataset: Stage1 intent=Planning created=1 total=43
2026-04-19 02:43:30 INFO dataset: Stage1 intent=productivity created=1 total=42
2026-04-19 02:43:30 INFO dataset: Stage1 intent=Recipe created=1 total=43
2026-04-19 02:43:30 INFO dataset: Stage1 intent=Localization created=1 total=41
2026-04-19 02:43:30 INFO dataset: Stage1 intent=Technical support created=1 total=43
2026-04-19 02:43:30 INFO dataset: Stage1 intent=Creating Writing created=1 total=43
2026-04-19 02:43:30 ERROR dataset: Stage1 parse error intent=Event Schedule: Unterminated string starting at: line 3 column 19 (char 24)
2026-04-19 02:43:30 INFO dataset: Stage1 intent=Research Analysis created=1 total=41
2026-04-19 02:43:30 INFO dataset: Stage1 intent=Comparison created=1 total=42
2026-04-19 02:43:30 INFO dataset: Stage1 intent=calculation created=1 total=43
2026-04-19 02:43:30 INFO dataset: Stage1 intent=Travel created=1 total=43
2026-04-19 02:43:30 INFO dataset: Stage1 intent=Navigation created=1 total=42
2026-04-19 02:43:30 INFO dataset: Stage1 intent=Education created=1 total=43
2026-04-19 02:43:30 INFO dataset: Stage1 intent=Documentation created=1 total=43
2026-04-19 02:43:30 INFO dataset: Stage1 intent=media playback created=1 total=42
2026-04-19 02:43:30 INFO dataset: Stage1 intent=qr scanner created=1 total=42
2026-04-19 02:43:30 INFO dataset: Stage1 intent=status check created=1 total=41
2026-04-19 02:43:30 INFO dataset: Stage1 intent=notification created=1 total=41
2026-04-19 02:43:30 INFO dataset: Stage1 intent=Finance created=1 total=43
2026-04-19 02:43:30 INFO dataset: Stage1 intent=Healthcare created=1 total=43
2026-04-19 02:43:30 INFO dataset: Stage1 intent=Legal created=1 total=43
2026-04-19 02:43:30 INFO dataset: Stage1 intent=Real Estate created=1 total=43
2026-04-19 02:43:30 INFO dataset: Stage1 intent=Career created=1 total=43
2026-04-19 02:43:30 INFO dataset: Stage1 intent=Food and Dining created=1 total=40
2026-04-19 02:43:30 INFO dataset: Stage1 intent=Home Services created=1 total=43
2026-04-19 02:43:30 INFO dataset: Stage1 intent=Automotive created=1 total=42
2026-04-19 02:47:01 INFO dataset: Stage1 intent=Information Retrieval created=1 total=43
2026-04-19 02:47:01 INFO dataset: Stage1 intent=Entertainment created=1 total=43
2026-04-19 02:47:01 ERROR dataset: Stage1 parse error intent=product_lookup: Unterminated string starting at: line 3 column 19 (char 24)
2026-04-19 02:47:01 INFO dataset: Stage1 intent=Booking created=1 total=41
2026-04-19 02:47:01 INFO dataset: Stage1 intent=weather created=1 total=43
2026-04-19 02:47:01 INFO dataset: Stage1 intent=data visualisation created=1 total=44
2026-04-19 02:47:01 INFO dataset: Stage1 intent=Planning created=1 total=44
2026-04-19 02:47:01 INFO dataset: Stage1 intent=productivity created=1 total=43
2026-04-19 02:47:01 INFO dataset: Stage1 intent=Recipe created=1 total=44
2026-04-19 02:47:01 INFO dataset: Stage1 intent=Localization created=1 total=42
2026-04-19 02:47:01 INFO dataset: Stage1 intent=Technical support created=1 total=44
2026-04-19 02:47:01 INFO dataset: Stage1 intent=Creating Writing created=1 total=44
2026-04-19 02:47:01 INFO dataset: Stage1 intent=Event Schedule created=1 total=41
2026-04-19 02:47:01 INFO dataset: Stage1 intent=Research Analysis created=1 total=42
2026-04-19 02:47:01 INFO dataset: Stage1 intent=Comparison created=1 total=43
2026-04-19 02:47:01 INFO dataset: Stage1 intent=calculation created=1 total=44
2026-04-19 02:47:01 INFO dataset: Stage1 intent=Travel created=1 total=44
2026-04-19 02:47:01 INFO dataset: Stage1 intent=Navigation created=1 total=43
2026-04-19 02:47:01 INFO dataset: Stage1 intent=Education created=1 total=44
2026-04-19 02:47:01 INFO dataset: Stage1 intent=Documentation created=1 total=44
2026-04-19 02:47:01 INFO dataset: Stage1 intent=media playback created=1 total=43
2026-04-19 02:47:01 INFO dataset: Stage1 intent=qr scanner created=1 total=43
2026-04-19 02:47:01 INFO dataset: Stage1 intent=status check created=1 total=42
2026-04-19 02:47:01 INFO dataset: Stage1 intent=notification created=1 total=42
2026-04-19 02:47:01 INFO dataset: Stage1 intent=Finance created=1 total=44
2026-04-19 02:47:01 INFO dataset: Stage1 intent=Healthcare created=1 total=44
2026-04-19 02:47:01 INFO dataset: Stage1 intent=Legal created=1 total=44
2026-04-19 02:47:01 INFO dataset: Stage1 intent=Real Estate created=1 total=44
2026-04-19 02:47:01 INFO dataset: Stage1 intent=Career created=1 total=44
2026-04-19 02:47:01 INFO dataset: Stage1 intent=Food and Dining created=1 total=41
2026-04-19 02:47:01 INFO dataset: Stage1 intent=Home Services created=1 total=44
2026-04-19 02:47:01 ERROR dataset: Stage1 parse error intent=Automotive: Expecting ',' delimiter: line 9 column 19 (char 1269)
2026-04-19 02:50:38 INFO dataset: Stage1 intent=Information Retrieval created=1 total=44
2026-04-19 02:50:38 INFO dataset: Stage1 intent=Entertainment created=1 total=44
2026-04-19 02:50:38 INFO dataset: Stage1 intent=product_lookup created=1 total=44
2026-04-19 02:50:38 INFO dataset: Stage1 intent=Booking created=1 total=42
2026-04-19 02:50:38 INFO dataset: Stage1 intent=weather created=1 total=44
2026-04-19 02:50:38 INFO dataset: Stage1 intent=data visualisation created=1 total=45
2026-04-19 02:50:38 INFO dataset: Stage1 intent=Planning created=1 total=45
2026-04-19 02:50:38 INFO dataset: Stage1 intent=productivity created=1 total=44
2026-04-19 02:50:38 INFO dataset: Stage1 intent=Recipe created=1 total=45
2026-04-19 02:50:38 INFO dataset: Stage1 intent=Localization created=1 total=43
2026-04-19 02:50:38 INFO dataset: Stage1 intent=Technical support created=1 total=45
2026-04-19 02:50:38 INFO dataset: Stage1 intent=Creating Writing created=1 total=45
2026-04-19 02:50:38 INFO dataset: Stage1 intent=Event Schedule created=1 total=42
2026-04-19 02:50:38 INFO dataset: Stage1 intent=Research Analysis created=1 total=43
2026-04-19 02:50:38 INFO dataset: Stage1 intent=Comparison created=1 total=44
2026-04-19 02:50:38 INFO dataset: Stage1 intent=calculation created=1 total=45
2026-04-19 02:50:38 INFO dataset: Stage1 intent=Travel created=1 total=45
2026-04-19 02:50:38 INFO dataset: Stage1 intent=Navigation created=1 total=44
2026-04-19 02:50:38 INFO dataset: Stage1 intent=Education created=1 total=45
2026-04-19 02:50:38 INFO dataset: Stage1 intent=Documentation created=1 total=45
2026-04-19 02:50:38 INFO dataset: Stage1 intent=media playback created=1 total=44
2026-04-19 02:50:38 INFO dataset: Stage1 intent=qr scanner created=1 total=44
2026-04-19 02:50:38 INFO dataset: Stage1 intent=status check created=1 total=43
2026-04-19 02:50:38 INFO dataset: Stage1 intent=notification created=1 total=43
2026-04-19 02:50:38 INFO dataset: Stage1 intent=Finance created=1 total=45
2026-04-19 02:50:38 INFO dataset: Stage1 intent=Healthcare created=1 total=45
2026-04-19 02:50:38 INFO dataset: Stage1 intent=Legal created=1 total=45
2026-04-19 02:50:38 INFO dataset: Stage1 intent=Real Estate created=1 total=45
2026-04-19 02:50:38 INFO dataset: Stage1 intent=Career created=1 total=45
2026-04-19 02:50:38 INFO dataset: Stage1 intent=Food and Dining created=1 total=42
2026-04-19 02:50:38 INFO dataset: Stage1 intent=Home Services created=1 total=45
2026-04-19 02:50:38 INFO dataset: Stage1 intent=Automotive created=1 total=43
2026-04-19 02:54:12 INFO dataset: Stage1 intent=Information Retrieval created=1 total=45
2026-04-19 02:54:12 INFO dataset: Stage1 intent=Entertainment created=1 total=45
2026-04-19 02:54:12 INFO dataset: Stage1 intent=product_lookup created=1 total=45
2026-04-19 02:54:12 INFO dataset: Stage1 intent=Booking created=1 total=43
2026-04-19 02:54:12 INFO dataset: Stage1 intent=weather created=1 total=45
2026-04-19 02:54:12 INFO dataset: Stage1 intent=data visualisation created=1 total=46
2026-04-19 02:54:12 INFO dataset: Stage1 intent=Planning created=1 total=46
2026-04-19 02:54:12 INFO dataset: Stage1 intent=productivity created=1 total=45
2026-04-19 02:54:12 INFO dataset: Stage1 intent=Recipe created=1 total=46
2026-04-19 02:54:12 INFO dataset: Stage1 intent=Localization created=1 total=44
2026-04-19 02:54:12 INFO dataset: Stage1 intent=Technical support created=1 total=46
2026-04-19 02:54:12 INFO dataset: Stage1 intent=Creating Writing created=1 total=46
2026-04-19 02:54:12 INFO dataset: Stage1 intent=Event Schedule created=1 total=43
2026-04-19 02:54:12 INFO dataset: Stage1 intent=Research Analysis created=1 total=44
2026-04-19 02:54:12 INFO dataset: Stage1 intent=Comparison created=1 total=45
2026-04-19 02:54:12 INFO dataset: Stage1 intent=calculation created=1 total=46
2026-04-19 02:54:12 INFO dataset: Stage1 intent=Travel created=1 total=46
2026-04-19 02:54:12 INFO dataset: Stage1 intent=Navigation created=1 total=45
2026-04-19 02:54:12 INFO dataset: Stage1 intent=Education created=1 total=46
2026-04-19 02:54:12 INFO dataset: Stage1 intent=Documentation created=1 total=46
2026-04-19 02:54:12 INFO dataset: Stage1 intent=media playback created=1 total=45
2026-04-19 02:54:12 ERROR dataset: Stage1 parse error intent=qr scanner: Unterminated string starting at: line 3 column 19 (char 24)
2026-04-19 02:54:12 ERROR dataset: Stage1 parse error intent=status check: Unterminated string starting at: line 3 column 19 (char 24)
2026-04-19 02:54:12 INFO dataset: Stage1 intent=notification created=1 total=44
2026-04-19 02:54:12 INFO dataset: Stage1 intent=Finance created=1 total=46
2026-04-19 02:54:12 INFO dataset: Stage1 intent=Healthcare created=1 total=46
2026-04-19 02:54:12 INFO dataset: Stage1 intent=Legal created=1 total=46
2026-04-19 02:54:12 INFO dataset: Stage1 intent=Real Estate created=1 total=46
2026-04-19 02:54:12 INFO dataset: Stage1 intent=Career created=1 total=46
2026-04-19 02:54:12 INFO dataset: Stage1 intent=Food and Dining created=1 total=43
2026-04-19 02:54:12 INFO dataset: Stage1 intent=Home Services created=1 total=46
2026-04-19 02:54:12 INFO dataset: Stage1 intent=Automotive created=1 total=44
2026-04-19 02:57:53 INFO dataset: Stage1 intent=Information Retrieval created=1 total=46
2026-04-19 02:57:53 INFO dataset: Stage1 intent=Entertainment created=1 total=46
2026-04-19 02:57:53 INFO dataset: Stage1 intent=product_lookup created=1 total=46
2026-04-19 02:57:53 INFO dataset: Stage1 intent=Booking created=1 total=44
2026-04-19 02:57:53 INFO dataset: Stage1 intent=weather created=1 total=46
2026-04-19 02:57:53 INFO dataset: Stage1 intent=data visualisation created=1 total=47
2026-04-19 02:57:53 INFO dataset: Stage1 intent=Planning created=1 total=47
2026-04-19 02:57:53 INFO dataset: Stage1 intent=productivity created=1 total=46
2026-04-19 02:57:53 INFO dataset: Stage1 intent=Recipe created=1 total=47
2026-04-19 02:57:53 INFO dataset: Stage1 intent=Localization created=1 total=45
2026-04-19 02:57:53 INFO dataset: Stage1 intent=Technical support created=1 total=47
2026-04-19 02:57:53 INFO dataset: Stage1 intent=Creating Writing created=1 total=47
2026-04-19 02:57:53 INFO dataset: Stage1 intent=Event Schedule created=1 total=44
2026-04-19 02:57:53 INFO dataset: Stage1 intent=Research Analysis created=1 total=45
2026-04-19 02:57:53 INFO dataset: Stage1 intent=Comparison created=1 total=46
2026-04-19 02:57:53 INFO dataset: Stage1 intent=calculation created=1 total=47
2026-04-19 02:57:53 INFO dataset: Stage1 intent=Travel created=1 total=47
2026-04-19 02:57:53 INFO dataset: Stage1 intent=Navigation created=1 total=46
2026-04-19 02:57:53 INFO dataset: Stage1 intent=Education created=1 total=47
2026-04-19 02:57:53 INFO dataset: Stage1 intent=Documentation created=1 total=47
2026-04-19 02:57:53 INFO dataset: Stage1 intent=media playback created=1 total=46
2026-04-19 02:57:53 INFO dataset: Stage1 intent=qr scanner created=1 total=45
2026-04-19 02:57:53 INFO dataset: Stage1 intent=status check created=1 total=44
2026-04-19 02:57:53 INFO dataset: Stage1 intent=notification created=1 total=45
2026-04-19 02:57:53 INFO dataset: Stage1 intent=Finance created=1 total=47
2026-04-19 02:57:53 INFO dataset: Stage1 intent=Healthcare created=1 total=47
2026-04-19 02:57:53 INFO dataset: Stage1 intent=Legal created=1 total=47
2026-04-19 02:57:53 INFO dataset: Stage1 intent=Real Estate created=1 total=47
2026-04-19 02:57:53 INFO dataset: Stage1 intent=Career created=1 total=47
2026-04-19 02:57:53 INFO dataset: Stage1 intent=Food and Dining created=1 total=44
2026-04-19 02:57:53 INFO dataset: Stage1 intent=Home Services created=1 total=47
2026-04-19 02:57:53 INFO dataset: Stage1 intent=Automotive created=1 total=45
2026-04-19 03:01:32 INFO dataset: Stage1 intent=Information Retrieval created=1 total=47
2026-04-19 03:01:32 INFO dataset: Stage1 intent=Entertainment created=1 total=47
2026-04-19 03:01:32 INFO dataset: Stage1 intent=product_lookup created=1 total=47
2026-04-19 03:01:32 INFO dataset: Stage1 intent=Booking created=1 total=45
2026-04-19 03:01:32 INFO dataset: Stage1 intent=weather created=1 total=47
2026-04-19 03:01:32 INFO dataset: Stage1 intent=data visualisation created=1 total=48
2026-04-19 03:01:32 INFO dataset: Stage1 intent=Planning created=1 total=48
2026-04-19 03:01:32 INFO dataset: Stage1 intent=productivity created=1 total=47
2026-04-19 03:01:32 INFO dataset: Stage1 intent=Recipe created=1 total=48
2026-04-19 03:01:32 INFO dataset: Stage1 intent=Localization created=1 total=46
2026-04-19 03:01:32 INFO dataset: Stage1 intent=Technical support created=1 total=48
2026-04-19 03:01:32 INFO dataset: Stage1 intent=Creating Writing created=1 total=48
2026-04-19 03:01:32 INFO dataset: Stage1 intent=Event Schedule created=1 total=45
2026-04-19 03:01:32 INFO dataset: Stage1 intent=Research Analysis created=1 total=46
2026-04-19 03:01:32 INFO dataset: Stage1 intent=Comparison created=1 total=47
2026-04-19 03:01:32 INFO dataset: Stage1 intent=calculation created=1 total=48
2026-04-19 03:01:32 INFO dataset: Stage1 intent=Travel created=1 total=48
2026-04-19 03:01:32 INFO dataset: Stage1 intent=Navigation created=1 total=47
2026-04-19 03:01:32 INFO dataset: Stage1 intent=Education created=1 total=48
2026-04-19 03:01:32 INFO dataset: Stage1 intent=Documentation created=1 total=48
2026-04-19 03:01:32 INFO dataset: Stage1 intent=media playback created=1 total=47
2026-04-19 03:01:32 INFO dataset: Stage1 intent=qr scanner created=1 total=46
2026-04-19 03:01:32 INFO dataset: Stage1 intent=status check created=1 total=45
2026-04-19 03:01:32 INFO dataset: Stage1 intent=notification created=1 total=46
2026-04-19 03:01:32 INFO dataset: Stage1 intent=Finance created=1 total=48
2026-04-19 03:01:32 INFO dataset: Stage1 intent=Healthcare created=1 total=48
2026-04-19 03:01:32 INFO dataset: Stage1 intent=Legal created=1 total=48
2026-04-19 03:01:32 INFO dataset: Stage1 intent=Real Estate created=1 total=48
2026-04-19 03:01:32 INFO dataset: Stage1 intent=Career created=1 total=48
2026-04-19 03:01:32 INFO dataset: Stage1 intent=Food and Dining created=1 total=45
2026-04-19 03:01:32 INFO dataset: Stage1 intent=Home Services created=1 total=48
2026-04-19 03:01:32 INFO dataset: Stage1 intent=Automotive created=1 total=46
2026-04-19 03:05:04 INFO dataset: Stage1 intent=Information Retrieval created=1 total=48
2026-04-19 03:05:04 INFO dataset: Stage1 intent=Entertainment created=1 total=48
2026-04-19 03:05:04 INFO dataset: Stage1 intent=product_lookup created=1 total=48
2026-04-19 03:05:04 INFO dataset: Stage1 intent=Booking created=1 total=46
2026-04-19 03:05:04 INFO dataset: Stage1 intent=weather created=1 total=48
2026-04-19 03:05:04 INFO dataset: Stage1 intent=data visualisation created=1 total=49
2026-04-19 03:05:04 INFO dataset: Stage1 intent=Planning created=1 total=49
2026-04-19 03:05:04 INFO dataset: Stage1 intent=productivity created=1 total=48
2026-04-19 03:05:04 INFO dataset: Stage1 intent=Recipe created=1 total=49
2026-04-19 03:05:04 INFO dataset: Stage1 intent=Localization created=1 total=47
2026-04-19 03:05:04 INFO dataset: Stage1 intent=Technical support created=1 total=49
2026-04-19 03:05:04 INFO dataset: Stage1 intent=Creating Writing created=1 total=49
2026-04-19 03:05:04 INFO dataset: Stage1 intent=Event Schedule created=1 total=46
2026-04-19 03:05:04 INFO dataset: Stage1 intent=Research Analysis created=1 total=47
2026-04-19 03:05:04 INFO dataset: Stage1 intent=Comparison created=1 total=48
2026-04-19 03:05:04 INFO dataset: Stage1 intent=calculation created=1 total=49
2026-04-19 03:05:04 INFO dataset: Stage1 intent=Travel created=1 total=49
2026-04-19 03:05:04 INFO dataset: Stage1 intent=Navigation created=1 total=48
2026-04-19 03:05:04 INFO dataset: Stage1 intent=Education created=1 total=49
2026-04-19 03:05:04 INFO dataset: Stage1 intent=Documentation created=1 total=49
2026-04-19 03:05:04 INFO dataset: Stage1 intent=media playback created=1 total=48
2026-04-19 03:05:04 INFO dataset: Stage1 intent=qr scanner created=1 total=47
2026-04-19 03:05:04 INFO dataset: Stage1 intent=status check created=1 total=46
2026-04-19 03:05:04 INFO dataset: Stage1 intent=notification created=1 total=47
2026-04-19 03:05:04 INFO dataset: Stage1 intent=Finance created=1 total=49
2026-04-19 03:05:04 INFO dataset: Stage1 intent=Healthcare created=1 total=49
2026-04-19 03:05:04 INFO dataset: Stage1 intent=Legal created=1 total=49
2026-04-19 03:05:04 INFO dataset: Stage1 intent=Real Estate created=1 total=49
2026-04-19 03:05:04 INFO dataset: Stage1 intent=Career created=1 total=49
2026-04-19 03:05:04 INFO dataset: Stage1 intent=Food and Dining created=1 total=46
2026-04-19 03:05:04 INFO dataset: Stage1 intent=Home Services created=1 total=49
2026-04-19 03:05:04 INFO dataset: Stage1 intent=Automotive created=1 total=47
2026-04-19 03:08:34 INFO dataset: Stage1 intent=Information Retrieval created=1 total=49
2026-04-19 03:08:34 INFO dataset: Stage1 intent=Entertainment created=1 total=49
2026-04-19 03:08:34 INFO dataset: Stage1 intent=product_lookup created=1 total=49
2026-04-19 03:08:34 INFO dataset: Stage1 intent=Booking created=1 total=47
2026-04-19 03:08:34 INFO dataset: Stage1 intent=weather created=1 total=49
2026-04-19 03:08:34 INFO dataset: Stage1 intent=data visualisation created=1 total=50
2026-04-19 03:08:34 INFO dataset: Stage1 intent=Planning created=1 total=50
2026-04-19 03:08:34 INFO dataset: Stage1 intent=productivity created=1 total=49
2026-04-19 03:08:34 INFO dataset: Stage1 intent=Recipe created=1 total=50
2026-04-19 03:08:34 INFO dataset: Stage1 intent=Localization created=1 total=48
2026-04-19 03:08:34 INFO dataset: Stage1 intent=Technical support created=1 total=50
2026-04-19 03:08:34 INFO dataset: Stage1 intent=Creating Writing created=1 total=50
2026-04-19 03:08:34 INFO dataset: Stage1 intent=Event Schedule created=1 total=47
2026-04-19 03:08:34 INFO dataset: Stage1 intent=Research Analysis created=1 total=48
2026-04-19 03:08:34 INFO dataset: Stage1 intent=Comparison created=1 total=49
2026-04-19 03:08:34 INFO dataset: Stage1 intent=calculation created=1 total=50
2026-04-19 03:08:34 INFO dataset: Stage1 intent=Travel created=1 total=50
2026-04-19 03:08:34 INFO dataset: Stage1 intent=Navigation created=1 total=49
2026-04-19 03:08:34 INFO dataset: Stage1 intent=Education created=1 total=50
2026-04-19 03:08:34 INFO dataset: Stage1 intent=Documentation created=1 total=50
2026-04-19 03:08:34 INFO dataset: Stage1 intent=media playback created=1 total=49
2026-04-19 03:08:34 INFO dataset: Stage1 intent=qr scanner created=1 total=48
2026-04-19 03:08:34 INFO dataset: Stage1 intent=status check created=1 total=47
2026-04-19 03:08:34 INFO dataset: Stage1 intent=notification created=1 total=48
2026-04-19 03:08:34 INFO dataset: Stage1 intent=Finance created=1 total=50
2026-04-19 03:08:34 INFO dataset: Stage1 intent=Healthcare created=1 total=50
2026-04-19 03:08:34 INFO dataset: Stage1 intent=Legal created=1 total=50
2026-04-19 03:08:34 INFO dataset: Stage1 intent=Real Estate created=1 total=50
2026-04-19 03:08:34 INFO dataset: Stage1 intent=Career created=1 total=50
2026-04-19 03:08:34 INFO dataset: Stage1 intent=Food and Dining created=1 total=47
2026-04-19 03:08:34 INFO dataset: Stage1 intent=Home Services created=1 total=50
2026-04-19 03:08:34 INFO dataset: Stage1 intent=Automotive created=1 total=48
2026-04-19 03:11:54 INFO dataset: Stage1 intent=Information Retrieval created=1 total=50
2026-04-19 03:11:54 INFO dataset: Stage1 intent=Entertainment created=1 total=50
2026-04-19 03:11:54 INFO dataset: Stage1 intent=product_lookup created=1 total=50
2026-04-19 03:11:54 INFO dataset: Stage1 intent=Booking created=1 total=48
2026-04-19 03:11:54 INFO dataset: Stage1 intent=weather created=1 total=50
2026-04-19 03:11:54 INFO dataset: Stage1 intent=data visualisation created=1 total=51
2026-04-19 03:11:54 INFO dataset: Stage1 intent=Planning created=1 total=51
2026-04-19 03:11:54 INFO dataset: Stage1 intent=productivity created=1 total=50
2026-04-19 03:11:54 INFO dataset: Stage1 intent=Recipe created=1 total=51
2026-04-19 03:11:54 INFO dataset: Stage1 intent=Localization created=1 total=49
2026-04-19 03:11:54 INFO dataset: Stage1 intent=Technical support created=1 total=51
2026-04-19 03:11:54 INFO dataset: Stage1 intent=Creating Writing created=1 total=51
2026-04-19 03:11:54 INFO dataset: Stage1 intent=Event Schedule created=1 total=48
2026-04-19 03:11:54 INFO dataset: Stage1 intent=Research Analysis created=1 total=49
2026-04-19 03:11:54 INFO dataset: Stage1 intent=Comparison created=1 total=50
2026-04-19 03:11:54 INFO dataset: Stage1 intent=calculation created=1 total=51
2026-04-19 03:11:54 INFO dataset: Stage1 intent=Travel created=1 total=51
2026-04-19 03:11:54 INFO dataset: Stage1 intent=Navigation created=1 total=50
2026-04-19 03:11:54 INFO dataset: Stage1 intent=Education created=1 total=51
2026-04-19 03:11:54 INFO dataset: Stage1 intent=Documentation created=1 total=51
2026-04-19 03:11:54 INFO dataset: Stage1 intent=media playback created=1 total=50
2026-04-19 03:11:54 INFO dataset: Stage1 intent=qr scanner created=1 total=49
2026-04-19 03:11:54 INFO dataset: Stage1 intent=status check created=1 total=48
2026-04-19 03:11:54 INFO dataset: Stage1 intent=notification created=1 total=49
2026-04-19 03:11:54 INFO dataset: Stage1 intent=Finance created=1 total=51
2026-04-19 03:11:54 INFO dataset: Stage1 intent=Healthcare created=1 total=51
2026-04-19 03:11:54 INFO dataset: Stage1 intent=Legal created=1 total=51
2026-04-19 03:11:54 INFO dataset: Stage1 intent=Real Estate created=1 total=51
2026-04-19 03:11:54 INFO dataset: Stage1 intent=Career created=1 total=51
2026-04-19 03:11:54 INFO dataset: Stage1 intent=Food and Dining created=1 total=48
2026-04-19 03:11:54 INFO dataset: Stage1 intent=Home Services created=1 total=51
2026-04-19 03:11:54 INFO dataset: Stage1 intent=Automotive created=1 total=49
2026-04-19 03:15:31 INFO dataset: Stage1 intent=Information Retrieval created=1 total=51
2026-04-19 03:15:31 INFO dataset: Stage1 intent=Entertainment created=1 total=51
2026-04-19 03:15:31 INFO dataset: Stage1 intent=product_lookup created=1 total=51
2026-04-19 03:15:31 INFO dataset: Stage1 intent=Booking created=1 total=49
2026-04-19 03:15:31 INFO dataset: Stage1 intent=weather created=1 total=51
2026-04-19 03:15:31 INFO dataset: Stage1 intent=data visualisation created=1 total=52
2026-04-19 03:15:31 INFO dataset: Stage1 intent=Planning created=1 total=52
2026-04-19 03:15:31 INFO dataset: Stage1 intent=productivity created=1 total=51
2026-04-19 03:15:31 INFO dataset: Stage1 intent=Recipe created=1 total=52
2026-04-19 03:15:31 INFO dataset: Stage1 intent=Localization created=1 total=50
2026-04-19 03:15:31 INFO dataset: Stage1 intent=Technical support created=1 total=52
2026-04-19 03:15:31 INFO dataset: Stage1 intent=Creating Writing created=1 total=52
2026-04-19 03:15:31 INFO dataset: Stage1 intent=Event Schedule created=1 total=49
2026-04-19 03:15:31 INFO dataset: Stage1 intent=Research Analysis created=1 total=50
2026-04-19 03:15:31 INFO dataset: Stage1 intent=Comparison created=1 total=51
2026-04-19 03:15:31 INFO dataset: Stage1 intent=calculation created=1 total=52
2026-04-19 03:15:31 INFO dataset: Stage1 intent=Travel created=1 total=52
2026-04-19 03:15:31 INFO dataset: Stage1 intent=Navigation created=1 total=51
2026-04-19 03:15:31 INFO dataset: Stage1 intent=Education created=1 total=52
2026-04-19 03:15:31 INFO dataset: Stage1 intent=Documentation created=1 total=52
2026-04-19 03:15:31 INFO dataset: Stage1 intent=media playback created=1 total=51
2026-04-19 03:15:31 INFO dataset: Stage1 intent=qr scanner created=1 total=50
2026-04-19 03:15:31 INFO dataset: Stage1 intent=status check created=1 total=49
2026-04-19 03:15:31 INFO dataset: Stage1 intent=notification created=1 total=50
2026-04-19 03:15:31 INFO dataset: Stage1 intent=Finance created=1 total=52
2026-04-19 03:15:31 INFO dataset: Stage1 intent=Healthcare created=1 total=52
2026-04-19 03:15:31 INFO dataset: Stage1 intent=Legal created=1 total=52
2026-04-19 03:15:31 INFO dataset: Stage1 intent=Real Estate created=1 total=52
2026-04-19 03:15:31 INFO dataset: Stage1 intent=Career created=1 total=52
2026-04-19 03:15:31 INFO dataset: Stage1 intent=Food and Dining created=1 total=49
2026-04-19 03:15:31 INFO dataset: Stage1 intent=Home Services created=1 total=52
2026-04-19 03:15:31 INFO dataset: Stage1 intent=Automotive created=1 total=50
2026-04-19 03:19:03 INFO dataset: Stage1 intent=Information Retrieval created=1 total=52
2026-04-19 03:19:03 INFO dataset: Stage1 intent=Entertainment created=1 total=52
2026-04-19 03:19:03 INFO dataset: Stage1 intent=product_lookup created=1 total=52
2026-04-19 03:19:03 INFO dataset: Stage1 intent=Booking created=1 total=50
2026-04-19 03:19:03 INFO dataset: Stage1 intent=weather created=1 total=52
2026-04-19 03:19:03 INFO dataset: Stage1 intent=data visualisation created=1 total=53
2026-04-19 03:19:03 INFO dataset: Stage1 intent=Planning created=1 total=53
2026-04-19 03:19:03 INFO dataset: Stage1 intent=productivity created=1 total=52
2026-04-19 03:19:03 INFO dataset: Stage1 intent=Recipe created=1 total=53
2026-04-19 03:19:03 INFO dataset: Stage1 intent=Localization created=1 total=51
2026-04-19 03:19:03 INFO dataset: Stage1 intent=Technical support created=1 total=53
2026-04-19 03:19:03 INFO dataset: Stage1 intent=Creating Writing created=1 total=53
2026-04-19 03:19:03 INFO dataset: Stage1 intent=Event Schedule created=1 total=50
2026-04-19 03:19:03 INFO dataset: Stage1 intent=Research Analysis created=1 total=51
2026-04-19 03:19:03 INFO dataset: Stage1 intent=Comparison created=1 total=52
2026-04-19 03:19:03 INFO dataset: Stage1 intent=calculation created=1 total=53
2026-04-19 03:19:03 INFO dataset: Stage1 intent=Travel created=1 total=53
2026-04-19 03:19:03 INFO dataset: Stage1 intent=Navigation created=1 total=52
2026-04-19 03:19:03 INFO dataset: Stage1 intent=Education created=1 total=53
2026-04-19 03:19:03 INFO dataset: Stage1 intent=Documentation created=1 total=53
2026-04-19 03:19:03 INFO dataset: Stage1 intent=media playback created=1 total=52
2026-04-19 03:19:03 INFO dataset: Stage1 intent=qr scanner created=1 total=51
2026-04-19 03:19:03 INFO dataset: Stage1 intent=status check created=1 total=50
2026-04-19 03:19:03 INFO dataset: Stage1 intent=notification created=1 total=51
2026-04-19 03:19:03 INFO dataset: Stage1 intent=Finance created=1 total=53
2026-04-19 03:19:03 INFO dataset: Stage1 intent=Healthcare created=1 total=53
2026-04-19 03:19:03 INFO dataset: Stage1 intent=Legal created=1 total=53
2026-04-19 03:19:03 ERROR dataset: Stage1 parse error intent=Real Estate: Unterminated string starting at: line 9 column 7 (char 914)
2026-04-19 03:19:03 INFO dataset: Stage1 intent=Career created=1 total=53
2026-04-19 03:19:03 INFO dataset: Stage1 intent=Food and Dining created=1 total=50
2026-04-19 03:19:03 INFO dataset: Stage1 intent=Home Services created=1 total=53
2026-04-19 03:19:03 INFO dataset: Stage1 intent=Automotive created=1 total=51
2026-04-19 03:22:31 INFO dataset: Stage1 intent=Information Retrieval created=1 total=53
2026-04-19 03:22:31 INFO dataset: Stage1 intent=Entertainment created=1 total=53
2026-04-19 03:22:31 INFO dataset: Stage1 intent=product_lookup created=1 total=53
2026-04-19 03:22:31 INFO dataset: Stage1 intent=Booking created=1 total=51
2026-04-19 03:22:31 INFO dataset: Stage1 intent=weather created=1 total=53
2026-04-19 03:22:31 INFO dataset: Stage1 intent=data visualisation created=1 total=54
2026-04-19 03:22:31 INFO dataset: Stage1 intent=Planning created=1 total=54
2026-04-19 03:22:31 INFO dataset: Stage1 intent=productivity created=1 total=53
2026-04-19 03:22:31 INFO dataset: Stage1 intent=Recipe created=1 total=54
2026-04-19 03:22:31 INFO dataset: Stage1 intent=Localization created=1 total=52
2026-04-19 03:22:31 INFO dataset: Stage1 intent=Technical support created=1 total=54
2026-04-19 03:22:31 INFO dataset: Stage1 intent=Creating Writing created=1 total=54
2026-04-19 03:22:31 ERROR dataset: Stage1 parse error intent=Event Schedule: Unterminated string starting at: line 3 column 19 (char 24)
2026-04-19 03:22:31 INFO dataset: Stage1 intent=Research Analysis created=1 total=52
2026-04-19 03:22:31 INFO dataset: Stage1 intent=Comparison created=1 total=53
2026-04-19 03:22:31 INFO dataset: Stage1 intent=calculation created=1 total=54
2026-04-19 03:22:31 INFO dataset: Stage1 intent=Travel created=1 total=54
2026-04-19 03:22:31 INFO dataset: Stage1 intent=Navigation created=1 total=53
2026-04-19 03:22:31 INFO dataset: Stage1 intent=Education created=1 total=54
2026-04-19 03:22:31 INFO dataset: Stage1 intent=Documentation created=1 total=54
2026-04-19 03:22:31 INFO dataset: Stage1 intent=media playback created=1 total=53
2026-04-19 03:22:31 INFO dataset: Stage1 intent=qr scanner created=1 total=52
2026-04-19 03:22:31 INFO dataset: Stage1 intent=status check created=1 total=51
2026-04-19 03:22:31 INFO dataset: Stage1 intent=notification created=1 total=52
2026-04-19 03:22:31 INFO dataset: Stage1 intent=Finance created=1 total=54
2026-04-19 03:22:31 INFO dataset: Stage1 intent=Healthcare created=1 total=54
2026-04-19 03:22:31 INFO dataset: Stage1 intent=Legal created=1 total=54
2026-04-19 03:22:31 INFO dataset: Stage1 intent=Real Estate created=1 total=53
2026-04-19 03:22:31 INFO dataset: Stage1 intent=Career created=1 total=54
2026-04-19 03:22:31 INFO dataset: Stage1 intent=Food and Dining created=1 total=51
2026-04-19 03:22:31 INFO dataset: Stage1 intent=Home Services created=1 total=54
2026-04-19 03:22:31 INFO dataset: Stage1 intent=Automotive created=1 total=52
2026-04-19 03:26:02 INFO dataset: Stage1 intent=Information Retrieval created=1 total=54
2026-04-19 03:26:02 INFO dataset: Stage1 intent=Entertainment created=1 total=54
2026-04-19 03:26:02 INFO dataset: Stage1 intent=product_lookup created=1 total=54
2026-04-19 03:26:02 INFO dataset: Stage1 intent=Booking created=1 total=52
2026-04-19 03:26:02 INFO dataset: Stage1 intent=weather created=1 total=54
2026-04-19 03:26:02 INFO dataset: Stage1 intent=data visualisation created=1 total=55
2026-04-19 03:26:02 INFO dataset: Stage1 intent=Planning created=1 total=55
2026-04-19 03:26:02 INFO dataset: Stage1 intent=productivity created=1 total=54
2026-04-19 03:26:02 INFO dataset: Stage1 intent=Recipe created=1 total=55
2026-04-19 03:26:02 INFO dataset: Stage1 intent=Localization created=1 total=53
2026-04-19 03:26:02 INFO dataset: Stage1 intent=Technical support created=1 total=55
2026-04-19 03:26:02 INFO dataset: Stage1 intent=Creating Writing created=1 total=55
2026-04-19 03:26:02 INFO dataset: Stage1 intent=Event Schedule created=1 total=51
2026-04-19 03:26:02 INFO dataset: Stage1 intent=Research Analysis created=1 total=53
2026-04-19 03:26:02 INFO dataset: Stage1 intent=Comparison created=1 total=54
2026-04-19 03:26:02 INFO dataset: Stage1 intent=calculation created=1 total=55
2026-04-19 03:26:02 INFO dataset: Stage1 intent=Travel created=1 total=55
2026-04-19 03:26:02 INFO dataset: Stage1 intent=Navigation created=1 total=54
2026-04-19 03:26:02 INFO dataset: Stage1 intent=Education created=1 total=55
2026-04-19 03:26:02 INFO dataset: Stage1 intent=Documentation created=1 total=55
2026-04-19 03:26:02 INFO dataset: Stage1 intent=media playback created=1 total=54
2026-04-19 03:26:02 INFO dataset: Stage1 intent=qr scanner created=1 total=53
2026-04-19 03:26:02 INFO dataset: Stage1 intent=status check created=1 total=52
2026-04-19 03:26:02 INFO dataset: Stage1 intent=notification created=1 total=53
2026-04-19 03:26:02 INFO dataset: Stage1 intent=Finance created=1 total=55
2026-04-19 03:26:02 INFO dataset: Stage1 intent=Healthcare created=1 total=55
2026-04-19 03:26:02 INFO dataset: Stage1 intent=Legal created=1 total=55
2026-04-19 03:26:02 INFO dataset: Stage1 intent=Real Estate created=1 total=54
2026-04-19 03:26:02 INFO dataset: Stage1 intent=Career created=1 total=55
2026-04-19 03:26:02 INFO dataset: Stage1 intent=Food and Dining created=1 total=52
2026-04-19 03:26:02 INFO dataset: Stage1 intent=Home Services created=1 total=55
2026-04-19 03:26:02 INFO dataset: Stage1 intent=Automotive created=1 total=53
2026-04-19 03:29:25 INFO dataset: Stage1 intent=Information Retrieval created=1 total=55
2026-04-19 03:29:25 INFO dataset: Stage1 intent=Entertainment created=1 total=55
2026-04-19 03:29:25 INFO dataset: Stage1 intent=product_lookup created=1 total=55
2026-04-19 03:29:25 INFO dataset: Stage1 intent=Booking created=1 total=53
2026-04-19 03:29:25 INFO dataset: Stage1 intent=weather created=1 total=55
2026-04-19 03:29:25 INFO dataset: Stage1 intent=data visualisation created=1 total=56
2026-04-19 03:29:25 INFO dataset: Stage1 intent=Planning created=1 total=56
2026-04-19 03:29:25 INFO dataset: Stage1 intent=productivity created=1 total=55
2026-04-19 03:29:25 INFO dataset: Stage1 intent=Recipe created=1 total=56
2026-04-19 03:29:25 INFO dataset: Stage1 intent=Localization created=1 total=54
2026-04-19 03:29:25 INFO dataset: Stage1 intent=Technical support created=1 total=56
2026-04-19 03:29:25 INFO dataset: Stage1 intent=Creating Writing created=1 total=56
2026-04-19 03:29:25 INFO dataset: Stage1 intent=Event Schedule created=1 total=52
2026-04-19 03:29:25 INFO dataset: Stage1 intent=Research Analysis created=1 total=54
2026-04-19 03:29:25 INFO dataset: Stage1 intent=Comparison created=1 total=55
2026-04-19 03:29:25 INFO dataset: Stage1 intent=calculation created=1 total=56
2026-04-19 03:29:25 INFO dataset: Stage1 intent=Travel created=1 total=56
2026-04-19 03:29:25 INFO dataset: Stage1 intent=Navigation created=1 total=55
2026-04-19 03:29:25 INFO dataset: Stage1 intent=Education created=1 total=56
2026-04-19 03:29:25 INFO dataset: Stage1 intent=Documentation created=1 total=56
2026-04-19 03:29:25 INFO dataset: Stage1 intent=media playback created=1 total=55
2026-04-19 03:29:25 INFO dataset: Stage1 intent=qr scanner created=1 total=54
2026-04-19 03:29:25 INFO dataset: Stage1 intent=status check created=1 total=53
2026-04-19 03:29:25 INFO dataset: Stage1 intent=notification created=1 total=54
2026-04-19 03:29:25 INFO dataset: Stage1 intent=Finance created=1 total=56
2026-04-19 03:29:25 INFO dataset: Stage1 intent=Healthcare created=1 total=56
2026-04-19 03:29:25 INFO dataset: Stage1 intent=Legal created=1 total=56
2026-04-19 03:29:25 INFO dataset: Stage1 intent=Real Estate created=1 total=55
2026-04-19 03:29:25 INFO dataset: Stage1 intent=Career created=1 total=56
2026-04-19 03:29:25 INFO dataset: Stage1 intent=Food and Dining created=1 total=53
2026-04-19 03:29:25 INFO dataset: Stage1 intent=Home Services created=1 total=56
2026-04-19 03:29:25 INFO dataset: Stage1 intent=Automotive created=1 total=54
2026-04-19 03:32:50 INFO dataset: Stage1 intent=Information Retrieval created=1 total=56
2026-04-19 03:32:50 INFO dataset: Stage1 intent=Entertainment created=1 total=56
2026-04-19 03:32:50 INFO dataset: Stage1 intent=product_lookup created=1 total=56
2026-04-19 03:32:50 INFO dataset: Stage1 intent=Booking created=1 total=54
2026-04-19 03:32:50 INFO dataset: Stage1 intent=weather created=1 total=56
2026-04-19 03:32:50 INFO dataset: Stage1 intent=data visualisation created=1 total=57
2026-04-19 03:32:50 INFO dataset: Stage1 intent=Planning created=1 total=57
2026-04-19 03:32:50 INFO dataset: Stage1 intent=productivity created=1 total=56
2026-04-19 03:32:50 INFO dataset: Stage1 intent=Recipe created=1 total=57
2026-04-19 03:32:50 INFO dataset: Stage1 intent=Localization created=1 total=55
2026-04-19 03:32:50 INFO dataset: Stage1 intent=Technical support created=1 total=57
2026-04-19 03:32:50 INFO dataset: Stage1 intent=Creating Writing created=1 total=57
2026-04-19 03:32:50 INFO dataset: Stage1 intent=Event Schedule created=1 total=53
2026-04-19 03:32:50 INFO dataset: Stage1 intent=Research Analysis created=1 total=55
2026-04-19 03:32:50 INFO dataset: Stage1 intent=Comparison created=1 total=56
2026-04-19 03:32:50 INFO dataset: Stage1 intent=calculation created=1 total=57
2026-04-19 03:32:50 INFO dataset: Stage1 intent=Travel created=1 total=57
2026-04-19 03:32:50 INFO dataset: Stage1 intent=Navigation created=1 total=56
2026-04-19 03:32:50 INFO dataset: Stage1 intent=Education created=1 total=57
2026-04-19 03:32:50 INFO dataset: Stage1 intent=Documentation created=1 total=57
2026-04-19 03:32:50 INFO dataset: Stage1 intent=media playback created=1 total=56
2026-04-19 03:32:50 INFO dataset: Stage1 intent=qr scanner created=1 total=55
2026-04-19 03:32:50 INFO dataset: Stage1 intent=status check created=1 total=54
2026-04-19 03:32:50 INFO dataset: Stage1 intent=notification created=1 total=55
2026-04-19 03:32:50 INFO dataset: Stage1 intent=Finance created=1 total=57
2026-04-19 03:32:50 INFO dataset: Stage1 intent=Healthcare created=1 total=57
2026-04-19 03:32:50 INFO dataset: Stage1 intent=Legal created=1 total=57
2026-04-19 03:32:50 INFO dataset: Stage1 intent=Real Estate created=1 total=56
2026-04-19 03:32:50 INFO dataset: Stage1 intent=Career created=1 total=57
2026-04-19 03:32:50 INFO dataset: Stage1 intent=Food and Dining created=1 total=54
2026-04-19 03:32:50 INFO dataset: Stage1 intent=Home Services created=1 total=57
2026-04-19 03:32:50 INFO dataset: Stage1 intent=Automotive created=1 total=55
2026-04-19 03:36:23 INFO dataset: Stage1 intent=Information Retrieval created=1 total=57
2026-04-19 03:36:23 INFO dataset: Stage1 intent=Entertainment created=1 total=57
2026-04-19 03:36:23 INFO dataset: Stage1 intent=product_lookup created=1 total=57
2026-04-19 03:36:23 INFO dataset: Stage1 intent=Booking created=1 total=55
2026-04-19 03:36:23 INFO dataset: Stage1 intent=weather created=1 total=57
2026-04-19 03:36:23 INFO dataset: Stage1 intent=data visualisation created=1 total=58
2026-04-19 03:36:23 INFO dataset: Stage1 intent=Planning created=1 total=58
2026-04-19 03:36:23 INFO dataset: Stage1 intent=productivity created=1 total=57
2026-04-19 03:36:23 INFO dataset: Stage1 intent=Recipe created=1 total=58
2026-04-19 03:36:23 INFO dataset: Stage1 intent=Localization created=1 total=56
2026-04-19 03:36:23 INFO dataset: Stage1 intent=Technical support created=1 total=58
2026-04-19 03:36:23 INFO dataset: Stage1 intent=Creating Writing created=1 total=58
2026-04-19 03:36:23 INFO dataset: Stage1 intent=Event Schedule created=1 total=54
2026-04-19 03:36:23 INFO dataset: Stage1 intent=Research Analysis created=1 total=56
2026-04-19 03:36:23 INFO dataset: Stage1 intent=Comparison created=1 total=57
2026-04-19 03:36:23 INFO dataset: Stage1 intent=calculation created=1 total=58
2026-04-19 03:36:23 INFO dataset: Stage1 intent=Travel created=1 total=58
2026-04-19 03:36:23 INFO dataset: Stage1 intent=Navigation created=1 total=57
2026-04-19 03:36:23 INFO dataset: Stage1 intent=Education created=1 total=58
2026-04-19 03:36:23 INFO dataset: Stage1 intent=Documentation created=1 total=58
2026-04-19 03:36:23 INFO dataset: Stage1 intent=media playback created=1 total=57
2026-04-19 03:36:23 INFO dataset: Stage1 intent=qr scanner created=1 total=56
2026-04-19 03:36:23 INFO dataset: Stage1 intent=status check created=1 total=55
2026-04-19 03:36:23 INFO dataset: Stage1 intent=notification created=1 total=56
2026-04-19 03:36:23 INFO dataset: Stage1 intent=Finance created=1 total=58
2026-04-19 03:36:23 INFO dataset: Stage1 intent=Healthcare created=1 total=58
2026-04-19 03:36:23 INFO dataset: Stage1 intent=Legal created=1 total=58
2026-04-19 03:36:23 INFO dataset: Stage1 intent=Real Estate created=1 total=57
2026-04-19 03:36:23 INFO dataset: Stage1 intent=Career created=1 total=58
2026-04-19 03:36:23 INFO dataset: Stage1 intent=Food and Dining created=1 total=55
2026-04-19 03:36:23 INFO dataset: Stage1 intent=Home Services created=1 total=58
2026-04-19 03:36:23 INFO dataset: Stage1 intent=Automotive created=1 total=56
2026-04-19 03:39:52 INFO dataset: Stage1 intent=Information Retrieval created=1 total=58
2026-04-19 03:39:52 INFO dataset: Stage1 intent=Entertainment created=1 total=58
2026-04-19 03:39:52 INFO dataset: Stage1 intent=product_lookup created=1 total=58
2026-04-19 03:39:52 INFO dataset: Stage1 intent=Booking created=1 total=56
2026-04-19 03:39:52 INFO dataset: Stage1 intent=weather created=1 total=58
2026-04-19 03:39:52 INFO dataset: Stage1 intent=data visualisation created=1 total=59
2026-04-19 03:39:52 INFO dataset: Stage1 intent=Planning created=1 total=59
2026-04-19 03:39:52 INFO dataset: Stage1 intent=productivity created=1 total=58
2026-04-19 03:39:52 INFO dataset: Stage1 intent=Recipe created=1 total=59
2026-04-19 03:39:52 INFO dataset: Stage1 intent=Localization created=1 total=57
2026-04-19 03:39:52 INFO dataset: Stage1 intent=Technical support created=1 total=59
2026-04-19 03:39:52 INFO dataset: Stage1 intent=Creating Writing created=1 total=59
2026-04-19 03:39:52 INFO dataset: Stage1 intent=Event Schedule created=1 total=55
2026-04-19 03:39:52 INFO dataset: Stage1 intent=Research Analysis created=1 total=57
2026-04-19 03:39:52 INFO dataset: Stage1 intent=Comparison created=1 total=58
2026-04-19 03:39:52 INFO dataset: Stage1 intent=calculation created=1 total=59
2026-04-19 03:39:52 INFO dataset: Stage1 intent=Travel created=1 total=59
2026-04-19 03:39:52 INFO dataset: Stage1 intent=Navigation created=1 total=58
2026-04-19 03:39:52 INFO dataset: Stage1 intent=Education created=1 total=59
2026-04-19 03:39:52 INFO dataset: Stage1 intent=Documentation created=1 total=59
2026-04-19 03:39:52 INFO dataset: Stage1 intent=media playback created=1 total=58
2026-04-19 03:39:52 INFO dataset: Stage1 intent=qr scanner created=1 total=57
2026-04-19 03:39:52 INFO dataset: Stage1 intent=status check created=1 total=56
2026-04-19 03:39:52 INFO dataset: Stage1 intent=notification created=1 total=57
2026-04-19 03:39:52 INFO dataset: Stage1 intent=Finance created=1 total=59
2026-04-19 03:39:52 INFO dataset: Stage1 intent=Healthcare created=1 total=59
2026-04-19 03:39:52 INFO dataset: Stage1 intent=Legal created=1 total=59
2026-04-19 03:39:52 INFO dataset: Stage1 intent=Real Estate created=1 total=58
2026-04-19 03:39:52 INFO dataset: Stage1 intent=Career created=1 total=59
2026-04-19 03:39:52 INFO dataset: Stage1 intent=Food and Dining created=1 total=56
2026-04-19 03:39:52 INFO dataset: Stage1 intent=Home Services created=1 total=59
2026-04-19 03:39:52 INFO dataset: Stage1 intent=Automotive created=1 total=57
2026-04-19 03:43:18 INFO dataset: Stage1 intent=Information Retrieval created=1 total=59
2026-04-19 03:43:18 INFO dataset: Stage1 intent=Entertainment created=1 total=59
2026-04-19 03:43:18 INFO dataset: Stage1 intent=product_lookup created=1 total=59
2026-04-19 03:43:18 INFO dataset: Stage1 intent=Booking created=1 total=57
2026-04-19 03:43:18 INFO dataset: Stage1 intent=weather created=1 total=59
2026-04-19 03:43:18 INFO dataset: Stage1 intent=data visualisation created=1 total=60
2026-04-19 03:43:18 INFO dataset: Stage1 intent=Planning created=1 total=60
2026-04-19 03:43:18 INFO dataset: Stage1 intent=productivity created=1 total=59
2026-04-19 03:43:18 INFO dataset: Stage1 intent=Recipe created=1 total=60
2026-04-19 03:43:18 INFO dataset: Stage1 intent=Localization created=1 total=58
2026-04-19 03:43:18 INFO dataset: Stage1 intent=Technical support created=1 total=60
2026-04-19 03:43:18 INFO dataset: Stage1 intent=Creating Writing created=1 total=60
2026-04-19 03:43:18 INFO dataset: Stage1 intent=Event Schedule created=1 total=56
2026-04-19 03:43:18 INFO dataset: Stage1 intent=Research Analysis created=1 total=58
2026-04-19 03:43:18 INFO dataset: Stage1 intent=Comparison created=1 total=59
2026-04-19 03:43:18 INFO dataset: Stage1 intent=calculation created=1 total=60
2026-04-19 03:43:18 INFO dataset: Stage1 intent=Travel created=1 total=60
2026-04-19 03:43:18 INFO dataset: Stage1 intent=Navigation created=1 total=59
2026-04-19 03:43:18 INFO dataset: Stage1 intent=Education created=1 total=60
2026-04-19 03:43:18 INFO dataset: Stage1 intent=Documentation created=1 total=60
2026-04-19 03:43:18 INFO dataset: Stage1 intent=media playback created=1 total=59
2026-04-19 03:43:18 INFO dataset: Stage1 intent=qr scanner created=1 total=58
2026-04-19 03:43:18 INFO dataset: Stage1 intent=status check created=1 total=57
2026-04-19 03:43:18 INFO dataset: Stage1 intent=notification created=1 total=58
2026-04-19 03:43:18 INFO dataset: Stage1 intent=Finance created=1 total=60
2026-04-19 03:43:18 INFO dataset: Stage1 intent=Healthcare created=1 total=60
2026-04-19 03:43:18 INFO dataset: Stage1 intent=Legal created=1 total=60
2026-04-19 03:43:18 INFO dataset: Stage1 intent=Real Estate created=1 total=59
2026-04-19 03:43:18 INFO dataset: Stage1 intent=Career created=1 total=60
2026-04-19 03:43:18 INFO dataset: Stage1 intent=Food and Dining created=1 total=57
2026-04-19 03:43:18 INFO dataset: Stage1 intent=Home Services created=1 total=60
2026-04-19 03:43:18 INFO dataset: Stage1 intent=Automotive created=1 total=58
2026-04-19 03:46:49 INFO dataset: Stage1 intent=Information Retrieval created=1 total=60
2026-04-19 03:46:49 INFO dataset: Stage1 intent=Entertainment created=1 total=60
2026-04-19 03:46:49 INFO dataset: Stage1 intent=product_lookup created=1 total=60
2026-04-19 03:46:49 INFO dataset: Stage1 intent=Booking created=1 total=58
2026-04-19 03:46:49 INFO dataset: Stage1 intent=weather created=1 total=60
2026-04-19 03:46:49 INFO dataset: Stage1 intent=data visualisation created=1 total=61
2026-04-19 03:46:49 INFO dataset: Stage1 intent=Planning created=1 total=61
2026-04-19 03:46:49 INFO dataset: Stage1 intent=productivity created=1 total=60
2026-04-19 03:46:49 INFO dataset: Stage1 intent=Recipe created=1 total=61
2026-04-19 03:46:49 INFO dataset: Stage1 intent=Localization created=1 total=59
2026-04-19 03:46:49 INFO dataset: Stage1 intent=Technical support created=1 total=61
2026-04-19 03:46:49 INFO dataset: Stage1 intent=Creating Writing created=1 total=61
2026-04-19 03:46:49 ERROR dataset: Stage1 parse error intent=Event Schedule: Unterminated string starting at: line 3 column 19 (char 24)
2026-04-19 03:46:49 INFO dataset: Stage1 intent=Research Analysis created=1 total=59
2026-04-19 03:46:49 INFO dataset: Stage1 intent=Comparison created=1 total=60
2026-04-19 03:46:49 INFO dataset: Stage1 intent=calculation created=1 total=61
2026-04-19 03:46:49 INFO dataset: Stage1 intent=Travel created=1 total=61
2026-04-19 03:46:49 INFO dataset: Stage1 intent=Navigation created=1 total=60
2026-04-19 03:46:49 INFO dataset: Stage1 intent=Education created=1 total=61
2026-04-19 03:46:49 INFO dataset: Stage1 intent=Documentation created=1 total=61
2026-04-19 03:46:49 INFO dataset: Stage1 intent=media playback created=1 total=60
2026-04-19 03:46:49 INFO dataset: Stage1 intent=qr scanner created=1 total=59
2026-04-19 03:46:49 INFO dataset: Stage1 intent=status check created=1 total=58
2026-04-19 03:46:49 INFO dataset: Stage1 intent=notification created=1 total=59
2026-04-19 03:46:49 INFO dataset: Stage1 intent=Finance created=1 total=61
2026-04-19 03:46:49 INFO dataset: Stage1 intent=Healthcare created=1 total=61
2026-04-19 03:46:49 INFO dataset: Stage1 intent=Legal created=1 total=61
2026-04-19 03:46:49 INFO dataset: Stage1 intent=Real Estate created=1 total=60
2026-04-19 03:46:49 INFO dataset: Stage1 intent=Career created=1 total=61
2026-04-19 03:46:49 INFO dataset: Stage1 intent=Food and Dining created=1 total=58
2026-04-19 03:46:49 INFO dataset: Stage1 intent=Home Services created=1 total=61
2026-04-19 03:46:49 INFO dataset: Stage1 intent=Automotive created=1 total=59
2026-04-19 03:50:11 INFO dataset: Stage1 intent=Information Retrieval created=1 total=61
2026-04-19 03:50:11 INFO dataset: Stage1 intent=Entertainment created=1 total=61
2026-04-19 03:50:11 INFO dataset: Stage1 intent=product_lookup created=1 total=61
2026-04-19 03:50:11 INFO dataset: Stage1 intent=Booking created=1 total=59
2026-04-19 03:50:11 INFO dataset: Stage1 intent=weather created=1 total=61
2026-04-19 03:50:11 INFO dataset: Stage1 intent=data visualisation created=1 total=62
2026-04-19 03:50:11 INFO dataset: Stage1 intent=Planning created=1 total=62
2026-04-19 03:50:11 INFO dataset: Stage1 intent=productivity created=1 total=61
2026-04-19 03:50:11 INFO dataset: Stage1 intent=Recipe created=1 total=62
2026-04-19 03:50:11 INFO dataset: Stage1 intent=Localization created=1 total=60
2026-04-19 03:50:11 INFO dataset: Stage1 intent=Technical support created=1 total=62
2026-04-19 03:50:11 INFO dataset: Stage1 intent=Creating Writing created=1 total=62
2026-04-19 03:50:11 INFO dataset: Stage1 intent=Event Schedule created=1 total=57
2026-04-19 03:50:11 INFO dataset: Stage1 intent=Research Analysis created=1 total=60
2026-04-19 03:50:11 INFO dataset: Stage1 intent=Comparison created=1 total=61
2026-04-19 03:50:11 INFO dataset: Stage1 intent=calculation created=1 total=62
2026-04-19 03:50:11 INFO dataset: Stage1 intent=Travel created=1 total=62
2026-04-19 03:50:11 INFO dataset: Stage1 intent=Navigation created=1 total=61
2026-04-19 03:50:11 INFO dataset: Stage1 intent=Education created=1 total=62
2026-04-19 03:50:11 INFO dataset: Stage1 intent=Documentation created=1 total=62
2026-04-19 03:50:11 INFO dataset: Stage1 intent=media playback created=1 total=61
2026-04-19 03:50:11 INFO dataset: Stage1 intent=qr scanner created=1 total=60
2026-04-19 03:50:11 INFO dataset: Stage1 intent=status check created=1 total=59
2026-04-19 03:50:11 INFO dataset: Stage1 intent=notification created=1 total=60
2026-04-19 03:50:11 INFO dataset: Stage1 intent=Finance created=1 total=62
2026-04-19 03:50:11 INFO dataset: Stage1 intent=Healthcare created=1 total=62
2026-04-19 03:50:11 INFO dataset: Stage1 intent=Legal created=1 total=62
2026-04-19 03:50:11 INFO dataset: Stage1 intent=Real Estate created=1 total=61
2026-04-19 03:50:11 INFO dataset: Stage1 intent=Career created=1 total=62
2026-04-19 03:50:11 INFO dataset: Stage1 intent=Food and Dining created=1 total=59
2026-04-19 03:50:11 INFO dataset: Stage1 intent=Home Services created=1 total=62
2026-04-19 03:50:11 INFO dataset: Stage1 intent=Automotive created=1 total=60
2026-04-19 03:53:37 INFO dataset: Stage1 intent=Information Retrieval created=1 total=62
2026-04-19 03:53:37 INFO dataset: Stage1 intent=Entertainment created=1 total=62
2026-04-19 03:53:37 INFO dataset: Stage1 intent=product_lookup created=1 total=62
2026-04-19 03:53:37 INFO dataset: Stage1 intent=Booking created=1 total=60
2026-04-19 03:53:37 INFO dataset: Stage1 intent=weather created=1 total=62
2026-04-19 03:53:37 INFO dataset: Stage1 intent=data visualisation created=1 total=63
2026-04-19 03:53:37 INFO dataset: Stage1 intent=Planning created=1 total=63
2026-04-19 03:53:37 INFO dataset: Stage1 intent=productivity created=1 total=62
2026-04-19 03:53:37 INFO dataset: Stage1 intent=Recipe created=1 total=63
2026-04-19 03:53:37 INFO dataset: Stage1 intent=Localization created=1 total=61
2026-04-19 03:53:37 INFO dataset: Stage1 intent=Technical support created=1 total=63
2026-04-19 03:53:37 INFO dataset: Stage1 intent=Creating Writing created=1 total=63
2026-04-19 03:53:37 INFO dataset: Stage1 intent=Event Schedule created=1 total=58
2026-04-19 03:53:37 INFO dataset: Stage1 intent=Research Analysis created=1 total=61
2026-04-19 03:53:37 INFO dataset: Stage1 intent=Comparison created=1 total=62
2026-04-19 03:53:37 INFO dataset: Stage1 intent=calculation created=1 total=63
2026-04-19 03:53:37 INFO dataset: Stage1 intent=Travel created=1 total=63
2026-04-19 03:53:37 INFO dataset: Stage1 intent=Navigation created=1 total=62
2026-04-19 03:53:37 INFO dataset: Stage1 intent=Education created=1 total=63
2026-04-19 03:53:37 INFO dataset: Stage1 intent=Documentation created=1 total=63
2026-04-19 03:53:37 INFO dataset: Stage1 intent=media playback created=1 total=62
2026-04-19 03:53:37 INFO dataset: Stage1 intent=qr scanner created=1 total=61
2026-04-19 03:53:37 INFO dataset: Stage1 intent=status check created=1 total=60
2026-04-19 03:53:37 INFO dataset: Stage1 intent=notification created=1 total=61
2026-04-19 03:53:37 INFO dataset: Stage1 intent=Finance created=1 total=63
2026-04-19 03:53:37 INFO dataset: Stage1 intent=Healthcare created=1 total=63
2026-04-19 03:53:37 INFO dataset: Stage1 intent=Legal created=1 total=63
2026-04-19 03:53:37 INFO dataset: Stage1 intent=Real Estate created=1 total=62
2026-04-19 03:53:37 INFO dataset: Stage1 intent=Career created=1 total=63
2026-04-19 03:53:37 INFO dataset: Stage1 intent=Food and Dining created=1 total=60
2026-04-19 03:53:37 INFO dataset: Stage1 intent=Home Services created=1 total=63
2026-04-19 03:53:37 INFO dataset: Stage1 intent=Automotive created=1 total=61
2026-04-19 03:57:20 INFO dataset: Stage1 intent=Information Retrieval created=1 total=63
2026-04-19 03:57:20 INFO dataset: Stage1 intent=Entertainment created=1 total=63
2026-04-19 03:57:20 ERROR dataset: Stage1 parse error intent=product_lookup: Unterminated string starting at: line 3 column 19 (char 24)
2026-04-19 03:57:20 INFO dataset: Stage1 intent=Booking created=1 total=61
2026-04-19 03:57:20 INFO dataset: Stage1 intent=weather created=1 total=63
2026-04-19 03:57:20 INFO dataset: Stage1 intent=data visualisation created=1 total=64
2026-04-19 03:57:20 INFO dataset: Stage1 intent=Planning created=1 total=64
2026-04-19 03:57:20 INFO dataset: Stage1 intent=productivity created=1 total=63
2026-04-19 03:57:20 INFO dataset: Stage1 intent=Recipe created=1 total=64
2026-04-19 03:57:20 INFO dataset: Stage1 intent=Localization created=1 total=62
2026-04-19 03:57:20 INFO dataset: Stage1 intent=Technical support created=1 total=64
2026-04-19 03:57:20 INFO dataset: Stage1 intent=Creating Writing created=1 total=64
2026-04-19 03:57:20 INFO dataset: Stage1 intent=Event Schedule created=1 total=59
2026-04-19 03:57:20 INFO dataset: Stage1 intent=Research Analysis created=1 total=62
2026-04-19 03:57:20 INFO dataset: Stage1 intent=Comparison created=1 total=63
2026-04-19 03:57:20 INFO dataset: Stage1 intent=calculation created=1 total=64
2026-04-19 03:57:20 INFO dataset: Stage1 intent=Travel created=1 total=64
2026-04-19 03:57:20 INFO dataset: Stage1 intent=Navigation created=1 total=63
2026-04-19 03:57:20 INFO dataset: Stage1 intent=Education created=1 total=64
2026-04-19 03:57:20 INFO dataset: Stage1 intent=Documentation created=1 total=64
2026-04-19 03:57:20 INFO dataset: Stage1 intent=media playback created=1 total=63
2026-04-19 03:57:20 INFO dataset: Stage1 intent=qr scanner created=1 total=62
2026-04-19 03:57:20 INFO dataset: Stage1 intent=status check created=1 total=61
2026-04-19 03:57:20 INFO dataset: Stage1 intent=notification created=1 total=62
2026-04-19 03:57:20 INFO dataset: Stage1 intent=Finance created=1 total=64
2026-04-19 03:57:20 INFO dataset: Stage1 intent=Healthcare created=1 total=64
2026-04-19 03:57:20 INFO dataset: Stage1 intent=Legal created=1 total=64
2026-04-19 03:57:20 INFO dataset: Stage1 intent=Real Estate created=1 total=63
2026-04-19 03:57:20 INFO dataset: Stage1 intent=Career created=1 total=64
2026-04-19 03:57:20 INFO dataset: Stage1 intent=Food and Dining created=1 total=61
2026-04-19 03:57:20 ERROR dataset: Stage1 parse error intent=Home Services: Unterminated string starting at: line 3 column 19 (char 24)
2026-04-19 03:57:20 INFO dataset: Stage1 intent=Automotive created=1 total=62
2026-04-19 04:00:40 INFO dataset: Stage1 intent=Information Retrieval created=1 total=64
2026-04-19 04:00:40 INFO dataset: Stage1 intent=Entertainment created=1 total=64
2026-04-19 04:00:40 INFO dataset: Stage1 intent=product_lookup created=1 total=63
2026-04-19 04:00:40 INFO dataset: Stage1 intent=Booking created=1 total=62
2026-04-19 04:00:40 INFO dataset: Stage1 intent=weather created=1 total=64
2026-04-19 04:00:40 INFO dataset: Stage1 intent=data visualisation created=1 total=65
2026-04-19 04:00:40 INFO dataset: Stage1 intent=Planning created=1 total=65
2026-04-19 04:00:40 INFO dataset: Stage1 intent=productivity created=1 total=64
2026-04-19 04:00:40 INFO dataset: Stage1 intent=Recipe created=1 total=65
2026-04-19 04:00:40 INFO dataset: Stage1 intent=Localization created=1 total=63
2026-04-19 04:00:40 INFO dataset: Stage1 intent=Technical support created=1 total=65
2026-04-19 04:00:40 INFO dataset: Stage1 intent=Creating Writing created=1 total=65
2026-04-19 04:00:40 INFO dataset: Stage1 intent=Event Schedule created=1 total=60
2026-04-19 04:00:40 INFO dataset: Stage1 intent=Research Analysis created=1 total=63
2026-04-19 04:00:40 INFO dataset: Stage1 intent=Comparison created=1 total=64
2026-04-19 04:00:40 INFO dataset: Stage1 intent=calculation created=1 total=65
2026-04-19 04:00:40 INFO dataset: Stage1 intent=Travel created=1 total=65
2026-04-19 04:00:40 INFO dataset: Stage1 intent=Navigation created=1 total=64
2026-04-19 04:00:40 INFO dataset: Stage1 intent=Education created=1 total=65
2026-04-19 04:00:40 INFO dataset: Stage1 intent=Documentation created=1 total=65
2026-04-19 04:00:40 INFO dataset: Stage1 intent=media playback created=1 total=64
2026-04-19 04:00:40 INFO dataset: Stage1 intent=qr scanner created=1 total=63
2026-04-19 04:00:40 INFO dataset: Stage1 intent=status check created=1 total=62
2026-04-19 04:00:40 INFO dataset: Stage1 intent=notification created=1 total=63
2026-04-19 04:00:40 INFO dataset: Stage1 intent=Finance created=1 total=65
2026-04-19 04:00:40 INFO dataset: Stage1 intent=Healthcare created=1 total=65
2026-04-19 04:00:40 INFO dataset: Stage1 intent=Legal created=1 total=65
2026-04-19 04:00:40 INFO dataset: Stage1 intent=Real Estate created=1 total=64
2026-04-19 04:00:40 INFO dataset: Stage1 intent=Career created=1 total=65
2026-04-19 04:00:40 INFO dataset: Stage1 intent=Food and Dining created=1 total=62
2026-04-19 04:00:40 INFO dataset: Stage1 intent=Home Services created=1 total=64
2026-04-19 04:00:40 INFO dataset: Stage1 intent=Automotive created=1 total=63
2026-04-19 04:04:04 INFO dataset: Stage1 intent=Information Retrieval created=1 total=65
2026-04-19 04:04:04 INFO dataset: Stage1 intent=Entertainment created=1 total=65
2026-04-19 04:04:04 INFO dataset: Stage1 intent=product_lookup created=1 total=64
2026-04-19 04:04:04 INFO dataset: Stage1 intent=Booking created=1 total=63
2026-04-19 04:04:04 INFO dataset: Stage1 intent=weather created=1 total=65
2026-04-19 04:04:04 INFO dataset: Stage1 intent=data visualisation created=1 total=66
2026-04-19 04:04:04 INFO dataset: Stage1 intent=Planning created=1 total=66
2026-04-19 04:04:04 INFO dataset: Stage1 intent=productivity created=1 total=65
2026-04-19 04:04:04 INFO dataset: Stage1 intent=Recipe created=1 total=66
2026-04-19 04:04:04 INFO dataset: Stage1 intent=Localization created=1 total=64
2026-04-19 04:04:04 INFO dataset: Stage1 intent=Technical support created=1 total=66
2026-04-19 04:04:04 INFO dataset: Stage1 intent=Creating Writing created=1 total=66
2026-04-19 04:04:04 ERROR dataset: Stage1 parse error intent=Event Schedule: Unterminated string starting at: line 3 column 19 (char 24)
2026-04-19 04:04:04 INFO dataset: Stage1 intent=Research Analysis created=1 total=64
2026-04-19 04:04:04 INFO dataset: Stage1 intent=Comparison created=1 total=65
2026-04-19 04:04:04 INFO dataset: Stage1 intent=calculation created=1 total=66
2026-04-19 04:04:04 INFO dataset: Stage1 intent=Travel created=1 total=66
2026-04-19 04:04:04 INFO dataset: Stage1 intent=Navigation created=1 total=65
2026-04-19 04:04:04 INFO dataset: Stage1 intent=Education created=1 total=66
2026-04-19 04:04:04 INFO dataset: Stage1 intent=Documentation created=1 total=66
2026-04-19 04:04:04 INFO dataset: Stage1 intent=media playback created=1 total=65
2026-04-19 04:04:04 INFO dataset: Stage1 intent=qr scanner created=1 total=64
2026-04-19 04:04:04 INFO dataset: Stage1 intent=status check created=1 total=63
2026-04-19 04:04:04 INFO dataset: Stage1 intent=notification created=1 total=64
2026-04-19 04:04:04 INFO dataset: Stage1 intent=Finance created=1 total=66
2026-04-19 04:04:04 INFO dataset: Stage1 intent=Healthcare created=1 total=66
2026-04-19 04:04:04 INFO dataset: Stage1 intent=Legal created=1 total=66
2026-04-19 04:04:04 INFO dataset: Stage1 intent=Real Estate created=1 total=65
2026-04-19 04:04:04 INFO dataset: Stage1 intent=Career created=1 total=66
2026-04-19 04:04:04 INFO dataset: Stage1 intent=Food and Dining created=1 total=63
2026-04-19 04:04:04 INFO dataset: Stage1 intent=Home Services created=1 total=65
2026-04-19 04:04:04 INFO dataset: Stage1 intent=Automotive created=1 total=64
2026-04-19 04:07:27 INFO dataset: Stage1 intent=Information Retrieval created=1 total=66
2026-04-19 04:07:27 INFO dataset: Stage1 intent=Entertainment created=1 total=66
2026-04-19 04:07:27 INFO dataset: Stage1 intent=product_lookup created=1 total=65
2026-04-19 04:07:27 INFO dataset: Stage1 intent=Booking created=1 total=64
2026-04-19 04:07:27 INFO dataset: Stage1 intent=weather created=1 total=66
2026-04-19 04:07:27 ERROR dataset: Stage1 parse error intent=data visualisation: Empty text
2026-04-19 04:07:27 INFO dataset: Stage1 intent=Planning created=1 total=67
2026-04-19 04:07:27 INFO dataset: Stage1 intent=productivity created=1 total=66
2026-04-19 04:07:27 INFO dataset: Stage1 intent=Recipe created=1 total=67
2026-04-19 04:07:27 INFO dataset: Stage1 intent=Localization created=1 total=65
2026-04-19 04:07:27 INFO dataset: Stage1 intent=Technical support created=1 total=67
2026-04-19 04:07:27 INFO dataset: Stage1 intent=Creating Writing created=1 total=67
2026-04-19 04:07:27 INFO dataset: Stage1 intent=Event Schedule created=1 total=61
2026-04-19 04:07:27 INFO dataset: Stage1 intent=Research Analysis created=1 total=65
2026-04-19 04:07:27 INFO dataset: Stage1 intent=Comparison created=1 total=66
2026-04-19 04:07:27 INFO dataset: Stage1 intent=calculation created=1 total=67
2026-04-19 04:07:27 INFO dataset: Stage1 intent=Travel created=1 total=67
2026-04-19 04:07:27 INFO dataset: Stage1 intent=Navigation created=1 total=66
2026-04-19 04:07:27 INFO dataset: Stage1 intent=Education created=1 total=67
2026-04-19 04:07:27 INFO dataset: Stage1 intent=Documentation created=1 total=67
2026-04-19 04:07:27 INFO dataset: Stage1 intent=media playback created=1 total=66
2026-04-19 04:07:27 INFO dataset: Stage1 intent=qr scanner created=1 total=65
2026-04-19 04:07:27 INFO dataset: Stage1 intent=status check created=1 total=64
2026-04-19 04:07:27 INFO dataset: Stage1 intent=notification created=1 total=65
2026-04-19 04:07:27 INFO dataset: Stage1 intent=Finance created=1 total=67
2026-04-19 04:07:27 INFO dataset: Stage1 intent=Healthcare created=1 total=67
2026-04-19 04:07:27 INFO dataset: Stage1 intent=Legal created=1 total=67
2026-04-19 04:07:27 INFO dataset: Stage1 intent=Real Estate created=1 total=66
2026-04-19 04:07:27 INFO dataset: Stage1 intent=Career created=1 total=67
2026-04-19 04:07:27 INFO dataset: Stage1 intent=Food and Dining created=1 total=64
2026-04-19 04:07:27 INFO dataset: Stage1 intent=Home Services created=1 total=66
2026-04-19 04:07:27 INFO dataset: Stage1 intent=Automotive created=1 total=65
2026-04-19 04:11:08 INFO dataset: Stage1 intent=Information Retrieval created=1 total=67
2026-04-19 04:11:08 INFO dataset: Stage1 intent=Entertainment created=1 total=67
2026-04-19 04:11:08 ERROR dataset: Stage1 parse error intent=product_lookup: Unterminated string starting at: line 3 column 19 (char 24)
2026-04-19 04:11:08 INFO dataset: Stage1 intent=Booking created=1 total=65
2026-04-19 04:11:08 INFO dataset: Stage1 intent=weather created=1 total=67
2026-04-19 04:11:08 INFO dataset: Stage1 intent=data visualisation created=1 total=67
2026-04-19 04:11:08 INFO dataset: Stage1 intent=Planning created=1 total=68
2026-04-19 04:11:08 INFO dataset: Stage1 intent=productivity created=1 total=67
2026-04-19 04:11:08 INFO dataset: Stage1 intent=Recipe created=1 total=68
2026-04-19 04:11:08 INFO dataset: Stage1 intent=Localization created=1 total=66
2026-04-19 04:11:08 INFO dataset: Stage1 intent=Technical support created=1 total=68
2026-04-19 04:11:08 INFO dataset: Stage1 intent=Creating Writing created=1 total=68
2026-04-19 04:11:08 INFO dataset: Stage1 intent=Event Schedule created=1 total=62
2026-04-19 04:11:08 INFO dataset: Stage1 intent=Research Analysis created=1 total=66
2026-04-19 04:11:08 INFO dataset: Stage1 intent=Comparison created=1 total=67
2026-04-19 04:11:08 INFO dataset: Stage1 intent=calculation created=1 total=68
2026-04-19 04:11:08 INFO dataset: Stage1 intent=Travel created=1 total=68
2026-04-19 04:11:08 INFO dataset: Stage1 intent=Navigation created=1 total=67
2026-04-19 04:11:08 INFO dataset: Stage1 intent=Education created=1 total=68
2026-04-19 04:11:08 INFO dataset: Stage1 intent=Documentation created=1 total=68
2026-04-19 04:11:08 INFO dataset: Stage1 intent=media playback created=1 total=67
2026-04-19 04:11:08 INFO dataset: Stage1 intent=qr scanner created=1 total=66
2026-04-19 04:11:08 INFO dataset: Stage1 intent=status check created=1 total=65
2026-04-19 04:11:08 INFO dataset: Stage1 intent=notification created=1 total=66
2026-04-19 04:11:08 INFO dataset: Stage1 intent=Finance created=1 total=68
2026-04-19 04:11:08 INFO dataset: Stage1 intent=Healthcare created=1 total=68
2026-04-19 04:11:08 INFO dataset: Stage1 intent=Legal created=1 total=68
2026-04-19 04:11:08 INFO dataset: Stage1 intent=Real Estate created=1 total=67
2026-04-19 04:11:08 INFO dataset: Stage1 intent=Career created=1 total=68
2026-04-19 04:11:08 INFO dataset: Stage1 intent=Food and Dining created=1 total=65
2026-04-19 04:11:08 INFO dataset: Stage1 intent=Home Services created=1 total=67
2026-04-19 04:11:08 INFO dataset: Stage1 intent=Automotive created=1 total=66
2026-04-19 04:14:37 INFO dataset: Stage1 intent=Information Retrieval created=1 total=68
2026-04-19 04:14:37 INFO dataset: Stage1 intent=Entertainment created=1 total=68
2026-04-19 04:14:37 INFO dataset: Stage1 intent=product_lookup created=1 total=66
2026-04-19 04:14:37 INFO dataset: Stage1 intent=Booking created=1 total=66
2026-04-19 04:14:37 INFO dataset: Stage1 intent=weather created=1 total=68
2026-04-19 04:14:37 INFO dataset: Stage1 intent=data visualisation created=1 total=68
2026-04-19 04:14:37 INFO dataset: Stage1 intent=Planning created=1 total=69
2026-04-19 04:14:37 INFO dataset: Stage1 intent=productivity created=1 total=68
2026-04-19 04:14:37 INFO dataset: Stage1 intent=Recipe created=1 total=69
2026-04-19 04:14:37 INFO dataset: Stage1 intent=Localization created=1 total=67
2026-04-19 04:14:37 INFO dataset: Stage1 intent=Technical support created=1 total=69
2026-04-19 04:14:37 INFO dataset: Stage1 intent=Creating Writing created=1 total=69
2026-04-19 04:14:37 INFO dataset: Stage1 intent=Event Schedule created=1 total=63
2026-04-19 04:14:37 INFO dataset: Stage1 intent=Research Analysis created=1 total=67
2026-04-19 04:14:37 INFO dataset: Stage1 intent=Comparison created=1 total=68
2026-04-19 04:14:37 INFO dataset: Stage1 intent=calculation created=1 total=69
2026-04-19 04:14:37 INFO dataset: Stage1 intent=Travel created=1 total=69
2026-04-19 04:14:37 INFO dataset: Stage1 intent=Navigation created=1 total=68
2026-04-19 04:14:37 INFO dataset: Stage1 intent=Education created=1 total=69
2026-04-19 04:14:37 INFO dataset: Stage1 intent=Documentation created=1 total=69
2026-04-19 04:14:37 INFO dataset: Stage1 intent=media playback created=1 total=68
2026-04-19 04:14:37 INFO dataset: Stage1 intent=qr scanner created=1 total=67
2026-04-19 04:14:37 INFO dataset: Stage1 intent=status check created=1 total=66
2026-04-19 04:14:37 INFO dataset: Stage1 intent=notification created=1 total=67
2026-04-19 04:14:37 INFO dataset: Stage1 intent=Finance created=1 total=69
2026-04-19 04:14:37 INFO dataset: Stage1 intent=Healthcare created=1 total=69
2026-04-19 04:14:37 INFO dataset: Stage1 intent=Legal created=1 total=69
2026-04-19 04:14:37 INFO dataset: Stage1 intent=Real Estate created=1 total=68
2026-04-19 04:14:37 INFO dataset: Stage1 intent=Career created=1 total=69
2026-04-19 04:14:37 INFO dataset: Stage1 intent=Food and Dining created=1 total=66
2026-04-19 04:14:37 INFO dataset: Stage1 intent=Home Services created=1 total=68
2026-04-19 04:14:37 INFO dataset: Stage1 intent=Automotive created=1 total=67
2026-04-19 04:18:03 INFO dataset: Stage1 intent=Information Retrieval created=1 total=69
2026-04-19 04:18:03 INFO dataset: Stage1 intent=Entertainment created=1 total=69
2026-04-19 04:18:03 INFO dataset: Stage1 intent=product_lookup created=1 total=67
2026-04-19 04:18:03 INFO dataset: Stage1 intent=Booking created=1 total=67
2026-04-19 04:18:03 INFO dataset: Stage1 intent=weather created=1 total=69
2026-04-19 04:18:03 INFO dataset: Stage1 intent=data visualisation created=1 total=69
2026-04-19 04:18:03 INFO dataset: Stage1 intent=Planning created=1 total=70
2026-04-19 04:18:03 INFO dataset: Stage1 intent=productivity created=1 total=69
2026-04-19 04:18:03 INFO dataset: Stage1 intent=Recipe created=1 total=70
2026-04-19 04:18:03 INFO dataset: Stage1 intent=Localization created=1 total=68
2026-04-19 04:18:03 INFO dataset: Stage1 intent=Technical support created=1 total=70
2026-04-19 04:18:03 INFO dataset: Stage1 intent=Creating Writing created=1 total=70
2026-04-19 04:18:03 ERROR dataset: Stage1 parse error intent=Event Schedule: Unterminated string starting at: line 3 column 19 (char 24)
2026-04-19 04:18:03 INFO dataset: Stage1 intent=Research Analysis created=1 total=68
2026-04-19 04:18:03 INFO dataset: Stage1 intent=Comparison created=1 total=69
2026-04-19 04:18:03 INFO dataset: Stage1 intent=calculation created=1 total=70
2026-04-19 04:18:03 INFO dataset: Stage1 intent=Travel created=1 total=70
2026-04-19 04:18:03 INFO dataset: Stage1 intent=Navigation created=1 total=69
2026-04-19 04:18:03 INFO dataset: Stage1 intent=Education created=1 total=70
2026-04-19 04:18:03 INFO dataset: Stage1 intent=Documentation created=1 total=70
2026-04-19 04:18:03 INFO dataset: Stage1 intent=media playback created=1 total=69
2026-04-19 04:18:04 INFO dataset: Stage1 intent=qr scanner created=1 total=68
2026-04-19 04:18:04 INFO dataset: Stage1 intent=status check created=1 total=67
2026-04-19 04:18:04 INFO dataset: Stage1 intent=notification created=1 total=68
2026-04-19 04:18:04 INFO dataset: Stage1 intent=Finance created=1 total=70
2026-04-19 04:18:04 INFO dataset: Stage1 intent=Healthcare created=1 total=70
2026-04-19 04:18:04 INFO dataset: Stage1 intent=Legal created=1 total=70
2026-04-19 04:18:04 INFO dataset: Stage1 intent=Real Estate created=1 total=69
2026-04-19 04:18:04 INFO dataset: Stage1 intent=Career created=1 total=70
2026-04-19 04:18:04 INFO dataset: Stage1 intent=Food and Dining created=1 total=67
2026-04-19 04:18:04 INFO dataset: Stage1 intent=Home Services created=1 total=69
2026-04-19 04:18:04 INFO dataset: Stage1 intent=Automotive created=1 total=68
2026-04-19 04:21:26 INFO dataset: Stage1 intent=Information Retrieval created=1 total=70
2026-04-19 04:21:26 INFO dataset: Stage1 intent=Entertainment created=1 total=70
2026-04-19 04:21:26 INFO dataset: Stage1 intent=product_lookup created=1 total=68
2026-04-19 04:21:26 INFO dataset: Stage1 intent=Booking created=1 total=68
2026-04-19 04:21:26 INFO dataset: Stage1 intent=weather created=1 total=70
2026-04-19 04:21:26 INFO dataset: Stage1 intent=data visualisation created=1 total=70
2026-04-19 04:21:26 INFO dataset: Stage1 intent=Planning created=1 total=71
2026-04-19 04:21:26 INFO dataset: Stage1 intent=productivity created=1 total=70
2026-04-19 04:21:26 INFO dataset: Stage1 intent=Recipe created=1 total=71
2026-04-19 04:21:26 INFO dataset: Stage1 intent=Localization created=1 total=69
2026-04-19 04:21:26 INFO dataset: Stage1 intent=Technical support created=1 total=71
2026-04-19 04:21:26 INFO dataset: Stage1 intent=Creating Writing created=1 total=71
2026-04-19 04:21:26 ERROR dataset: Stage1 parse error intent=Event Schedule: Unterminated string starting at: line 3 column 19 (char 24)
2026-04-19 04:21:26 INFO dataset: Stage1 intent=Research Analysis created=1 total=69
2026-04-19 04:21:26 INFO dataset: Stage1 intent=Comparison created=1 total=70
2026-04-19 04:21:26 INFO dataset: Stage1 intent=calculation created=1 total=71
2026-04-19 04:21:26 INFO dataset: Stage1 intent=Travel created=1 total=71
2026-04-19 04:21:26 INFO dataset: Stage1 intent=Navigation created=1 total=70
2026-04-19 04:21:26 INFO dataset: Stage1 intent=Education created=1 total=71
2026-04-19 04:21:26 INFO dataset: Stage1 intent=Documentation created=1 total=71
2026-04-19 04:21:26 INFO dataset: Stage1 intent=media playback created=1 total=70
2026-04-19 04:21:26 INFO dataset: Stage1 intent=qr scanner created=1 total=69
2026-04-19 04:21:26 INFO dataset: Stage1 intent=status check created=1 total=68
2026-04-19 04:21:26 INFO dataset: Stage1 intent=notification created=1 total=69
2026-04-19 04:21:26 INFO dataset: Stage1 intent=Finance created=1 total=71
2026-04-19 04:21:26 INFO dataset: Stage1 intent=Healthcare created=1 total=71
2026-04-19 04:21:26 INFO dataset: Stage1 intent=Legal created=1 total=71
2026-04-19 04:21:26 INFO dataset: Stage1 intent=Real Estate created=1 total=70
2026-04-19 04:21:26 INFO dataset: Stage1 intent=Career created=1 total=71
2026-04-19 04:21:26 INFO dataset: Stage1 intent=Food and Dining created=1 total=68
2026-04-19 04:21:26 INFO dataset: Stage1 intent=Home Services created=1 total=70
2026-04-19 04:21:26 INFO dataset: Stage1 intent=Automotive created=1 total=69
2026-04-19 04:24:49 INFO dataset: Stage1 intent=Information Retrieval created=1 total=71
2026-04-19 04:24:49 INFO dataset: Stage1 intent=Entertainment created=1 total=71
2026-04-19 04:24:49 INFO dataset: Stage1 intent=product_lookup created=1 total=69
2026-04-19 04:24:49 INFO dataset: Stage1 intent=Booking created=1 total=69
2026-04-19 04:24:49 INFO dataset: Stage1 intent=weather created=1 total=71
2026-04-19 04:24:49 INFO dataset: Stage1 intent=data visualisation created=1 total=71
2026-04-19 04:24:49 INFO dataset: Stage1 intent=Planning created=1 total=72
2026-04-19 04:24:49 INFO dataset: Stage1 intent=productivity created=1 total=71
2026-04-19 04:24:49 INFO dataset: Stage1 intent=Recipe created=1 total=72
2026-04-19 04:24:49 INFO dataset: Stage1 intent=Localization created=1 total=70
2026-04-19 04:24:49 INFO dataset: Stage1 intent=Technical support created=1 total=72
2026-04-19 04:24:49 INFO dataset: Stage1 intent=Creating Writing created=1 total=72
2026-04-19 04:24:49 INFO dataset: Stage1 intent=Event Schedule created=1 total=64
2026-04-19 04:24:49 INFO dataset: Stage1 intent=Research Analysis created=1 total=70
2026-04-19 04:24:49 INFO dataset: Stage1 intent=Comparison created=1 total=71
2026-04-19 04:24:49 ERROR dataset: Stage1 parse error intent=calculation: Unterminated string starting at: line 3 column 19 (char 24)
2026-04-19 04:24:49 INFO dataset: Stage1 intent=Travel created=1 total=72
2026-04-19 04:24:49 INFO dataset: Stage1 intent=Navigation created=1 total=71
2026-04-19 04:24:49 INFO dataset: Stage1 intent=Education created=1 total=72
2026-04-19 04:24:49 INFO dataset: Stage1 intent=Documentation created=1 total=72
2026-04-19 04:24:49 INFO dataset: Stage1 intent=media playback created=1 total=71
2026-04-19 04:24:49 INFO dataset: Stage1 intent=qr scanner created=1 total=70
2026-04-19 04:24:49 INFO dataset: Stage1 intent=status check created=1 total=69
2026-04-19 04:24:49 INFO dataset: Stage1 intent=notification created=1 total=70
2026-04-19 04:24:49 INFO dataset: Stage1 intent=Finance created=1 total=72
2026-04-19 04:24:49 INFO dataset: Stage1 intent=Healthcare created=1 total=72
2026-04-19 04:24:49 INFO dataset: Stage1 intent=Legal created=1 total=72
2026-04-19 04:24:49 INFO dataset: Stage1 intent=Real Estate created=1 total=71
2026-04-19 04:24:49 INFO dataset: Stage1 intent=Career created=1 total=72
2026-04-19 04:24:49 INFO dataset: Stage1 intent=Food and Dining created=1 total=69
2026-04-19 04:24:49 INFO dataset: Stage1 intent=Home Services created=1 total=71
2026-04-19 04:24:49 INFO dataset: Stage1 intent=Automotive created=1 total=70
2026-04-19 04:28:10 INFO dataset: Stage1 intent=Information Retrieval created=1 total=72
2026-04-19 04:28:10 INFO dataset: Stage1 intent=Entertainment created=1 total=72
2026-04-19 04:28:10 INFO dataset: Stage1 intent=product_lookup created=1 total=70
2026-04-19 04:28:10 INFO dataset: Stage1 intent=Booking created=1 total=70
2026-04-19 04:28:10 INFO dataset: Stage1 intent=weather created=1 total=72
2026-04-19 04:28:10 INFO dataset: Stage1 intent=data visualisation created=1 total=72
2026-04-19 04:28:10 INFO dataset: Stage1 intent=Planning created=1 total=73
2026-04-19 04:28:10 INFO dataset: Stage1 intent=productivity created=1 total=72
2026-04-19 04:28:10 INFO dataset: Stage1 intent=Recipe created=1 total=73
2026-04-19 04:28:10 INFO dataset: Stage1 intent=Localization created=1 total=71
2026-04-19 04:28:10 INFO dataset: Stage1 intent=Technical support created=1 total=73
2026-04-19 04:28:10 INFO dataset: Stage1 intent=Creating Writing created=1 total=73
2026-04-19 04:28:10 INFO dataset: Stage1 intent=Event Schedule created=1 total=65
2026-04-19 04:28:10 INFO dataset: Stage1 intent=Research Analysis created=1 total=71
2026-04-19 04:28:10 INFO dataset: Stage1 intent=Comparison created=1 total=72
2026-04-19 04:28:10 INFO dataset: Stage1 intent=calculation created=1 total=72
2026-04-19 04:28:10 INFO dataset: Stage1 intent=Travel created=1 total=73
2026-04-19 04:28:10 INFO dataset: Stage1 intent=Navigation created=1 total=72
2026-04-19 04:28:10 INFO dataset: Stage1 intent=Education created=1 total=73
2026-04-19 04:28:10 INFO dataset: Stage1 intent=Documentation created=1 total=73
2026-04-19 04:28:10 INFO dataset: Stage1 intent=media playback created=1 total=72
2026-04-19 04:28:10 INFO dataset: Stage1 intent=qr scanner created=1 total=71
2026-04-19 04:28:10 INFO dataset: Stage1 intent=status check created=1 total=70
2026-04-19 04:28:10 INFO dataset: Stage1 intent=notification created=1 total=71
2026-04-19 04:28:10 INFO dataset: Stage1 intent=Finance created=1 total=73
2026-04-19 04:28:10 INFO dataset: Stage1 intent=Healthcare created=1 total=73
2026-04-19 04:28:10 INFO dataset: Stage1 intent=Legal created=1 total=73
2026-04-19 04:28:10 INFO dataset: Stage1 intent=Real Estate created=1 total=72
2026-04-19 04:28:10 INFO dataset: Stage1 intent=Career created=1 total=73
2026-04-19 04:28:10 INFO dataset: Stage1 intent=Food and Dining created=1 total=70
2026-04-19 04:28:10 INFO dataset: Stage1 intent=Home Services created=1 total=72
2026-04-19 04:28:10 INFO dataset: Stage1 intent=Automotive created=1 total=71
2026-04-19 04:31:36 INFO dataset: Stage1 intent=Information Retrieval created=1 total=73
2026-04-19 04:31:36 INFO dataset: Stage1 intent=Entertainment created=1 total=73
2026-04-19 04:31:36 INFO dataset: Stage1 intent=product_lookup created=1 total=71
2026-04-19 04:31:36 INFO dataset: Stage1 intent=Booking created=1 total=71
2026-04-19 04:31:36 INFO dataset: Stage1 intent=weather created=1 total=73
2026-04-19 04:31:36 INFO dataset: Stage1 intent=data visualisation created=1 total=73
2026-04-19 04:31:36 INFO dataset: Stage1 intent=Planning created=1 total=74
2026-04-19 04:31:36 INFO dataset: Stage1 intent=productivity created=1 total=73
2026-04-19 04:31:36 INFO dataset: Stage1 intent=Recipe created=1 total=74
2026-04-19 04:31:36 INFO dataset: Stage1 intent=Localization created=1 total=72
2026-04-19 04:31:36 INFO dataset: Stage1 intent=Technical support created=1 total=74
2026-04-19 04:31:36 INFO dataset: Stage1 intent=Creating Writing created=1 total=74
2026-04-19 04:31:36 INFO dataset: Stage1 intent=Event Schedule created=1 total=66
2026-04-19 04:31:36 INFO dataset: Stage1 intent=Research Analysis created=1 total=72
2026-04-19 04:31:36 INFO dataset: Stage1 intent=Comparison created=1 total=73
2026-04-19 04:31:36 INFO dataset: Stage1 intent=calculation created=1 total=73
2026-04-19 04:31:36 INFO dataset: Stage1 intent=Travel created=1 total=74
2026-04-19 04:31:36 INFO dataset: Stage1 intent=Navigation created=1 total=73
2026-04-19 04:31:36 INFO dataset: Stage1 intent=Education created=1 total=74
2026-04-19 04:31:36 INFO dataset: Stage1 intent=Documentation created=1 total=74
2026-04-19 04:31:36 INFO dataset: Stage1 intent=media playback created=1 total=73
2026-04-19 04:31:36 INFO dataset: Stage1 intent=qr scanner created=1 total=72
2026-04-19 04:31:36 INFO dataset: Stage1 intent=status check created=1 total=71
2026-04-19 04:31:36 INFO dataset: Stage1 intent=notification created=1 total=72
2026-04-19 04:31:36 INFO dataset: Stage1 intent=Finance created=1 total=74
2026-04-19 04:31:36 INFO dataset: Stage1 intent=Healthcare created=1 total=74
2026-04-19 04:31:36 INFO dataset: Stage1 intent=Legal created=1 total=74
2026-04-19 04:31:36 INFO dataset: Stage1 intent=Real Estate created=1 total=73
2026-04-19 04:31:36 INFO dataset: Stage1 intent=Career created=1 total=74
2026-04-19 04:31:36 INFO dataset: Stage1 intent=Food and Dining created=1 total=71
2026-04-19 04:31:36 INFO dataset: Stage1 intent=Home Services created=1 total=73
2026-04-19 04:31:36 INFO dataset: Stage1 intent=Automotive created=1 total=72
2026-04-19 04:34:55 INFO dataset: Stage1 intent=Information Retrieval created=1 total=74
2026-04-19 04:34:55 INFO dataset: Stage1 intent=Entertainment created=1 total=74
2026-04-19 04:34:55 INFO dataset: Stage1 intent=product_lookup created=1 total=72
2026-04-19 04:34:55 INFO dataset: Stage1 intent=Booking created=1 total=72
2026-04-19 04:34:55 INFO dataset: Stage1 intent=weather created=1 total=74
2026-04-19 04:34:55 INFO dataset: Stage1 intent=data visualisation created=1 total=74
2026-04-19 04:34:55 INFO dataset: Stage1 intent=Planning created=1 total=75
2026-04-19 04:34:55 INFO dataset: Stage1 intent=productivity created=1 total=74
2026-04-19 04:34:55 INFO dataset: Stage1 intent=Recipe created=1 total=75
2026-04-19 04:34:55 INFO dataset: Stage1 intent=Localization created=1 total=73
2026-04-19 04:34:55 INFO dataset: Stage1 intent=Technical support created=1 total=75
2026-04-19 04:34:55 INFO dataset: Stage1 intent=Creating Writing created=1 total=75
2026-04-19 04:34:55 INFO dataset: Stage1 intent=Event Schedule created=1 total=67
2026-04-19 04:34:55 INFO dataset: Stage1 intent=Research Analysis created=1 total=73
2026-04-19 04:34:55 INFO dataset: Stage1 intent=Comparison created=1 total=74
2026-04-19 04:34:55 INFO dataset: Stage1 intent=calculation created=1 total=74
2026-04-19 04:34:55 INFO dataset: Stage1 intent=Travel created=1 total=75
2026-04-19 04:34:55 INFO dataset: Stage1 intent=Navigation created=1 total=74
2026-04-19 04:34:55 INFO dataset: Stage1 intent=Education created=1 total=75
2026-04-19 04:34:55 INFO dataset: Stage1 intent=Documentation created=1 total=75
2026-04-19 04:34:55 INFO dataset: Stage1 intent=media playback created=1 total=74
2026-04-19 04:34:55 INFO dataset: Stage1 intent=qr scanner created=1 total=73
2026-04-19 04:34:55 INFO dataset: Stage1 intent=status check created=1 total=72
2026-04-19 04:34:55 INFO dataset: Stage1 intent=notification created=1 total=73
2026-04-19 04:34:55 INFO dataset: Stage1 intent=Finance created=1 total=75
2026-04-19 04:34:55 INFO dataset: Stage1 intent=Healthcare created=1 total=75
2026-04-19 04:34:55 INFO dataset: Stage1 intent=Legal created=1 total=75
2026-04-19 04:34:55 INFO dataset: Stage1 intent=Real Estate created=1 total=74
2026-04-19 04:34:55 INFO dataset: Stage1 intent=Career created=1 total=75
2026-04-19 04:34:55 INFO dataset: Stage1 intent=Food and Dining created=1 total=72
2026-04-19 04:34:55 INFO dataset: Stage1 intent=Home Services created=1 total=74
2026-04-19 04:34:55 INFO dataset: Stage1 intent=Automotive created=1 total=73
2026-04-19 04:38:20 INFO dataset: Stage1 intent=Information Retrieval created=1 total=75
2026-04-19 04:38:20 INFO dataset: Stage1 intent=Entertainment created=1 total=75
2026-04-19 04:38:20 INFO dataset: Stage1 intent=product_lookup created=1 total=73
2026-04-19 04:38:20 INFO dataset: Stage1 intent=Booking created=1 total=73
2026-04-19 04:38:20 INFO dataset: Stage1 intent=weather created=1 total=75
2026-04-19 04:38:20 INFO dataset: Stage1 intent=data visualisation created=1 total=75
2026-04-19 04:38:20 INFO dataset: Stage1 intent=Planning created=1 total=76
2026-04-19 04:38:20 INFO dataset: Stage1 intent=productivity created=1 total=75
2026-04-19 04:38:20 INFO dataset: Stage1 intent=Recipe created=1 total=76
2026-04-19 04:38:20 INFO dataset: Stage1 intent=Localization created=1 total=74
2026-04-19 04:38:20 INFO dataset: Stage1 intent=Technical support created=1 total=76
2026-04-19 04:38:20 INFO dataset: Stage1 intent=Creating Writing created=1 total=76
2026-04-19 04:38:20 INFO dataset: Stage1 intent=Event Schedule created=1 total=68
2026-04-19 04:38:20 INFO dataset: Stage1 intent=Research Analysis created=1 total=74
2026-04-19 04:38:20 INFO dataset: Stage1 intent=Comparison created=1 total=75
2026-04-19 04:38:20 INFO dataset: Stage1 intent=calculation created=1 total=75
2026-04-19 04:38:20 INFO dataset: Stage1 intent=Travel created=1 total=76
2026-04-19 04:38:20 INFO dataset: Stage1 intent=Navigation created=1 total=75
2026-04-19 04:38:20 INFO dataset: Stage1 intent=Education created=1 total=76
2026-04-19 04:38:20 INFO dataset: Stage1 intent=Documentation created=1 total=76
2026-04-19 04:38:20 INFO dataset: Stage1 intent=media playback created=1 total=75
2026-04-19 04:38:20 INFO dataset: Stage1 intent=qr scanner created=1 total=74
2026-04-19 04:38:20 INFO dataset: Stage1 intent=status check created=1 total=73
2026-04-19 04:38:20 INFO dataset: Stage1 intent=notification created=1 total=74
2026-04-19 04:38:20 INFO dataset: Stage1 intent=Finance created=1 total=76
2026-04-19 04:38:20 INFO dataset: Stage1 intent=Healthcare created=1 total=76
2026-04-19 04:38:20 INFO dataset: Stage1 intent=Legal created=1 total=76
2026-04-19 04:38:20 INFO dataset: Stage1 intent=Real Estate created=1 total=75
2026-04-19 04:38:20 INFO dataset: Stage1 intent=Career created=1 total=76
2026-04-19 04:38:20 INFO dataset: Stage1 intent=Food and Dining created=1 total=73
2026-04-19 04:38:20 INFO dataset: Stage1 intent=Home Services created=1 total=75
2026-04-19 04:38:20 INFO dataset: Stage1 intent=Automotive created=1 total=74
2026-04-19 04:41:46 INFO dataset: Stage1 intent=Information Retrieval created=1 total=76
2026-04-19 04:41:46 INFO dataset: Stage1 intent=Entertainment created=1 total=76
2026-04-19 04:41:46 INFO dataset: Stage1 intent=product_lookup created=1 total=74
2026-04-19 04:41:46 INFO dataset: Stage1 intent=Booking created=1 total=74
2026-04-19 04:41:46 INFO dataset: Stage1 intent=weather created=1 total=76
2026-04-19 04:41:46 INFO dataset: Stage1 intent=data visualisation created=1 total=76
2026-04-19 04:41:46 INFO dataset: Stage1 intent=Planning created=1 total=77
2026-04-19 04:41:46 INFO dataset: Stage1 intent=productivity created=1 total=76
2026-04-19 04:41:46 INFO dataset: Stage1 intent=Recipe created=1 total=77
2026-04-19 04:41:46 INFO dataset: Stage1 intent=Localization created=1 total=75
2026-04-19 04:41:46 INFO dataset: Stage1 intent=Technical support created=1 total=77
2026-04-19 04:41:46 INFO dataset: Stage1 intent=Creating Writing created=1 total=77
2026-04-19 04:41:46 INFO dataset: Stage1 intent=Event Schedule created=1 total=69
2026-04-19 04:41:46 INFO dataset: Stage1 intent=Research Analysis created=1 total=75
2026-04-19 04:41:46 INFO dataset: Stage1 intent=Comparison created=1 total=76
2026-04-19 04:41:46 INFO dataset: Stage1 intent=calculation created=1 total=76
2026-04-19 04:41:46 INFO dataset: Stage1 intent=Travel created=1 total=77
2026-04-19 04:41:46 INFO dataset: Stage1 intent=Navigation created=1 total=76
2026-04-19 04:41:46 INFO dataset: Stage1 intent=Education created=1 total=77
2026-04-19 04:41:46 INFO dataset: Stage1 intent=Documentation created=1 total=77
2026-04-19 04:41:46 INFO dataset: Stage1 intent=media playback created=1 total=76
2026-04-19 04:41:46 INFO dataset: Stage1 intent=qr scanner created=1 total=75
2026-04-19 04:41:46 INFO dataset: Stage1 intent=status check created=1 total=74
2026-04-19 04:41:46 INFO dataset: Stage1 intent=notification created=1 total=75
2026-04-19 04:41:46 INFO dataset: Stage1 intent=Finance created=1 total=77
2026-04-19 04:41:46 INFO dataset: Stage1 intent=Healthcare created=1 total=77
2026-04-19 04:41:46 INFO dataset: Stage1 intent=Legal created=1 total=77
2026-04-19 04:41:46 INFO dataset: Stage1 intent=Real Estate created=1 total=76
2026-04-19 04:41:46 INFO dataset: Stage1 intent=Career created=1 total=77
2026-04-19 04:41:46 INFO dataset: Stage1 intent=Food and Dining created=1 total=74
2026-04-19 04:41:46 INFO dataset: Stage1 intent=Home Services created=1 total=76
2026-04-19 04:41:46 INFO dataset: Stage1 intent=Automotive created=1 total=75
2026-04-19 04:45:21 INFO dataset: Stage1 intent=Information Retrieval created=1 total=77
2026-04-19 04:45:21 INFO dataset: Stage1 intent=Entertainment created=1 total=77
2026-04-19 04:45:21 INFO dataset: Stage1 intent=product_lookup created=1 total=75
2026-04-19 04:45:21 INFO dataset: Stage1 intent=Booking created=1 total=75
2026-04-19 04:45:21 INFO dataset: Stage1 intent=weather created=1 total=77
2026-04-19 04:45:21 INFO dataset: Stage1 intent=data visualisation created=1 total=77
2026-04-19 04:45:21 INFO dataset: Stage1 intent=Planning created=1 total=78
2026-04-19 04:45:21 INFO dataset: Stage1 intent=productivity created=1 total=77
2026-04-19 04:45:21 INFO dataset: Stage1 intent=Recipe created=1 total=78
2026-04-19 04:45:21 INFO dataset: Stage1 intent=Localization created=1 total=76
2026-04-19 04:45:21 INFO dataset: Stage1 intent=Technical support created=1 total=78
2026-04-19 04:45:21 INFO dataset: Stage1 intent=Creating Writing created=1 total=78
2026-04-19 04:45:21 INFO dataset: Stage1 intent=Event Schedule created=1 total=70
2026-04-19 04:45:21 INFO dataset: Stage1 intent=Research Analysis created=1 total=76
2026-04-19 04:45:21 INFO dataset: Stage1 intent=Comparison created=1 total=77
2026-04-19 04:45:21 INFO dataset: Stage1 intent=calculation created=1 total=77
2026-04-19 04:45:21 INFO dataset: Stage1 intent=Travel created=1 total=78
2026-04-19 04:45:21 INFO dataset: Stage1 intent=Navigation created=1 total=77
2026-04-19 04:45:21 INFO dataset: Stage1 intent=Education created=1 total=78
2026-04-19 04:45:21 INFO dataset: Stage1 intent=Documentation created=1 total=78
2026-04-19 04:45:21 ERROR dataset: Stage1 parse error intent=media playback: Unterminated string starting at: line 3 column 19 (char 24)
2026-04-19 04:45:21 INFO dataset: Stage1 intent=qr scanner created=1 total=76
2026-04-19 04:45:21 INFO dataset: Stage1 intent=status check created=1 total=75
2026-04-19 04:45:21 INFO dataset: Stage1 intent=notification created=1 total=76
2026-04-19 04:45:21 INFO dataset: Stage1 intent=Finance created=1 total=78
2026-04-19 04:45:21 INFO dataset: Stage1 intent=Healthcare created=1 total=78
2026-04-19 04:45:21 INFO dataset: Stage1 intent=Legal created=1 total=78
2026-04-19 04:45:21 INFO dataset: Stage1 intent=Real Estate created=1 total=77
2026-04-19 04:45:21 INFO dataset: Stage1 intent=Career created=1 total=78
2026-04-19 04:45:21 INFO dataset: Stage1 intent=Food and Dining created=1 total=75
2026-04-19 04:45:21 INFO dataset: Stage1 intent=Home Services created=1 total=77
2026-04-19 04:45:21 INFO dataset: Stage1 intent=Automotive created=1 total=76
2026-04-19 04:48:49 INFO dataset: Stage1 intent=Information Retrieval created=1 total=78
2026-04-19 04:48:49 INFO dataset: Stage1 intent=Entertainment created=1 total=78
2026-04-19 04:48:49 INFO dataset: Stage1 intent=product_lookup created=1 total=76
2026-04-19 04:48:49 INFO dataset: Stage1 intent=Booking created=1 total=76
2026-04-19 04:48:49 INFO dataset: Stage1 intent=weather created=1 total=78
2026-04-19 04:48:49 INFO dataset: Stage1 intent=data visualisation created=1 total=78
2026-04-19 04:48:49 INFO dataset: Stage1 intent=Planning created=1 total=79
2026-04-19 04:48:49 INFO dataset: Stage1 intent=productivity created=1 total=78
2026-04-19 04:48:49 INFO dataset: Stage1 intent=Recipe created=1 total=79
2026-04-19 04:48:49 INFO dataset: Stage1 intent=Localization created=1 total=77
2026-04-19 04:48:49 INFO dataset: Stage1 intent=Technical support created=1 total=79
2026-04-19 04:48:49 INFO dataset: Stage1 intent=Creating Writing created=1 total=79
2026-04-19 04:48:49 INFO dataset: Stage1 intent=Event Schedule created=1 total=71
2026-04-19 04:48:49 ERROR dataset: Stage1 parse error intent=Research Analysis: Unterminated string starting at: line 3 column 19 (char 24)
2026-04-19 04:48:49 INFO dataset: Stage1 intent=Comparison created=1 total=78
2026-04-19 04:48:49 INFO dataset: Stage1 intent=calculation created=1 total=78
2026-04-19 04:48:49 INFO dataset: Stage1 intent=Travel created=1 total=79
2026-04-19 04:48:49 INFO dataset: Stage1 intent=Navigation created=1 total=78
2026-04-19 04:48:49 INFO dataset: Stage1 intent=Education created=1 total=79
2026-04-19 04:48:49 INFO dataset: Stage1 intent=Documentation created=1 total=79
2026-04-19 04:48:49 INFO dataset: Stage1 intent=media playback created=1 total=77
2026-04-19 04:48:49 INFO dataset: Stage1 intent=qr scanner created=1 total=77
2026-04-19 04:48:49 INFO dataset: Stage1 intent=status check created=1 total=76
2026-04-19 04:48:49 INFO dataset: Stage1 intent=notification created=1 total=77
2026-04-19 04:48:49 INFO dataset: Stage1 intent=Finance created=1 total=79
2026-04-19 04:48:49 INFO dataset: Stage1 intent=Healthcare created=1 total=79
2026-04-19 04:48:49 INFO dataset: Stage1 intent=Legal created=1 total=79
2026-04-19 04:48:49 INFO dataset: Stage1 intent=Real Estate created=1 total=78
2026-04-19 04:48:49 INFO dataset: Stage1 intent=Career created=1 total=79
2026-04-19 04:48:49 INFO dataset: Stage1 intent=Food and Dining created=1 total=76
2026-04-19 04:48:49 INFO dataset: Stage1 intent=Home Services created=1 total=78
2026-04-19 04:48:49 INFO dataset: Stage1 intent=Automotive created=1 total=77
2026-04-19 04:52:25 INFO dataset: Stage1 intent=Information Retrieval created=1 total=79
2026-04-19 04:52:25 INFO dataset: Stage1 intent=Entertainment created=1 total=79
2026-04-19 04:52:25 INFO dataset: Stage1 intent=product_lookup created=1 total=77
2026-04-19 04:52:25 INFO dataset: Stage1 intent=Booking created=1 total=77
2026-04-19 04:52:25 INFO dataset: Stage1 intent=weather created=1 total=79
2026-04-19 04:52:25 INFO dataset: Stage1 intent=data visualisation created=1 total=79
2026-04-19 04:52:25 INFO dataset: Stage1 intent=Planning created=1 total=80
2026-04-19 04:52:25 INFO dataset: Stage1 intent=productivity created=1 total=79
2026-04-19 04:52:25 INFO dataset: Stage1 intent=Recipe created=1 total=80
2026-04-19 04:52:25 ERROR dataset: Stage1 parse error intent=Localization: Unterminated string starting at: line 3 column 19 (char 24)
2026-04-19 04:52:25 INFO dataset: Stage1 intent=Technical support created=1 total=80
2026-04-19 04:52:25 INFO dataset: Stage1 intent=Creating Writing created=1 total=80
2026-04-19 04:52:25 INFO dataset: Stage1 intent=Event Schedule created=1 total=72
2026-04-19 04:52:25 INFO dataset: Stage1 intent=Research Analysis created=1 total=77
2026-04-19 04:52:25 INFO dataset: Stage1 intent=Comparison created=1 total=79
2026-04-19 04:52:25 INFO dataset: Stage1 intent=calculation created=1 total=79
2026-04-19 04:52:25 INFO dataset: Stage1 intent=Travel created=1 total=80
2026-04-19 04:52:25 INFO dataset: Stage1 intent=Navigation created=1 total=79
2026-04-19 04:52:25 INFO dataset: Stage1 intent=Education created=1 total=80
2026-04-19 04:52:25 INFO dataset: Stage1 intent=Documentation created=1 total=80
2026-04-19 04:52:25 INFO dataset: Stage1 intent=media playback created=1 total=78
2026-04-19 04:52:25 INFO dataset: Stage1 intent=qr scanner created=1 total=78
2026-04-19 04:52:25 INFO dataset: Stage1 intent=status check created=1 total=77
2026-04-19 04:52:25 INFO dataset: Stage1 intent=notification created=1 total=78
2026-04-19 04:52:25 INFO dataset: Stage1 intent=Finance created=1 total=80
2026-04-19 04:52:25 INFO dataset: Stage1 intent=Healthcare created=1 total=80
2026-04-19 04:52:25 INFO dataset: Stage1 intent=Legal created=1 total=80
2026-04-19 04:52:25 INFO dataset: Stage1 intent=Real Estate created=1 total=79
2026-04-19 04:52:25 INFO dataset: Stage1 intent=Career created=1 total=80
2026-04-19 04:52:25 INFO dataset: Stage1 intent=Food and Dining created=1 total=77
2026-04-19 04:52:25 INFO dataset: Stage1 intent=Home Services created=1 total=79
2026-04-19 04:52:25 INFO dataset: Stage1 intent=Automotive created=1 total=78
2026-04-19 04:55:51 INFO dataset: Stage1 intent=Information Retrieval created=1 total=80
2026-04-19 04:55:51 INFO dataset: Stage1 intent=Entertainment created=1 total=80
2026-04-19 04:55:51 INFO dataset: Stage1 intent=product_lookup created=1 total=78
2026-04-19 04:55:51 INFO dataset: Stage1 intent=Booking created=1 total=78
2026-04-19 04:55:51 INFO dataset: Stage1 intent=weather created=1 total=80
2026-04-19 04:55:51 INFO dataset: Stage1 intent=data visualisation created=1 total=80
2026-04-19 04:55:51 INFO dataset: Stage1 intent=Planning created=1 total=81
2026-04-19 04:55:51 INFO dataset: Stage1 intent=productivity created=1 total=80
2026-04-19 04:55:51 INFO dataset: Stage1 intent=Recipe created=1 total=81
2026-04-19 04:55:51 INFO dataset: Stage1 intent=Localization created=1 total=78
2026-04-19 04:55:51 INFO dataset: Stage1 intent=Technical support created=1 total=81
2026-04-19 04:55:51 INFO dataset: Stage1 intent=Creating Writing created=1 total=81
2026-04-19 04:55:51 INFO dataset: Stage1 intent=Event Schedule created=1 total=73
2026-04-19 04:55:51 INFO dataset: Stage1 intent=Research Analysis created=1 total=78
2026-04-19 04:55:51 INFO dataset: Stage1 intent=Comparison created=1 total=80
2026-04-19 04:55:51 INFO dataset: Stage1 intent=calculation created=1 total=80
2026-04-19 04:55:51 INFO dataset: Stage1 intent=Travel created=1 total=81
2026-04-19 04:55:51 INFO dataset: Stage1 intent=Navigation created=1 total=80
2026-04-19 04:55:51 INFO dataset: Stage1 intent=Education created=1 total=81
2026-04-19 04:55:51 INFO dataset: Stage1 intent=Documentation created=1 total=81
2026-04-19 04:55:51 INFO dataset: Stage1 intent=media playback created=1 total=79
2026-04-19 04:55:51 INFO dataset: Stage1 intent=qr scanner created=1 total=79
2026-04-19 04:55:51 INFO dataset: Stage1 intent=status check created=1 total=78
2026-04-19 04:55:51 INFO dataset: Stage1 intent=notification created=1 total=79
2026-04-19 04:55:51 INFO dataset: Stage1 intent=Finance created=1 total=81
2026-04-19 04:55:51 INFO dataset: Stage1 intent=Healthcare created=1 total=81
2026-04-19 04:55:51 INFO dataset: Stage1 intent=Legal created=1 total=81
2026-04-19 04:55:51 INFO dataset: Stage1 intent=Real Estate created=1 total=80
2026-04-19 04:55:51 INFO dataset: Stage1 intent=Career created=1 total=81
2026-04-19 04:55:51 INFO dataset: Stage1 intent=Food and Dining created=1 total=78
2026-04-19 04:55:51 INFO dataset: Stage1 intent=Home Services created=1 total=80
2026-04-19 04:55:51 INFO dataset: Stage1 intent=Automotive created=1 total=79
2026-04-19 04:59:32 INFO dataset: Stage1 intent=Information Retrieval created=1 total=81
2026-04-19 04:59:32 INFO dataset: Stage1 intent=Entertainment created=1 total=81
2026-04-19 04:59:32 INFO dataset: Stage1 intent=product_lookup created=1 total=79
2026-04-19 04:59:32 INFO dataset: Stage1 intent=Booking created=1 total=79
2026-04-19 04:59:32 INFO dataset: Stage1 intent=weather created=1 total=81
2026-04-19 04:59:32 INFO dataset: Stage1 intent=data visualisation created=1 total=81
2026-04-19 04:59:32 INFO dataset: Stage1 intent=Planning created=1 total=82
2026-04-19 04:59:32 INFO dataset: Stage1 intent=productivity created=1 total=81
2026-04-19 04:59:32 INFO dataset: Stage1 intent=Recipe created=1 total=82
2026-04-19 04:59:32 INFO dataset: Stage1 intent=Localization created=1 total=79
2026-04-19 04:59:32 INFO dataset: Stage1 intent=Technical support created=1 total=82
2026-04-19 04:59:32 INFO dataset: Stage1 intent=Creating Writing created=1 total=82
2026-04-19 04:59:32 INFO dataset: Stage1 intent=Event Schedule created=1 total=74
2026-04-19 04:59:32 INFO dataset: Stage1 intent=Research Analysis created=1 total=79
2026-04-19 04:59:32 INFO dataset: Stage1 intent=Comparison created=1 total=81
2026-04-19 04:59:32 INFO dataset: Stage1 intent=calculation created=1 total=81
2026-04-19 04:59:32 INFO dataset: Stage1 intent=Travel created=1 total=82
2026-04-19 04:59:32 INFO dataset: Stage1 intent=Navigation created=1 total=81
2026-04-19 04:59:32 INFO dataset: Stage1 intent=Education created=1 total=82
2026-04-19 04:59:32 INFO dataset: Stage1 intent=Documentation created=1 total=82
2026-04-19 04:59:32 INFO dataset: Stage1 intent=media playback created=1 total=80
2026-04-19 04:59:32 INFO dataset: Stage1 intent=qr scanner created=1 total=80
2026-04-19 04:59:32 INFO dataset: Stage1 intent=status check created=1 total=79
2026-04-19 04:59:32 INFO dataset: Stage1 intent=notification created=1 total=80
2026-04-19 04:59:32 INFO dataset: Stage1 intent=Finance created=1 total=82
2026-04-19 04:59:32 INFO dataset: Stage1 intent=Healthcare created=1 total=82
2026-04-19 04:59:32 INFO dataset: Stage1 intent=Legal created=1 total=82
2026-04-19 04:59:32 INFO dataset: Stage1 intent=Real Estate created=1 total=81
2026-04-19 04:59:32 INFO dataset: Stage1 intent=Career created=1 total=82
2026-04-19 04:59:32 INFO dataset: Stage1 intent=Food and Dining created=1 total=79
2026-04-19 04:59:32 INFO dataset: Stage1 intent=Home Services created=1 total=81
2026-04-19 04:59:32 INFO dataset: Stage1 intent=Automotive created=1 total=80
2026-04-19 05:02:50 INFO dataset: Stage1 intent=Information Retrieval created=1 total=82
2026-04-19 05:02:50 INFO dataset: Stage1 intent=Entertainment created=1 total=82
2026-04-19 05:02:50 INFO dataset: Stage1 intent=product_lookup created=1 total=80
2026-04-19 05:02:50 INFO dataset: Stage1 intent=Booking created=1 total=80
2026-04-19 05:02:50 INFO dataset: Stage1 intent=weather created=1 total=82
2026-04-19 05:02:50 INFO dataset: Stage1 intent=data visualisation created=1 total=82
2026-04-19 05:02:50 INFO dataset: Stage1 intent=Planning created=1 total=83
2026-04-19 05:02:50 INFO dataset: Stage1 intent=productivity created=1 total=82
2026-04-19 05:02:50 INFO dataset: Stage1 intent=Recipe created=1 total=83
2026-04-19 05:02:50 INFO dataset: Stage1 intent=Localization created=1 total=80
2026-04-19 05:02:50 INFO dataset: Stage1 intent=Technical support created=1 total=83
2026-04-19 05:02:50 INFO dataset: Stage1 intent=Creating Writing created=1 total=83
2026-04-19 05:02:50 INFO dataset: Stage1 intent=Event Schedule created=1 total=75
2026-04-19 05:02:50 INFO dataset: Stage1 intent=Research Analysis created=1 total=80
2026-04-19 05:02:50 INFO dataset: Stage1 intent=Comparison created=1 total=82
2026-04-19 05:02:50 INFO dataset: Stage1 intent=calculation created=1 total=82
2026-04-19 05:02:50 INFO dataset: Stage1 intent=Travel created=1 total=83
2026-04-19 05:02:50 INFO dataset: Stage1 intent=Navigation created=1 total=82
2026-04-19 05:02:50 INFO dataset: Stage1 intent=Education created=1 total=83
2026-04-19 05:02:50 INFO dataset: Stage1 intent=Documentation created=1 total=83
2026-04-19 05:02:50 INFO dataset: Stage1 intent=media playback created=1 total=81
2026-04-19 05:02:50 INFO dataset: Stage1 intent=qr scanner created=1 total=81
2026-04-19 05:02:50 INFO dataset: Stage1 intent=status check created=1 total=80
2026-04-19 05:02:50 INFO dataset: Stage1 intent=notification created=1 total=81
2026-04-19 05:02:50 INFO dataset: Stage1 intent=Finance created=1 total=83
2026-04-19 05:02:50 INFO dataset: Stage1 intent=Healthcare created=1 total=83
2026-04-19 05:02:50 INFO dataset: Stage1 intent=Legal created=1 total=83
2026-04-19 05:02:50 INFO dataset: Stage1 intent=Real Estate created=1 total=82
2026-04-19 05:02:50 INFO dataset: Stage1 intent=Career created=1 total=83
2026-04-19 05:02:50 INFO dataset: Stage1 intent=Food and Dining created=1 total=80
2026-04-19 05:02:50 INFO dataset: Stage1 intent=Home Services created=1 total=82
2026-04-19 05:02:50 INFO dataset: Stage1 intent=Automotive created=1 total=81
2026-04-19 05:06:23 INFO dataset: Stage1 intent=Information Retrieval created=1 total=83
2026-04-19 05:06:23 INFO dataset: Stage1 intent=Entertainment created=1 total=83
2026-04-19 05:06:23 INFO dataset: Stage1 intent=product_lookup created=1 total=81
2026-04-19 05:06:23 INFO dataset: Stage1 intent=Booking created=1 total=81
2026-04-19 05:06:23 INFO dataset: Stage1 intent=weather created=1 total=83
2026-04-19 05:06:23 INFO dataset: Stage1 intent=data visualisation created=1 total=83
2026-04-19 05:06:23 INFO dataset: Stage1 intent=Planning created=1 total=84
2026-04-19 05:06:23 INFO dataset: Stage1 intent=productivity created=1 total=83
2026-04-19 05:06:23 INFO dataset: Stage1 intent=Recipe created=1 total=84
2026-04-19 05:06:23 INFO dataset: Stage1 intent=Localization created=1 total=81
2026-04-19 05:06:23 INFO dataset: Stage1 intent=Technical support created=1 total=84
2026-04-19 05:06:23 INFO dataset: Stage1 intent=Creating Writing created=1 total=84
2026-04-19 05:06:23 INFO dataset: Stage1 intent=Event Schedule created=1 total=76
2026-04-19 05:06:23 INFO dataset: Stage1 intent=Research Analysis created=1 total=81
2026-04-19 05:06:23 INFO dataset: Stage1 intent=Comparison created=1 total=83
2026-04-19 05:06:23 INFO dataset: Stage1 intent=calculation created=1 total=83
2026-04-19 05:06:23 INFO dataset: Stage1 intent=Travel created=1 total=84
2026-04-19 05:06:23 INFO dataset: Stage1 intent=Navigation created=1 total=83
2026-04-19 05:06:23 INFO dataset: Stage1 intent=Education created=1 total=84
2026-04-19 05:06:23 INFO dataset: Stage1 intent=Documentation created=1 total=84
2026-04-19 05:06:23 INFO dataset: Stage1 intent=media playback created=1 total=82
2026-04-19 05:06:23 INFO dataset: Stage1 intent=qr scanner created=1 total=82
2026-04-19 05:06:23 ERROR dataset: Stage1 parse error intent=status check: Expecting value: line 9 column 19 (char 1139)
2026-04-19 05:06:23 INFO dataset: Stage1 intent=notification created=1 total=82
2026-04-19 05:06:23 INFO dataset: Stage1 intent=Finance created=1 total=84
2026-04-19 05:06:23 INFO dataset: Stage1 intent=Healthcare created=1 total=84
2026-04-19 05:06:23 INFO dataset: Stage1 intent=Legal created=1 total=84
2026-04-19 05:06:23 INFO dataset: Stage1 intent=Real Estate created=1 total=83
2026-04-19 05:06:23 INFO dataset: Stage1 intent=Career created=1 total=84
2026-04-19 05:06:23 INFO dataset: Stage1 intent=Food and Dining created=1 total=81
2026-04-19 05:06:23 INFO dataset: Stage1 intent=Home Services created=1 total=83
2026-04-19 05:06:23 INFO dataset: Stage1 intent=Automotive created=1 total=82
2026-04-19 05:09:56 INFO dataset: Stage1 intent=Information Retrieval created=1 total=84
2026-04-19 05:09:56 INFO dataset: Stage1 intent=Entertainment created=1 total=84
2026-04-19 05:09:56 INFO dataset: Stage1 intent=product_lookup created=1 total=82
2026-04-19 05:09:56 INFO dataset: Stage1 intent=Booking created=1 total=82
2026-04-19 05:09:56 INFO dataset: Stage1 intent=weather created=1 total=84
2026-04-19 05:09:56 INFO dataset: Stage1 intent=data visualisation created=1 total=84
2026-04-19 05:09:56 INFO dataset: Stage1 intent=Planning created=1 total=85
2026-04-19 05:09:56 INFO dataset: Stage1 intent=productivity created=1 total=84
2026-04-19 05:09:56 INFO dataset: Stage1 intent=Recipe created=1 total=85
2026-04-19 05:09:56 INFO dataset: Stage1 intent=Localization created=1 total=82
2026-04-19 05:09:56 INFO dataset: Stage1 intent=Technical support created=1 total=85
2026-04-19 05:09:56 INFO dataset: Stage1 intent=Creating Writing created=1 total=85
2026-04-19 05:09:56 INFO dataset: Stage1 intent=Event Schedule created=1 total=77
2026-04-19 05:09:56 INFO dataset: Stage1 intent=Research Analysis created=1 total=82
2026-04-19 05:09:56 INFO dataset: Stage1 intent=Comparison created=1 total=84
2026-04-19 05:09:56 INFO dataset: Stage1 intent=calculation created=1 total=84
2026-04-19 05:09:56 INFO dataset: Stage1 intent=Travel created=1 total=85
2026-04-19 05:09:56 INFO dataset: Stage1 intent=Navigation created=1 total=84
2026-04-19 05:09:56 INFO dataset: Stage1 intent=Education created=1 total=85
2026-04-19 05:09:56 INFO dataset: Stage1 intent=Documentation created=1 total=85
2026-04-19 05:09:56 INFO dataset: Stage1 intent=media playback created=1 total=83
2026-04-19 05:09:56 INFO dataset: Stage1 intent=qr scanner created=1 total=83
2026-04-19 05:09:56 INFO dataset: Stage1 intent=status check created=1 total=81
2026-04-19 05:09:56 INFO dataset: Stage1 intent=notification created=1 total=83
2026-04-19 05:09:56 INFO dataset: Stage1 intent=Finance created=1 total=85
2026-04-19 05:09:56 INFO dataset: Stage1 intent=Healthcare created=1 total=85
2026-04-19 05:09:56 INFO dataset: Stage1 intent=Legal created=1 total=85
2026-04-19 05:09:56 INFO dataset: Stage1 intent=Real Estate created=1 total=84
2026-04-19 05:09:56 INFO dataset: Stage1 intent=Career created=1 total=85
2026-04-19 05:09:56 INFO dataset: Stage1 intent=Food and Dining created=1 total=82
2026-04-19 05:09:56 INFO dataset: Stage1 intent=Home Services created=1 total=84
2026-04-19 05:09:56 INFO dataset: Stage1 intent=Automotive created=1 total=83
2026-04-19 05:13:21 INFO dataset: Stage1 intent=Information Retrieval created=1 total=85
2026-04-19 05:13:21 INFO dataset: Stage1 intent=Entertainment created=1 total=85
2026-04-19 05:13:21 INFO dataset: Stage1 intent=product_lookup created=1 total=83
2026-04-19 05:13:21 INFO dataset: Stage1 intent=Booking created=1 total=83
2026-04-19 05:13:21 INFO dataset: Stage1 intent=weather created=1 total=85
2026-04-19 05:13:21 INFO dataset: Stage1 intent=data visualisation created=1 total=85
2026-04-19 05:13:21 INFO dataset: Stage1 intent=Planning created=1 total=86
2026-04-19 05:13:21 INFO dataset: Stage1 intent=productivity created=1 total=85
2026-04-19 05:13:21 INFO dataset: Stage1 intent=Recipe created=1 total=86
2026-04-19 05:13:21 ERROR dataset: Stage1 parse error intent=Localization: Unterminated string starting at: line 3 column 19 (char 24)
2026-04-19 05:13:21 INFO dataset: Stage1 intent=Technical support created=1 total=86
2026-04-19 05:13:21 INFO dataset: Stage1 intent=Creating Writing created=1 total=86
2026-04-19 05:13:21 INFO dataset: Stage1 intent=Event Schedule created=1 total=78
2026-04-19 05:13:21 INFO dataset: Stage1 intent=Research Analysis created=1 total=83
2026-04-19 05:13:21 INFO dataset: Stage1 intent=Comparison created=1 total=85
2026-04-19 05:13:21 INFO dataset: Stage1 intent=calculation created=1 total=85
2026-04-19 05:13:21 INFO dataset: Stage1 intent=Travel created=1 total=86
2026-04-19 05:13:21 INFO dataset: Stage1 intent=Navigation created=1 total=85
2026-04-19 05:13:21 INFO dataset: Stage1 intent=Education created=1 total=86
2026-04-19 05:13:21 INFO dataset: Stage1 intent=Documentation created=1 total=86
2026-04-19 05:13:21 INFO dataset: Stage1 intent=media playback created=1 total=84
2026-04-19 05:13:21 INFO dataset: Stage1 intent=qr scanner created=1 total=84
2026-04-19 05:13:21 INFO dataset: Stage1 intent=status check created=1 total=82
2026-04-19 05:13:21 INFO dataset: Stage1 intent=notification created=1 total=84
2026-04-19 05:13:21 INFO dataset: Stage1 intent=Finance created=1 total=86
2026-04-19 05:13:21 INFO dataset: Stage1 intent=Healthcare created=1 total=86
2026-04-19 05:13:21 INFO dataset: Stage1 intent=Legal created=1 total=86
2026-04-19 05:13:21 INFO dataset: Stage1 intent=Real Estate created=1 total=85
2026-04-19 05:13:21 INFO dataset: Stage1 intent=Career created=1 total=86
2026-04-19 05:13:21 INFO dataset: Stage1 intent=Food and Dining created=1 total=83
2026-04-19 05:13:21 INFO dataset: Stage1 intent=Home Services created=1 total=85
2026-04-19 05:13:21 INFO dataset: Stage1 intent=Automotive created=1 total=84
2026-04-19 05:17:01 INFO dataset: Stage1 intent=Information Retrieval created=1 total=86
2026-04-19 05:17:01 INFO dataset: Stage1 intent=Entertainment created=1 total=86
2026-04-19 05:17:01 INFO dataset: Stage1 intent=product_lookup created=1 total=84
2026-04-19 05:17:01 INFO dataset: Stage1 intent=Booking created=1 total=84
2026-04-19 05:17:01 INFO dataset: Stage1 intent=weather created=1 total=86
2026-04-19 05:17:01 INFO dataset: Stage1 intent=data visualisation created=1 total=86
2026-04-19 05:17:01 INFO dataset: Stage1 intent=Planning created=1 total=87
2026-04-19 05:17:01 INFO dataset: Stage1 intent=productivity created=1 total=86
2026-04-19 05:17:01 INFO dataset: Stage1 intent=Recipe created=1 total=87
2026-04-19 05:17:01 INFO dataset: Stage1 intent=Localization created=1 total=83
2026-04-19 05:17:01 INFO dataset: Stage1 intent=Technical support created=1 total=87
2026-04-19 05:17:01 INFO dataset: Stage1 intent=Creating Writing created=1 total=87
2026-04-19 05:17:01 INFO dataset: Stage1 intent=Event Schedule created=1 total=79
2026-04-19 05:17:01 INFO dataset: Stage1 intent=Research Analysis created=1 total=84
2026-04-19 05:17:01 INFO dataset: Stage1 intent=Comparison created=1 total=86
2026-04-19 05:17:01 INFO dataset: Stage1 intent=calculation created=1 total=86
2026-04-19 05:17:01 INFO dataset: Stage1 intent=Travel created=1 total=87
2026-04-19 05:17:01 INFO dataset: Stage1 intent=Navigation created=1 total=86
2026-04-19 05:17:01 INFO dataset: Stage1 intent=Education created=1 total=87
2026-04-19 05:17:01 INFO dataset: Stage1 intent=Documentation created=1 total=87
2026-04-19 05:17:01 INFO dataset: Stage1 intent=media playback created=1 total=85
2026-04-19 05:17:01 INFO dataset: Stage1 intent=qr scanner created=1 total=85
2026-04-19 05:17:01 INFO dataset: Stage1 intent=status check created=1 total=83
2026-04-19 05:17:01 INFO dataset: Stage1 intent=notification created=1 total=85
2026-04-19 05:17:01 INFO dataset: Stage1 intent=Finance created=1 total=87
2026-04-19 05:17:01 INFO dataset: Stage1 intent=Healthcare created=1 total=87
2026-04-19 05:17:01 INFO dataset: Stage1 intent=Legal created=1 total=87
2026-04-19 05:17:01 INFO dataset: Stage1 intent=Real Estate created=1 total=86
2026-04-19 05:17:01 INFO dataset: Stage1 intent=Career created=1 total=87
2026-04-19 05:17:01 INFO dataset: Stage1 intent=Food and Dining created=1 total=84
2026-04-19 05:17:01 INFO dataset: Stage1 intent=Home Services created=1 total=86
2026-04-19 05:17:01 INFO dataset: Stage1 intent=Automotive created=1 total=85
2026-04-19 05:20:33 INFO dataset: Stage1 intent=Information Retrieval created=1 total=87
2026-04-19 05:20:33 ERROR dataset: Stage1 parse error intent=Entertainment: Unterminated string starting at: line 3 column 19 (char 24)
2026-04-19 05:20:33 INFO dataset: Stage1 intent=product_lookup created=1 total=85
2026-04-19 05:20:33 INFO dataset: Stage1 intent=Booking created=1 total=85
2026-04-19 05:20:33 INFO dataset: Stage1 intent=weather created=1 total=87
2026-04-19 05:20:33 INFO dataset: Stage1 intent=data visualisation created=1 total=87
2026-04-19 05:20:33 INFO dataset: Stage1 intent=Planning created=1 total=88
2026-04-19 05:20:33 INFO dataset: Stage1 intent=productivity created=1 total=87
2026-04-19 05:20:33 INFO dataset: Stage1 intent=Recipe created=1 total=88
2026-04-19 05:20:33 INFO dataset: Stage1 intent=Localization created=1 total=84
2026-04-19 05:20:33 INFO dataset: Stage1 intent=Technical support created=1 total=88
2026-04-19 05:20:33 INFO dataset: Stage1 intent=Creating Writing created=1 total=88
2026-04-19 05:20:33 INFO dataset: Stage1 intent=Event Schedule created=1 total=80
2026-04-19 05:20:33 INFO dataset: Stage1 intent=Research Analysis created=1 total=85
2026-04-19 05:20:33 INFO dataset: Stage1 intent=Comparison created=1 total=87
2026-04-19 05:20:33 INFO dataset: Stage1 intent=calculation created=1 total=87
2026-04-19 05:20:33 INFO dataset: Stage1 intent=Travel created=1 total=88
2026-04-19 05:20:33 INFO dataset: Stage1 intent=Navigation created=1 total=87
2026-04-19 05:20:33 INFO dataset: Stage1 intent=Education created=1 total=88
2026-04-19 05:20:33 INFO dataset: Stage1 intent=Documentation created=1 total=88
2026-04-19 05:20:33 INFO dataset: Stage1 intent=media playback created=1 total=86
2026-04-19 05:20:33 INFO dataset: Stage1 intent=qr scanner created=1 total=86
2026-04-19 05:20:33 INFO dataset: Stage1 intent=status check created=1 total=84
2026-04-19 05:20:33 INFO dataset: Stage1 intent=notification created=1 total=86
2026-04-19 05:20:33 INFO dataset: Stage1 intent=Finance created=1 total=88
2026-04-19 05:20:33 INFO dataset: Stage1 intent=Healthcare created=1 total=88
2026-04-19 05:20:33 INFO dataset: Stage1 intent=Legal created=1 total=88
2026-04-19 05:20:33 INFO dataset: Stage1 intent=Real Estate created=1 total=87
2026-04-19 05:20:33 INFO dataset: Stage1 intent=Career created=1 total=88
2026-04-19 05:20:33 INFO dataset: Stage1 intent=Food and Dining created=1 total=85
2026-04-19 05:20:33 INFO dataset: Stage1 intent=Home Services created=1 total=87
2026-04-19 05:20:33 INFO dataset: Stage1 intent=Automotive created=1 total=86
2026-04-19 05:24:05 INFO dataset: Stage1 intent=Information Retrieval created=1 total=88
2026-04-19 05:24:05 INFO dataset: Stage1 intent=Entertainment created=1 total=87
2026-04-19 05:24:05 INFO dataset: Stage1 intent=product_lookup created=1 total=86
2026-04-19 05:24:05 INFO dataset: Stage1 intent=Booking created=1 total=86
2026-04-19 05:24:05 INFO dataset: Stage1 intent=weather created=1 total=88
2026-04-19 05:24:05 INFO dataset: Stage1 intent=data visualisation created=1 total=88
2026-04-19 05:24:05 INFO dataset: Stage1 intent=Planning created=1 total=89
2026-04-19 05:24:05 INFO dataset: Stage1 intent=productivity created=1 total=88
2026-04-19 05:24:05 INFO dataset: Stage1 intent=Recipe created=1 total=89
2026-04-19 05:24:05 ERROR dataset: Stage1 parse error intent=Localization: Unterminated string starting at: line 3 column 19 (char 24)
2026-04-19 05:24:05 INFO dataset: Stage1 intent=Technical support created=1 total=89
2026-04-19 05:24:05 INFO dataset: Stage1 intent=Creating Writing created=1 total=89
2026-04-19 05:24:05 INFO dataset: Stage1 intent=Event Schedule created=1 total=81
2026-04-19 05:24:05 INFO dataset: Stage1 intent=Research Analysis created=1 total=86
2026-04-19 05:24:05 INFO dataset: Stage1 intent=Comparison created=1 total=88
2026-04-19 05:24:05 INFO dataset: Stage1 intent=calculation created=1 total=88
2026-04-19 05:24:05 INFO dataset: Stage1 intent=Travel created=1 total=89
2026-04-19 05:24:05 INFO dataset: Stage1 intent=Navigation created=1 total=88
2026-04-19 05:24:05 INFO dataset: Stage1 intent=Education created=1 total=89
2026-04-19 05:24:05 INFO dataset: Stage1 intent=Documentation created=1 total=89
2026-04-19 05:24:05 INFO dataset: Stage1 intent=media playback created=1 total=87
2026-04-19 05:24:05 INFO dataset: Stage1 intent=qr scanner created=1 total=87
2026-04-19 05:24:05 INFO dataset: Stage1 intent=status check created=1 total=85
2026-04-19 05:24:05 INFO dataset: Stage1 intent=notification created=1 total=87
2026-04-19 05:24:05 INFO dataset: Stage1 intent=Finance created=1 total=89
2026-04-19 05:24:05 INFO dataset: Stage1 intent=Healthcare created=1 total=89
2026-04-19 05:24:05 INFO dataset: Stage1 intent=Legal created=1 total=89
2026-04-19 05:24:05 INFO dataset: Stage1 intent=Real Estate created=1 total=88
2026-04-19 05:24:05 INFO dataset: Stage1 intent=Career created=1 total=89
2026-04-19 05:24:05 INFO dataset: Stage1 intent=Food and Dining created=1 total=86
2026-04-19 05:24:05 INFO dataset: Stage1 intent=Home Services created=1 total=88
2026-04-19 05:24:05 INFO dataset: Stage1 intent=Automotive created=1 total=87
2026-04-19 05:27:41 INFO dataset: Stage1 intent=Information Retrieval created=1 total=89
2026-04-19 05:27:41 ERROR dataset: Stage1 parse error intent=Entertainment: Unterminated string starting at: line 3 column 19 (char 24)
2026-04-19 05:27:41 INFO dataset: Stage1 intent=product_lookup created=1 total=87
2026-04-19 05:27:41 INFO dataset: Stage1 intent=Booking created=1 total=87
2026-04-19 05:27:41 INFO dataset: Stage1 intent=weather created=1 total=89
2026-04-19 05:27:41 INFO dataset: Stage1 intent=data visualisation created=1 total=89
2026-04-19 05:27:41 INFO dataset: Stage1 intent=Planning created=1 total=90
2026-04-19 05:27:41 INFO dataset: Stage1 intent=productivity created=1 total=89
2026-04-19 05:27:41 INFO dataset: Stage1 intent=Recipe created=1 total=90
2026-04-19 05:27:41 INFO dataset: Stage1 intent=Localization created=1 total=85
2026-04-19 05:27:41 INFO dataset: Stage1 intent=Technical support created=1 total=90
2026-04-19 05:27:41 INFO dataset: Stage1 intent=Creating Writing created=1 total=90
2026-04-19 05:27:41 INFO dataset: Stage1 intent=Event Schedule created=1 total=82
2026-04-19 05:27:41 INFO dataset: Stage1 intent=Research Analysis created=1 total=87
2026-04-19 05:27:41 INFO dataset: Stage1 intent=Comparison created=1 total=89
2026-04-19 05:27:41 INFO dataset: Stage1 intent=calculation created=1 total=89
2026-04-19 05:27:41 INFO dataset: Stage1 intent=Travel created=1 total=90
2026-04-19 05:27:41 INFO dataset: Stage1 intent=Navigation created=1 total=89
2026-04-19 05:27:41 INFO dataset: Stage1 intent=Education created=1 total=90
2026-04-19 05:27:41 INFO dataset: Stage1 intent=Documentation created=1 total=90
2026-04-19 05:27:41 ERROR dataset: Stage1 parse error intent=media playback: Unterminated string starting at: line 3 column 19 (char 24)
2026-04-19 05:27:41 ERROR dataset: Stage1 parse error intent=qr scanner: Unterminated string starting at: line 3 column 19 (char 24)
2026-04-19 05:27:41 INFO dataset: Stage1 intent=status check created=1 total=86
2026-04-19 05:27:41 INFO dataset: Stage1 intent=notification created=1 total=88
2026-04-19 05:27:41 INFO dataset: Stage1 intent=Finance created=1 total=90
2026-04-19 05:27:41 INFO dataset: Stage1 intent=Healthcare created=1 total=90
2026-04-19 05:27:41 INFO dataset: Stage1 intent=Legal created=1 total=90
2026-04-19 05:27:41 INFO dataset: Stage1 intent=Real Estate created=1 total=89
2026-04-19 05:27:41 INFO dataset: Stage1 intent=Career created=1 total=90
2026-04-19 05:27:41 INFO dataset: Stage1 intent=Food and Dining created=1 total=87
2026-04-19 05:27:41 INFO dataset: Stage1 intent=Home Services created=1 total=89
2026-04-19 05:27:41 INFO dataset: Stage1 intent=Automotive created=1 total=88
2026-04-19 05:31:09 INFO dataset: Stage1 intent=Information Retrieval created=1 total=90
2026-04-19 05:31:09 INFO dataset: Stage1 intent=Entertainment created=1 total=88
2026-04-19 05:31:09 INFO dataset: Stage1 intent=product_lookup created=1 total=88
2026-04-19 05:31:09 INFO dataset: Stage1 intent=Booking created=1 total=88
2026-04-19 05:31:09 INFO dataset: Stage1 intent=weather created=1 total=90
2026-04-19 05:31:09 INFO dataset: Stage1 intent=data visualisation created=1 total=90
2026-04-19 05:31:09 INFO dataset: Stage1 intent=Planning created=1 total=91
2026-04-19 05:31:09 INFO dataset: Stage1 intent=productivity created=1 total=90
2026-04-19 05:31:09 INFO dataset: Stage1 intent=Recipe created=1 total=91
2026-04-19 05:31:09 INFO dataset: Stage1 intent=Localization created=1 total=86
2026-04-19 05:31:09 INFO dataset: Stage1 intent=Technical support created=1 total=91
2026-04-19 05:31:09 INFO dataset: Stage1 intent=Creating Writing created=1 total=91
2026-04-19 05:31:09 INFO dataset: Stage1 intent=Event Schedule created=1 total=83
2026-04-19 05:31:09 INFO dataset: Stage1 intent=Research Analysis created=1 total=88
2026-04-19 05:31:09 INFO dataset: Stage1 intent=Comparison created=1 total=90
2026-04-19 05:31:09 INFO dataset: Stage1 intent=calculation created=1 total=90
2026-04-19 05:31:09 INFO dataset: Stage1 intent=Travel created=1 total=91
2026-04-19 05:31:09 INFO dataset: Stage1 intent=Navigation created=1 total=90
2026-04-19 05:31:09 INFO dataset: Stage1 intent=Education created=1 total=91
2026-04-19 05:31:09 INFO dataset: Stage1 intent=Documentation created=1 total=91
2026-04-19 05:31:09 INFO dataset: Stage1 intent=media playback created=1 total=88
2026-04-19 05:31:09 INFO dataset: Stage1 intent=qr scanner created=1 total=88
2026-04-19 05:31:09 ERROR dataset: Stage1 parse error intent=status check: Unterminated string starting at: line 3 column 19 (char 24)
2026-04-19 05:31:09 INFO dataset: Stage1 intent=notification created=1 total=89
2026-04-19 05:31:09 INFO dataset: Stage1 intent=Finance created=1 total=91
2026-04-19 05:31:09 INFO dataset: Stage1 intent=Healthcare created=1 total=91
2026-04-19 05:31:09 INFO dataset: Stage1 intent=Legal created=1 total=91
2026-04-19 05:31:09 INFO dataset: Stage1 intent=Real Estate created=1 total=90
2026-04-19 05:31:09 INFO dataset: Stage1 intent=Career created=1 total=91
2026-04-19 05:31:09 INFO dataset: Stage1 intent=Food and Dining created=1 total=88
2026-04-19 05:31:09 INFO dataset: Stage1 intent=Home Services created=1 total=90
2026-04-19 05:31:09 INFO dataset: Stage1 intent=Automotive created=1 total=89
2026-04-19 05:34:40 INFO dataset: Stage1 intent=Information Retrieval created=1 total=91
2026-04-19 05:34:40 INFO dataset: Stage1 intent=Entertainment created=1 total=89
2026-04-19 05:34:40 ERROR dataset: Stage1 parse error intent=product_lookup: Unterminated string starting at: line 3 column 19 (char 24)
2026-04-19 05:34:40 INFO dataset: Stage1 intent=Booking created=1 total=89
2026-04-19 05:34:40 INFO dataset: Stage1 intent=weather created=1 total=91
2026-04-19 05:34:40 INFO dataset: Stage1 intent=data visualisation created=1 total=91
2026-04-19 05:34:40 INFO dataset: Stage1 intent=Planning created=1 total=92
2026-04-19 05:34:40 INFO dataset: Stage1 intent=productivity created=1 total=91
2026-04-19 05:34:40 INFO dataset: Stage1 intent=Recipe created=1 total=92
2026-04-19 05:34:40 INFO dataset: Stage1 intent=Localization created=1 total=87
2026-04-19 05:34:40 INFO dataset: Stage1 intent=Technical support created=1 total=92
2026-04-19 05:34:40 INFO dataset: Stage1 intent=Creating Writing created=1 total=92
2026-04-19 05:34:40 INFO dataset: Stage1 intent=Event Schedule created=1 total=84
2026-04-19 05:34:40 INFO dataset: Stage1 intent=Research Analysis created=1 total=89
2026-04-19 05:34:40 INFO dataset: Stage1 intent=Comparison created=1 total=91
2026-04-19 05:34:40 INFO dataset: Stage1 intent=calculation created=1 total=91
2026-04-19 05:34:40 INFO dataset: Stage1 intent=Travel created=1 total=92
2026-04-19 05:34:40 INFO dataset: Stage1 intent=Navigation created=1 total=91
2026-04-19 05:34:40 INFO dataset: Stage1 intent=Education created=1 total=92
2026-04-19 05:34:40 INFO dataset: Stage1 intent=Documentation created=1 total=92
2026-04-19 05:34:40 INFO dataset: Stage1 intent=media playback created=1 total=89
2026-04-19 05:34:40 INFO dataset: Stage1 intent=qr scanner created=1 total=89
2026-04-19 05:34:40 INFO dataset: Stage1 intent=status check created=1 total=87
2026-04-19 05:34:40 INFO dataset: Stage1 intent=notification created=1 total=90
2026-04-19 05:34:40 INFO dataset: Stage1 intent=Finance created=1 total=92
2026-04-19 05:34:40 INFO dataset: Stage1 intent=Healthcare created=1 total=92
2026-04-19 05:34:40 INFO dataset: Stage1 intent=Legal created=1 total=92
2026-04-19 05:34:40 INFO dataset: Stage1 intent=Real Estate created=1 total=91
2026-04-19 05:34:40 INFO dataset: Stage1 intent=Career created=1 total=92
2026-04-19 05:34:40 INFO dataset: Stage1 intent=Food and Dining created=1 total=89
2026-04-19 05:34:40 INFO dataset: Stage1 intent=Home Services created=1 total=91
2026-04-19 05:34:40 INFO dataset: Stage1 intent=Automotive created=1 total=90
2026-04-19 05:38:12 INFO dataset: Stage1 intent=Information Retrieval created=1 total=92
2026-04-19 05:38:12 INFO dataset: Stage1 intent=Entertainment created=1 total=90
2026-04-19 05:38:12 INFO dataset: Stage1 intent=product_lookup created=1 total=89
2026-04-19 05:38:12 INFO dataset: Stage1 intent=Booking created=1 total=90
2026-04-19 05:38:12 INFO dataset: Stage1 intent=weather created=1 total=92
2026-04-19 05:38:12 INFO dataset: Stage1 intent=data visualisation created=1 total=92
2026-04-19 05:38:12 INFO dataset: Stage1 intent=Planning created=1 total=93
2026-04-19 05:38:12 INFO dataset: Stage1 intent=productivity created=1 total=92
2026-04-19 05:38:12 INFO dataset: Stage1 intent=Recipe created=1 total=93
2026-04-19 05:38:12 INFO dataset: Stage1 intent=Localization created=1 total=88
2026-04-19 05:38:12 INFO dataset: Stage1 intent=Technical support created=1 total=93
2026-04-19 05:38:12 INFO dataset: Stage1 intent=Creating Writing created=1 total=93
2026-04-19 05:38:12 INFO dataset: Stage1 intent=Event Schedule created=1 total=85
2026-04-19 05:38:12 INFO dataset: Stage1 intent=Research Analysis created=1 total=90
2026-04-19 05:38:12 INFO dataset: Stage1 intent=Comparison created=1 total=92
2026-04-19 05:38:12 INFO dataset: Stage1 intent=calculation created=1 total=92
2026-04-19 05:38:12 INFO dataset: Stage1 intent=Travel created=1 total=93
2026-04-19 05:38:12 INFO dataset: Stage1 intent=Navigation created=1 total=92
2026-04-19 05:38:12 INFO dataset: Stage1 intent=Education created=1 total=93
2026-04-19 05:38:12 INFO dataset: Stage1 intent=Documentation created=1 total=93
2026-04-19 05:38:12 INFO dataset: Stage1 intent=media playback created=1 total=90
2026-04-19 05:38:12 INFO dataset: Stage1 intent=qr scanner created=1 total=90
2026-04-19 05:38:12 INFO dataset: Stage1 intent=status check created=1 total=88
2026-04-19 05:38:12 INFO dataset: Stage1 intent=notification created=1 total=91
2026-04-19 05:38:12 INFO dataset: Stage1 intent=Finance created=1 total=93
2026-04-19 05:38:12 INFO dataset: Stage1 intent=Healthcare created=1 total=93
2026-04-19 05:38:12 INFO dataset: Stage1 intent=Legal created=1 total=93
2026-04-19 05:38:12 INFO dataset: Stage1 intent=Real Estate created=1 total=92
2026-04-19 05:38:12 INFO dataset: Stage1 intent=Career created=1 total=93
2026-04-19 05:38:12 INFO dataset: Stage1 intent=Food and Dining created=1 total=90
2026-04-19 05:38:12 INFO dataset: Stage1 intent=Home Services created=1 total=92
2026-04-19 05:38:12 INFO dataset: Stage1 intent=Automotive created=1 total=91
2026-04-19 05:41:43 INFO dataset: Stage1 intent=Information Retrieval created=1 total=93
2026-04-19 05:41:43 INFO dataset: Stage1 intent=Entertainment created=1 total=91
2026-04-19 05:41:43 ERROR dataset: Stage1 parse error intent=product_lookup: Empty text
2026-04-19 05:41:43 INFO dataset: Stage1 intent=Booking created=1 total=91
2026-04-19 05:41:43 INFO dataset: Stage1 intent=weather created=1 total=93
2026-04-19 05:41:43 INFO dataset: Stage1 intent=data visualisation created=1 total=93
2026-04-19 05:41:43 INFO dataset: Stage1 intent=Planning created=1 total=94
2026-04-19 05:41:43 INFO dataset: Stage1 intent=productivity created=1 total=93
2026-04-19 05:41:43 INFO dataset: Stage1 intent=Recipe created=1 total=94
2026-04-19 05:41:43 INFO dataset: Stage1 intent=Localization created=1 total=89
2026-04-19 05:41:43 INFO dataset: Stage1 intent=Technical support created=1 total=94
2026-04-19 05:41:43 INFO dataset: Stage1 intent=Creating Writing created=1 total=94
2026-04-19 05:41:43 INFO dataset: Stage1 intent=Event Schedule created=1 total=86
2026-04-19 05:41:43 INFO dataset: Stage1 intent=Research Analysis created=1 total=91
2026-04-19 05:41:43 INFO dataset: Stage1 intent=Comparison created=1 total=93
2026-04-19 05:41:43 INFO dataset: Stage1 intent=calculation created=1 total=93
2026-04-19 05:41:43 INFO dataset: Stage1 intent=Travel created=1 total=94
2026-04-19 05:41:43 INFO dataset: Stage1 intent=Navigation created=1 total=93
2026-04-19 05:41:43 INFO dataset: Stage1 intent=Education created=1 total=94
2026-04-19 05:41:43 INFO dataset: Stage1 intent=Documentation created=1 total=94
2026-04-19 05:41:43 INFO dataset: Stage1 intent=media playback created=1 total=91
2026-04-19 05:41:43 INFO dataset: Stage1 intent=qr scanner created=1 total=91
2026-04-19 05:41:43 INFO dataset: Stage1 intent=status check created=1 total=89
2026-04-19 05:41:43 INFO dataset: Stage1 intent=notification created=1 total=92
2026-04-19 05:41:43 INFO dataset: Stage1 intent=Finance created=1 total=94
2026-04-19 05:41:43 INFO dataset: Stage1 intent=Healthcare created=1 total=94
2026-04-19 05:41:43 INFO dataset: Stage1 intent=Legal created=1 total=94
2026-04-19 05:41:43 INFO dataset: Stage1 intent=Real Estate created=1 total=93
2026-04-19 05:41:43 INFO dataset: Stage1 intent=Career created=1 total=94
2026-04-19 05:41:43 INFO dataset: Stage1 intent=Food and Dining created=1 total=91
2026-04-19 05:41:43 INFO dataset: Stage1 intent=Home Services created=1 total=93
2026-04-19 05:41:43 INFO dataset: Stage1 intent=Automotive created=1 total=92
2026-04-19 05:45:15 INFO dataset: Stage1 intent=Information Retrieval created=1 total=94
2026-04-19 05:45:15 INFO dataset: Stage1 intent=Entertainment created=1 total=92
2026-04-19 05:45:15 ERROR dataset: Stage1 parse error intent=product_lookup: Unterminated string starting at: line 3 column 19 (char 24)
2026-04-19 05:45:15 INFO dataset: Stage1 intent=Booking created=1 total=92
2026-04-19 05:45:15 INFO dataset: Stage1 intent=weather created=1 total=94
2026-04-19 05:45:15 INFO dataset: Stage1 intent=data visualisation created=1 total=94
2026-04-19 05:45:15 INFO dataset: Stage1 intent=Planning created=1 total=95
2026-04-19 05:45:15 INFO dataset: Stage1 intent=productivity created=1 total=94
2026-04-19 05:45:15 INFO dataset: Stage1 intent=Recipe created=1 total=95
2026-04-19 05:45:15 INFO dataset: Stage1 intent=Localization created=1 total=90
2026-04-19 05:45:15 INFO dataset: Stage1 intent=Technical support created=1 total=95
2026-04-19 05:45:15 INFO dataset: Stage1 intent=Creating Writing created=1 total=95
2026-04-19 05:45:15 INFO dataset: Stage1 intent=Event Schedule created=1 total=87
2026-04-19 05:45:15 INFO dataset: Stage1 intent=Research Analysis created=1 total=92
2026-04-19 05:45:15 INFO dataset: Stage1 intent=Comparison created=1 total=94
2026-04-19 05:45:15 INFO dataset: Stage1 intent=calculation created=1 total=94
2026-04-19 05:45:15 INFO dataset: Stage1 intent=Travel created=1 total=95
2026-04-19 05:45:15 INFO dataset: Stage1 intent=Navigation created=1 total=94
2026-04-19 05:45:15 INFO dataset: Stage1 intent=Education created=1 total=95
2026-04-19 05:45:15 INFO dataset: Stage1 intent=Documentation created=1 total=95
2026-04-19 05:45:15 INFO dataset: Stage1 intent=media playback created=1 total=92
2026-04-19 05:45:15 INFO dataset: Stage1 intent=qr scanner created=1 total=92
2026-04-19 05:45:15 INFO dataset: Stage1 intent=status check created=1 total=90
2026-04-19 05:45:15 INFO dataset: Stage1 intent=notification created=1 total=93
2026-04-19 05:45:15 INFO dataset: Stage1 intent=Finance created=1 total=95
2026-04-19 05:45:15 INFO dataset: Stage1 intent=Healthcare created=1 total=95
2026-04-19 05:45:15 INFO dataset: Stage1 intent=Legal created=1 total=95
2026-04-19 05:45:15 INFO dataset: Stage1 intent=Real Estate created=1 total=94
2026-04-19 05:45:15 INFO dataset: Stage1 intent=Career created=1 total=95
2026-04-19 05:45:15 INFO dataset: Stage1 intent=Food and Dining created=1 total=92
2026-04-19 05:45:15 INFO dataset: Stage1 intent=Home Services created=1 total=94
2026-04-19 05:45:15 INFO dataset: Stage1 intent=Automotive created=1 total=93
2026-04-19 05:48:52 INFO dataset: Stage1 intent=Information Retrieval created=1 total=95
2026-04-19 05:48:52 INFO dataset: Stage1 intent=Entertainment created=1 total=93
2026-04-19 05:48:52 INFO dataset: Stage1 intent=product_lookup created=1 total=90
2026-04-19 05:48:52 INFO dataset: Stage1 intent=Booking created=1 total=93
2026-04-19 05:48:52 INFO dataset: Stage1 intent=weather created=1 total=95
2026-04-19 05:48:52 INFO dataset: Stage1 intent=data visualisation created=1 total=95
2026-04-19 05:48:52 INFO dataset: Stage1 intent=Planning created=1 total=96
2026-04-19 05:48:52 INFO dataset: Stage1 intent=productivity created=1 total=95
2026-04-19 05:48:52 INFO dataset: Stage1 intent=Recipe created=1 total=96
2026-04-19 05:48:52 INFO dataset: Stage1 intent=Localization created=1 total=91
2026-04-19 05:48:52 INFO dataset: Stage1 intent=Technical support created=1 total=96
2026-04-19 05:48:52 INFO dataset: Stage1 intent=Creating Writing created=1 total=96
2026-04-19 05:48:52 INFO dataset: Stage1 intent=Event Schedule created=1 total=88
2026-04-19 05:48:52 INFO dataset: Stage1 intent=Research Analysis created=1 total=93
2026-04-19 05:48:52 ERROR dataset: Stage1 parse error intent=Comparison: Unterminated string starting at: line 3 column 19 (char 24)
2026-04-19 05:48:52 INFO dataset: Stage1 intent=calculation created=1 total=95
2026-04-19 05:48:52 INFO dataset: Stage1 intent=Travel created=1 total=96
2026-04-19 05:48:52 INFO dataset: Stage1 intent=Navigation created=1 total=95
2026-04-19 05:48:52 INFO dataset: Stage1 intent=Education created=1 total=96
2026-04-19 05:48:52 INFO dataset: Stage1 intent=Documentation created=1 total=96
2026-04-19 05:48:52 INFO dataset: Stage1 intent=media playback created=1 total=93
2026-04-19 05:48:52 INFO dataset: Stage1 intent=qr scanner created=1 total=93
2026-04-19 05:48:52 INFO dataset: Stage1 intent=status check created=1 total=91
2026-04-19 05:48:52 INFO dataset: Stage1 intent=notification created=1 total=94
2026-04-19 05:48:52 INFO dataset: Stage1 intent=Finance created=1 total=96
2026-04-19 05:48:52 INFO dataset: Stage1 intent=Healthcare created=1 total=96
2026-04-19 05:48:52 INFO dataset: Stage1 intent=Legal created=1 total=96
2026-04-19 05:48:52 INFO dataset: Stage1 intent=Real Estate created=1 total=95
2026-04-19 05:48:52 INFO dataset: Stage1 intent=Career created=1 total=96
2026-04-19 05:48:52 INFO dataset: Stage1 intent=Food and Dining created=1 total=93
2026-04-19 05:48:52 INFO dataset: Stage1 intent=Home Services created=1 total=95
2026-04-19 05:48:52 INFO dataset: Stage1 intent=Automotive created=1 total=94
2026-04-19 05:52:11 INFO dataset: Stage1 intent=Information Retrieval created=1 total=96
2026-04-19 05:52:11 INFO dataset: Stage1 intent=Entertainment created=1 total=94
2026-04-19 05:52:11 INFO dataset: Stage1 intent=product_lookup created=1 total=91
2026-04-19 05:52:11 INFO dataset: Stage1 intent=Booking created=1 total=94
2026-04-19 05:52:11 INFO dataset: Stage1 intent=weather created=1 total=96
2026-04-19 05:52:11 INFO dataset: Stage1 intent=data visualisation created=1 total=96
2026-04-19 05:52:11 INFO dataset: Stage1 intent=Planning created=1 total=97
2026-04-19 05:52:11 INFO dataset: Stage1 intent=productivity created=1 total=96
2026-04-19 05:52:11 INFO dataset: Stage1 intent=Recipe created=1 total=97
2026-04-19 05:52:11 INFO dataset: Stage1 intent=Localization created=1 total=92
2026-04-19 05:52:11 INFO dataset: Stage1 intent=Technical support created=1 total=97
2026-04-19 05:52:11 INFO dataset: Stage1 intent=Creating Writing created=1 total=97
2026-04-19 05:52:11 INFO dataset: Stage1 intent=Event Schedule created=1 total=89
2026-04-19 05:52:11 INFO dataset: Stage1 intent=Research Analysis created=1 total=94
2026-04-19 05:52:11 INFO dataset: Stage1 intent=Comparison created=1 total=95
2026-04-19 05:52:11 INFO dataset: Stage1 intent=calculation created=1 total=96
2026-04-19 05:52:11 INFO dataset: Stage1 intent=Travel created=1 total=97
2026-04-19 05:52:11 INFO dataset: Stage1 intent=Navigation created=1 total=96
2026-04-19 05:52:11 INFO dataset: Stage1 intent=Education created=1 total=97
2026-04-19 05:52:11 INFO dataset: Stage1 intent=Documentation created=1 total=97
2026-04-19 05:52:11 INFO dataset: Stage1 intent=media playback created=1 total=94
2026-04-19 05:52:11 INFO dataset: Stage1 intent=qr scanner created=1 total=94
2026-04-19 05:52:11 INFO dataset: Stage1 intent=status check created=1 total=92
2026-04-19 05:52:11 INFO dataset: Stage1 intent=notification created=1 total=95
2026-04-19 05:52:11 INFO dataset: Stage1 intent=Finance created=1 total=97
2026-04-19 05:52:11 INFO dataset: Stage1 intent=Healthcare created=1 total=97
2026-04-19 05:52:11 INFO dataset: Stage1 intent=Legal created=1 total=97
2026-04-19 05:52:11 INFO dataset: Stage1 intent=Real Estate created=1 total=96
2026-04-19 05:52:11 INFO dataset: Stage1 intent=Career created=1 total=97
2026-04-19 05:52:11 INFO dataset: Stage1 intent=Food and Dining created=1 total=94
2026-04-19 05:52:11 INFO dataset: Stage1 intent=Home Services created=1 total=96
2026-04-19 05:52:11 INFO dataset: Stage1 intent=Automotive created=1 total=95
2026-04-19 05:55:38 INFO dataset: Stage1 intent=Information Retrieval created=1 total=97
2026-04-19 05:55:38 INFO dataset: Stage1 intent=Entertainment created=1 total=95
2026-04-19 05:55:38 INFO dataset: Stage1 intent=product_lookup created=1 total=92
2026-04-19 05:55:38 INFO dataset: Stage1 intent=Booking created=1 total=95
2026-04-19 05:55:38 INFO dataset: Stage1 intent=weather created=1 total=97
2026-04-19 05:55:38 INFO dataset: Stage1 intent=data visualisation created=1 total=97
2026-04-19 05:55:38 INFO dataset: Stage1 intent=Planning created=1 total=98
2026-04-19 05:55:38 INFO dataset: Stage1 intent=productivity created=1 total=97
2026-04-19 05:55:38 INFO dataset: Stage1 intent=Recipe created=1 total=98
2026-04-19 05:55:38 INFO dataset: Stage1 intent=Localization created=1 total=93
2026-04-19 05:55:38 INFO dataset: Stage1 intent=Technical support created=1 total=98
2026-04-19 05:55:38 INFO dataset: Stage1 intent=Creating Writing created=1 total=98
2026-04-19 05:55:38 INFO dataset: Stage1 intent=Event Schedule created=1 total=90
2026-04-19 05:55:38 INFO dataset: Stage1 intent=Research Analysis created=1 total=95
2026-04-19 05:55:38 INFO dataset: Stage1 intent=Comparison created=1 total=96
2026-04-19 05:55:38 INFO dataset: Stage1 intent=calculation created=1 total=97
2026-04-19 05:55:38 INFO dataset: Stage1 intent=Travel created=1 total=98
2026-04-19 05:55:38 INFO dataset: Stage1 intent=Navigation created=1 total=97
2026-04-19 05:55:38 INFO dataset: Stage1 intent=Education created=1 total=98
2026-04-19 05:55:38 INFO dataset: Stage1 intent=Documentation created=1 total=98
2026-04-19 05:55:38 INFO dataset: Stage1 intent=media playback created=1 total=95
2026-04-19 05:55:38 INFO dataset: Stage1 intent=qr scanner created=1 total=95
2026-04-19 05:55:38 INFO dataset: Stage1 intent=status check created=1 total=93
2026-04-19 05:55:38 INFO dataset: Stage1 intent=notification created=1 total=96
2026-04-19 05:55:38 INFO dataset: Stage1 intent=Finance created=1 total=98
2026-04-19 05:55:38 INFO dataset: Stage1 intent=Healthcare created=1 total=98
2026-04-19 05:55:38 INFO dataset: Stage1 intent=Legal created=1 total=98
2026-04-19 05:55:38 INFO dataset: Stage1 intent=Real Estate created=1 total=97
2026-04-19 05:55:38 INFO dataset: Stage1 intent=Career created=1 total=98
2026-04-19 05:55:38 INFO dataset: Stage1 intent=Food and Dining created=1 total=95
2026-04-19 05:55:38 INFO dataset: Stage1 intent=Home Services created=1 total=97
2026-04-19 05:55:38 INFO dataset: Stage1 intent=Automotive created=1 total=96
2026-04-19 05:59:08 INFO dataset: Stage1 intent=Information Retrieval created=1 total=98
2026-04-19 05:59:08 INFO dataset: Stage1 intent=Entertainment created=1 total=96
2026-04-19 05:59:08 INFO dataset: Stage1 intent=product_lookup created=1 total=93
2026-04-19 05:59:08 INFO dataset: Stage1 intent=Booking created=1 total=96
2026-04-19 05:59:08 INFO dataset: Stage1 intent=weather created=1 total=98
2026-04-19 05:59:08 INFO dataset: Stage1 intent=data visualisation created=1 total=98
2026-04-19 05:59:08 INFO dataset: Stage1 intent=Planning created=1 total=99
2026-04-19 05:59:08 INFO dataset: Stage1 intent=productivity created=1 total=98
2026-04-19 05:59:08 INFO dataset: Stage1 intent=Recipe created=1 total=99
2026-04-19 05:59:08 INFO dataset: Stage1 intent=Localization created=1 total=94
2026-04-19 05:59:08 INFO dataset: Stage1 intent=Technical support created=1 total=99
2026-04-19 05:59:08 INFO dataset: Stage1 intent=Creating Writing created=1 total=99
2026-04-19 05:59:08 INFO dataset: Stage1 intent=Event Schedule created=1 total=91
2026-04-19 05:59:08 INFO dataset: Stage1 intent=Research Analysis created=1 total=96
2026-04-19 05:59:08 INFO dataset: Stage1 intent=Comparison created=1 total=97
2026-04-19 05:59:08 INFO dataset: Stage1 intent=calculation created=1 total=98
2026-04-19 05:59:08 INFO dataset: Stage1 intent=Travel created=1 total=99
2026-04-19 05:59:08 INFO dataset: Stage1 intent=Navigation created=1 total=98
2026-04-19 05:59:08 INFO dataset: Stage1 intent=Education created=1 total=99
2026-04-19 05:59:08 INFO dataset: Stage1 intent=Documentation created=1 total=99
2026-04-19 05:59:08 ERROR dataset: Stage1 parse error intent=media playback: Unterminated string starting at: line 3 column 19 (char 24)
2026-04-19 05:59:08 INFO dataset: Stage1 intent=qr scanner created=1 total=96
2026-04-19 05:59:08 INFO dataset: Stage1 intent=status check created=1 total=94
2026-04-19 05:59:08 INFO dataset: Stage1 intent=notification created=1 total=97
2026-04-19 05:59:08 INFO dataset: Stage1 intent=Finance created=1 total=99
2026-04-19 05:59:08 INFO dataset: Stage1 intent=Healthcare created=1 total=99
2026-04-19 05:59:08 INFO dataset: Stage1 intent=Legal created=1 total=99
2026-04-19 05:59:08 INFO dataset: Stage1 intent=Real Estate created=1 total=98
2026-04-19 05:59:08 INFO dataset: Stage1 intent=Career created=1 total=99
2026-04-19 05:59:08 INFO dataset: Stage1 intent=Food and Dining created=1 total=96
2026-04-19 05:59:08 INFO dataset: Stage1 intent=Home Services created=1 total=98
2026-04-19 05:59:08 INFO dataset: Stage1 intent=Automotive created=1 total=97
2026-04-19 06:02:39 INFO dataset: Stage1 intent=Information Retrieval created=1 total=99
2026-04-19 06:02:39 INFO dataset: Stage1 intent=Entertainment created=1 total=97
2026-04-19 06:02:39 INFO dataset: Stage1 intent=product_lookup created=1 total=94
2026-04-19 06:02:39 INFO dataset: Stage1 intent=Booking created=1 total=97
2026-04-19 06:02:39 INFO dataset: Stage1 intent=weather created=1 total=99
2026-04-19 06:02:39 INFO dataset: Stage1 intent=data visualisation created=1 total=99
2026-04-19 06:02:39 INFO dataset: Stage1 intent=Planning created=1 total=100
2026-04-19 06:02:39 INFO dataset: Stage1 intent=productivity created=1 total=99
2026-04-19 06:02:39 INFO dataset: Stage1 intent=Recipe created=1 total=100
2026-04-19 06:02:39 INFO dataset: Stage1 intent=Localization created=1 total=95
2026-04-19 06:02:39 INFO dataset: Stage1 intent=Technical support created=1 total=100
2026-04-19 06:02:39 INFO dataset: Stage1 intent=Creating Writing created=1 total=100
2026-04-19 06:02:39 INFO dataset: Stage1 intent=Event Schedule created=1 total=92
2026-04-19 06:02:39 INFO dataset: Stage1 intent=Research Analysis created=1 total=97
2026-04-19 06:02:39 INFO dataset: Stage1 intent=Comparison created=1 total=98
2026-04-19 06:02:39 INFO dataset: Stage1 intent=calculation created=1 total=99
2026-04-19 06:02:39 INFO dataset: Stage1 intent=Travel created=1 total=100
2026-04-19 06:02:39 INFO dataset: Stage1 intent=Navigation created=1 total=99
2026-04-19 06:02:39 INFO dataset: Stage1 intent=Education created=1 total=100
2026-04-19 06:02:39 INFO dataset: Stage1 intent=Documentation created=1 total=100
2026-04-19 06:02:39 INFO dataset: Stage1 intent=media playback created=1 total=96
2026-04-19 06:02:39 ERROR dataset: Stage1 parse error intent=qr scanner: Unterminated string starting at: line 3 column 19 (char 24)
2026-04-19 06:02:39 INFO dataset: Stage1 intent=status check created=1 total=95
2026-04-19 06:02:39 INFO dataset: Stage1 intent=notification created=1 total=98
2026-04-19 06:02:39 INFO dataset: Stage1 intent=Finance created=1 total=100
2026-04-19 06:02:39 INFO dataset: Stage1 intent=Healthcare created=1 total=100
2026-04-19 06:02:39 INFO dataset: Stage1 intent=Legal created=1 total=100
2026-04-19 06:02:39 INFO dataset: Stage1 intent=Real Estate created=1 total=99
2026-04-19 06:02:39 INFO dataset: Stage1 intent=Career created=1 total=100
2026-04-19 06:02:39 INFO dataset: Stage1 intent=Food and Dining created=1 total=97
2026-04-19 06:02:39 INFO dataset: Stage1 intent=Home Services created=1 total=99
2026-04-19 06:02:39 INFO dataset: Stage1 intent=Automotive created=1 total=98
2026-04-19 06:06:09 INFO dataset: Stage1 intent=Information Retrieval created=1 total=100
2026-04-19 06:06:09 INFO dataset: Stage1 intent=Entertainment created=1 total=98
2026-04-19 06:06:09 INFO dataset: Stage1 intent=product_lookup created=1 total=95
2026-04-19 06:06:09 INFO dataset: Stage1 intent=Booking created=1 total=98
2026-04-19 06:06:09 INFO dataset: Stage1 intent=weather created=1 total=100
2026-04-19 06:06:09 INFO dataset: Stage1 intent=data visualisation created=1 total=100
2026-04-19 06:06:09 INFO dataset: Stage1 intent=Planning created=1 total=101
2026-04-19 06:06:09 INFO dataset: Stage1 intent=productivity created=1 total=100
2026-04-19 06:06:09 INFO dataset: Stage1 intent=Recipe created=1 total=101
2026-04-19 06:06:09 INFO dataset: Stage1 intent=Localization created=1 total=96
2026-04-19 06:06:09 INFO dataset: Stage1 intent=Technical support created=1 total=101
2026-04-19 06:06:09 INFO dataset: Stage1 intent=Creating Writing created=1 total=101
2026-04-19 06:06:09 INFO dataset: Stage1 intent=Event Schedule created=1 total=93
2026-04-19 06:06:09 INFO dataset: Stage1 intent=Research Analysis created=1 total=98
2026-04-19 06:06:09 INFO dataset: Stage1 intent=Comparison created=1 total=99
2026-04-19 06:06:09 INFO dataset: Stage1 intent=calculation created=1 total=100
2026-04-19 06:06:09 INFO dataset: Stage1 intent=Travel created=1 total=101
2026-04-19 06:06:09 INFO dataset: Stage1 intent=Navigation created=1 total=100
2026-04-19 06:06:09 INFO dataset: Stage1 intent=Education created=1 total=101
2026-04-19 06:06:09 INFO dataset: Stage1 intent=Documentation created=1 total=101
2026-04-19 06:06:09 INFO dataset: Stage1 intent=media playback created=1 total=97
2026-04-19 06:06:09 INFO dataset: Stage1 intent=qr scanner created=1 total=97
2026-04-19 06:06:09 INFO dataset: Stage1 intent=status check created=1 total=96
2026-04-19 06:06:09 INFO dataset: Stage1 intent=notification created=1 total=99
2026-04-19 06:06:09 INFO dataset: Stage1 intent=Finance created=1 total=101
2026-04-19 06:06:09 INFO dataset: Stage1 intent=Healthcare created=1 total=101
2026-04-19 06:06:09 INFO dataset: Stage1 intent=Legal created=1 total=101
2026-04-19 06:06:09 INFO dataset: Stage1 intent=Real Estate created=1 total=100
2026-04-19 06:06:09 INFO dataset: Stage1 intent=Career created=1 total=101
2026-04-19 06:06:09 INFO dataset: Stage1 intent=Food and Dining created=1 total=98
2026-04-19 06:06:09 INFO dataset: Stage1 intent=Home Services created=1 total=100
2026-04-19 06:06:09 INFO dataset: Stage1 intent=Automotive created=1 total=99
2026-04-19 06:09:30 INFO dataset: Stage1 intent=Information Retrieval created=1 total=101
2026-04-19 06:09:30 INFO dataset: Stage1 intent=Entertainment created=1 total=99
2026-04-19 06:09:30 INFO dataset: Stage1 intent=product_lookup created=1 total=96
2026-04-19 06:09:30 INFO dataset: Stage1 intent=Booking created=1 total=99
2026-04-19 06:09:30 INFO dataset: Stage1 intent=weather created=1 total=101
2026-04-19 06:09:30 INFO dataset: Stage1 intent=data visualisation created=1 total=101
2026-04-19 06:09:30 INFO dataset: Stage1 intent=Planning created=1 total=102
2026-04-19 06:09:30 INFO dataset: Stage1 intent=productivity created=1 total=101
2026-04-19 06:09:30 INFO dataset: Stage1 intent=Recipe created=1 total=102
2026-04-19 06:09:30 INFO dataset: Stage1 intent=Localization created=1 total=97
2026-04-19 06:09:30 INFO dataset: Stage1 intent=Technical support created=1 total=102
2026-04-19 06:09:30 INFO dataset: Stage1 intent=Creating Writing created=1 total=102
2026-04-19 06:09:30 INFO dataset: Stage1 intent=Event Schedule created=1 total=94
2026-04-19 06:09:30 INFO dataset: Stage1 intent=Research Analysis created=1 total=99
2026-04-19 06:09:30 INFO dataset: Stage1 intent=Comparison created=1 total=100
2026-04-19 06:09:30 INFO dataset: Stage1 intent=calculation created=1 total=101
2026-04-19 06:09:30 INFO dataset: Stage1 intent=Travel created=1 total=102
2026-04-19 06:09:30 INFO dataset: Stage1 intent=Navigation created=1 total=101
2026-04-19 06:09:30 INFO dataset: Stage1 intent=Education created=1 total=102
2026-04-19 06:09:30 INFO dataset: Stage1 intent=Documentation created=1 total=102
2026-04-19 06:09:30 INFO dataset: Stage1 intent=media playback created=1 total=98
2026-04-19 06:09:30 INFO dataset: Stage1 intent=qr scanner created=1 total=98
2026-04-19 06:09:30 INFO dataset: Stage1 intent=status check created=1 total=97
2026-04-19 06:09:30 INFO dataset: Stage1 intent=notification created=1 total=100
2026-04-19 06:09:30 INFO dataset: Stage1 intent=Finance created=1 total=102
2026-04-19 06:09:30 INFO dataset: Stage1 intent=Healthcare created=1 total=102
2026-04-19 06:09:30 INFO dataset: Stage1 intent=Legal created=1 total=102
2026-04-19 06:09:30 INFO dataset: Stage1 intent=Real Estate created=1 total=101
2026-04-19 06:09:30 INFO dataset: Stage1 intent=Career created=1 total=102
2026-04-19 06:09:30 INFO dataset: Stage1 intent=Food and Dining created=1 total=99
2026-04-19 06:09:30 INFO dataset: Stage1 intent=Home Services created=1 total=101
2026-04-19 06:09:30 INFO dataset: Stage1 intent=Automotive created=1 total=100
2026-04-19 06:12:57 INFO dataset: Stage1 intent=Information Retrieval created=1 total=102
2026-04-19 06:12:57 INFO dataset: Stage1 intent=Entertainment created=1 total=100
2026-04-19 06:12:57 INFO dataset: Stage1 intent=product_lookup created=1 total=97
2026-04-19 06:12:57 INFO dataset: Stage1 intent=Booking created=1 total=100
2026-04-19 06:12:57 INFO dataset: Stage1 intent=weather created=1 total=102
2026-04-19 06:12:57 INFO dataset: Stage1 intent=data visualisation created=1 total=102
2026-04-19 06:12:57 INFO dataset: Stage1 intent=Planning created=1 total=103
2026-04-19 06:12:57 INFO dataset: Stage1 intent=productivity created=1 total=102
2026-04-19 06:12:57 INFO dataset: Stage1 intent=Recipe created=1 total=103
2026-04-19 06:12:57 INFO dataset: Stage1 intent=Localization created=1 total=98
2026-04-19 06:12:57 INFO dataset: Stage1 intent=Technical support created=1 total=103
2026-04-19 06:12:57 INFO dataset: Stage1 intent=Creating Writing created=1 total=103
2026-04-19 06:12:57 INFO dataset: Stage1 intent=Event Schedule created=1 total=95
2026-04-19 06:12:57 INFO dataset: Stage1 intent=Research Analysis created=1 total=100
2026-04-19 06:12:57 INFO dataset: Stage1 intent=Comparison created=1 total=101
2026-04-19 06:12:57 INFO dataset: Stage1 intent=calculation created=1 total=102
2026-04-19 06:12:57 INFO dataset: Stage1 intent=Travel created=1 total=103
2026-04-19 06:12:57 INFO dataset: Stage1 intent=Navigation created=1 total=102
2026-04-19 06:12:57 INFO dataset: Stage1 intent=Education created=1 total=103
2026-04-19 06:12:57 INFO dataset: Stage1 intent=Documentation created=1 total=103
2026-04-19 06:12:57 INFO dataset: Stage1 intent=media playback created=1 total=99
2026-04-19 06:12:57 INFO dataset: Stage1 intent=qr scanner created=1 total=99
2026-04-19 06:12:57 INFO dataset: Stage1 intent=status check created=1 total=98
2026-04-19 06:12:57 INFO dataset: Stage1 intent=notification created=1 total=101
2026-04-19 06:12:57 INFO dataset: Stage1 intent=Finance created=1 total=103
2026-04-19 06:12:57 INFO dataset: Stage1 intent=Healthcare created=1 total=103
2026-04-19 06:12:57 INFO dataset: Stage1 intent=Legal created=1 total=103
2026-04-19 06:12:57 INFO dataset: Stage1 intent=Real Estate created=1 total=102
2026-04-19 06:12:57 INFO dataset: Stage1 intent=Career created=1 total=103
2026-04-19 06:12:57 INFO dataset: Stage1 intent=Food and Dining created=1 total=100
2026-04-19 06:12:57 INFO dataset: Stage1 intent=Home Services created=1 total=102
2026-04-19 06:12:57 INFO dataset: Stage1 intent=Automotive created=1 total=101
2026-04-19 06:16:34 INFO dataset: Stage1 intent=Information Retrieval created=1 total=103
2026-04-19 06:16:34 INFO dataset: Stage1 intent=Entertainment created=1 total=101
2026-04-19 06:16:34 INFO dataset: Stage1 intent=product_lookup created=1 total=98
2026-04-19 06:16:34 INFO dataset: Stage1 intent=Booking created=1 total=101
2026-04-19 06:16:34 INFO dataset: Stage1 intent=weather created=1 total=103
2026-04-19 06:16:34 INFO dataset: Stage1 intent=data visualisation created=1 total=103
2026-04-19 06:16:34 INFO dataset: Stage1 intent=Planning created=1 total=104
2026-04-19 06:16:34 INFO dataset: Stage1 intent=productivity created=1 total=103
2026-04-19 06:16:34 INFO dataset: Stage1 intent=Recipe created=1 total=104
2026-04-19 06:16:34 ERROR dataset: Stage1 parse error intent=Localization: Unterminated string starting at: line 3 column 19 (char 24)
2026-04-19 06:16:34 INFO dataset: Stage1 intent=Technical support created=1 total=104
2026-04-19 06:16:34 INFO dataset: Stage1 intent=Creating Writing created=1 total=104
2026-04-19 06:16:34 INFO dataset: Stage1 intent=Event Schedule created=1 total=96
2026-04-19 06:16:34 INFO dataset: Stage1 intent=Research Analysis created=1 total=101
2026-04-19 06:16:34 INFO dataset: Stage1 intent=Comparison created=1 total=102
2026-04-19 06:16:34 INFO dataset: Stage1 intent=calculation created=1 total=103
2026-04-19 06:16:34 INFO dataset: Stage1 intent=Travel created=1 total=104
2026-04-19 06:16:34 INFO dataset: Stage1 intent=Navigation created=1 total=103
2026-04-19 06:16:34 INFO dataset: Stage1 intent=Education created=1 total=104
2026-04-19 06:16:34 INFO dataset: Stage1 intent=Documentation created=1 total=104
2026-04-19 06:16:34 INFO dataset: Stage1 intent=media playback created=1 total=100
2026-04-19 06:16:34 INFO dataset: Stage1 intent=qr scanner created=1 total=100
2026-04-19 06:16:34 INFO dataset: Stage1 intent=status check created=1 total=99
2026-04-19 06:16:34 INFO dataset: Stage1 intent=notification created=1 total=102
2026-04-19 06:16:34 INFO dataset: Stage1 intent=Finance created=1 total=104
2026-04-19 06:16:34 INFO dataset: Stage1 intent=Healthcare created=1 total=104
2026-04-19 06:16:34 INFO dataset: Stage1 intent=Legal created=1 total=104
2026-04-19 06:16:34 INFO dataset: Stage1 intent=Real Estate created=1 total=103
2026-04-19 06:16:34 INFO dataset: Stage1 intent=Career created=1 total=104
2026-04-19 06:16:34 INFO dataset: Stage1 intent=Food and Dining created=1 total=101
2026-04-19 06:16:34 INFO dataset: Stage1 intent=Home Services created=1 total=103
2026-04-19 06:16:34 INFO dataset: Stage1 intent=Automotive created=1 total=102
2026-04-19 06:20:09 INFO dataset: Stage1 intent=Information Retrieval created=1 total=104
2026-04-19 06:20:09 INFO dataset: Stage1 intent=Entertainment created=1 total=102
2026-04-19 06:20:09 INFO dataset: Stage1 intent=product_lookup created=1 total=99
2026-04-19 06:20:09 INFO dataset: Stage1 intent=Booking created=1 total=102
2026-04-19 06:20:09 INFO dataset: Stage1 intent=weather created=1 total=104
2026-04-19 06:20:09 INFO dataset: Stage1 intent=data visualisation created=1 total=104
2026-04-19 06:20:09 INFO dataset: Stage1 intent=Planning created=1 total=105
2026-04-19 06:20:09 INFO dataset: Stage1 intent=productivity created=1 total=104
2026-04-19 06:20:09 INFO dataset: Stage1 intent=Recipe created=1 total=105
2026-04-19 06:20:09 INFO dataset: Stage1 intent=Localization created=1 total=99
2026-04-19 06:20:09 INFO dataset: Stage1 intent=Technical support created=1 total=105
2026-04-19 06:20:09 INFO dataset: Stage1 intent=Creating Writing created=1 total=105
2026-04-19 06:20:09 ERROR dataset: Stage1 parse error intent=Event Schedule: Unterminated string starting at: line 3 column 19 (char 24)
2026-04-19 06:20:09 INFO dataset: Stage1 intent=Research Analysis created=1 total=102
2026-04-19 06:20:09 INFO dataset: Stage1 intent=Comparison created=1 total=103
2026-04-19 06:20:09 INFO dataset: Stage1 intent=calculation created=1 total=104
2026-04-19 06:20:09 INFO dataset: Stage1 intent=Travel created=1 total=105
2026-04-19 06:20:09 INFO dataset: Stage1 intent=Navigation created=1 total=104
2026-04-19 06:20:09 INFO dataset: Stage1 intent=Education created=1 total=105
2026-04-19 06:20:09 INFO dataset: Stage1 intent=Documentation created=1 total=105
2026-04-19 06:20:09 INFO dataset: Stage1 intent=media playback created=1 total=101
2026-04-19 06:20:09 INFO dataset: Stage1 intent=qr scanner created=1 total=101
2026-04-19 06:20:09 INFO dataset: Stage1 intent=status check created=1 total=100
2026-04-19 06:20:09 INFO dataset: Stage1 intent=notification created=1 total=103
2026-04-19 06:20:09 INFO dataset: Stage1 intent=Finance created=1 total=105
2026-04-19 06:20:09 INFO dataset: Stage1 intent=Healthcare created=1 total=105
2026-04-19 06:20:09 INFO dataset: Stage1 intent=Legal created=1 total=105
2026-04-19 06:20:09 INFO dataset: Stage1 intent=Real Estate created=1 total=104
2026-04-19 06:20:09 INFO dataset: Stage1 intent=Career created=1 total=105
2026-04-19 06:20:09 INFO dataset: Stage1 intent=Food and Dining created=1 total=102
2026-04-19 06:20:09 INFO dataset: Stage1 intent=Home Services created=1 total=104
2026-04-19 06:20:09 INFO dataset: Stage1 intent=Automotive created=1 total=103
2026-04-19 06:23:38 INFO dataset: Stage1 intent=Information Retrieval created=1 total=105
2026-04-19 06:23:38 INFO dataset: Stage1 intent=Entertainment created=1 total=103
2026-04-19 06:23:38 INFO dataset: Stage1 intent=product_lookup created=1 total=100
2026-04-19 06:23:38 INFO dataset: Stage1 intent=Booking created=1 total=103
2026-04-19 06:23:38 INFO dataset: Stage1 intent=weather created=1 total=105
2026-04-19 06:23:38 INFO dataset: Stage1 intent=data visualisation created=1 total=105
2026-04-19 06:23:38 INFO dataset: Stage1 intent=Planning created=1 total=106
2026-04-19 06:23:38 INFO dataset: Stage1 intent=productivity created=1 total=105
2026-04-19 06:23:38 INFO dataset: Stage1 intent=Recipe created=1 total=106
2026-04-19 06:23:38 INFO dataset: Stage1 intent=Localization created=1 total=100
2026-04-19 06:23:38 INFO dataset: Stage1 intent=Technical support created=1 total=106
2026-04-19 06:23:38 INFO dataset: Stage1 intent=Creating Writing created=1 total=106
2026-04-19 06:23:38 INFO dataset: Stage1 intent=Event Schedule created=1 total=97
2026-04-19 06:23:38 INFO dataset: Stage1 intent=Research Analysis created=1 total=103
2026-04-19 06:23:38 INFO dataset: Stage1 intent=Comparison created=1 total=104
2026-04-19 06:23:38 INFO dataset: Stage1 intent=calculation created=1 total=105
2026-04-19 06:23:38 INFO dataset: Stage1 intent=Travel created=1 total=106
2026-04-19 06:23:38 INFO dataset: Stage1 intent=Navigation created=1 total=105
2026-04-19 06:23:38 INFO dataset: Stage1 intent=Education created=1 total=106
2026-04-19 06:23:38 INFO dataset: Stage1 intent=Documentation created=1 total=106
2026-04-19 06:23:38 INFO dataset: Stage1 intent=media playback created=1 total=102
2026-04-19 06:23:38 INFO dataset: Stage1 intent=qr scanner created=1 total=102
2026-04-19 06:23:38 INFO dataset: Stage1 intent=status check created=1 total=101
2026-04-19 06:23:38 INFO dataset: Stage1 intent=notification created=1 total=104
2026-04-19 06:23:38 INFO dataset: Stage1 intent=Finance created=1 total=106
2026-04-19 06:23:38 INFO dataset: Stage1 intent=Healthcare created=1 total=106
2026-04-19 06:23:38 INFO dataset: Stage1 intent=Legal created=1 total=106
2026-04-19 06:23:38 INFO dataset: Stage1 intent=Real Estate created=1 total=105
2026-04-19 06:23:38 INFO dataset: Stage1 intent=Career created=1 total=106
2026-04-19 06:23:38 INFO dataset: Stage1 intent=Food and Dining created=1 total=103
2026-04-19 06:23:38 INFO dataset: Stage1 intent=Home Services created=1 total=105
2026-04-19 06:23:38 INFO dataset: Stage1 intent=Automotive created=1 total=104
2026-04-19 06:27:07 INFO dataset: Stage1 intent=Information Retrieval created=1 total=106
2026-04-19 06:27:07 INFO dataset: Stage1 intent=Entertainment created=1 total=104
2026-04-19 06:27:07 INFO dataset: Stage1 intent=product_lookup created=1 total=101
2026-04-19 06:27:07 INFO dataset: Stage1 intent=Booking created=1 total=104
2026-04-19 06:27:07 INFO dataset: Stage1 intent=weather created=1 total=106
2026-04-19 06:27:07 INFO dataset: Stage1 intent=data visualisation created=1 total=106
2026-04-19 06:27:07 INFO dataset: Stage1 intent=Planning created=1 total=107
2026-04-19 06:27:07 INFO dataset: Stage1 intent=productivity created=1 total=106
2026-04-19 06:27:07 INFO dataset: Stage1 intent=Recipe created=1 total=107
2026-04-19 06:27:07 INFO dataset: Stage1 intent=Localization created=1 total=101
2026-04-19 06:27:07 INFO dataset: Stage1 intent=Technical support created=1 total=107
2026-04-19 06:27:07 INFO dataset: Stage1 intent=Creating Writing created=1 total=107
2026-04-19 06:27:07 INFO dataset: Stage1 intent=Event Schedule created=1 total=98
2026-04-19 06:27:07 INFO dataset: Stage1 intent=Research Analysis created=1 total=104
2026-04-19 06:27:07 INFO dataset: Stage1 intent=Comparison created=1 total=105
2026-04-19 06:27:07 INFO dataset: Stage1 intent=calculation created=1 total=106
2026-04-19 06:27:07 INFO dataset: Stage1 intent=Travel created=1 total=107
2026-04-19 06:27:07 INFO dataset: Stage1 intent=Navigation created=1 total=106
2026-04-19 06:27:07 INFO dataset: Stage1 intent=Education created=1 total=107
2026-04-19 06:27:07 INFO dataset: Stage1 intent=Documentation created=1 total=107
2026-04-19 06:27:07 INFO dataset: Stage1 intent=media playback created=1 total=103
2026-04-19 06:27:07 INFO dataset: Stage1 intent=qr scanner created=1 total=103
2026-04-19 06:27:07 INFO dataset: Stage1 intent=status check created=1 total=102
2026-04-19 06:27:07 INFO dataset: Stage1 intent=notification created=1 total=105
2026-04-19 06:27:07 INFO dataset: Stage1 intent=Finance created=1 total=107
2026-04-19 06:27:07 INFO dataset: Stage1 intent=Healthcare created=1 total=107
2026-04-19 06:27:07 INFO dataset: Stage1 intent=Legal created=1 total=107
2026-04-19 06:27:07 INFO dataset: Stage1 intent=Real Estate created=1 total=106
2026-04-19 06:27:07 INFO dataset: Stage1 intent=Career created=1 total=107
2026-04-19 06:27:07 INFO dataset: Stage1 intent=Food and Dining created=1 total=104
2026-04-19 06:27:07 INFO dataset: Stage1 intent=Home Services created=1 total=106
2026-04-19 06:27:07 INFO dataset: Stage1 intent=Automotive created=1 total=105
2026-04-19 06:30:23 INFO dataset: Stage1 intent=Information Retrieval created=1 total=107
2026-04-19 06:30:23 INFO dataset: Stage1 intent=Entertainment created=1 total=105
2026-04-19 06:30:23 INFO dataset: Stage1 intent=product_lookup created=1 total=102
2026-04-19 06:30:23 INFO dataset: Stage1 intent=Booking created=1 total=105
2026-04-19 06:30:23 INFO dataset: Stage1 intent=weather created=1 total=107
2026-04-19 06:30:23 INFO dataset: Stage1 intent=data visualisation created=1 total=107
2026-04-19 06:30:23 INFO dataset: Stage1 intent=Planning created=1 total=108
2026-04-19 06:30:23 INFO dataset: Stage1 intent=productivity created=1 total=107
2026-04-19 06:30:23 INFO dataset: Stage1 intent=Recipe created=1 total=108
2026-04-19 06:30:23 INFO dataset: Stage1 intent=Localization created=1 total=102
2026-04-19 06:30:23 INFO dataset: Stage1 intent=Technical support created=1 total=108
2026-04-19 06:30:23 INFO dataset: Stage1 intent=Creating Writing created=1 total=108
2026-04-19 06:30:23 INFO dataset: Stage1 intent=Event Schedule created=1 total=99
2026-04-19 06:30:23 INFO dataset: Stage1 intent=Research Analysis created=1 total=105
2026-04-19 06:30:23 INFO dataset: Stage1 intent=Comparison created=1 total=106
2026-04-19 06:30:23 INFO dataset: Stage1 intent=calculation created=1 total=107
2026-04-19 06:30:23 INFO dataset: Stage1 intent=Travel created=1 total=108
2026-04-19 06:30:23 INFO dataset: Stage1 intent=Navigation created=1 total=107
2026-04-19 06:30:23 INFO dataset: Stage1 intent=Education created=1 total=108
2026-04-19 06:30:23 INFO dataset: Stage1 intent=Documentation created=1 total=108
2026-04-19 06:30:23 INFO dataset: Stage1 intent=media playback created=1 total=104
2026-04-19 06:30:23 INFO dataset: Stage1 intent=qr scanner created=1 total=104
2026-04-19 06:30:23 INFO dataset: Stage1 intent=status check created=1 total=103
2026-04-19 06:30:23 INFO dataset: Stage1 intent=notification created=1 total=106
2026-04-19 06:30:23 INFO dataset: Stage1 intent=Finance created=1 total=108
2026-04-19 06:30:23 INFO dataset: Stage1 intent=Healthcare created=1 total=108
2026-04-19 06:30:23 INFO dataset: Stage1 intent=Legal created=1 total=108
2026-04-19 06:30:23 INFO dataset: Stage1 intent=Real Estate created=1 total=107
2026-04-19 06:30:23 INFO dataset: Stage1 intent=Career created=1 total=108
2026-04-19 06:30:23 INFO dataset: Stage1 intent=Food and Dining created=1 total=105
2026-04-19 06:30:23 INFO dataset: Stage1 intent=Home Services created=1 total=107
2026-04-19 06:30:23 INFO dataset: Stage1 intent=Automotive created=1 total=106
2026-04-19 06:33:54 INFO dataset: Stage1 intent=Information Retrieval created=1 total=108
2026-04-19 06:33:54 INFO dataset: Stage1 intent=Entertainment created=1 total=106
2026-04-19 06:33:54 INFO dataset: Stage1 intent=product_lookup created=1 total=103
2026-04-19 06:33:54 INFO dataset: Stage1 intent=Booking created=1 total=106
2026-04-19 06:33:54 INFO dataset: Stage1 intent=weather created=1 total=108
2026-04-19 06:33:54 INFO dataset: Stage1 intent=data visualisation created=1 total=108
2026-04-19 06:33:54 INFO dataset: Stage1 intent=Planning created=1 total=109
2026-04-19 06:33:54 INFO dataset: Stage1 intent=productivity created=1 total=108
2026-04-19 06:33:54 INFO dataset: Stage1 intent=Recipe created=1 total=109
2026-04-19 06:33:54 INFO dataset: Stage1 intent=Localization created=1 total=103
2026-04-19 06:33:54 INFO dataset: Stage1 intent=Technical support created=1 total=109
2026-04-19 06:33:54 INFO dataset: Stage1 intent=Creating Writing created=1 total=109
2026-04-19 06:33:54 INFO dataset: Stage1 intent=Event Schedule created=1 total=100
2026-04-19 06:33:54 ERROR dataset: Stage1 parse error intent=Research Analysis: Unterminated string starting at: line 3 column 19 (char 24)
2026-04-19 06:33:54 INFO dataset: Stage1 intent=Comparison created=1 total=107
2026-04-19 06:33:54 INFO dataset: Stage1 intent=calculation created=1 total=108
2026-04-19 06:33:54 INFO dataset: Stage1 intent=Travel created=1 total=109
2026-04-19 06:33:54 INFO dataset: Stage1 intent=Navigation created=1 total=108
2026-04-19 06:33:54 INFO dataset: Stage1 intent=Education created=1 total=109
2026-04-19 06:33:54 INFO dataset: Stage1 intent=Documentation created=1 total=109
2026-04-19 06:33:54 INFO dataset: Stage1 intent=media playback created=1 total=105
2026-04-19 06:33:54 INFO dataset: Stage1 intent=qr scanner created=1 total=105
2026-04-19 06:33:54 INFO dataset: Stage1 intent=status check created=1 total=104
2026-04-19 06:33:54 INFO dataset: Stage1 intent=notification created=1 total=107
2026-04-19 06:33:54 INFO dataset: Stage1 intent=Finance created=1 total=109
2026-04-19 06:33:54 INFO dataset: Stage1 intent=Healthcare created=1 total=109
2026-04-19 06:33:54 INFO dataset: Stage1 intent=Legal created=1 total=109
2026-04-19 06:33:54 INFO dataset: Stage1 intent=Real Estate created=1 total=108
2026-04-19 06:33:54 INFO dataset: Stage1 intent=Career created=1 total=109
2026-04-19 06:33:54 INFO dataset: Stage1 intent=Food and Dining created=1 total=106
2026-04-19 06:33:54 INFO dataset: Stage1 intent=Home Services created=1 total=108
2026-04-19 06:33:54 INFO dataset: Stage1 intent=Automotive created=1 total=107
2026-04-19 06:37:29 INFO dataset: Stage1 intent=Information Retrieval created=1 total=109
2026-04-19 06:37:29 INFO dataset: Stage1 intent=Entertainment created=1 total=107
2026-04-19 06:37:29 INFO dataset: Stage1 intent=product_lookup created=1 total=104
2026-04-19 06:37:29 INFO dataset: Stage1 intent=Booking created=1 total=107
2026-04-19 06:37:29 INFO dataset: Stage1 intent=weather created=1 total=109
2026-04-19 06:37:29 INFO dataset: Stage1 intent=data visualisation created=1 total=109
2026-04-19 06:37:29 INFO dataset: Stage1 intent=Planning created=1 total=110
2026-04-19 06:37:29 INFO dataset: Stage1 intent=productivity created=1 total=109
2026-04-19 06:37:29 INFO dataset: Stage1 intent=Recipe created=1 total=110
2026-04-19 06:37:29 INFO dataset: Stage1 intent=Localization created=1 total=104
2026-04-19 06:37:29 INFO dataset: Stage1 intent=Technical support created=1 total=110
2026-04-19 06:37:29 INFO dataset: Stage1 intent=Creating Writing created=1 total=110
2026-04-19 06:37:29 INFO dataset: Stage1 intent=Event Schedule created=1 total=101
2026-04-19 06:37:29 INFO dataset: Stage1 intent=Research Analysis created=1 total=106
2026-04-19 06:37:29 INFO dataset: Stage1 intent=Comparison created=1 total=108
2026-04-19 06:37:29 INFO dataset: Stage1 intent=calculation created=1 total=109
2026-04-19 06:37:29 INFO dataset: Stage1 intent=Travel created=1 total=110
2026-04-19 06:37:29 INFO dataset: Stage1 intent=Navigation created=1 total=109
2026-04-19 06:37:29 INFO dataset: Stage1 intent=Education created=1 total=110
2026-04-19 06:37:29 INFO dataset: Stage1 intent=Documentation created=1 total=110
2026-04-19 06:37:29 INFO dataset: Stage1 intent=media playback created=1 total=106
2026-04-19 06:37:29 INFO dataset: Stage1 intent=qr scanner created=1 total=106
2026-04-19 06:37:29 INFO dataset: Stage1 intent=status check created=1 total=105
2026-04-19 06:37:29 INFO dataset: Stage1 intent=notification created=1 total=108
2026-04-19 06:37:29 INFO dataset: Stage1 intent=Finance created=1 total=110
2026-04-19 06:37:29 INFO dataset: Stage1 intent=Healthcare created=1 total=110
2026-04-19 06:37:29 INFO dataset: Stage1 intent=Legal created=1 total=110
2026-04-19 06:37:29 INFO dataset: Stage1 intent=Real Estate created=1 total=109
2026-04-19 06:37:29 INFO dataset: Stage1 intent=Career created=1 total=110
2026-04-19 06:37:29 INFO dataset: Stage1 intent=Food and Dining created=1 total=107
2026-04-19 06:37:29 INFO dataset: Stage1 intent=Home Services created=1 total=109
2026-04-19 06:37:29 INFO dataset: Stage1 intent=Automotive created=1 total=108
2026-04-19 06:41:10 INFO dataset: Stage1 intent=Information Retrieval created=1 total=110
2026-04-19 06:41:10 INFO dataset: Stage1 intent=Entertainment created=1 total=108
2026-04-19 06:41:10 INFO dataset: Stage1 intent=product_lookup created=1 total=105
2026-04-19 06:41:10 INFO dataset: Stage1 intent=Booking created=1 total=108
2026-04-19 06:41:10 INFO dataset: Stage1 intent=weather created=1 total=110
2026-04-19 06:41:10 INFO dataset: Stage1 intent=data visualisation created=1 total=110
2026-04-19 06:41:10 INFO dataset: Stage1 intent=Planning created=1 total=111
2026-04-19 06:41:10 INFO dataset: Stage1 intent=productivity created=1 total=110
2026-04-19 06:41:10 INFO dataset: Stage1 intent=Recipe created=1 total=111
2026-04-19 06:41:10 INFO dataset: Stage1 intent=Localization created=1 total=105
2026-04-19 06:41:10 INFO dataset: Stage1 intent=Technical support created=1 total=111
2026-04-19 06:41:10 INFO dataset: Stage1 intent=Creating Writing created=1 total=111
2026-04-19 06:41:10 ERROR dataset: Stage1 parse error intent=Event Schedule: Unterminated string starting at: line 3 column 19 (char 24)
2026-04-19 06:41:10 INFO dataset: Stage1 intent=Research Analysis created=1 total=107
2026-04-19 06:41:10 INFO dataset: Stage1 intent=Comparison created=1 total=109
2026-04-19 06:41:10 INFO dataset: Stage1 intent=calculation created=1 total=110
2026-04-19 06:41:10 INFO dataset: Stage1 intent=Travel created=1 total=111
2026-04-19 06:41:10 INFO dataset: Stage1 intent=Navigation created=1 total=110
2026-04-19 06:41:10 INFO dataset: Stage1 intent=Education created=1 total=111
2026-04-19 06:41:10 INFO dataset: Stage1 intent=Documentation created=1 total=111
2026-04-19 06:41:10 INFO dataset: Stage1 intent=media playback created=1 total=107
2026-04-19 06:41:10 INFO dataset: Stage1 intent=qr scanner created=1 total=107
2026-04-19 06:41:10 INFO dataset: Stage1 intent=status check created=1 total=106
2026-04-19 06:41:10 ERROR dataset: Stage1 parse error intent=notification: Unterminated string starting at: line 3 column 19 (char 24)
2026-04-19 06:41:10 INFO dataset: Stage1 intent=Finance created=1 total=111
2026-04-19 06:41:10 INFO dataset: Stage1 intent=Healthcare created=1 total=111
2026-04-19 06:41:10 INFO dataset: Stage1 intent=Legal created=1 total=111
2026-04-19 06:41:10 INFO dataset: Stage1 intent=Real Estate created=1 total=110
2026-04-19 06:41:10 INFO dataset: Stage1 intent=Career created=1 total=111
2026-04-19 06:41:10 INFO dataset: Stage1 intent=Food and Dining created=1 total=108
2026-04-19 06:41:10 INFO dataset: Stage1 intent=Home Services created=1 total=110
2026-04-19 06:41:10 INFO dataset: Stage1 intent=Automotive created=1 total=109
2026-04-19 06:44:31 INFO dataset: Stage1 intent=Information Retrieval created=1 total=111
2026-04-19 06:44:31 INFO dataset: Stage1 intent=Entertainment created=1 total=109
2026-04-19 06:44:31 INFO dataset: Stage1 intent=product_lookup created=1 total=106
2026-04-19 06:44:31 INFO dataset: Stage1 intent=Booking created=1 total=109
2026-04-19 06:44:31 INFO dataset: Stage1 intent=weather created=1 total=111
2026-04-19 06:44:31 INFO dataset: Stage1 intent=data visualisation created=1 total=111
2026-04-19 06:44:31 INFO dataset: Stage1 intent=Planning created=1 total=112
2026-04-19 06:44:31 INFO dataset: Stage1 intent=productivity created=1 total=111
2026-04-19 06:44:31 INFO dataset: Stage1 intent=Recipe created=1 total=112
2026-04-19 06:44:31 INFO dataset: Stage1 intent=Localization created=1 total=106
2026-04-19 06:44:31 INFO dataset: Stage1 intent=Technical support created=1 total=112
2026-04-19 06:44:31 INFO dataset: Stage1 intent=Creating Writing created=1 total=112
2026-04-19 06:44:31 INFO dataset: Stage1 intent=Event Schedule created=1 total=102
2026-04-19 06:44:31 INFO dataset: Stage1 intent=Research Analysis created=1 total=108
2026-04-19 06:44:31 INFO dataset: Stage1 intent=Comparison created=1 total=110
2026-04-19 06:44:31 INFO dataset: Stage1 intent=calculation created=1 total=111
2026-04-19 06:44:31 INFO dataset: Stage1 intent=Travel created=1 total=112
2026-04-19 06:44:31 INFO dataset: Stage1 intent=Navigation created=1 total=111
2026-04-19 06:44:31 INFO dataset: Stage1 intent=Education created=1 total=112
2026-04-19 06:44:31 INFO dataset: Stage1 intent=Documentation created=1 total=112
2026-04-19 06:44:31 INFO dataset: Stage1 intent=media playback created=1 total=108
2026-04-19 06:44:31 INFO dataset: Stage1 intent=qr scanner created=1 total=108
2026-04-19 06:44:31 INFO dataset: Stage1 intent=status check created=1 total=107
2026-04-19 06:44:31 INFO dataset: Stage1 intent=notification created=1 total=109
2026-04-19 06:44:31 INFO dataset: Stage1 intent=Finance created=1 total=112
2026-04-19 06:44:31 INFO dataset: Stage1 intent=Healthcare created=1 total=112
2026-04-19 06:44:31 INFO dataset: Stage1 intent=Legal created=1 total=112
2026-04-19 06:44:32 INFO dataset: Stage1 intent=Real Estate created=1 total=111
2026-04-19 06:44:32 INFO dataset: Stage1 intent=Career created=1 total=112
2026-04-19 06:44:32 INFO dataset: Stage1 intent=Food and Dining created=1 total=109
2026-04-19 06:44:32 INFO dataset: Stage1 intent=Home Services created=1 total=111
2026-04-19 06:44:32 INFO dataset: Stage1 intent=Automotive created=1 total=110
2026-04-19 06:48:16 ERROR dataset: Stage1 parse error intent=Information Retrieval: Unterminated string starting at: line 3 column 19 (char 24)
2026-04-19 06:48:16 INFO dataset: Stage1 intent=Entertainment created=1 total=110
2026-04-19 06:48:16 INFO dataset: Stage1 intent=product_lookup created=1 total=107
2026-04-19 06:48:16 INFO dataset: Stage1 intent=Booking created=1 total=110
2026-04-19 06:48:16 INFO dataset: Stage1 intent=weather created=1 total=112
2026-04-19 06:48:16 ERROR dataset: Stage1 parse error intent=data visualisation: Unterminated string starting at: line 3 column 19 (char 24)
2026-04-19 06:48:16 INFO dataset: Stage1 intent=Planning created=1 total=113
2026-04-19 06:48:16 INFO dataset: Stage1 intent=productivity created=1 total=112
2026-04-19 06:48:16 INFO dataset: Stage1 intent=Recipe created=1 total=113
2026-04-19 06:48:16 INFO dataset: Stage1 intent=Localization created=1 total=107
2026-04-19 06:48:16 INFO dataset: Stage1 intent=Technical support created=1 total=113
2026-04-19 06:48:16 INFO dataset: Stage1 intent=Creating Writing created=1 total=113
2026-04-19 06:48:16 INFO dataset: Stage1 intent=Event Schedule created=1 total=103
2026-04-19 06:48:16 ERROR dataset: Stage1 parse error intent=Research Analysis: Empty text
2026-04-19 06:48:16 INFO dataset: Stage1 intent=Comparison created=1 total=111
2026-04-19 06:48:16 INFO dataset: Stage1 intent=calculation created=1 total=112
2026-04-19 06:48:16 INFO dataset: Stage1 intent=Travel created=1 total=113
2026-04-19 06:48:16 INFO dataset: Stage1 intent=Navigation created=1 total=112
2026-04-19 06:48:16 INFO dataset: Stage1 intent=Education created=1 total=113
2026-04-19 06:48:16 INFO dataset: Stage1 intent=Documentation created=1 total=113
2026-04-19 06:48:16 INFO dataset: Stage1 intent=media playback created=1 total=109
2026-04-19 06:48:16 INFO dataset: Stage1 intent=qr scanner created=1 total=109
2026-04-19 06:48:16 INFO dataset: Stage1 intent=status check created=1 total=108
2026-04-19 06:48:16 INFO dataset: Stage1 intent=notification created=1 total=110
2026-04-19 06:48:16 INFO dataset: Stage1 intent=Finance created=1 total=113
2026-04-19 06:48:16 INFO dataset: Stage1 intent=Healthcare created=1 total=113
2026-04-19 06:48:16 INFO dataset: Stage1 intent=Legal created=1 total=113
2026-04-19 06:48:16 INFO dataset: Stage1 intent=Real Estate created=1 total=112
2026-04-19 06:48:16 INFO dataset: Stage1 intent=Career created=1 total=113
2026-04-19 06:48:16 INFO dataset: Stage1 intent=Food and Dining created=1 total=110
2026-04-19 06:48:16 INFO dataset: Stage1 intent=Home Services created=1 total=112
2026-04-19 06:48:16 INFO dataset: Stage1 intent=Automotive created=1 total=111
2026-04-19 06:51:43 INFO dataset: Stage1 intent=Information Retrieval created=1 total=112
2026-04-19 06:51:43 INFO dataset: Stage1 intent=Entertainment created=1 total=111
2026-04-19 06:51:43 INFO dataset: Stage1 intent=product_lookup created=1 total=108
2026-04-19 06:51:43 INFO dataset: Stage1 intent=Booking created=1 total=111
2026-04-19 06:51:43 INFO dataset: Stage1 intent=weather created=1 total=113
2026-04-19 06:51:43 INFO dataset: Stage1 intent=data visualisation created=1 total=112
2026-04-19 06:51:43 INFO dataset: Stage1 intent=Planning created=1 total=114
2026-04-19 06:51:43 INFO dataset: Stage1 intent=productivity created=1 total=113
2026-04-19 06:51:43 INFO dataset: Stage1 intent=Recipe created=1 total=114
2026-04-19 06:51:43 ERROR dataset: Stage1 parse error intent=Localization: Unterminated string starting at: line 3 column 19 (char 24)
2026-04-19 06:51:43 INFO dataset: Stage1 intent=Technical support created=1 total=114
2026-04-19 06:51:43 INFO dataset: Stage1 intent=Creating Writing created=1 total=114
2026-04-19 06:51:43 INFO dataset: Stage1 intent=Event Schedule created=1 total=104
2026-04-19 06:51:43 INFO dataset: Stage1 intent=Research Analysis created=1 total=109
2026-04-19 06:51:43 INFO dataset: Stage1 intent=Comparison created=1 total=112
2026-04-19 06:51:43 INFO dataset: Stage1 intent=calculation created=1 total=113
2026-04-19 06:51:43 INFO dataset: Stage1 intent=Travel created=1 total=114
2026-04-19 06:51:43 INFO dataset: Stage1 intent=Navigation created=1 total=113
2026-04-19 06:51:43 INFO dataset: Stage1 intent=Education created=1 total=114
2026-04-19 06:51:43 INFO dataset: Stage1 intent=Documentation created=1 total=114
2026-04-19 06:51:43 INFO dataset: Stage1 intent=media playback created=1 total=110
2026-04-19 06:51:43 INFO dataset: Stage1 intent=qr scanner created=1 total=110
2026-04-19 06:51:43 ERROR dataset: Stage1 parse error intent=status check: Expecting value: line 8 column 23 (char 899)
2026-04-19 06:51:43 INFO dataset: Stage1 intent=notification created=1 total=111
2026-04-19 06:51:43 INFO dataset: Stage1 intent=Finance created=1 total=114
2026-04-19 06:51:43 INFO dataset: Stage1 intent=Healthcare created=1 total=114
2026-04-19 06:51:43 INFO dataset: Stage1 intent=Legal created=1 total=114
2026-04-19 06:51:43 INFO dataset: Stage1 intent=Real Estate created=1 total=113
2026-04-19 06:51:43 INFO dataset: Stage1 intent=Career created=1 total=114
2026-04-19 06:51:43 INFO dataset: Stage1 intent=Food and Dining created=1 total=111
2026-04-19 06:51:43 INFO dataset: Stage1 intent=Home Services created=1 total=113
2026-04-19 06:51:43 INFO dataset: Stage1 intent=Automotive created=1 total=112
2026-04-19 06:55:14 ERROR dataset: Stage1 parse error intent=Information Retrieval: Unterminated string starting at: line 3 column 19 (char 24)
2026-04-19 06:55:14 INFO dataset: Stage1 intent=Entertainment created=1 total=112
2026-04-19 06:55:14 INFO dataset: Stage1 intent=product_lookup created=1 total=109
2026-04-19 06:55:14 INFO dataset: Stage1 intent=Booking created=1 total=112
2026-04-19 06:55:14 INFO dataset: Stage1 intent=weather created=1 total=114
2026-04-19 06:55:14 INFO dataset: Stage1 intent=data visualisation created=1 total=113
2026-04-19 06:55:14 INFO dataset: Stage1 intent=Planning created=1 total=115
2026-04-19 06:55:14 INFO dataset: Stage1 intent=productivity created=1 total=114
2026-04-19 06:55:14 INFO dataset: Stage1 intent=Recipe created=1 total=115
2026-04-19 06:55:14 INFO dataset: Stage1 intent=Localization created=1 total=108
2026-04-19 06:55:14 INFO dataset: Stage1 intent=Technical support created=1 total=115
2026-04-19 06:55:14 INFO dataset: Stage1 intent=Creating Writing created=1 total=115
2026-04-19 06:55:14 INFO dataset: Stage1 intent=Event Schedule created=1 total=105
2026-04-19 06:55:14 INFO dataset: Stage1 intent=Research Analysis created=1 total=110
2026-04-19 06:55:14 INFO dataset: Stage1 intent=Comparison created=1 total=113
2026-04-19 06:55:14 INFO dataset: Stage1 intent=calculation created=1 total=114
2026-04-19 06:55:14 INFO dataset: Stage1 intent=Travel created=1 total=115
2026-04-19 06:55:14 INFO dataset: Stage1 intent=Navigation created=1 total=114
2026-04-19 06:55:14 INFO dataset: Stage1 intent=Education created=1 total=115
2026-04-19 06:55:14 INFO dataset: Stage1 intent=Documentation created=1 total=115
2026-04-19 06:55:14 INFO dataset: Stage1 intent=media playback created=1 total=111
2026-04-19 06:55:14 INFO dataset: Stage1 intent=qr scanner created=1 total=111
2026-04-19 06:55:14 INFO dataset: Stage1 intent=status check created=1 total=109
2026-04-19 06:55:14 INFO dataset: Stage1 intent=notification created=1 total=112
2026-04-19 06:55:14 INFO dataset: Stage1 intent=Finance created=1 total=115
2026-04-19 06:55:14 INFO dataset: Stage1 intent=Healthcare created=1 total=115
2026-04-19 06:55:14 INFO dataset: Stage1 intent=Legal created=1 total=115
2026-04-19 06:55:14 INFO dataset: Stage1 intent=Real Estate created=1 total=114
2026-04-19 06:55:14 INFO dataset: Stage1 intent=Career created=1 total=115
2026-04-19 06:55:14 INFO dataset: Stage1 intent=Food and Dining created=1 total=112
2026-04-19 06:55:14 INFO dataset: Stage1 intent=Home Services created=1 total=114
2026-04-19 06:55:14 INFO dataset: Stage1 intent=Automotive created=1 total=113
2026-04-19 06:58:46 INFO dataset: Stage1 intent=Information Retrieval created=1 total=113
2026-04-19 06:58:46 INFO dataset: Stage1 intent=Entertainment created=1 total=113
2026-04-19 06:58:46 INFO dataset: Stage1 intent=product_lookup created=1 total=110
2026-04-19 06:58:46 INFO dataset: Stage1 intent=Booking created=1 total=113
2026-04-19 06:58:46 INFO dataset: Stage1 intent=weather created=1 total=115
2026-04-19 06:58:46 INFO dataset: Stage1 intent=data visualisation created=1 total=114
2026-04-19 06:58:46 INFO dataset: Stage1 intent=Planning created=1 total=116
2026-04-19 06:58:46 INFO dataset: Stage1 intent=productivity created=1 total=115
2026-04-19 06:58:47 INFO dataset: Stage1 intent=Recipe created=1 total=116
2026-04-19 06:58:47 INFO dataset: Stage1 intent=Localization created=1 total=109
2026-04-19 06:58:47 INFO dataset: Stage1 intent=Technical support created=1 total=116
2026-04-19 06:58:47 INFO dataset: Stage1 intent=Creating Writing created=1 total=116
2026-04-19 06:58:47 INFO dataset: Stage1 intent=Event Schedule created=1 total=106
2026-04-19 06:58:47 INFO dataset: Stage1 intent=Research Analysis created=1 total=111
2026-04-19 06:58:47 INFO dataset: Stage1 intent=Comparison created=1 total=114
2026-04-19 06:58:47 INFO dataset: Stage1 intent=calculation created=1 total=115
2026-04-19 06:58:47 INFO dataset: Stage1 intent=Travel created=1 total=116
2026-04-19 06:58:47 INFO dataset: Stage1 intent=Navigation created=1 total=115
2026-04-19 06:58:47 INFO dataset: Stage1 intent=Education created=1 total=116
2026-04-19 06:58:47 INFO dataset: Stage1 intent=Documentation created=1 total=116
2026-04-19 06:58:47 INFO dataset: Stage1 intent=media playback created=1 total=112
2026-04-19 06:58:47 INFO dataset: Stage1 intent=qr scanner created=1 total=112
2026-04-19 06:58:47 INFO dataset: Stage1 intent=status check created=1 total=110
2026-04-19 06:58:47 INFO dataset: Stage1 intent=notification created=1 total=113
2026-04-19 06:58:47 INFO dataset: Stage1 intent=Finance created=1 total=116
2026-04-19 06:58:47 INFO dataset: Stage1 intent=Healthcare created=1 total=116
2026-04-19 06:58:47 INFO dataset: Stage1 intent=Legal created=1 total=116
2026-04-19 06:58:47 INFO dataset: Stage1 intent=Real Estate created=1 total=115
2026-04-19 06:58:47 INFO dataset: Stage1 intent=Career created=1 total=116
2026-04-19 06:58:47 INFO dataset: Stage1 intent=Food and Dining created=1 total=113
2026-04-19 06:58:47 INFO dataset: Stage1 intent=Home Services created=1 total=115
2026-04-19 06:58:47 INFO dataset: Stage1 intent=Automotive created=1 total=114
2026-04-19 07:02:32 INFO dataset: Stage1 intent=Information Retrieval created=1 total=114
2026-04-19 07:02:32 INFO dataset: Stage1 intent=Entertainment created=1 total=114
2026-04-19 07:02:32 ERROR dataset: Stage1 parse error intent=product_lookup: Unterminated string starting at: line 3 column 19 (char 24)
2026-04-19 07:02:32 INFO dataset: Stage1 intent=Booking created=1 total=114
2026-04-19 07:02:32 INFO dataset: Stage1 intent=weather created=1 total=116
2026-04-19 07:02:32 INFO dataset: Stage1 intent=data visualisation created=1 total=115
2026-04-19 07:02:32 INFO dataset: Stage1 intent=Planning created=1 total=117
2026-04-19 07:02:32 INFO dataset: Stage1 intent=productivity created=1 total=116
2026-04-19 07:02:32 INFO dataset: Stage1 intent=Recipe created=1 total=117
2026-04-19 07:02:32 INFO dataset: Stage1 intent=Localization created=1 total=110
2026-04-19 07:02:32 INFO dataset: Stage1 intent=Technical support created=1 total=117
2026-04-19 07:02:32 INFO dataset: Stage1 intent=Creating Writing created=1 total=117
2026-04-19 07:02:32 INFO dataset: Stage1 intent=Event Schedule created=1 total=107
2026-04-19 07:02:32 INFO dataset: Stage1 intent=Research Analysis created=1 total=112
2026-04-19 07:02:32 INFO dataset: Stage1 intent=Comparison created=1 total=115
2026-04-19 07:02:32 INFO dataset: Stage1 intent=calculation created=1 total=116
2026-04-19 07:02:32 INFO dataset: Stage1 intent=Travel created=1 total=117
2026-04-19 07:02:32 INFO dataset: Stage1 intent=Navigation created=1 total=116
2026-04-19 07:02:32 INFO dataset: Stage1 intent=Education created=1 total=117
2026-04-19 07:02:32 INFO dataset: Stage1 intent=Documentation created=1 total=117
2026-04-19 07:02:32 INFO dataset: Stage1 intent=media playback created=1 total=113
2026-04-19 07:02:32 INFO dataset: Stage1 intent=qr scanner created=1 total=113
2026-04-19 07:02:32 INFO dataset: Stage1 intent=status check created=1 total=111
2026-04-19 07:02:32 INFO dataset: Stage1 intent=notification created=1 total=114
2026-04-19 07:02:32 INFO dataset: Stage1 intent=Finance created=1 total=117
2026-04-19 07:02:32 INFO dataset: Stage1 intent=Healthcare created=1 total=117
2026-04-19 07:02:32 INFO dataset: Stage1 intent=Legal created=1 total=117
2026-04-19 07:02:32 INFO dataset: Stage1 intent=Real Estate created=1 total=116
2026-04-19 07:02:32 INFO dataset: Stage1 intent=Career created=1 total=117
2026-04-19 07:02:32 INFO dataset: Stage1 intent=Food and Dining created=1 total=114
2026-04-19 07:02:32 INFO dataset: Stage1 intent=Home Services created=1 total=116
2026-04-19 07:02:32 INFO dataset: Stage1 intent=Automotive created=1 total=115
2026-04-19 07:06:05 INFO dataset: Stage1 intent=Information Retrieval created=1 total=115
2026-04-19 07:06:05 INFO dataset: Stage1 intent=Entertainment created=1 total=115
2026-04-19 07:06:05 INFO dataset: Stage1 intent=product_lookup created=1 total=111
2026-04-19 07:06:05 INFO dataset: Stage1 intent=Booking created=1 total=115
2026-04-19 07:06:05 INFO dataset: Stage1 intent=weather created=1 total=117
2026-04-19 07:06:05 INFO dataset: Stage1 intent=data visualisation created=1 total=116
2026-04-19 07:06:05 INFO dataset: Stage1 intent=Planning created=1 total=118
2026-04-19 07:06:05 INFO dataset: Stage1 intent=productivity created=1 total=117
2026-04-19 07:06:05 INFO dataset: Stage1 intent=Recipe created=1 total=118
2026-04-19 07:06:05 INFO dataset: Stage1 intent=Localization created=1 total=111
2026-04-19 07:06:05 INFO dataset: Stage1 intent=Technical support created=1 total=118
2026-04-19 07:06:05 INFO dataset: Stage1 intent=Creating Writing created=1 total=118
2026-04-19 07:06:05 INFO dataset: Stage1 intent=Event Schedule created=1 total=108
2026-04-19 07:06:05 INFO dataset: Stage1 intent=Research Analysis created=1 total=113
2026-04-19 07:06:05 INFO dataset: Stage1 intent=Comparison created=1 total=116
2026-04-19 07:06:05 INFO dataset: Stage1 intent=calculation created=1 total=117
2026-04-19 07:06:05 INFO dataset: Stage1 intent=Travel created=1 total=118
2026-04-19 07:06:05 INFO dataset: Stage1 intent=Navigation created=1 total=117
2026-04-19 07:06:05 INFO dataset: Stage1 intent=Education created=1 total=118
2026-04-19 07:06:05 INFO dataset: Stage1 intent=Documentation created=1 total=118
2026-04-19 07:06:05 INFO dataset: Stage1 intent=media playback created=1 total=114
2026-04-19 07:06:05 INFO dataset: Stage1 intent=qr scanner created=1 total=114
2026-04-19 07:06:05 INFO dataset: Stage1 intent=status check created=1 total=112
2026-04-19 07:06:05 INFO dataset: Stage1 intent=notification created=1 total=115
2026-04-19 07:06:05 INFO dataset: Stage1 intent=Finance created=1 total=118
2026-04-19 07:06:05 INFO dataset: Stage1 intent=Healthcare created=1 total=118
2026-04-19 07:06:05 INFO dataset: Stage1 intent=Legal created=1 total=118
2026-04-19 07:06:05 INFO dataset: Stage1 intent=Real Estate created=1 total=117
2026-04-19 07:06:05 INFO dataset: Stage1 intent=Career created=1 total=118
2026-04-19 07:06:05 INFO dataset: Stage1 intent=Food and Dining created=1 total=115
2026-04-19 07:06:05 INFO dataset: Stage1 intent=Home Services created=1 total=117
2026-04-19 07:06:05 INFO dataset: Stage1 intent=Automotive created=1 total=116
2026-04-19 07:09:39 INFO dataset: Stage1 intent=Information Retrieval created=1 total=116
2026-04-19 07:09:39 INFO dataset: Stage1 intent=Entertainment created=1 total=116
2026-04-19 07:09:39 INFO dataset: Stage1 intent=product_lookup created=1 total=112
2026-04-19 07:09:39 ERROR dataset: Stage1 parse error intent=Booking: Unterminated string starting at: line 3 column 19 (char 24)
2026-04-19 07:09:39 INFO dataset: Stage1 intent=weather created=1 total=118
2026-04-19 07:09:39 INFO dataset: Stage1 intent=data visualisation created=1 total=117
2026-04-19 07:09:39 INFO dataset: Stage1 intent=Planning created=1 total=119
2026-04-19 07:09:39 INFO dataset: Stage1 intent=productivity created=1 total=118
2026-04-19 07:09:39 INFO dataset: Stage1 intent=Recipe created=1 total=119
2026-04-19 07:09:39 INFO dataset: Stage1 intent=Localization created=1 total=112
2026-04-19 07:09:39 INFO dataset: Stage1 intent=Technical support created=1 total=119
2026-04-19 07:09:39 INFO dataset: Stage1 intent=Creating Writing created=1 total=119
2026-04-19 07:09:39 INFO dataset: Stage1 intent=Event Schedule created=1 total=109
2026-04-19 07:09:39 INFO dataset: Stage1 intent=Research Analysis created=1 total=114
2026-04-19 07:09:39 INFO dataset: Stage1 intent=Comparison created=1 total=117
2026-04-19 07:09:39 INFO dataset: Stage1 intent=calculation created=1 total=118
2026-04-19 07:09:39 INFO dataset: Stage1 intent=Travel created=1 total=119
2026-04-19 07:09:39 INFO dataset: Stage1 intent=Navigation created=1 total=118
2026-04-19 07:09:39 INFO dataset: Stage1 intent=Education created=1 total=119
2026-04-19 07:09:39 INFO dataset: Stage1 intent=Documentation created=1 total=119
2026-04-19 07:09:39 INFO dataset: Stage1 intent=media playback created=1 total=115
2026-04-19 07:09:39 INFO dataset: Stage1 intent=qr scanner created=1 total=115
2026-04-19 07:09:39 INFO dataset: Stage1 intent=status check created=1 total=113
2026-04-19 07:09:39 INFO dataset: Stage1 intent=notification created=1 total=116
2026-04-19 07:09:39 INFO dataset: Stage1 intent=Finance created=1 total=119
2026-04-19 07:09:39 INFO dataset: Stage1 intent=Healthcare created=1 total=119
2026-04-19 07:09:39 INFO dataset: Stage1 intent=Legal created=1 total=119
2026-04-19 07:09:39 INFO dataset: Stage1 intent=Real Estate created=1 total=118
2026-04-19 07:09:39 INFO dataset: Stage1 intent=Career created=1 total=119
2026-04-19 07:09:39 INFO dataset: Stage1 intent=Food and Dining created=1 total=116
2026-04-19 07:09:39 INFO dataset: Stage1 intent=Home Services created=1 total=118
2026-04-19 07:09:39 INFO dataset: Stage1 intent=Automotive created=1 total=117
2026-04-19 07:13:05 INFO dataset: Stage1 intent=Information Retrieval created=1 total=117
2026-04-19 07:13:05 INFO dataset: Stage1 intent=Entertainment created=1 total=117
2026-04-19 07:13:05 INFO dataset: Stage1 intent=product_lookup created=1 total=113
2026-04-19 07:13:05 INFO dataset: Stage1 intent=Booking created=1 total=116
2026-04-19 07:13:05 INFO dataset: Stage1 intent=weather created=1 total=119
2026-04-19 07:13:05 INFO dataset: Stage1 intent=data visualisation created=1 total=118
2026-04-19 07:13:05 INFO dataset: Stage1 intent=Planning created=1 total=120
2026-04-19 07:13:05 INFO dataset: Stage1 intent=productivity created=1 total=119
2026-04-19 07:13:05 INFO dataset: Stage1 intent=Recipe created=1 total=120
2026-04-19 07:13:05 INFO dataset: Stage1 intent=Localization created=1 total=113
2026-04-19 07:13:05 INFO dataset: Stage1 intent=Technical support created=1 total=120
2026-04-19 07:13:05 INFO dataset: Stage1 intent=Creating Writing created=1 total=120
2026-04-19 07:13:05 INFO dataset: Stage1 intent=Event Schedule created=1 total=110
2026-04-19 07:13:05 INFO dataset: Stage1 intent=Research Analysis created=1 total=115
2026-04-19 07:13:05 INFO dataset: Stage1 intent=Comparison created=1 total=118
2026-04-19 07:13:05 INFO dataset: Stage1 intent=calculation created=1 total=119
2026-04-19 07:13:05 INFO dataset: Stage1 intent=Travel created=1 total=120
2026-04-19 07:13:05 INFO dataset: Stage1 intent=Navigation created=1 total=119
2026-04-19 07:13:05 INFO dataset: Stage1 intent=Education created=1 total=120
2026-04-19 07:13:05 INFO dataset: Stage1 intent=Documentation created=1 total=120
2026-04-19 07:13:05 INFO dataset: Stage1 intent=media playback created=1 total=116
2026-04-19 07:13:05 INFO dataset: Stage1 intent=qr scanner created=1 total=116
2026-04-19 07:13:05 INFO dataset: Stage1 intent=status check created=1 total=114
2026-04-19 07:13:05 INFO dataset: Stage1 intent=notification created=1 total=117
2026-04-19 07:13:05 INFO dataset: Stage1 intent=Finance created=1 total=120
2026-04-19 07:13:05 INFO dataset: Stage1 intent=Healthcare created=1 total=120
2026-04-19 07:13:05 INFO dataset: Stage1 intent=Legal created=1 total=120
2026-04-19 07:13:05 INFO dataset: Stage1 intent=Real Estate created=1 total=119
2026-04-19 07:13:05 INFO dataset: Stage1 intent=Career created=1 total=120
2026-04-19 07:13:05 INFO dataset: Stage1 intent=Food and Dining created=1 total=117
2026-04-19 07:13:05 INFO dataset: Stage1 intent=Home Services created=1 total=119
2026-04-19 07:13:05 INFO dataset: Stage1 intent=Automotive created=1 total=118
2026-04-19 07:16:28 INFO dataset: Stage1 intent=Information Retrieval created=1 total=118
2026-04-19 07:16:28 INFO dataset: Stage1 intent=Entertainment created=1 total=118
2026-04-19 07:16:28 INFO dataset: Stage1 intent=product_lookup created=1 total=114
2026-04-19 07:16:28 INFO dataset: Stage1 intent=Booking created=1 total=117
2026-04-19 07:16:28 INFO dataset: Stage1 intent=weather created=1 total=120
2026-04-19 07:16:28 INFO dataset: Stage1 intent=data visualisation created=1 total=119
2026-04-19 07:16:28 INFO dataset: Stage1 intent=Planning created=1 total=121
2026-04-19 07:16:28 INFO dataset: Stage1 intent=productivity created=1 total=120
2026-04-19 07:16:28 INFO dataset: Stage1 intent=Recipe created=1 total=121
2026-04-19 07:16:28 INFO dataset: Stage1 intent=Localization created=1 total=114
2026-04-19 07:16:28 INFO dataset: Stage1 intent=Technical support created=1 total=121
2026-04-19 07:16:28 INFO dataset: Stage1 intent=Creating Writing created=1 total=121
2026-04-19 07:16:28 INFO dataset: Stage1 intent=Event Schedule created=1 total=111
2026-04-19 07:16:28 INFO dataset: Stage1 intent=Research Analysis created=1 total=116
2026-04-19 07:16:28 INFO dataset: Stage1 intent=Comparison created=1 total=119
2026-04-19 07:16:28 INFO dataset: Stage1 intent=calculation created=1 total=120
2026-04-19 07:16:28 INFO dataset: Stage1 intent=Travel created=1 total=121
2026-04-19 07:16:28 INFO dataset: Stage1 intent=Navigation created=1 total=120
2026-04-19 07:16:28 INFO dataset: Stage1 intent=Education created=1 total=121
2026-04-19 07:16:28 INFO dataset: Stage1 intent=Documentation created=1 total=121
2026-04-19 07:16:28 INFO dataset: Stage1 intent=media playback created=1 total=117
2026-04-19 07:16:28 INFO dataset: Stage1 intent=qr scanner created=1 total=117
2026-04-19 07:16:28 INFO dataset: Stage1 intent=status check created=1 total=115
2026-04-19 07:16:28 INFO dataset: Stage1 intent=notification created=1 total=118
2026-04-19 07:16:28 INFO dataset: Stage1 intent=Finance created=1 total=121
2026-04-19 07:16:28 INFO dataset: Stage1 intent=Healthcare created=1 total=121
2026-04-19 07:16:28 INFO dataset: Stage1 intent=Legal created=1 total=121
2026-04-19 07:16:28 INFO dataset: Stage1 intent=Real Estate created=1 total=120
2026-04-19 07:16:28 INFO dataset: Stage1 intent=Career created=1 total=121
2026-04-19 07:16:28 INFO dataset: Stage1 intent=Food and Dining created=1 total=118
2026-04-19 07:16:28 INFO dataset: Stage1 intent=Home Services created=1 total=120
2026-04-19 07:16:28 INFO dataset: Stage1 intent=Automotive created=1 total=119
2026-04-19 07:20:07 INFO dataset: Stage1 intent=Information Retrieval created=1 total=119
2026-04-19 07:20:07 INFO dataset: Stage1 intent=Entertainment created=1 total=119
2026-04-19 07:20:07 INFO dataset: Stage1 intent=product_lookup created=1 total=115
2026-04-19 07:20:07 INFO dataset: Stage1 intent=Booking created=1 total=118
2026-04-19 07:20:07 INFO dataset: Stage1 intent=weather created=1 total=121
2026-04-19 07:20:07 INFO dataset: Stage1 intent=data visualisation created=1 total=120
2026-04-19 07:20:07 INFO dataset: Stage1 intent=Planning created=1 total=122
2026-04-19 07:20:07 INFO dataset: Stage1 intent=productivity created=1 total=121
2026-04-19 07:20:07 INFO dataset: Stage1 intent=Recipe created=1 total=122
2026-04-19 07:20:07 INFO dataset: Stage1 intent=Localization created=1 total=115
2026-04-19 07:20:07 INFO dataset: Stage1 intent=Technical support created=1 total=122
2026-04-19 07:20:07 INFO dataset: Stage1 intent=Creating Writing created=1 total=122
2026-04-19 07:20:07 INFO dataset: Stage1 intent=Event Schedule created=1 total=112
2026-04-19 07:20:07 INFO dataset: Stage1 intent=Research Analysis created=1 total=117
2026-04-19 07:20:07 ERROR dataset: Stage1 parse error intent=Comparison: Unterminated string starting at: line 3 column 19 (char 24)
2026-04-19 07:20:07 INFO dataset: Stage1 intent=calculation created=1 total=121
2026-04-19 07:20:07 INFO dataset: Stage1 intent=Travel created=1 total=122
2026-04-19 07:20:07 INFO dataset: Stage1 intent=Navigation created=1 total=121
2026-04-19 07:20:07 INFO dataset: Stage1 intent=Education created=1 total=122
2026-04-19 07:20:07 INFO dataset: Stage1 intent=Documentation created=1 total=122
2026-04-19 07:20:07 INFO dataset: Stage1 intent=media playback created=1 total=118
2026-04-19 07:20:07 INFO dataset: Stage1 intent=qr scanner created=1 total=118
2026-04-19 07:20:07 INFO dataset: Stage1 intent=status check created=1 total=116
2026-04-19 07:20:07 INFO dataset: Stage1 intent=notification created=1 total=119
2026-04-19 07:20:07 INFO dataset: Stage1 intent=Finance created=1 total=122
2026-04-19 07:20:07 INFO dataset: Stage1 intent=Healthcare created=1 total=122
2026-04-19 07:20:07 INFO dataset: Stage1 intent=Legal created=1 total=122
2026-04-19 07:20:07 INFO dataset: Stage1 intent=Real Estate created=1 total=121
2026-04-19 07:20:07 INFO dataset: Stage1 intent=Career created=1 total=122
2026-04-19 07:20:07 INFO dataset: Stage1 intent=Food and Dining created=1 total=119
2026-04-19 07:20:07 INFO dataset: Stage1 intent=Home Services created=1 total=121
2026-04-19 07:20:07 INFO dataset: Stage1 intent=Automotive created=1 total=120
2026-04-19 07:23:35 INFO dataset: Stage1 intent=Information Retrieval created=1 total=120
2026-04-19 07:23:35 INFO dataset: Stage1 intent=Entertainment created=1 total=120
2026-04-19 07:23:35 INFO dataset: Stage1 intent=product_lookup created=1 total=116
2026-04-19 07:23:35 INFO dataset: Stage1 intent=Booking created=1 total=119
2026-04-19 07:23:35 INFO dataset: Stage1 intent=weather created=1 total=122
2026-04-19 07:23:35 INFO dataset: Stage1 intent=data visualisation created=1 total=121
2026-04-19 07:23:35 INFO dataset: Stage1 intent=Planning created=1 total=123
2026-04-19 07:23:35 INFO dataset: Stage1 intent=productivity created=1 total=122
2026-04-19 07:23:35 INFO dataset: Stage1 intent=Recipe created=1 total=123
2026-04-19 07:23:35 INFO dataset: Stage1 intent=Localization created=1 total=116
2026-04-19 07:23:35 INFO dataset: Stage1 intent=Technical support created=1 total=123
2026-04-19 07:23:35 INFO dataset: Stage1 intent=Creating Writing created=1 total=123
2026-04-19 07:23:35 INFO dataset: Stage1 intent=Event Schedule created=1 total=113
2026-04-19 07:23:35 INFO dataset: Stage1 intent=Research Analysis created=1 total=118
2026-04-19 07:23:35 INFO dataset: Stage1 intent=Comparison created=1 total=120
2026-04-19 07:23:35 INFO dataset: Stage1 intent=calculation created=1 total=122
2026-04-19 07:23:35 INFO dataset: Stage1 intent=Travel created=1 total=123
2026-04-19 07:23:35 INFO dataset: Stage1 intent=Navigation created=1 total=122
2026-04-19 07:23:35 INFO dataset: Stage1 intent=Education created=1 total=123
2026-04-19 07:23:35 INFO dataset: Stage1 intent=Documentation created=1 total=123
2026-04-19 07:23:35 INFO dataset: Stage1 intent=media playback created=1 total=119
2026-04-19 07:23:35 INFO dataset: Stage1 intent=qr scanner created=1 total=119
2026-04-19 07:23:35 INFO dataset: Stage1 intent=status check created=1 total=117
2026-04-19 07:23:35 ERROR dataset: Stage1 parse error intent=notification: Expecting value: line 6 column 21 (char 892)
2026-04-19 07:23:35 INFO dataset: Stage1 intent=Finance created=1 total=123
2026-04-19 07:23:35 INFO dataset: Stage1 intent=Healthcare created=1 total=123
2026-04-19 07:23:35 INFO dataset: Stage1 intent=Legal created=1 total=123
2026-04-19 07:23:35 INFO dataset: Stage1 intent=Real Estate created=1 total=122
2026-04-19 07:23:35 INFO dataset: Stage1 intent=Career created=1 total=123
2026-04-19 07:23:35 INFO dataset: Stage1 intent=Food and Dining created=1 total=120
2026-04-19 07:23:35 INFO dataset: Stage1 intent=Home Services created=1 total=122
2026-04-19 07:23:35 INFO dataset: Stage1 intent=Automotive created=1 total=121
2026-04-19 07:26:58 INFO dataset: Stage1 intent=Information Retrieval created=1 total=121
2026-04-19 07:26:58 INFO dataset: Stage1 intent=Entertainment created=1 total=121
2026-04-19 07:26:58 INFO dataset: Stage1 intent=product_lookup created=1 total=117
2026-04-19 07:26:58 INFO dataset: Stage1 intent=Booking created=1 total=120
2026-04-19 07:26:58 INFO dataset: Stage1 intent=weather created=1 total=123
2026-04-19 07:26:58 INFO dataset: Stage1 intent=data visualisation created=1 total=122
2026-04-19 07:26:58 INFO dataset: Stage1 intent=Planning created=1 total=124
2026-04-19 07:26:58 INFO dataset: Stage1 intent=productivity created=1 total=123
2026-04-19 07:26:58 INFO dataset: Stage1 intent=Recipe created=1 total=124
2026-04-19 07:26:58 INFO dataset: Stage1 intent=Localization created=1 total=117
2026-04-19 07:26:58 INFO dataset: Stage1 intent=Technical support created=1 total=124
2026-04-19 07:26:58 INFO dataset: Stage1 intent=Creating Writing created=1 total=124
2026-04-19 07:26:58 INFO dataset: Stage1 intent=Event Schedule created=1 total=114
2026-04-19 07:26:58 INFO dataset: Stage1 intent=Research Analysis created=1 total=119
2026-04-19 07:26:58 INFO dataset: Stage1 intent=Comparison created=1 total=121
2026-04-19 07:26:58 INFO dataset: Stage1 intent=calculation created=1 total=123
2026-04-19 07:26:58 INFO dataset: Stage1 intent=Travel created=1 total=124
2026-04-19 07:26:58 INFO dataset: Stage1 intent=Navigation created=1 total=123
2026-04-19 07:26:58 INFO dataset: Stage1 intent=Education created=1 total=124
2026-04-19 07:26:58 INFO dataset: Stage1 intent=Documentation created=1 total=124
2026-04-19 07:26:58 INFO dataset: Stage1 intent=media playback created=1 total=120
2026-04-19 07:26:58 INFO dataset: Stage1 intent=qr scanner created=1 total=120
2026-04-19 07:26:58 INFO dataset: Stage1 intent=status check created=1 total=118
2026-04-19 07:26:58 INFO dataset: Stage1 intent=notification created=1 total=120
2026-04-19 07:26:58 INFO dataset: Stage1 intent=Finance created=1 total=124
2026-04-19 07:26:58 INFO dataset: Stage1 intent=Healthcare created=1 total=124
2026-04-19 07:26:58 INFO dataset: Stage1 intent=Legal created=1 total=124
2026-04-19 07:26:58 INFO dataset: Stage1 intent=Real Estate created=1 total=123
2026-04-19 07:26:58 INFO dataset: Stage1 intent=Career created=1 total=124
2026-04-19 07:26:58 INFO dataset: Stage1 intent=Food and Dining created=1 total=121
2026-04-19 07:26:58 INFO dataset: Stage1 intent=Home Services created=1 total=123
2026-04-19 07:26:58 INFO dataset: Stage1 intent=Automotive created=1 total=122
2026-04-19 07:30:15 INFO dataset: Stage1 intent=Information Retrieval created=1 total=122
2026-04-19 07:30:15 INFO dataset: Stage1 intent=Entertainment created=1 total=122
2026-04-19 07:30:15 ERROR dataset: Stage1 parse error intent=product_lookup: Empty text
2026-04-19 07:30:15 INFO dataset: Stage1 intent=Booking created=1 total=121
2026-04-19 07:30:15 INFO dataset: Stage1 intent=weather created=1 total=124
2026-04-19 07:30:15 INFO dataset: Stage1 intent=data visualisation created=1 total=123
2026-04-19 07:30:15 INFO dataset: Stage1 intent=Planning created=1 total=125
2026-04-19 07:30:15 INFO dataset: Stage1 intent=productivity created=1 total=124
2026-04-19 07:30:15 INFO dataset: Stage1 intent=Recipe created=1 total=125
2026-04-19 07:30:15 INFO dataset: Stage1 intent=Localization created=1 total=118
2026-04-19 07:30:15 INFO dataset: Stage1 intent=Technical support created=1 total=125
2026-04-19 07:30:15 INFO dataset: Stage1 intent=Creating Writing created=1 total=125
2026-04-19 07:30:15 INFO dataset: Stage1 intent=Event Schedule created=1 total=115
2026-04-19 07:30:15 INFO dataset: Stage1 intent=Research Analysis created=1 total=120
2026-04-19 07:30:15 INFO dataset: Stage1 intent=Comparison created=1 total=122
2026-04-19 07:30:15 INFO dataset: Stage1 intent=calculation created=1 total=124
2026-04-19 07:30:15 INFO dataset: Stage1 intent=Travel created=1 total=125
2026-04-19 07:30:15 INFO dataset: Stage1 intent=Navigation created=1 total=124
2026-04-19 07:30:15 INFO dataset: Stage1 intent=Education created=1 total=125
2026-04-19 07:30:15 INFO dataset: Stage1 intent=Documentation created=1 total=125
2026-04-19 07:30:15 INFO dataset: Stage1 intent=media playback created=1 total=121
2026-04-19 07:30:15 INFO dataset: Stage1 intent=qr scanner created=1 total=121
2026-04-19 07:30:15 INFO dataset: Stage1 intent=status check created=1 total=119
2026-04-19 07:30:15 INFO dataset: Stage1 intent=notification created=1 total=121
2026-04-19 07:30:15 INFO dataset: Stage1 intent=Finance created=1 total=125
2026-04-19 07:30:15 INFO dataset: Stage1 intent=Healthcare created=1 total=125
2026-04-19 07:30:15 INFO dataset: Stage1 intent=Legal created=1 total=125
2026-04-19 07:30:15 INFO dataset: Stage1 intent=Real Estate created=1 total=124
2026-04-19 07:30:15 INFO dataset: Stage1 intent=Career created=1 total=125
2026-04-19 07:30:15 INFO dataset: Stage1 intent=Food and Dining created=1 total=122
2026-04-19 07:30:15 INFO dataset: Stage1 intent=Home Services created=1 total=124
2026-04-19 07:30:15 INFO dataset: Stage1 intent=Automotive created=1 total=123
2026-04-19 07:33:40 INFO dataset: Stage1 intent=Information Retrieval created=1 total=123
2026-04-19 07:33:40 INFO dataset: Stage1 intent=Entertainment created=1 total=123
2026-04-19 07:33:40 INFO dataset: Stage1 intent=product_lookup created=1 total=118
2026-04-19 07:33:40 INFO dataset: Stage1 intent=Booking created=1 total=122
2026-04-19 07:33:40 INFO dataset: Stage1 intent=weather created=1 total=125
2026-04-19 07:33:40 INFO dataset: Stage1 intent=data visualisation created=1 total=124
2026-04-19 07:33:40 INFO dataset: Stage1 intent=Planning created=1 total=126
2026-04-19 07:33:40 INFO dataset: Stage1 intent=productivity created=1 total=125
2026-04-19 07:33:40 INFO dataset: Stage1 intent=Recipe created=1 total=126
2026-04-19 07:33:40 INFO dataset: Stage1 intent=Localization created=1 total=119
2026-04-19 07:33:40 INFO dataset: Stage1 intent=Technical support created=1 total=126
2026-04-19 07:33:40 INFO dataset: Stage1 intent=Creating Writing created=1 total=126
2026-04-19 07:33:40 INFO dataset: Stage1 intent=Event Schedule created=1 total=116
2026-04-19 07:33:40 INFO dataset: Stage1 intent=Research Analysis created=1 total=121
2026-04-19 07:33:40 INFO dataset: Stage1 intent=Comparison created=1 total=123
2026-04-19 07:33:40 INFO dataset: Stage1 intent=calculation created=1 total=125
2026-04-19 07:33:40 INFO dataset: Stage1 intent=Travel created=1 total=126
2026-04-19 07:33:40 ERROR dataset: Stage1 parse error intent=Navigation: Unterminated string starting at: line 3 column 19 (char 24)
2026-04-19 07:33:40 INFO dataset: Stage1 intent=Education created=1 total=126
2026-04-19 07:33:40 INFO dataset: Stage1 intent=Documentation created=1 total=126
2026-04-19 07:33:40 INFO dataset: Stage1 intent=media playback created=1 total=122
2026-04-19 07:33:40 INFO dataset: Stage1 intent=qr scanner created=1 total=122
2026-04-19 07:33:40 INFO dataset: Stage1 intent=status check created=1 total=120
2026-04-19 07:33:40 INFO dataset: Stage1 intent=notification created=1 total=122
2026-04-19 07:33:40 INFO dataset: Stage1 intent=Finance created=1 total=126
2026-04-19 07:33:40 INFO dataset: Stage1 intent=Healthcare created=1 total=126
2026-04-19 07:33:40 INFO dataset: Stage1 intent=Legal created=1 total=126
2026-04-19 07:33:40 INFO dataset: Stage1 intent=Real Estate created=1 total=125
2026-04-19 07:33:40 INFO dataset: Stage1 intent=Career created=1 total=126
2026-04-19 07:33:40 INFO dataset: Stage1 intent=Food and Dining created=1 total=123
2026-04-19 07:33:40 INFO dataset: Stage1 intent=Home Services created=1 total=125
2026-04-19 07:33:40 INFO dataset: Stage1 intent=Automotive created=1 total=124
2026-04-19 07:37:07 INFO dataset: Stage1 intent=Information Retrieval created=1 total=124
2026-04-19 07:37:07 INFO dataset: Stage1 intent=Entertainment created=1 total=124
2026-04-19 07:37:07 INFO dataset: Stage1 intent=product_lookup created=1 total=119
2026-04-19 07:37:07 INFO dataset: Stage1 intent=Booking created=1 total=123
2026-04-19 07:37:07 INFO dataset: Stage1 intent=weather created=1 total=126
2026-04-19 07:37:07 INFO dataset: Stage1 intent=data visualisation created=1 total=125
2026-04-19 07:37:07 INFO dataset: Stage1 intent=Planning created=1 total=127
2026-04-19 07:37:07 INFO dataset: Stage1 intent=productivity created=1 total=126
2026-04-19 07:37:07 INFO dataset: Stage1 intent=Recipe created=1 total=127
2026-04-19 07:37:07 INFO dataset: Stage1 intent=Localization created=1 total=120
2026-04-19 07:37:07 INFO dataset: Stage1 intent=Technical support created=1 total=127
2026-04-19 07:37:07 INFO dataset: Stage1 intent=Creating Writing created=1 total=127
2026-04-19 07:37:07 INFO dataset: Stage1 intent=Event Schedule created=1 total=117
2026-04-19 07:37:07 INFO dataset: Stage1 intent=Research Analysis created=1 total=122
2026-04-19 07:37:07 INFO dataset: Stage1 intent=Comparison created=1 total=124
2026-04-19 07:37:07 INFO dataset: Stage1 intent=calculation created=1 total=126
2026-04-19 07:37:07 INFO dataset: Stage1 intent=Travel created=1 total=127
2026-04-19 07:37:07 INFO dataset: Stage1 intent=Navigation created=1 total=125
2026-04-19 07:37:07 INFO dataset: Stage1 intent=Education created=1 total=127
2026-04-19 07:37:07 INFO dataset: Stage1 intent=Documentation created=1 total=127
2026-04-19 07:37:07 INFO dataset: Stage1 intent=media playback created=1 total=123
2026-04-19 07:37:07 INFO dataset: Stage1 intent=qr scanner created=1 total=123
2026-04-19 07:37:07 INFO dataset: Stage1 intent=status check created=1 total=121
2026-04-19 07:37:07 INFO dataset: Stage1 intent=notification created=1 total=123
2026-04-19 07:37:07 INFO dataset: Stage1 intent=Finance created=1 total=127
2026-04-19 07:37:07 INFO dataset: Stage1 intent=Healthcare created=1 total=127
2026-04-19 07:37:07 INFO dataset: Stage1 intent=Legal created=1 total=127
2026-04-19 07:37:07 INFO dataset: Stage1 intent=Real Estate created=1 total=126
2026-04-19 07:37:07 INFO dataset: Stage1 intent=Career created=1 total=127
2026-04-19 07:37:07 INFO dataset: Stage1 intent=Food and Dining created=1 total=124
2026-04-19 07:37:07 INFO dataset: Stage1 intent=Home Services created=1 total=126
2026-04-19 07:37:07 INFO dataset: Stage1 intent=Automotive created=1 total=125
2026-04-19 07:40:32 INFO dataset: Stage1 intent=Information Retrieval created=1 total=125
2026-04-19 07:40:32 INFO dataset: Stage1 intent=Entertainment created=1 total=125
2026-04-19 07:40:32 INFO dataset: Stage1 intent=product_lookup created=1 total=120
2026-04-19 07:40:32 INFO dataset: Stage1 intent=Booking created=1 total=124
2026-04-19 07:40:32 INFO dataset: Stage1 intent=weather created=1 total=127
2026-04-19 07:40:32 INFO dataset: Stage1 intent=data visualisation created=1 total=126
2026-04-19 07:40:32 INFO dataset: Stage1 intent=Planning created=1 total=128
2026-04-19 07:40:32 INFO dataset: Stage1 intent=productivity created=1 total=127
2026-04-19 07:40:32 INFO dataset: Stage1 intent=Recipe created=1 total=128
2026-04-19 07:40:32 INFO dataset: Stage1 intent=Localization created=1 total=121
2026-04-19 07:40:32 INFO dataset: Stage1 intent=Technical support created=1 total=128
2026-04-19 07:40:32 INFO dataset: Stage1 intent=Creating Writing created=1 total=128
2026-04-19 07:40:32 INFO dataset: Stage1 intent=Event Schedule created=1 total=118
2026-04-19 07:40:32 INFO dataset: Stage1 intent=Research Analysis created=1 total=123
2026-04-19 07:40:32 INFO dataset: Stage1 intent=Comparison created=1 total=125
2026-04-19 07:40:32 INFO dataset: Stage1 intent=calculation created=1 total=127
2026-04-19 07:40:32 INFO dataset: Stage1 intent=Travel created=1 total=128
2026-04-19 07:40:32 INFO dataset: Stage1 intent=Navigation created=1 total=126
2026-04-19 07:40:32 INFO dataset: Stage1 intent=Education created=1 total=128
2026-04-19 07:40:32 INFO dataset: Stage1 intent=Documentation created=1 total=128
2026-04-19 07:40:32 INFO dataset: Stage1 intent=media playback created=1 total=124
2026-04-19 07:40:32 INFO dataset: Stage1 intent=qr scanner created=1 total=124
2026-04-19 07:40:32 INFO dataset: Stage1 intent=status check created=1 total=122
2026-04-19 07:40:32 INFO dataset: Stage1 intent=notification created=1 total=124
2026-04-19 07:40:32 INFO dataset: Stage1 intent=Finance created=1 total=128
2026-04-19 07:40:32 INFO dataset: Stage1 intent=Healthcare created=1 total=128
2026-04-19 07:40:32 INFO dataset: Stage1 intent=Legal created=1 total=128
2026-04-19 07:40:32 INFO dataset: Stage1 intent=Real Estate created=1 total=127
2026-04-19 07:40:32 INFO dataset: Stage1 intent=Career created=1 total=128
2026-04-19 07:40:32 INFO dataset: Stage1 intent=Food and Dining created=1 total=125
2026-04-19 07:40:32 INFO dataset: Stage1 intent=Home Services created=1 total=127
2026-04-19 07:40:32 INFO dataset: Stage1 intent=Automotive created=1 total=126
2026-04-19 07:44:10 INFO dataset: Stage1 intent=Information Retrieval created=1 total=126
2026-04-19 07:44:10 INFO dataset: Stage1 intent=Entertainment created=1 total=126
2026-04-19 07:44:10 INFO dataset: Stage1 intent=product_lookup created=1 total=121
2026-04-19 07:44:10 INFO dataset: Stage1 intent=Booking created=1 total=125
2026-04-19 07:44:10 INFO dataset: Stage1 intent=weather created=1 total=128
2026-04-19 07:44:10 INFO dataset: Stage1 intent=data visualisation created=1 total=127
2026-04-19 07:44:10 INFO dataset: Stage1 intent=Planning created=1 total=129
2026-04-19 07:44:10 INFO dataset: Stage1 intent=productivity created=1 total=128
2026-04-19 07:44:10 INFO dataset: Stage1 intent=Recipe created=1 total=129
2026-04-19 07:44:10 INFO dataset: Stage1 intent=Localization created=1 total=122
2026-04-19 07:44:10 INFO dataset: Stage1 intent=Technical support created=1 total=129
2026-04-19 07:44:10 INFO dataset: Stage1 intent=Creating Writing created=1 total=129
2026-04-19 07:44:10 INFO dataset: Stage1 intent=Event Schedule created=1 total=119
2026-04-19 07:44:10 INFO dataset: Stage1 intent=Research Analysis created=1 total=124
2026-04-19 07:44:10 INFO dataset: Stage1 intent=Comparison created=1 total=126
2026-04-19 07:44:10 INFO dataset: Stage1 intent=calculation created=1 total=128
2026-04-19 07:44:10 INFO dataset: Stage1 intent=Travel created=1 total=129
2026-04-19 07:44:10 INFO dataset: Stage1 intent=Navigation created=1 total=127
2026-04-19 07:44:10 INFO dataset: Stage1 intent=Education created=1 total=129
2026-04-19 07:44:10 INFO dataset: Stage1 intent=Documentation created=1 total=129
2026-04-19 07:44:10 ERROR dataset: Stage1 parse error intent=media playback: Unterminated string starting at: line 3 column 19 (char 24)
2026-04-19 07:44:10 INFO dataset: Stage1 intent=qr scanner created=1 total=125
2026-04-19 07:44:10 INFO dataset: Stage1 intent=status check created=1 total=123
2026-04-19 07:44:10 INFO dataset: Stage1 intent=notification created=1 total=125
2026-04-19 07:44:10 INFO dataset: Stage1 intent=Finance created=1 total=129
2026-04-19 07:44:10 INFO dataset: Stage1 intent=Healthcare created=1 total=129
2026-04-19 07:44:10 INFO dataset: Stage1 intent=Legal created=1 total=129
2026-04-19 07:44:10 INFO dataset: Stage1 intent=Real Estate created=1 total=128
2026-04-19 07:44:10 INFO dataset: Stage1 intent=Career created=1 total=129
2026-04-19 07:44:10 INFO dataset: Stage1 intent=Food and Dining created=1 total=126
2026-04-19 07:44:10 INFO dataset: Stage1 intent=Home Services created=1 total=128
2026-04-19 07:44:10 INFO dataset: Stage1 intent=Automotive created=1 total=127
2026-04-19 07:47:34 INFO dataset: Stage1 intent=Information Retrieval created=1 total=127
2026-04-19 07:47:34 INFO dataset: Stage1 intent=Entertainment created=1 total=127
2026-04-19 07:47:34 INFO dataset: Stage1 intent=product_lookup created=1 total=122
2026-04-19 07:47:34 INFO dataset: Stage1 intent=Booking created=1 total=126
2026-04-19 07:47:34 INFO dataset: Stage1 intent=weather created=1 total=129
2026-04-19 07:47:34 INFO dataset: Stage1 intent=data visualisation created=1 total=128
2026-04-19 07:47:34 INFO dataset: Stage1 intent=Planning created=1 total=130
2026-04-19 07:47:34 INFO dataset: Stage1 intent=productivity created=1 total=129
2026-04-19 07:47:34 INFO dataset: Stage1 intent=Recipe created=1 total=130
2026-04-19 07:47:34 INFO dataset: Stage1 intent=Localization created=1 total=123
2026-04-19 07:47:34 INFO dataset: Stage1 intent=Technical support created=1 total=130
2026-04-19 07:47:34 INFO dataset: Stage1 intent=Creating Writing created=1 total=130
2026-04-19 07:47:34 INFO dataset: Stage1 intent=Event Schedule created=1 total=120
2026-04-19 07:47:34 INFO dataset: Stage1 intent=Research Analysis created=1 total=125
2026-04-19 07:47:34 INFO dataset: Stage1 intent=Comparison created=1 total=127
2026-04-19 07:47:34 INFO dataset: Stage1 intent=calculation created=1 total=129
2026-04-19 07:47:34 INFO dataset: Stage1 intent=Travel created=1 total=130
2026-04-19 07:47:34 INFO dataset: Stage1 intent=Navigation created=1 total=128
2026-04-19 07:47:34 INFO dataset: Stage1 intent=Education created=1 total=130
2026-04-19 07:47:34 INFO dataset: Stage1 intent=Documentation created=1 total=130
2026-04-19 07:47:34 ERROR dataset: Stage1 parse error intent=media playback: Unterminated string starting at: line 3 column 19 (char 24)
2026-04-19 07:47:34 INFO dataset: Stage1 intent=qr scanner created=1 total=126
2026-04-19 07:47:34 INFO dataset: Stage1 intent=status check created=1 total=124
2026-04-19 07:47:34 INFO dataset: Stage1 intent=notification created=1 total=126
2026-04-19 07:47:34 INFO dataset: Stage1 intent=Finance created=1 total=130
2026-04-19 07:47:34 INFO dataset: Stage1 intent=Healthcare created=1 total=130
2026-04-19 07:47:35 INFO dataset: Stage1 intent=Legal created=1 total=130
2026-04-19 07:47:35 INFO dataset: Stage1 intent=Real Estate created=1 total=129
2026-04-19 07:47:35 INFO dataset: Stage1 intent=Career created=1 total=130
2026-04-19 07:47:35 INFO dataset: Stage1 intent=Food and Dining created=1 total=127
2026-04-19 07:47:35 INFO dataset: Stage1 intent=Home Services created=1 total=129
2026-04-19 07:47:35 INFO dataset: Stage1 intent=Automotive created=1 total=128
2026-04-19 07:51:09 INFO dataset: Stage1 intent=Information Retrieval created=1 total=128
2026-04-19 07:51:09 INFO dataset: Stage1 intent=Entertainment created=1 total=128
2026-04-19 07:51:09 INFO dataset: Stage1 intent=product_lookup created=1 total=123
2026-04-19 07:51:09 INFO dataset: Stage1 intent=Booking created=1 total=127
2026-04-19 07:51:09 INFO dataset: Stage1 intent=weather created=1 total=130
2026-04-19 07:51:09 INFO dataset: Stage1 intent=data visualisation created=1 total=129
2026-04-19 07:51:09 INFO dataset: Stage1 intent=Planning created=1 total=131
2026-04-19 07:51:09 INFO dataset: Stage1 intent=productivity created=1 total=130
2026-04-19 07:51:09 INFO dataset: Stage1 intent=Recipe created=1 total=131
2026-04-19 07:51:09 ERROR dataset: Stage1 parse error intent=Localization: Unterminated string starting at: line 3 column 19 (char 24)
2026-04-19 07:51:09 INFO dataset: Stage1 intent=Technical support created=1 total=131
2026-04-19 07:51:09 INFO dataset: Stage1 intent=Creating Writing created=1 total=131
2026-04-19 07:51:09 ERROR dataset: Stage1 parse error intent=Event Schedule: Unterminated string starting at: line 3 column 19 (char 24)
2026-04-19 07:51:09 INFO dataset: Stage1 intent=Research Analysis created=1 total=126
2026-04-19 07:51:09 INFO dataset: Stage1 intent=Comparison created=1 total=128
2026-04-19 07:51:09 INFO dataset: Stage1 intent=calculation created=1 total=130
2026-04-19 07:51:09 INFO dataset: Stage1 intent=Travel created=1 total=131
2026-04-19 07:51:09 INFO dataset: Stage1 intent=Navigation created=1 total=129
2026-04-19 07:51:09 INFO dataset: Stage1 intent=Education created=1 total=131
2026-04-19 07:51:09 INFO dataset: Stage1 intent=Documentation created=1 total=131
2026-04-19 07:51:09 INFO dataset: Stage1 intent=media playback created=1 total=125
2026-04-19 07:51:09 INFO dataset: Stage1 intent=qr scanner created=1 total=127
2026-04-19 07:51:09 INFO dataset: Stage1 intent=status check created=1 total=125
2026-04-19 07:51:09 INFO dataset: Stage1 intent=notification created=1 total=127
2026-04-19 07:51:09 INFO dataset: Stage1 intent=Finance created=1 total=131
2026-04-19 07:51:09 INFO dataset: Stage1 intent=Healthcare created=1 total=131
2026-04-19 07:51:09 INFO dataset: Stage1 intent=Legal created=1 total=131
2026-04-19 07:51:09 INFO dataset: Stage1 intent=Real Estate created=1 total=130
2026-04-19 07:51:09 INFO dataset: Stage1 intent=Career created=1 total=131
2026-04-19 07:51:09 INFO dataset: Stage1 intent=Food and Dining created=1 total=128
2026-04-19 07:51:09 INFO dataset: Stage1 intent=Home Services created=1 total=130
2026-04-19 07:51:09 INFO dataset: Stage1 intent=Automotive created=1 total=129
2026-04-19 07:54:34 INFO dataset: Stage1 intent=Information Retrieval created=1 total=129
2026-04-19 07:54:34 INFO dataset: Stage1 intent=Entertainment created=1 total=129
2026-04-19 07:54:34 INFO dataset: Stage1 intent=product_lookup created=1 total=124
2026-04-19 07:54:34 INFO dataset: Stage1 intent=Booking created=1 total=128
2026-04-19 07:54:34 INFO dataset: Stage1 intent=weather created=1 total=131
2026-04-19 07:54:34 INFO dataset: Stage1 intent=data visualisation created=1 total=130
2026-04-19 07:54:34 INFO dataset: Stage1 intent=Planning created=1 total=132
2026-04-19 07:54:34 INFO dataset: Stage1 intent=productivity created=1 total=131
2026-04-19 07:54:34 INFO dataset: Stage1 intent=Recipe created=1 total=132
2026-04-19 07:54:34 INFO dataset: Stage1 intent=Localization created=1 total=124
2026-04-19 07:54:34 INFO dataset: Stage1 intent=Technical support created=1 total=132
2026-04-19 07:54:34 INFO dataset: Stage1 intent=Creating Writing created=1 total=132
2026-04-19 07:54:34 INFO dataset: Stage1 intent=Event Schedule created=1 total=121
2026-04-19 07:54:34 INFO dataset: Stage1 intent=Research Analysis created=1 total=127
2026-04-19 07:54:34 INFO dataset: Stage1 intent=Comparison created=1 total=129
2026-04-19 07:54:34 INFO dataset: Stage1 intent=calculation created=1 total=131
2026-04-19 07:54:34 INFO dataset: Stage1 intent=Travel created=1 total=132
2026-04-19 07:54:34 INFO dataset: Stage1 intent=Navigation created=1 total=130
2026-04-19 07:54:34 INFO dataset: Stage1 intent=Education created=1 total=132
2026-04-19 07:54:34 INFO dataset: Stage1 intent=Documentation created=1 total=132
2026-04-19 07:54:34 INFO dataset: Stage1 intent=media playback created=1 total=126
2026-04-19 07:54:34 INFO dataset: Stage1 intent=qr scanner created=1 total=128
2026-04-19 07:54:34 INFO dataset: Stage1 intent=status check created=1 total=126
2026-04-19 07:54:34 INFO dataset: Stage1 intent=notification created=1 total=128
2026-04-19 07:54:34 INFO dataset: Stage1 intent=Finance created=1 total=132
2026-04-19 07:54:34 INFO dataset: Stage1 intent=Healthcare created=1 total=132
2026-04-19 07:54:34 INFO dataset: Stage1 intent=Legal created=1 total=132
2026-04-19 07:54:34 INFO dataset: Stage1 intent=Real Estate created=1 total=131
2026-04-19 07:54:34 INFO dataset: Stage1 intent=Career created=1 total=132
2026-04-19 07:54:34 INFO dataset: Stage1 intent=Food and Dining created=1 total=129
2026-04-19 07:54:34 INFO dataset: Stage1 intent=Home Services created=1 total=131
2026-04-19 07:54:34 INFO dataset: Stage1 intent=Automotive created=1 total=130
2026-04-19 07:58:00 INFO dataset: Stage1 intent=Information Retrieval created=1 total=130
2026-04-19 07:58:00 INFO dataset: Stage1 intent=Entertainment created=1 total=130
2026-04-19 07:58:00 INFO dataset: Stage1 intent=product_lookup created=1 total=125
2026-04-19 07:58:00 INFO dataset: Stage1 intent=Booking created=1 total=129
2026-04-19 07:58:00 INFO dataset: Stage1 intent=weather created=1 total=132
2026-04-19 07:58:00 INFO dataset: Stage1 intent=data visualisation created=1 total=131
2026-04-19 07:58:00 INFO dataset: Stage1 intent=Planning created=1 total=133
2026-04-19 07:58:00 INFO dataset: Stage1 intent=productivity created=1 total=132
2026-04-19 07:58:00 INFO dataset: Stage1 intent=Recipe created=1 total=133
2026-04-19 07:58:00 INFO dataset: Stage1 intent=Localization created=1 total=125
2026-04-19 07:58:00 INFO dataset: Stage1 intent=Technical support created=1 total=133
2026-04-19 07:58:00 INFO dataset: Stage1 intent=Creating Writing created=1 total=133
2026-04-19 07:58:00 INFO dataset: Stage1 intent=Event Schedule created=1 total=122
2026-04-19 07:58:00 INFO dataset: Stage1 intent=Research Analysis created=1 total=128
2026-04-19 07:58:00 INFO dataset: Stage1 intent=Comparison created=1 total=130
2026-04-19 07:58:00 INFO dataset: Stage1 intent=calculation created=1 total=132
2026-04-19 07:58:00 INFO dataset: Stage1 intent=Travel created=1 total=133
2026-04-19 07:58:00 INFO dataset: Stage1 intent=Navigation created=1 total=131
2026-04-19 07:58:00 INFO dataset: Stage1 intent=Education created=1 total=133
2026-04-19 07:58:00 INFO dataset: Stage1 intent=Documentation created=1 total=133
2026-04-19 07:58:00 INFO dataset: Stage1 intent=media playback created=1 total=127
2026-04-19 07:58:00 INFO dataset: Stage1 intent=qr scanner created=1 total=129
2026-04-19 07:58:00 INFO dataset: Stage1 intent=status check created=1 total=127
2026-04-19 07:58:00 INFO dataset: Stage1 intent=notification created=1 total=129
2026-04-19 07:58:00 INFO dataset: Stage1 intent=Finance created=1 total=133
2026-04-19 07:58:00 INFO dataset: Stage1 intent=Healthcare created=1 total=133
2026-04-19 07:58:00 INFO dataset: Stage1 intent=Legal created=1 total=133
2026-04-19 07:58:00 INFO dataset: Stage1 intent=Real Estate created=1 total=132
2026-04-19 07:58:00 INFO dataset: Stage1 intent=Career created=1 total=133
2026-04-19 07:58:00 INFO dataset: Stage1 intent=Food and Dining created=1 total=130
2026-04-19 07:58:00 INFO dataset: Stage1 intent=Home Services created=1 total=132
2026-04-19 07:58:00 INFO dataset: Stage1 intent=Automotive created=1 total=131
2026-04-19 08:01:36 INFO dataset: Stage1 intent=Information Retrieval created=1 total=131
2026-04-19 08:01:36 INFO dataset: Stage1 intent=Entertainment created=1 total=131
2026-04-19 08:01:36 INFO dataset: Stage1 intent=product_lookup created=1 total=126
2026-04-19 08:01:36 INFO dataset: Stage1 intent=Booking created=1 total=130
2026-04-19 08:01:36 INFO dataset: Stage1 intent=weather created=1 total=133
2026-04-19 08:01:36 INFO dataset: Stage1 intent=data visualisation created=1 total=132
2026-04-19 08:01:36 INFO dataset: Stage1 intent=Planning created=1 total=134
2026-04-19 08:01:36 INFO dataset: Stage1 intent=productivity created=1 total=133
2026-04-19 08:01:36 INFO dataset: Stage1 intent=Recipe created=1 total=134
2026-04-19 08:01:36 INFO dataset: Stage1 intent=Localization created=1 total=126
2026-04-19 08:01:36 INFO dataset: Stage1 intent=Technical support created=1 total=134
2026-04-19 08:01:36 INFO dataset: Stage1 intent=Creating Writing created=1 total=134
2026-04-19 08:01:36 INFO dataset: Stage1 intent=Event Schedule created=1 total=123
2026-04-19 08:01:36 INFO dataset: Stage1 intent=Research Analysis created=1 total=129
2026-04-19 08:01:36 INFO dataset: Stage1 intent=Comparison created=1 total=131
2026-04-19 08:01:36 INFO dataset: Stage1 intent=calculation created=1 total=133
2026-04-19 08:01:36 INFO dataset: Stage1 intent=Travel created=1 total=134
2026-04-19 08:01:36 INFO dataset: Stage1 intent=Navigation created=1 total=132
2026-04-19 08:01:36 INFO dataset: Stage1 intent=Education created=1 total=134
2026-04-19 08:01:36 INFO dataset: Stage1 intent=Documentation created=1 total=134
2026-04-19 08:01:36 INFO dataset: Stage1 intent=media playback created=1 total=128
2026-04-19 08:01:36 INFO dataset: Stage1 intent=qr scanner created=1 total=130
2026-04-19 08:01:36 INFO dataset: Stage1 intent=status check created=1 total=128
2026-04-19 08:01:36 INFO dataset: Stage1 intent=notification created=1 total=130
2026-04-19 08:01:36 INFO dataset: Stage1 intent=Finance created=1 total=134
2026-04-19 08:01:36 INFO dataset: Stage1 intent=Healthcare created=1 total=134
2026-04-19 08:01:36 INFO dataset: Stage1 intent=Legal created=1 total=134
2026-04-19 08:01:36 INFO dataset: Stage1 intent=Real Estate created=1 total=133
2026-04-19 08:01:36 INFO dataset: Stage1 intent=Career created=1 total=134
2026-04-19 08:01:36 INFO dataset: Stage1 intent=Food and Dining created=1 total=131
2026-04-19 08:01:36 INFO dataset: Stage1 intent=Home Services created=1 total=133
2026-04-19 08:01:36 INFO dataset: Stage1 intent=Automotive created=1 total=132
2026-04-19 08:05:17 INFO dataset: Stage1 intent=Information Retrieval created=1 total=132
2026-04-19 08:05:17 INFO dataset: Stage1 intent=Entertainment created=1 total=132
2026-04-19 08:05:17 INFO dataset: Stage1 intent=product_lookup created=1 total=127
2026-04-19 08:05:17 INFO dataset: Stage1 intent=Booking created=1 total=131
2026-04-19 08:05:17 INFO dataset: Stage1 intent=weather created=1 total=134
2026-04-19 08:05:17 INFO dataset: Stage1 intent=data visualisation created=1 total=133
2026-04-19 08:05:17 INFO dataset: Stage1 intent=Planning created=1 total=135
2026-04-19 08:05:17 INFO dataset: Stage1 intent=productivity created=1 total=134
2026-04-19 08:05:17 INFO dataset: Stage1 intent=Recipe created=1 total=135
2026-04-19 08:05:17 INFO dataset: Stage1 intent=Localization created=1 total=127
2026-04-19 08:05:17 INFO dataset: Stage1 intent=Technical support created=1 total=135
2026-04-19 08:05:17 INFO dataset: Stage1 intent=Creating Writing created=1 total=135
2026-04-19 08:05:17 INFO dataset: Stage1 intent=Event Schedule created=1 total=124
2026-04-19 08:05:17 INFO dataset: Stage1 intent=Research Analysis created=1 total=130
2026-04-19 08:05:17 INFO dataset: Stage1 intent=Comparison created=1 total=132
2026-04-19 08:05:17 INFO dataset: Stage1 intent=calculation created=1 total=134
2026-04-19 08:05:17 INFO dataset: Stage1 intent=Travel created=1 total=135
2026-04-19 08:05:17 INFO dataset: Stage1 intent=Navigation created=1 total=133
2026-04-19 08:05:17 INFO dataset: Stage1 intent=Education created=1 total=135
2026-04-19 08:05:17 INFO dataset: Stage1 intent=Documentation created=1 total=135
2026-04-19 08:05:17 INFO dataset: Stage1 intent=media playback created=1 total=129
2026-04-19 08:05:17 INFO dataset: Stage1 intent=qr scanner created=1 total=131
2026-04-19 08:05:17 INFO dataset: Stage1 intent=status check created=1 total=129
2026-04-19 08:05:17 INFO dataset: Stage1 intent=notification created=1 total=131
2026-04-19 08:05:17 INFO dataset: Stage1 intent=Finance created=1 total=135
2026-04-19 08:05:17 INFO dataset: Stage1 intent=Healthcare created=1 total=135
2026-04-19 08:05:17 INFO dataset: Stage1 intent=Legal created=1 total=135
2026-04-19 08:05:17 INFO dataset: Stage1 intent=Real Estate created=1 total=134
2026-04-19 08:05:17 INFO dataset: Stage1 intent=Career created=1 total=135
2026-04-19 08:05:17 INFO dataset: Stage1 intent=Food and Dining created=1 total=132
2026-04-19 08:05:17 INFO dataset: Stage1 intent=Home Services created=1 total=134
2026-04-19 08:05:17 INFO dataset: Stage1 intent=Automotive created=1 total=133
2026-04-19 08:08:40 INFO dataset: Stage1 intent=Information Retrieval created=1 total=133
2026-04-19 08:08:40 INFO dataset: Stage1 intent=Entertainment created=1 total=133
2026-04-19 08:08:40 INFO dataset: Stage1 intent=product_lookup created=1 total=128
2026-04-19 08:08:40 INFO dataset: Stage1 intent=Booking created=1 total=132
2026-04-19 08:08:40 INFO dataset: Stage1 intent=weather created=1 total=135
2026-04-19 08:08:40 INFO dataset: Stage1 intent=data visualisation created=1 total=134
2026-04-19 08:08:40 INFO dataset: Stage1 intent=Planning created=1 total=136
2026-04-19 08:08:40 INFO dataset: Stage1 intent=productivity created=1 total=135
2026-04-19 08:08:40 INFO dataset: Stage1 intent=Recipe created=1 total=136
2026-04-19 08:08:40 INFO dataset: Stage1 intent=Localization created=1 total=128
2026-04-19 08:08:40 INFO dataset: Stage1 intent=Technical support created=1 total=136
2026-04-19 08:08:40 INFO dataset: Stage1 intent=Creating Writing created=1 total=136
2026-04-19 08:08:40 INFO dataset: Stage1 intent=Event Schedule created=1 total=125
2026-04-19 08:08:40 INFO dataset: Stage1 intent=Research Analysis created=1 total=131
2026-04-19 08:08:40 INFO dataset: Stage1 intent=Comparison created=1 total=133
2026-04-19 08:08:40 INFO dataset: Stage1 intent=calculation created=1 total=135
2026-04-19 08:08:40 INFO dataset: Stage1 intent=Travel created=1 total=136
2026-04-19 08:08:40 INFO dataset: Stage1 intent=Navigation created=1 total=134
2026-04-19 08:08:40 INFO dataset: Stage1 intent=Education created=1 total=136
2026-04-19 08:08:40 INFO dataset: Stage1 intent=Documentation created=1 total=136
2026-04-19 08:08:40 INFO dataset: Stage1 intent=media playback created=1 total=130
2026-04-19 08:08:40 INFO dataset: Stage1 intent=qr scanner created=1 total=132
2026-04-19 08:08:40 INFO dataset: Stage1 intent=status check created=1 total=130
2026-04-19 08:08:40 INFO dataset: Stage1 intent=notification created=1 total=132
2026-04-19 08:08:40 INFO dataset: Stage1 intent=Finance created=1 total=136
2026-04-19 08:08:40 INFO dataset: Stage1 intent=Healthcare created=1 total=136
2026-04-19 08:08:40 INFO dataset: Stage1 intent=Legal created=1 total=136
2026-04-19 08:08:40 INFO dataset: Stage1 intent=Real Estate created=1 total=135
2026-04-19 08:08:40 INFO dataset: Stage1 intent=Career created=1 total=136
2026-04-19 08:08:40 INFO dataset: Stage1 intent=Food and Dining created=1 total=133
2026-04-19 08:08:40 INFO dataset: Stage1 intent=Home Services created=1 total=135
2026-04-19 08:08:40 INFO dataset: Stage1 intent=Automotive created=1 total=134
2026-04-19 08:12:16 INFO dataset: Stage1 intent=Information Retrieval created=1 total=134
2026-04-19 08:12:16 INFO dataset: Stage1 intent=Entertainment created=1 total=134
2026-04-19 08:12:16 INFO dataset: Stage1 intent=product_lookup created=1 total=129
2026-04-19 08:12:16 INFO dataset: Stage1 intent=Booking created=1 total=133
2026-04-19 08:12:16 INFO dataset: Stage1 intent=weather created=1 total=136
2026-04-19 08:12:16 INFO dataset: Stage1 intent=data visualisation created=1 total=135
2026-04-19 08:12:16 INFO dataset: Stage1 intent=Planning created=1 total=137
2026-04-19 08:12:16 INFO dataset: Stage1 intent=productivity created=1 total=136
2026-04-19 08:12:16 INFO dataset: Stage1 intent=Recipe created=1 total=137
2026-04-19 08:12:16 INFO dataset: Stage1 intent=Localization created=1 total=129
2026-04-19 08:12:16 INFO dataset: Stage1 intent=Technical support created=1 total=137
2026-04-19 08:12:16 INFO dataset: Stage1 intent=Creating Writing created=1 total=137
2026-04-19 08:12:16 INFO dataset: Stage1 intent=Event Schedule created=1 total=126
2026-04-19 08:12:16 INFO dataset: Stage1 intent=Research Analysis created=1 total=132
2026-04-19 08:12:16 INFO dataset: Stage1 intent=Comparison created=1 total=134
2026-04-19 08:12:16 INFO dataset: Stage1 intent=calculation created=1 total=136
2026-04-19 08:12:16 INFO dataset: Stage1 intent=Travel created=1 total=137
2026-04-19 08:12:16 INFO dataset: Stage1 intent=Navigation created=1 total=135
2026-04-19 08:12:16 INFO dataset: Stage1 intent=Education created=1 total=137
2026-04-19 08:12:16 INFO dataset: Stage1 intent=Documentation created=1 total=137
2026-04-19 08:12:16 INFO dataset: Stage1 intent=media playback created=1 total=131
2026-04-19 08:12:16 INFO dataset: Stage1 intent=qr scanner created=1 total=133
2026-04-19 08:12:16 INFO dataset: Stage1 intent=status check created=1 total=131
2026-04-19 08:12:16 INFO dataset: Stage1 intent=notification created=1 total=133
2026-04-19 08:12:16 INFO dataset: Stage1 intent=Finance created=1 total=137
2026-04-19 08:12:16 INFO dataset: Stage1 intent=Healthcare created=1 total=137
2026-04-19 08:12:16 INFO dataset: Stage1 intent=Legal created=1 total=137
2026-04-19 08:12:16 INFO dataset: Stage1 intent=Real Estate created=1 total=136
2026-04-19 08:12:16 INFO dataset: Stage1 intent=Career created=1 total=137
2026-04-19 08:12:16 INFO dataset: Stage1 intent=Food and Dining created=1 total=134
2026-04-19 08:12:16 INFO dataset: Stage1 intent=Home Services created=1 total=136
2026-04-19 08:12:16 INFO dataset: Stage1 intent=Automotive created=1 total=135
2026-04-19 08:16:07 INFO dataset: Stage1 intent=Information Retrieval created=1 total=135
2026-04-19 08:16:07 INFO dataset: Stage1 intent=Entertainment created=1 total=135
2026-04-19 08:16:07 INFO dataset: Stage1 intent=product_lookup created=1 total=130
2026-04-19 08:16:07 INFO dataset: Stage1 intent=Booking created=1 total=134
2026-04-19 08:16:07 INFO dataset: Stage1 intent=weather created=1 total=137
2026-04-19 08:16:07 INFO dataset: Stage1 intent=data visualisation created=1 total=136
2026-04-19 08:16:07 INFO dataset: Stage1 intent=Planning created=1 total=138
2026-04-19 08:16:07 INFO dataset: Stage1 intent=productivity created=1 total=137
2026-04-19 08:16:07 INFO dataset: Stage1 intent=Recipe created=1 total=138
2026-04-19 08:16:07 INFO dataset: Stage1 intent=Localization created=1 total=130
2026-04-19 08:16:07 INFO dataset: Stage1 intent=Technical support created=1 total=138
2026-04-19 08:16:07 INFO dataset: Stage1 intent=Creating Writing created=1 total=138
2026-04-19 08:16:07 INFO dataset: Stage1 intent=Event Schedule created=1 total=127
2026-04-19 08:16:07 INFO dataset: Stage1 intent=Research Analysis created=1 total=133
2026-04-19 08:16:07 INFO dataset: Stage1 intent=Comparison created=1 total=135
2026-04-19 08:16:07 INFO dataset: Stage1 intent=calculation created=1 total=137
2026-04-19 08:16:07 INFO dataset: Stage1 intent=Travel created=1 total=138
2026-04-19 08:16:07 INFO dataset: Stage1 intent=Navigation created=1 total=136
2026-04-19 08:16:07 INFO dataset: Stage1 intent=Education created=1 total=138
2026-04-19 08:16:07 INFO dataset: Stage1 intent=Documentation created=1 total=138
2026-04-19 08:16:07 INFO dataset: Stage1 intent=media playback created=1 total=132
2026-04-19 08:16:07 INFO dataset: Stage1 intent=qr scanner created=1 total=134
2026-04-19 08:16:07 INFO dataset: Stage1 intent=status check created=1 total=132
2026-04-19 08:16:07 INFO dataset: Stage1 intent=notification created=1 total=134
2026-04-19 08:16:07 INFO dataset: Stage1 intent=Finance created=1 total=138
2026-04-19 08:16:07 INFO dataset: Stage1 intent=Healthcare created=1 total=138
2026-04-19 08:16:07 INFO dataset: Stage1 intent=Legal created=1 total=138
2026-04-19 08:16:07 INFO dataset: Stage1 intent=Real Estate created=1 total=137
2026-04-19 08:16:07 INFO dataset: Stage1 intent=Career created=1 total=138
2026-04-19 08:16:07 INFO dataset: Stage1 intent=Food and Dining created=1 total=135
2026-04-19 08:16:07 INFO dataset: Stage1 intent=Home Services created=1 total=137
2026-04-19 08:16:07 INFO dataset: Stage1 intent=Automotive created=1 total=136
2026-04-19 08:19:27 INFO dataset: Stage1 intent=Information Retrieval created=1 total=136
2026-04-19 08:19:27 INFO dataset: Stage1 intent=Entertainment created=1 total=136
2026-04-19 08:19:27 INFO dataset: Stage1 intent=product_lookup created=1 total=131
2026-04-19 08:19:27 INFO dataset: Stage1 intent=Booking created=1 total=135
2026-04-19 08:19:27 INFO dataset: Stage1 intent=weather created=1 total=138
2026-04-19 08:19:27 INFO dataset: Stage1 intent=data visualisation created=1 total=137
2026-04-19 08:19:27 INFO dataset: Stage1 intent=Planning created=1 total=139
2026-04-19 08:19:27 INFO dataset: Stage1 intent=productivity created=1 total=138
2026-04-19 08:19:27 INFO dataset: Stage1 intent=Recipe created=1 total=139
2026-04-19 08:19:27 INFO dataset: Stage1 intent=Localization created=1 total=131
2026-04-19 08:19:27 INFO dataset: Stage1 intent=Technical support created=1 total=139
2026-04-19 08:19:27 INFO dataset: Stage1 intent=Creating Writing created=1 total=139
2026-04-19 08:19:27 INFO dataset: Stage1 intent=Event Schedule created=1 total=128
2026-04-19 08:19:27 INFO dataset: Stage1 intent=Research Analysis created=1 total=134
2026-04-19 08:19:27 INFO dataset: Stage1 intent=Comparison created=1 total=136
2026-04-19 08:19:27 INFO dataset: Stage1 intent=calculation created=1 total=138
2026-04-19 08:19:27 INFO dataset: Stage1 intent=Travel created=1 total=139
2026-04-19 08:19:27 INFO dataset: Stage1 intent=Navigation created=1 total=137
2026-04-19 08:19:27 INFO dataset: Stage1 intent=Education created=1 total=139
2026-04-19 08:19:27 INFO dataset: Stage1 intent=Documentation created=1 total=139
2026-04-19 08:19:27 INFO dataset: Stage1 intent=media playback created=1 total=133
2026-04-19 08:19:27 INFO dataset: Stage1 intent=qr scanner created=1 total=135
2026-04-19 08:19:27 INFO dataset: Stage1 intent=status check created=1 total=133
2026-04-19 08:19:27 INFO dataset: Stage1 intent=notification created=1 total=135
2026-04-19 08:19:27 INFO dataset: Stage1 intent=Finance created=1 total=139
2026-04-19 08:19:27 INFO dataset: Stage1 intent=Healthcare created=1 total=139
2026-04-19 08:19:27 INFO dataset: Stage1 intent=Legal created=1 total=139
2026-04-19 08:19:27 INFO dataset: Stage1 intent=Real Estate created=1 total=138
2026-04-19 08:19:27 INFO dataset: Stage1 intent=Career created=1 total=139
2026-04-19 08:19:27 INFO dataset: Stage1 intent=Food and Dining created=1 total=136
2026-04-19 08:19:27 INFO dataset: Stage1 intent=Home Services created=1 total=138
2026-04-19 08:19:27 INFO dataset: Stage1 intent=Automotive created=1 total=137
2026-04-19 08:23:11 INFO dataset: Stage1 intent=Information Retrieval created=1 total=137
2026-04-19 08:23:11 INFO dataset: Stage1 intent=Entertainment created=1 total=137
2026-04-19 08:23:11 INFO dataset: Stage1 intent=product_lookup created=1 total=132
2026-04-19 08:23:11 INFO dataset: Stage1 intent=Booking created=1 total=136
2026-04-19 08:23:11 INFO dataset: Stage1 intent=weather created=1 total=139
2026-04-19 08:23:11 INFO dataset: Stage1 intent=data visualisation created=1 total=138
2026-04-19 08:23:11 INFO dataset: Stage1 intent=Planning created=1 total=140
2026-04-19 08:23:11 INFO dataset: Stage1 intent=productivity created=1 total=139
2026-04-19 08:23:11 INFO dataset: Stage1 intent=Recipe created=1 total=140
2026-04-19 08:23:11 INFO dataset: Stage1 intent=Localization created=1 total=132
2026-04-19 08:23:11 INFO dataset: Stage1 intent=Technical support created=1 total=140
2026-04-19 08:23:11 INFO dataset: Stage1 intent=Creating Writing created=1 total=140
2026-04-19 08:23:11 INFO dataset: Stage1 intent=Event Schedule created=1 total=129
2026-04-19 08:23:11 INFO dataset: Stage1 intent=Research Analysis created=1 total=135
2026-04-19 08:23:11 INFO dataset: Stage1 intent=Comparison created=1 total=137
2026-04-19 08:23:11 INFO dataset: Stage1 intent=calculation created=1 total=139
2026-04-19 08:23:11 INFO dataset: Stage1 intent=Travel created=1 total=140
2026-04-19 08:23:11 INFO dataset: Stage1 intent=Navigation created=1 total=138
2026-04-19 08:23:11 INFO dataset: Stage1 intent=Education created=1 total=140
2026-04-19 08:23:11 INFO dataset: Stage1 intent=Documentation created=1 total=140
2026-04-19 08:23:11 INFO dataset: Stage1 intent=media playback created=1 total=134
2026-04-19 08:23:11 INFO dataset: Stage1 intent=qr scanner created=1 total=136
2026-04-19 08:23:11 INFO dataset: Stage1 intent=status check created=1 total=134
2026-04-19 08:23:11 INFO dataset: Stage1 intent=notification created=1 total=136
2026-04-19 08:23:11 INFO dataset: Stage1 intent=Finance created=1 total=140
2026-04-19 08:23:11 INFO dataset: Stage1 intent=Healthcare created=1 total=140
2026-04-19 08:23:11 INFO dataset: Stage1 intent=Legal created=1 total=140
2026-04-19 08:23:11 INFO dataset: Stage1 intent=Real Estate created=1 total=139
2026-04-19 08:23:11 INFO dataset: Stage1 intent=Career created=1 total=140
2026-04-19 08:23:11 INFO dataset: Stage1 intent=Food and Dining created=1 total=137
2026-04-19 08:23:11 INFO dataset: Stage1 intent=Home Services created=1 total=139
2026-04-19 08:23:11 INFO dataset: Stage1 intent=Automotive created=1 total=138
2026-04-19 08:26:44 INFO dataset: Stage1 intent=Information Retrieval created=1 total=138
2026-04-19 08:26:44 INFO dataset: Stage1 intent=Entertainment created=1 total=138
2026-04-19 08:26:44 INFO dataset: Stage1 intent=product_lookup created=1 total=133
2026-04-19 08:26:44 INFO dataset: Stage1 intent=Booking created=1 total=137
2026-04-19 08:26:44 INFO dataset: Stage1 intent=weather created=1 total=140
2026-04-19 08:26:44 INFO dataset: Stage1 intent=data visualisation created=1 total=139
2026-04-19 08:26:44 INFO dataset: Stage1 intent=Planning created=1 total=141
2026-04-19 08:26:44 INFO dataset: Stage1 intent=productivity created=1 total=140
2026-04-19 08:26:44 INFO dataset: Stage1 intent=Recipe created=1 total=141
2026-04-19 08:26:44 INFO dataset: Stage1 intent=Localization created=1 total=133
2026-04-19 08:26:44 INFO dataset: Stage1 intent=Technical support created=1 total=141
2026-04-19 08:26:44 INFO dataset: Stage1 intent=Creating Writing created=1 total=141
2026-04-19 08:26:44 INFO dataset: Stage1 intent=Event Schedule created=1 total=130
2026-04-19 08:26:44 INFO dataset: Stage1 intent=Research Analysis created=1 total=136
2026-04-19 08:26:44 INFO dataset: Stage1 intent=Comparison created=1 total=138
2026-04-19 08:26:44 INFO dataset: Stage1 intent=calculation created=1 total=140
2026-04-19 08:26:44 ERROR dataset: Stage1 parse error intent=Travel: Unterminated string starting at: line 4 column 5 (char 699)
2026-04-19 08:26:44 INFO dataset: Stage1 intent=Navigation created=1 total=139
2026-04-19 08:26:44 INFO dataset: Stage1 intent=Education created=1 total=141
2026-04-19 08:26:44 INFO dataset: Stage1 intent=Documentation created=1 total=141
2026-04-19 08:26:44 INFO dataset: Stage1 intent=media playback created=1 total=135
2026-04-19 08:26:44 INFO dataset: Stage1 intent=qr scanner created=1 total=137
2026-04-19 08:26:44 INFO dataset: Stage1 intent=status check created=1 total=135
2026-04-19 08:26:44 INFO dataset: Stage1 intent=notification created=1 total=137
2026-04-19 08:26:44 INFO dataset: Stage1 intent=Finance created=1 total=141
2026-04-19 08:26:44 INFO dataset: Stage1 intent=Healthcare created=1 total=141
2026-04-19 08:26:44 INFO dataset: Stage1 intent=Legal created=1 total=141
2026-04-19 08:26:44 INFO dataset: Stage1 intent=Real Estate created=1 total=140
2026-04-19 08:26:44 INFO dataset: Stage1 intent=Career created=1 total=141
2026-04-19 08:26:44 ERROR dataset: Stage1 parse error intent=Food and Dining: Unterminated string starting at: line 8 column 7 (char 752)
2026-04-19 08:26:44 INFO dataset: Stage1 intent=Home Services created=1 total=140
2026-04-19 08:26:44 INFO dataset: Stage1 intent=Automotive created=1 total=139
2026-04-19 08:30:05 INFO dataset: Stage1 intent=Information Retrieval created=1 total=139
2026-04-19 08:30:05 INFO dataset: Stage1 intent=Entertainment created=1 total=139
2026-04-19 08:30:05 INFO dataset: Stage1 intent=product_lookup created=1 total=134
2026-04-19 08:30:05 INFO dataset: Stage1 intent=Booking created=1 total=138
2026-04-19 08:30:05 INFO dataset: Stage1 intent=weather created=1 total=141
2026-04-19 08:30:05 INFO dataset: Stage1 intent=data visualisation created=1 total=140
2026-04-19 08:30:05 INFO dataset: Stage1 intent=Planning created=1 total=142
2026-04-19 08:30:05 INFO dataset: Stage1 intent=productivity created=1 total=141
2026-04-19 08:30:05 INFO dataset: Stage1 intent=Recipe created=1 total=142
2026-04-19 08:30:05 INFO dataset: Stage1 intent=Localization created=1 total=134
2026-04-19 08:30:05 INFO dataset: Stage1 intent=Technical support created=1 total=142
2026-04-19 08:30:05 INFO dataset: Stage1 intent=Creating Writing created=1 total=142
2026-04-19 08:30:05 ERROR dataset: Stage1 parse error intent=Event Schedule: Unterminated string starting at: line 3 column 19 (char 24)
2026-04-19 08:30:05 INFO dataset: Stage1 intent=Research Analysis created=1 total=137
2026-04-19 08:30:05 INFO dataset: Stage1 intent=Comparison created=1 total=139
2026-04-19 08:30:05 INFO dataset: Stage1 intent=calculation created=1 total=141
2026-04-19 08:30:05 INFO dataset: Stage1 intent=Travel created=1 total=141
2026-04-19 08:30:05 INFO dataset: Stage1 intent=Navigation created=1 total=140
2026-04-19 08:30:05 INFO dataset: Stage1 intent=Education created=1 total=142
2026-04-19 08:30:05 INFO dataset: Stage1 intent=Documentation created=1 total=142
2026-04-19 08:30:05 INFO dataset: Stage1 intent=media playback created=1 total=136
2026-04-19 08:30:05 INFO dataset: Stage1 intent=qr scanner created=1 total=138
2026-04-19 08:30:05 INFO dataset: Stage1 intent=status check created=1 total=136
2026-04-19 08:30:05 INFO dataset: Stage1 intent=notification created=1 total=138
2026-04-19 08:30:05 INFO dataset: Stage1 intent=Finance created=1 total=142
2026-04-19 08:30:05 INFO dataset: Stage1 intent=Healthcare created=1 total=142
2026-04-19 08:30:05 INFO dataset: Stage1 intent=Legal created=1 total=142
2026-04-19 08:30:05 INFO dataset: Stage1 intent=Real Estate created=1 total=141
2026-04-19 08:30:05 INFO dataset: Stage1 intent=Career created=1 total=142
2026-04-19 08:30:05 INFO dataset: Stage1 intent=Food and Dining created=1 total=138
2026-04-19 08:30:05 INFO dataset: Stage1 intent=Home Services created=1 total=141
2026-04-19 08:30:05 INFO dataset: Stage1 intent=Automotive created=1 total=140
2026-04-19 08:33:43 INFO dataset: Stage1 intent=Information Retrieval created=1 total=140
2026-04-19 08:33:43 INFO dataset: Stage1 intent=Entertainment created=1 total=140
2026-04-19 08:33:43 INFO dataset: Stage1 intent=product_lookup created=1 total=135
2026-04-19 08:33:43 INFO dataset: Stage1 intent=Booking created=1 total=139
2026-04-19 08:33:43 INFO dataset: Stage1 intent=weather created=1 total=142
2026-04-19 08:33:43 INFO dataset: Stage1 intent=data visualisation created=1 total=141
2026-04-19 08:33:43 INFO dataset: Stage1 intent=Planning created=1 total=143
2026-04-19 08:33:43 INFO dataset: Stage1 intent=productivity created=1 total=142
2026-04-19 08:33:43 INFO dataset: Stage1 intent=Recipe created=1 total=143
2026-04-19 08:33:43 INFO dataset: Stage1 intent=Localization created=1 total=135
2026-04-19 08:33:43 INFO dataset: Stage1 intent=Technical support created=1 total=143
2026-04-19 08:33:43 INFO dataset: Stage1 intent=Creating Writing created=1 total=143
2026-04-19 08:33:43 INFO dataset: Stage1 intent=Event Schedule created=1 total=131
2026-04-19 08:33:43 INFO dataset: Stage1 intent=Research Analysis created=1 total=138
2026-04-19 08:33:43 INFO dataset: Stage1 intent=Comparison created=1 total=140
2026-04-19 08:33:43 INFO dataset: Stage1 intent=calculation created=1 total=142
2026-04-19 08:33:43 INFO dataset: Stage1 intent=Travel created=1 total=142
2026-04-19 08:33:43 INFO dataset: Stage1 intent=Navigation created=1 total=141
2026-04-19 08:33:43 INFO dataset: Stage1 intent=Education created=1 total=143
2026-04-19 08:33:43 ERROR dataset: Stage1 parse error intent=Documentation: Unterminated string starting at: line 3 column 19 (char 24)
2026-04-19 08:33:43 INFO dataset: Stage1 intent=media playback created=1 total=137
2026-04-19 08:33:43 INFO dataset: Stage1 intent=qr scanner created=1 total=139
2026-04-19 08:33:43 INFO dataset: Stage1 intent=status check created=1 total=137
2026-04-19 08:33:43 INFO dataset: Stage1 intent=notification created=1 total=139
2026-04-19 08:33:43 INFO dataset: Stage1 intent=Finance created=1 total=143
2026-04-19 08:33:43 INFO dataset: Stage1 intent=Healthcare created=1 total=143
2026-04-19 08:33:43 INFO dataset: Stage1 intent=Legal created=1 total=143
2026-04-19 08:33:43 INFO dataset: Stage1 intent=Real Estate created=1 total=142
2026-04-19 08:33:43 INFO dataset: Stage1 intent=Career created=1 total=143
2026-04-19 08:33:43 INFO dataset: Stage1 intent=Food and Dining created=1 total=139
2026-04-19 08:33:43 INFO dataset: Stage1 intent=Home Services created=1 total=142
2026-04-19 08:33:43 INFO dataset: Stage1 intent=Automotive created=1 total=141
2026-04-19 08:37:14 INFO dataset: Stage1 intent=Information Retrieval created=1 total=141
2026-04-19 08:37:14 INFO dataset: Stage1 intent=Entertainment created=1 total=141
2026-04-19 08:37:14 INFO dataset: Stage1 intent=product_lookup created=1 total=136
2026-04-19 08:37:14 INFO dataset: Stage1 intent=Booking created=1 total=140
2026-04-19 08:37:14 INFO dataset: Stage1 intent=weather created=1 total=143
2026-04-19 08:37:14 INFO dataset: Stage1 intent=data visualisation created=1 total=142
2026-04-19 08:37:14 INFO dataset: Stage1 intent=Planning created=1 total=144
2026-04-19 08:37:14 INFO dataset: Stage1 intent=productivity created=1 total=143
2026-04-19 08:37:14 INFO dataset: Stage1 intent=Recipe created=1 total=144
2026-04-19 08:37:14 INFO dataset: Stage1 intent=Localization created=1 total=136
2026-04-19 08:37:14 INFO dataset: Stage1 intent=Technical support created=1 total=144
2026-04-19 08:37:14 INFO dataset: Stage1 intent=Creating Writing created=1 total=144
2026-04-19 08:37:14 INFO dataset: Stage1 intent=Event Schedule created=1 total=132
2026-04-19 08:37:14 INFO dataset: Stage1 intent=Research Analysis created=1 total=139
2026-04-19 08:37:14 INFO dataset: Stage1 intent=Comparison created=1 total=141
2026-04-19 08:37:14 INFO dataset: Stage1 intent=calculation created=1 total=143
2026-04-19 08:37:14 INFO dataset: Stage1 intent=Travel created=1 total=143
2026-04-19 08:37:14 INFO dataset: Stage1 intent=Navigation created=1 total=142
2026-04-19 08:37:14 INFO dataset: Stage1 intent=Education created=1 total=144
2026-04-19 08:37:14 INFO dataset: Stage1 intent=Documentation created=1 total=143
2026-04-19 08:37:14 INFO dataset: Stage1 intent=media playback created=1 total=138
2026-04-19 08:37:14 ERROR dataset: Stage1 parse error intent=qr scanner: Empty text
2026-04-19 08:37:14 INFO dataset: Stage1 intent=status check created=1 total=138
2026-04-19 08:37:14 INFO dataset: Stage1 intent=notification created=1 total=140
2026-04-19 08:37:14 INFO dataset: Stage1 intent=Finance created=1 total=144
2026-04-19 08:37:14 INFO dataset: Stage1 intent=Healthcare created=1 total=144
2026-04-19 08:37:14 INFO dataset: Stage1 intent=Legal created=1 total=144
2026-04-19 08:37:14 INFO dataset: Stage1 intent=Real Estate created=1 total=143
2026-04-19 08:37:14 INFO dataset: Stage1 intent=Career created=1 total=144
2026-04-19 08:37:14 INFO dataset: Stage1 intent=Food and Dining created=1 total=140
2026-04-19 08:37:14 INFO dataset: Stage1 intent=Home Services created=1 total=143
2026-04-19 08:37:14 INFO dataset: Stage1 intent=Automotive created=1 total=142
2026-04-19 08:40:52 INFO dataset: Stage1 intent=Information Retrieval created=1 total=142
2026-04-19 08:40:52 INFO dataset: Stage1 intent=Entertainment created=1 total=142
2026-04-19 08:40:52 INFO dataset: Stage1 intent=product_lookup created=1 total=137
2026-04-19 08:40:52 ERROR dataset: Stage1 parse error intent=Booking: Unterminated string starting at: line 3 column 19 (char 24)
2026-04-19 08:40:52 INFO dataset: Stage1 intent=weather created=1 total=144
2026-04-19 08:40:52 INFO dataset: Stage1 intent=data visualisation created=1 total=143
2026-04-19 08:40:52 INFO dataset: Stage1 intent=Planning created=1 total=145
2026-04-19 08:40:52 INFO dataset: Stage1 intent=productivity created=1 total=144
2026-04-19 08:40:52 INFO dataset: Stage1 intent=Recipe created=1 total=145
2026-04-19 08:40:52 INFO dataset: Stage1 intent=Localization created=1 total=137
2026-04-19 08:40:52 INFO dataset: Stage1 intent=Technical support created=1 total=145
2026-04-19 08:40:52 INFO dataset: Stage1 intent=Creating Writing created=1 total=145
2026-04-19 08:40:52 INFO dataset: Stage1 intent=Event Schedule created=1 total=133
2026-04-19 08:40:52 INFO dataset: Stage1 intent=Research Analysis created=1 total=140
2026-04-19 08:40:52 INFO dataset: Stage1 intent=Comparison created=1 total=142
2026-04-19 08:40:52 INFO dataset: Stage1 intent=calculation created=1 total=144
2026-04-19 08:40:52 INFO dataset: Stage1 intent=Travel created=1 total=144
2026-04-19 08:40:52 INFO dataset: Stage1 intent=Navigation created=1 total=143
2026-04-19 08:40:52 ERROR dataset: Stage1 parse error intent=Education: Unterminated string starting at: line 3 column 19 (char 24)
2026-04-19 08:40:52 INFO dataset: Stage1 intent=Documentation created=1 total=144
2026-04-19 08:40:52 INFO dataset: Stage1 intent=media playback created=1 total=139
2026-04-19 08:40:52 INFO dataset: Stage1 intent=qr scanner created=1 total=140
2026-04-19 08:40:52 INFO dataset: Stage1 intent=status check created=1 total=139
2026-04-19 08:40:52 INFO dataset: Stage1 intent=notification created=1 total=141
2026-04-19 08:40:52 INFO dataset: Stage1 intent=Finance created=1 total=145
2026-04-19 08:40:52 INFO dataset: Stage1 intent=Healthcare created=1 total=145
2026-04-19 08:40:52 INFO dataset: Stage1 intent=Legal created=1 total=145
2026-04-19 08:40:52 INFO dataset: Stage1 intent=Real Estate created=1 total=144
2026-04-19 08:40:52 INFO dataset: Stage1 intent=Career created=1 total=145
2026-04-19 08:40:52 INFO dataset: Stage1 intent=Food and Dining created=1 total=141
2026-04-19 08:40:52 INFO dataset: Stage1 intent=Home Services created=1 total=144
2026-04-19 08:40:52 INFO dataset: Stage1 intent=Automotive created=1 total=143
2026-04-19 08:44:22 INFO dataset: Stage1 intent=Information Retrieval created=1 total=143
2026-04-19 08:44:22 INFO dataset: Stage1 intent=Entertainment created=1 total=143
2026-04-19 08:44:22 INFO dataset: Stage1 intent=product_lookup created=1 total=138
2026-04-19 08:44:22 INFO dataset: Stage1 intent=Booking created=1 total=141
2026-04-19 08:44:22 INFO dataset: Stage1 intent=weather created=1 total=145
2026-04-19 08:44:22 INFO dataset: Stage1 intent=data visualisation created=1 total=144
2026-04-19 08:44:22 INFO dataset: Stage1 intent=Planning created=1 total=146
2026-04-19 08:44:22 INFO dataset: Stage1 intent=productivity created=1 total=145
2026-04-19 08:44:22 INFO dataset: Stage1 intent=Recipe created=1 total=146
2026-04-19 08:44:22 INFO dataset: Stage1 intent=Localization created=1 total=138
2026-04-19 08:44:22 INFO dataset: Stage1 intent=Technical support created=1 total=146
2026-04-19 08:44:22 INFO dataset: Stage1 intent=Creating Writing created=1 total=146
2026-04-19 08:44:22 INFO dataset: Stage1 intent=Event Schedule created=1 total=134
2026-04-19 08:44:22 INFO dataset: Stage1 intent=Research Analysis created=1 total=141
2026-04-19 08:44:22 INFO dataset: Stage1 intent=Comparison created=1 total=143
2026-04-19 08:44:22 INFO dataset: Stage1 intent=calculation created=1 total=145
2026-04-19 08:44:22 INFO dataset: Stage1 intent=Travel created=1 total=145
2026-04-19 08:44:22 INFO dataset: Stage1 intent=Navigation created=1 total=144
2026-04-19 08:44:22 INFO dataset: Stage1 intent=Education created=1 total=145
2026-04-19 08:44:22 INFO dataset: Stage1 intent=Documentation created=1 total=145
2026-04-19 08:44:22 INFO dataset: Stage1 intent=media playback created=1 total=140
2026-04-19 08:44:22 INFO dataset: Stage1 intent=qr scanner created=1 total=141
2026-04-19 08:44:22 INFO dataset: Stage1 intent=status check created=1 total=140
2026-04-19 08:44:22 INFO dataset: Stage1 intent=notification created=1 total=142
2026-04-19 08:44:22 INFO dataset: Stage1 intent=Finance created=1 total=146
2026-04-19 08:44:22 INFO dataset: Stage1 intent=Healthcare created=1 total=146
2026-04-19 08:44:22 INFO dataset: Stage1 intent=Legal created=1 total=146
2026-04-19 08:44:22 INFO dataset: Stage1 intent=Real Estate created=1 total=145
2026-04-19 08:44:22 INFO dataset: Stage1 intent=Career created=1 total=146
2026-04-19 08:44:22 INFO dataset: Stage1 intent=Food and Dining created=1 total=142
2026-04-19 08:44:22 INFO dataset: Stage1 intent=Home Services created=1 total=145
2026-04-19 08:44:22 INFO dataset: Stage1 intent=Automotive created=1 total=144
2026-04-19 08:48:07 INFO dataset: Stage1 intent=Information Retrieval created=1 total=144
2026-04-19 08:48:07 INFO dataset: Stage1 intent=Entertainment created=1 total=144
2026-04-19 08:48:07 ERROR dataset: Stage1 parse error intent=product_lookup: Unterminated string starting at: line 3 column 19 (char 24)
2026-04-19 08:48:07 INFO dataset: Stage1 intent=Booking created=1 total=142
2026-04-19 08:48:07 INFO dataset: Stage1 intent=weather created=1 total=146
2026-04-19 08:48:07 ERROR dataset: Stage1 parse error intent=data visualisation: Unterminated string starting at: line 3 column 19 (char 24)
2026-04-19 08:48:07 INFO dataset: Stage1 intent=Planning created=1 total=147
2026-04-19 08:48:07 INFO dataset: Stage1 intent=productivity created=1 total=146
2026-04-19 08:48:07 INFO dataset: Stage1 intent=Recipe created=1 total=147
2026-04-19 08:48:07 ERROR dataset: Stage1 parse error intent=Localization: Unterminated string starting at: line 3 column 19 (char 24)
2026-04-19 08:48:07 INFO dataset: Stage1 intent=Technical support created=1 total=147
2026-04-19 08:48:07 INFO dataset: Stage1 intent=Creating Writing created=1 total=147
2026-04-19 08:48:07 INFO dataset: Stage1 intent=Event Schedule created=1 total=135
2026-04-19 08:48:07 INFO dataset: Stage1 intent=Research Analysis created=1 total=142
2026-04-19 08:48:07 INFO dataset: Stage1 intent=Comparison created=1 total=144
2026-04-19 08:48:07 INFO dataset: Stage1 intent=calculation created=1 total=146
2026-04-19 08:48:07 INFO dataset: Stage1 intent=Travel created=1 total=146
2026-04-19 08:48:07 INFO dataset: Stage1 intent=Navigation created=1 total=145
2026-04-19 08:48:07 INFO dataset: Stage1 intent=Education created=1 total=146
2026-04-19 08:48:07 INFO dataset: Stage1 intent=Documentation created=1 total=146
2026-04-19 08:48:07 INFO dataset: Stage1 intent=media playback created=1 total=141
2026-04-19 08:48:07 INFO dataset: Stage1 intent=qr scanner created=1 total=142
2026-04-19 08:48:07 ERROR dataset: Stage1 parse error intent=status check: Unterminated string starting at: line 3 column 19 (char 24)
2026-04-19 08:48:07 INFO dataset: Stage1 intent=notification created=1 total=143
2026-04-19 08:48:07 INFO dataset: Stage1 intent=Finance created=1 total=147
2026-04-19 08:48:07 INFO dataset: Stage1 intent=Healthcare created=1 total=147
2026-04-19 08:48:07 INFO dataset: Stage1 intent=Legal created=1 total=147
2026-04-19 08:48:07 INFO dataset: Stage1 intent=Real Estate created=1 total=146
2026-04-19 08:48:07 INFO dataset: Stage1 intent=Career created=1 total=147
2026-04-19 08:48:07 INFO dataset: Stage1 intent=Food and Dining created=1 total=143
2026-04-19 08:48:07 INFO dataset: Stage1 intent=Home Services created=1 total=146
2026-04-19 08:48:07 INFO dataset: Stage1 intent=Automotive created=1 total=145
2026-04-19 08:51:28 INFO dataset: Stage1 intent=Information Retrieval created=1 total=145
2026-04-19 08:51:28 INFO dataset: Stage1 intent=Entertainment created=1 total=145
2026-04-19 08:51:28 INFO dataset: Stage1 intent=product_lookup created=1 total=139
2026-04-19 08:51:28 INFO dataset: Stage1 intent=Booking created=1 total=143
2026-04-19 08:51:28 INFO dataset: Stage1 intent=weather created=1 total=147
2026-04-19 08:51:28 INFO dataset: Stage1 intent=data visualisation created=1 total=145
2026-04-19 08:51:28 INFO dataset: Stage1 intent=Planning created=1 total=148
2026-04-19 08:51:28 INFO dataset: Stage1 intent=productivity created=1 total=147
2026-04-19 08:51:28 INFO dataset: Stage1 intent=Recipe created=1 total=148
2026-04-19 08:51:28 INFO dataset: Stage1 intent=Localization created=1 total=139
2026-04-19 08:51:28 INFO dataset: Stage1 intent=Technical support created=1 total=148
2026-04-19 08:51:28 INFO dataset: Stage1 intent=Creating Writing created=1 total=148
2026-04-19 08:51:28 INFO dataset: Stage1 intent=Event Schedule created=1 total=136
2026-04-19 08:51:28 INFO dataset: Stage1 intent=Research Analysis created=1 total=143
2026-04-19 08:51:28 INFO dataset: Stage1 intent=Comparison created=1 total=145
2026-04-19 08:51:28 INFO dataset: Stage1 intent=calculation created=1 total=147
2026-04-19 08:51:28 INFO dataset: Stage1 intent=Travel created=1 total=147
2026-04-19 08:51:28 INFO dataset: Stage1 intent=Navigation created=1 total=146
2026-04-19 08:51:28 INFO dataset: Stage1 intent=Education created=1 total=147
2026-04-19 08:51:28 INFO dataset: Stage1 intent=Documentation created=1 total=147
2026-04-19 08:51:28 INFO dataset: Stage1 intent=media playback created=1 total=142
2026-04-19 08:51:28 INFO dataset: Stage1 intent=qr scanner created=1 total=143
2026-04-19 08:51:28 INFO dataset: Stage1 intent=status check created=1 total=141
2026-04-19 08:51:28 INFO dataset: Stage1 intent=notification created=1 total=144
2026-04-19 08:51:28 INFO dataset: Stage1 intent=Finance created=1 total=148
2026-04-19 08:51:28 INFO dataset: Stage1 intent=Healthcare created=1 total=148
2026-04-19 08:51:28 INFO dataset: Stage1 intent=Legal created=1 total=148
2026-04-19 08:51:28 INFO dataset: Stage1 intent=Real Estate created=1 total=147
2026-04-19 08:51:28 INFO dataset: Stage1 intent=Career created=1 total=148
2026-04-19 08:51:28 INFO dataset: Stage1 intent=Food and Dining created=1 total=144
2026-04-19 08:51:28 INFO dataset: Stage1 intent=Home Services created=1 total=147
2026-04-19 08:51:28 INFO dataset: Stage1 intent=Automotive created=1 total=146
2026-04-19 08:54:52 INFO dataset: Stage1 intent=Information Retrieval created=1 total=146
2026-04-19 08:54:52 INFO dataset: Stage1 intent=Entertainment created=1 total=146
2026-04-19 08:54:52 INFO dataset: Stage1 intent=product_lookup created=1 total=140
2026-04-19 08:54:52 INFO dataset: Stage1 intent=Booking created=1 total=144
2026-04-19 08:54:52 INFO dataset: Stage1 intent=weather created=1 total=148
2026-04-19 08:54:52 INFO dataset: Stage1 intent=data visualisation created=1 total=146
2026-04-19 08:54:52 INFO dataset: Stage1 intent=Planning created=1 total=149
2026-04-19 08:54:52 INFO dataset: Stage1 intent=productivity created=1 total=148
2026-04-19 08:54:52 INFO dataset: Stage1 intent=Recipe created=1 total=149
2026-04-19 08:54:52 INFO dataset: Stage1 intent=Localization created=1 total=140
2026-04-19 08:54:52 INFO dataset: Stage1 intent=Technical support created=1 total=149
2026-04-19 08:54:52 INFO dataset: Stage1 intent=Creating Writing created=1 total=149
2026-04-19 08:54:52 INFO dataset: Stage1 intent=Event Schedule created=1 total=137
2026-04-19 08:54:52 INFO dataset: Stage1 intent=Research Analysis created=1 total=144
2026-04-19 08:54:52 INFO dataset: Stage1 intent=Comparison created=1 total=146
2026-04-19 08:54:52 INFO dataset: Stage1 intent=calculation created=1 total=148
2026-04-19 08:54:52 INFO dataset: Stage1 intent=Travel created=1 total=148
2026-04-19 08:54:52 INFO dataset: Stage1 intent=Navigation created=1 total=147
2026-04-19 08:54:52 INFO dataset: Stage1 intent=Education created=1 total=148
2026-04-19 08:54:52 INFO dataset: Stage1 intent=Documentation created=1 total=148
2026-04-19 08:54:52 INFO dataset: Stage1 intent=media playback created=1 total=143
2026-04-19 08:54:52 INFO dataset: Stage1 intent=qr scanner created=1 total=144
2026-04-19 08:54:52 INFO dataset: Stage1 intent=status check created=1 total=142
2026-04-19 08:54:52 INFO dataset: Stage1 intent=notification created=1 total=145
2026-04-19 08:54:52 INFO dataset: Stage1 intent=Finance created=1 total=149
2026-04-19 08:54:52 INFO dataset: Stage1 intent=Healthcare created=1 total=149
2026-04-19 08:54:52 INFO dataset: Stage1 intent=Legal created=1 total=149
2026-04-19 08:54:52 INFO dataset: Stage1 intent=Real Estate created=1 total=148
2026-04-19 08:54:52 INFO dataset: Stage1 intent=Career created=1 total=149
2026-04-19 08:54:52 INFO dataset: Stage1 intent=Food and Dining created=1 total=145
2026-04-19 08:54:52 INFO dataset: Stage1 intent=Home Services created=1 total=148
2026-04-19 08:54:52 INFO dataset: Stage1 intent=Automotive created=1 total=147
2026-04-19 08:58:22 INFO dataset: Stage1 intent=Information Retrieval created=1 total=147
2026-04-19 08:58:22 INFO dataset: Stage1 intent=Entertainment created=1 total=147
2026-04-19 08:58:22 INFO dataset: Stage1 intent=product_lookup created=1 total=141
2026-04-19 08:58:22 INFO dataset: Stage1 intent=Booking created=1 total=145
2026-04-19 08:58:22 INFO dataset: Stage1 intent=weather created=1 total=149
2026-04-19 08:58:22 INFO dataset: Stage1 intent=data visualisation created=1 total=147
2026-04-19 08:58:22 INFO dataset: Stage1 intent=Planning created=1 total=150
2026-04-19 08:58:22 INFO dataset: Stage1 intent=productivity created=1 total=149
2026-04-19 08:58:22 INFO dataset: Stage1 intent=Recipe created=1 total=150
2026-04-19 08:58:22 INFO dataset: Stage1 intent=Localization created=1 total=141
2026-04-19 08:58:22 INFO dataset: Stage1 intent=Technical support created=1 total=150
2026-04-19 08:58:22 INFO dataset: Stage1 intent=Creating Writing created=1 total=150
2026-04-19 08:58:22 INFO dataset: Stage1 intent=Event Schedule created=1 total=138
2026-04-19 08:58:22 INFO dataset: Stage1 intent=Research Analysis created=1 total=145
2026-04-19 08:58:22 INFO dataset: Stage1 intent=Comparison created=1 total=147
2026-04-19 08:58:22 INFO dataset: Stage1 intent=calculation created=1 total=149
2026-04-19 08:58:22 INFO dataset: Stage1 intent=Travel created=1 total=149
2026-04-19 08:58:22 INFO dataset: Stage1 intent=Navigation created=1 total=148
2026-04-19 08:58:22 INFO dataset: Stage1 intent=Education created=1 total=149
2026-04-19 08:58:22 INFO dataset: Stage1 intent=Documentation created=1 total=149
2026-04-19 08:58:22 INFO dataset: Stage1 intent=media playback created=1 total=144
2026-04-19 08:58:22 INFO dataset: Stage1 intent=qr scanner created=1 total=145
2026-04-19 08:58:22 INFO dataset: Stage1 intent=status check created=1 total=143
2026-04-19 08:58:22 INFO dataset: Stage1 intent=notification created=1 total=146
2026-04-19 08:58:22 INFO dataset: Stage1 intent=Finance created=1 total=150
2026-04-19 08:58:22 INFO dataset: Stage1 intent=Healthcare created=1 total=150
2026-04-19 08:58:22 INFO dataset: Stage1 intent=Legal created=1 total=150
2026-04-19 08:58:22 INFO dataset: Stage1 intent=Real Estate created=1 total=149
2026-04-19 08:58:22 INFO dataset: Stage1 intent=Career created=1 total=150
2026-04-19 08:58:22 INFO dataset: Stage1 intent=Food and Dining created=1 total=146
2026-04-19 08:58:22 INFO dataset: Stage1 intent=Home Services created=1 total=149
2026-04-19 08:58:22 INFO dataset: Stage1 intent=Automotive created=1 total=148
2026-04-19 09:01:51 INFO dataset: Stage1 intent=Information Retrieval created=1 total=148
2026-04-19 09:01:51 INFO dataset: Stage1 intent=Entertainment created=1 total=148
2026-04-19 09:01:51 INFO dataset: Stage1 intent=product_lookup created=1 total=142
2026-04-19 09:01:51 INFO dataset: Stage1 intent=Booking created=1 total=146
2026-04-19 09:01:51 INFO dataset: Stage1 intent=weather created=1 total=150
2026-04-19 09:01:51 INFO dataset: Stage1 intent=data visualisation created=1 total=148
2026-04-19 09:01:51 INFO dataset: Stage1 intent=Planning created=1 total=151
2026-04-19 09:01:51 INFO dataset: Stage1 intent=productivity created=1 total=150
2026-04-19 09:01:51 INFO dataset: Stage1 intent=Recipe created=1 total=151
2026-04-19 09:01:51 ERROR dataset: Stage1 parse error intent=Localization: Unterminated string starting at: line 3 column 19 (char 24)
2026-04-19 09:01:51 INFO dataset: Stage1 intent=Technical support created=1 total=151
2026-04-19 09:01:51 INFO dataset: Stage1 intent=Creating Writing created=1 total=151
2026-04-19 09:01:51 INFO dataset: Stage1 intent=Event Schedule created=1 total=139
2026-04-19 09:01:51 INFO dataset: Stage1 intent=Research Analysis created=1 total=146
2026-04-19 09:01:51 INFO dataset: Stage1 intent=Comparison created=1 total=148
2026-04-19 09:01:51 INFO dataset: Stage1 intent=calculation created=1 total=150
2026-04-19 09:01:51 INFO dataset: Stage1 intent=Travel created=1 total=150
2026-04-19 09:01:51 INFO dataset: Stage1 intent=Navigation created=1 total=149
2026-04-19 09:01:51 INFO dataset: Stage1 intent=Education created=1 total=150
2026-04-19 09:01:51 INFO dataset: Stage1 intent=Documentation created=1 total=150
2026-04-19 09:01:51 INFO dataset: Stage1 intent=media playback created=1 total=145
2026-04-19 09:01:51 INFO dataset: Stage1 intent=qr scanner created=1 total=146
2026-04-19 09:01:51 INFO dataset: Stage1 intent=status check created=1 total=144
2026-04-19 09:01:51 INFO dataset: Stage1 intent=notification created=1 total=147
2026-04-19 09:01:51 INFO dataset: Stage1 intent=Finance created=1 total=151
2026-04-19 09:01:51 INFO dataset: Stage1 intent=Healthcare created=1 total=151
2026-04-19 09:01:51 INFO dataset: Stage1 intent=Legal created=1 total=151
2026-04-19 09:01:51 INFO dataset: Stage1 intent=Real Estate created=1 total=150
2026-04-19 09:01:51 INFO dataset: Stage1 intent=Career created=1 total=151
2026-04-19 09:01:51 INFO dataset: Stage1 intent=Food and Dining created=1 total=147
2026-04-19 09:01:51 INFO dataset: Stage1 intent=Home Services created=1 total=150
2026-04-19 09:01:51 INFO dataset: Stage1 intent=Automotive created=1 total=149
2026-04-19 09:05:22 INFO dataset: Stage1 intent=Information Retrieval created=1 total=149
2026-04-19 09:05:22 INFO dataset: Stage1 intent=Entertainment created=1 total=149
2026-04-19 09:05:22 INFO dataset: Stage1 intent=product_lookup created=1 total=143
2026-04-19 09:05:22 INFO dataset: Stage1 intent=Booking created=1 total=147
2026-04-19 09:05:22 INFO dataset: Stage1 intent=weather created=1 total=151
2026-04-19 09:05:22 INFO dataset: Stage1 intent=data visualisation created=1 total=149
2026-04-19 09:05:22 INFO dataset: Stage1 intent=Planning created=1 total=152
2026-04-19 09:05:22 INFO dataset: Stage1 intent=productivity created=1 total=151
2026-04-19 09:05:22 INFO dataset: Stage1 intent=Recipe created=1 total=152
2026-04-19 09:05:22 INFO dataset: Stage1 intent=Localization created=1 total=142
2026-04-19 09:05:22 INFO dataset: Stage1 intent=Technical support created=1 total=152
2026-04-19 09:05:22 INFO dataset: Stage1 intent=Creating Writing created=1 total=152
2026-04-19 09:05:22 INFO dataset: Stage1 intent=Event Schedule created=1 total=140
2026-04-19 09:05:22 INFO dataset: Stage1 intent=Research Analysis created=1 total=147
2026-04-19 09:05:22 INFO dataset: Stage1 intent=Comparison created=1 total=149
2026-04-19 09:05:22 INFO dataset: Stage1 intent=calculation created=1 total=151
2026-04-19 09:05:22 INFO dataset: Stage1 intent=Travel created=1 total=151
2026-04-19 09:05:22 INFO dataset: Stage1 intent=Navigation created=1 total=150
2026-04-19 09:05:22 INFO dataset: Stage1 intent=Education created=1 total=151
2026-04-19 09:05:22 INFO dataset: Stage1 intent=Documentation created=1 total=151
2026-04-19 09:05:22 INFO dataset: Stage1 intent=media playback created=1 total=146
2026-04-19 09:05:22 INFO dataset: Stage1 intent=qr scanner created=1 total=147
2026-04-19 09:05:22 INFO dataset: Stage1 intent=status check created=1 total=145
2026-04-19 09:05:22 INFO dataset: Stage1 intent=notification created=1 total=148
2026-04-19 09:05:22 INFO dataset: Stage1 intent=Finance created=1 total=152
2026-04-19 09:05:22 INFO dataset: Stage1 intent=Healthcare created=1 total=152
2026-04-19 09:05:22 INFO dataset: Stage1 intent=Legal created=1 total=152
2026-04-19 09:05:22 INFO dataset: Stage1 intent=Real Estate created=1 total=151
2026-04-19 09:05:22 INFO dataset: Stage1 intent=Career created=1 total=152
2026-04-19 09:05:22 INFO dataset: Stage1 intent=Food and Dining created=1 total=148
2026-04-19 09:05:22 INFO dataset: Stage1 intent=Home Services created=1 total=151
2026-04-19 09:05:22 INFO dataset: Stage1 intent=Automotive created=1 total=150
2026-04-19 09:08:45 INFO dataset: Stage1 intent=Information Retrieval created=1 total=150
2026-04-19 09:08:45 INFO dataset: Stage1 intent=Entertainment created=1 total=150
2026-04-19 09:08:45 INFO dataset: Stage1 intent=product_lookup created=1 total=144
2026-04-19 09:08:45 INFO dataset: Stage1 intent=Booking created=1 total=148
2026-04-19 09:08:45 INFO dataset: Stage1 intent=weather created=1 total=152
2026-04-19 09:08:45 INFO dataset: Stage1 intent=data visualisation created=1 total=150
2026-04-19 09:08:45 INFO dataset: Stage1 intent=Planning created=1 total=153
2026-04-19 09:08:45 INFO dataset: Stage1 intent=productivity created=1 total=152
2026-04-19 09:08:45 INFO dataset: Stage1 intent=Recipe created=1 total=153
2026-04-19 09:08:45 INFO dataset: Stage1 intent=Localization created=1 total=143
2026-04-19 09:08:45 INFO dataset: Stage1 intent=Technical support created=1 total=153
2026-04-19 09:08:45 INFO dataset: Stage1 intent=Creating Writing created=1 total=153
2026-04-19 09:08:45 INFO dataset: Stage1 intent=Event Schedule created=1 total=141
2026-04-19 09:08:45 INFO dataset: Stage1 intent=Research Analysis created=1 total=148
2026-04-19 09:08:45 INFO dataset: Stage1 intent=Comparison created=1 total=150
2026-04-19 09:08:45 INFO dataset: Stage1 intent=calculation created=1 total=152
2026-04-19 09:08:45 INFO dataset: Stage1 intent=Travel created=1 total=152
2026-04-19 09:08:45 INFO dataset: Stage1 intent=Navigation created=1 total=151
2026-04-19 09:08:45 INFO dataset: Stage1 intent=Education created=1 total=152
2026-04-19 09:08:45 INFO dataset: Stage1 intent=Documentation created=1 total=152
2026-04-19 09:08:45 INFO dataset: Stage1 intent=media playback created=1 total=147
2026-04-19 09:08:45 INFO dataset: Stage1 intent=qr scanner created=1 total=148
2026-04-19 09:08:45 INFO dataset: Stage1 intent=status check created=1 total=146
2026-04-19 09:08:45 INFO dataset: Stage1 intent=notification created=1 total=149
2026-04-19 09:08:45 INFO dataset: Stage1 intent=Finance created=1 total=153
2026-04-19 09:08:45 INFO dataset: Stage1 intent=Healthcare created=1 total=153
2026-04-19 09:08:45 INFO dataset: Stage1 intent=Legal created=1 total=153
2026-04-19 09:08:45 INFO dataset: Stage1 intent=Real Estate created=1 total=152
2026-04-19 09:08:45 INFO dataset: Stage1 intent=Career created=1 total=153
2026-04-19 09:08:45 INFO dataset: Stage1 intent=Food and Dining created=1 total=149
2026-04-19 09:08:45 INFO dataset: Stage1 intent=Home Services created=1 total=152
2026-04-19 09:08:45 INFO dataset: Stage1 intent=Automotive created=1 total=151
2026-04-19 09:12:10 INFO dataset: Stage1 intent=Information Retrieval created=1 total=151
2026-04-19 09:12:10 INFO dataset: Stage1 intent=Entertainment created=1 total=151
2026-04-19 09:12:10 INFO dataset: Stage1 intent=product_lookup created=1 total=145
2026-04-19 09:12:10 INFO dataset: Stage1 intent=Booking created=1 total=149
2026-04-19 09:12:10 INFO dataset: Stage1 intent=weather created=1 total=153
2026-04-19 09:12:10 INFO dataset: Stage1 intent=data visualisation created=1 total=151
2026-04-19 09:12:10 INFO dataset: Stage1 intent=Planning created=1 total=154
2026-04-19 09:12:10 INFO dataset: Stage1 intent=productivity created=1 total=153
2026-04-19 09:12:10 INFO dataset: Stage1 intent=Recipe created=1 total=154
2026-04-19 09:12:10 INFO dataset: Stage1 intent=Localization created=1 total=144
2026-04-19 09:12:10 INFO dataset: Stage1 intent=Technical support created=1 total=154
2026-04-19 09:12:10 INFO dataset: Stage1 intent=Creating Writing created=1 total=154
2026-04-19 09:12:10 INFO dataset: Stage1 intent=Event Schedule created=1 total=142
2026-04-19 09:12:10 INFO dataset: Stage1 intent=Research Analysis created=1 total=149
2026-04-19 09:12:10 INFO dataset: Stage1 intent=Comparison created=1 total=151
2026-04-19 09:12:10 INFO dataset: Stage1 intent=calculation created=1 total=153
2026-04-19 09:12:10 INFO dataset: Stage1 intent=Travel created=1 total=153
2026-04-19 09:12:10 INFO dataset: Stage1 intent=Navigation created=1 total=152
2026-04-19 09:12:10 INFO dataset: Stage1 intent=Education created=1 total=153
2026-04-19 09:12:10 INFO dataset: Stage1 intent=Documentation created=1 total=153
2026-04-19 09:12:10 INFO dataset: Stage1 intent=media playback created=1 total=148
2026-04-19 09:12:10 INFO dataset: Stage1 intent=qr scanner created=1 total=149
2026-04-19 09:12:10 INFO dataset: Stage1 intent=status check created=1 total=147
2026-04-19 09:12:10 INFO dataset: Stage1 intent=notification created=1 total=150
2026-04-19 09:12:10 INFO dataset: Stage1 intent=Finance created=1 total=154
2026-04-19 09:12:10 INFO dataset: Stage1 intent=Healthcare created=1 total=154
2026-04-19 09:12:10 INFO dataset: Stage1 intent=Legal created=1 total=154
2026-04-19 09:12:10 INFO dataset: Stage1 intent=Real Estate created=1 total=153
2026-04-19 09:12:10 INFO dataset: Stage1 intent=Career created=1 total=154
2026-04-19 09:12:10 INFO dataset: Stage1 intent=Food and Dining created=1 total=150
2026-04-19 09:12:10 INFO dataset: Stage1 intent=Home Services created=1 total=153
2026-04-19 09:12:10 INFO dataset: Stage1 intent=Automotive created=1 total=152
2026-04-19 09:15:41 INFO dataset: Stage1 intent=Information Retrieval created=1 total=152
2026-04-19 09:15:41 INFO dataset: Stage1 intent=Entertainment created=1 total=152
2026-04-19 09:15:41 INFO dataset: Stage1 intent=product_lookup created=1 total=146
2026-04-19 09:15:41 INFO dataset: Stage1 intent=Booking created=1 total=150
2026-04-19 09:15:41 INFO dataset: Stage1 intent=weather created=1 total=154
2026-04-19 09:15:41 INFO dataset: Stage1 intent=data visualisation created=1 total=152
2026-04-19 09:15:41 INFO dataset: Stage1 intent=Planning created=1 total=155
2026-04-19 09:15:41 INFO dataset: Stage1 intent=productivity created=1 total=154
2026-04-19 09:15:41 INFO dataset: Stage1 intent=Recipe created=1 total=155
2026-04-19 09:15:41 INFO dataset: Stage1 intent=Localization created=1 total=145
2026-04-19 09:15:41 INFO dataset: Stage1 intent=Technical support created=1 total=155
2026-04-19 09:15:41 INFO dataset: Stage1 intent=Creating Writing created=1 total=155
2026-04-19 09:15:41 INFO dataset: Stage1 intent=Event Schedule created=1 total=143
2026-04-19 09:15:41 INFO dataset: Stage1 intent=Research Analysis created=1 total=150
2026-04-19 09:15:41 INFO dataset: Stage1 intent=Comparison created=1 total=152
2026-04-19 09:15:41 INFO dataset: Stage1 intent=calculation created=1 total=154
2026-04-19 09:15:41 INFO dataset: Stage1 intent=Travel created=1 total=154
2026-04-19 09:15:41 INFO dataset: Stage1 intent=Navigation created=1 total=153
2026-04-19 09:15:41 INFO dataset: Stage1 intent=Education created=1 total=154
2026-04-19 09:15:41 INFO dataset: Stage1 intent=Documentation created=1 total=154
2026-04-19 09:15:41 INFO dataset: Stage1 intent=media playback created=1 total=149
2026-04-19 09:15:41 INFO dataset: Stage1 intent=qr scanner created=1 total=150
2026-04-19 09:15:41 ERROR dataset: Stage1 parse error intent=status check: Unterminated string starting at: line 3 column 19 (char 24)
2026-04-19 09:15:41 INFO dataset: Stage1 intent=notification created=1 total=151
2026-04-19 09:15:41 INFO dataset: Stage1 intent=Finance created=1 total=155
2026-04-19 09:15:41 INFO dataset: Stage1 intent=Healthcare created=1 total=155
2026-04-19 09:15:41 INFO dataset: Stage1 intent=Legal created=1 total=155
2026-04-19 09:15:41 INFO dataset: Stage1 intent=Real Estate created=1 total=154
2026-04-19 09:15:41 INFO dataset: Stage1 intent=Career created=1 total=155
2026-04-19 09:15:41 INFO dataset: Stage1 intent=Food and Dining created=1 total=151
2026-04-19 09:15:41 INFO dataset: Stage1 intent=Home Services created=1 total=154
2026-04-19 09:15:41 INFO dataset: Stage1 intent=Automotive created=1 total=153
2026-04-19 09:19:19 INFO dataset: Stage1 intent=Information Retrieval created=1 total=153
2026-04-19 09:19:19 INFO dataset: Stage1 intent=Entertainment created=1 total=153
2026-04-19 09:19:19 ERROR dataset: Stage1 parse error intent=product_lookup: Unterminated string starting at: line 3 column 19 (char 24)
2026-04-19 09:19:19 INFO dataset: Stage1 intent=Booking created=1 total=151
2026-04-19 09:19:19 INFO dataset: Stage1 intent=weather created=1 total=155
2026-04-19 09:19:19 INFO dataset: Stage1 intent=data visualisation created=1 total=153
2026-04-19 09:19:19 INFO dataset: Stage1 intent=Planning created=1 total=156
2026-04-19 09:19:19 INFO dataset: Stage1 intent=productivity created=1 total=155
2026-04-19 09:19:19 INFO dataset: Stage1 intent=Recipe created=1 total=156
2026-04-19 09:19:19 INFO dataset: Stage1 intent=Localization created=1 total=146
2026-04-19 09:19:19 INFO dataset: Stage1 intent=Technical support created=1 total=156
2026-04-19 09:19:19 INFO dataset: Stage1 intent=Creating Writing created=1 total=156
2026-04-19 09:19:19 ERROR dataset: Stage1 parse error intent=Event Schedule: Unterminated string starting at: line 3 column 19 (char 24)
2026-04-19 09:19:19 INFO dataset: Stage1 intent=Research Analysis created=1 total=151
2026-04-19 09:19:19 INFO dataset: Stage1 intent=Comparison created=1 total=153
2026-04-19 09:19:19 INFO dataset: Stage1 intent=calculation created=1 total=155
2026-04-19 09:19:19 INFO dataset: Stage1 intent=Travel created=1 total=155
2026-04-19 09:19:19 INFO dataset: Stage1 intent=Navigation created=1 total=154
2026-04-19 09:19:19 INFO dataset: Stage1 intent=Education created=1 total=155
2026-04-19 09:19:19 ERROR dataset: Stage1 parse error intent=Documentation: Unterminated string starting at: line 3 column 19 (char 24)
2026-04-19 09:19:19 INFO dataset: Stage1 intent=media playback created=1 total=150
2026-04-19 09:19:19 INFO dataset: Stage1 intent=qr scanner created=1 total=151
2026-04-19 09:19:19 INFO dataset: Stage1 intent=status check created=1 total=148
2026-04-19 09:19:19 INFO dataset: Stage1 intent=notification created=1 total=152
2026-04-19 09:19:19 INFO dataset: Stage1 intent=Finance created=1 total=156
2026-04-19 09:19:19 INFO dataset: Stage1 intent=Healthcare created=1 total=156
2026-04-19 09:19:19 INFO dataset: Stage1 intent=Legal created=1 total=156
2026-04-19 09:19:19 INFO dataset: Stage1 intent=Real Estate created=1 total=155
2026-04-19 09:19:19 INFO dataset: Stage1 intent=Career created=1 total=156
2026-04-19 09:19:19 INFO dataset: Stage1 intent=Food and Dining created=1 total=152
2026-04-19 09:19:19 INFO dataset: Stage1 intent=Home Services created=1 total=155
2026-04-19 09:19:19 INFO dataset: Stage1 intent=Automotive created=1 total=154
2026-04-19 09:22:48 INFO dataset: Stage1 intent=Information Retrieval created=1 total=154
2026-04-19 09:22:48 INFO dataset: Stage1 intent=Entertainment created=1 total=154
2026-04-19 09:22:48 INFO dataset: Stage1 intent=product_lookup created=1 total=147
2026-04-19 09:22:48 INFO dataset: Stage1 intent=Booking created=1 total=152
2026-04-19 09:22:48 INFO dataset: Stage1 intent=weather created=1 total=156
2026-04-19 09:22:48 INFO dataset: Stage1 intent=data visualisation created=1 total=154
2026-04-19 09:22:48 INFO dataset: Stage1 intent=Planning created=1 total=157
2026-04-19 09:22:48 INFO dataset: Stage1 intent=productivity created=1 total=156
2026-04-19 09:22:48 INFO dataset: Stage1 intent=Recipe created=1 total=157
2026-04-19 09:22:48 INFO dataset: Stage1 intent=Localization created=1 total=147
2026-04-19 09:22:48 INFO dataset: Stage1 intent=Technical support created=1 total=157
2026-04-19 09:22:48 INFO dataset: Stage1 intent=Creating Writing created=1 total=157
2026-04-19 09:22:48 INFO dataset: Stage1 intent=Event Schedule created=1 total=144
2026-04-19 09:22:48 INFO dataset: Stage1 intent=Research Analysis created=1 total=152
2026-04-19 09:22:48 INFO dataset: Stage1 intent=Comparison created=1 total=154
2026-04-19 09:22:48 INFO dataset: Stage1 intent=calculation created=1 total=156
2026-04-19 09:22:48 INFO dataset: Stage1 intent=Travel created=1 total=156
2026-04-19 09:22:48 INFO dataset: Stage1 intent=Navigation created=1 total=155
2026-04-19 09:22:48 INFO dataset: Stage1 intent=Education created=1 total=156
2026-04-19 09:22:48 INFO dataset: Stage1 intent=Documentation created=1 total=155
2026-04-19 09:22:48 INFO dataset: Stage1 intent=media playback created=1 total=151
2026-04-19 09:22:48 INFO dataset: Stage1 intent=qr scanner created=1 total=152
2026-04-19 09:22:48 INFO dataset: Stage1 intent=status check created=1 total=149
2026-04-19 09:22:48 INFO dataset: Stage1 intent=notification created=1 total=153
2026-04-19 09:22:48 INFO dataset: Stage1 intent=Finance created=1 total=157
2026-04-19 09:22:48 INFO dataset: Stage1 intent=Healthcare created=1 total=157
2026-04-19 09:22:48 INFO dataset: Stage1 intent=Legal created=1 total=157
2026-04-19 09:22:48 INFO dataset: Stage1 intent=Real Estate created=1 total=156
2026-04-19 09:22:48 INFO dataset: Stage1 intent=Career created=1 total=157
2026-04-19 09:22:48 INFO dataset: Stage1 intent=Food and Dining created=1 total=153
2026-04-19 09:22:48 INFO dataset: Stage1 intent=Home Services created=1 total=156
2026-04-19 09:22:48 INFO dataset: Stage1 intent=Automotive created=1 total=155
2026-04-19 09:26:20 INFO dataset: Stage1 intent=Information Retrieval created=1 total=155
2026-04-19 09:26:20 INFO dataset: Stage1 intent=Entertainment created=1 total=155
2026-04-19 09:26:20 INFO dataset: Stage1 intent=product_lookup created=1 total=148
2026-04-19 09:26:20 INFO dataset: Stage1 intent=Booking created=1 total=153
2026-04-19 09:26:20 INFO dataset: Stage1 intent=weather created=1 total=157
2026-04-19 09:26:20 ERROR dataset: Stage1 parse error intent=data visualisation: Unterminated string starting at: line 3 column 19 (char 24)
2026-04-19 09:26:20 INFO dataset: Stage1 intent=Planning created=1 total=158
2026-04-19 09:26:20 INFO dataset: Stage1 intent=productivity created=1 total=157
2026-04-19 09:26:20 INFO dataset: Stage1 intent=Recipe created=1 total=158
2026-04-19 09:26:20 INFO dataset: Stage1 intent=Localization created=1 total=148
2026-04-19 09:26:20 INFO dataset: Stage1 intent=Technical support created=1 total=158
2026-04-19 09:26:20 INFO dataset: Stage1 intent=Creating Writing created=1 total=158
2026-04-19 09:26:20 INFO dataset: Stage1 intent=Event Schedule created=1 total=145
2026-04-19 09:26:20 INFO dataset: Stage1 intent=Research Analysis created=1 total=153
2026-04-19 09:26:20 INFO dataset: Stage1 intent=Comparison created=1 total=155
2026-04-19 09:26:20 INFO dataset: Stage1 intent=calculation created=1 total=157
2026-04-19 09:26:20 INFO dataset: Stage1 intent=Travel created=1 total=157
2026-04-19 09:26:20 INFO dataset: Stage1 intent=Navigation created=1 total=156
2026-04-19 09:26:20 INFO dataset: Stage1 intent=Education created=1 total=157
2026-04-19 09:26:20 INFO dataset: Stage1 intent=Documentation created=1 total=156
2026-04-19 09:26:20 INFO dataset: Stage1 intent=media playback created=1 total=152
2026-04-19 09:26:20 INFO dataset: Stage1 intent=qr scanner created=1 total=153
2026-04-19 09:26:20 INFO dataset: Stage1 intent=status check created=1 total=150
2026-04-19 09:26:20 INFO dataset: Stage1 intent=notification created=1 total=154
2026-04-19 09:26:20 INFO dataset: Stage1 intent=Finance created=1 total=158
2026-04-19 09:26:20 INFO dataset: Stage1 intent=Healthcare created=1 total=158
2026-04-19 09:26:20 INFO dataset: Stage1 intent=Legal created=1 total=158
2026-04-19 09:26:20 INFO dataset: Stage1 intent=Real Estate created=1 total=157
2026-04-19 09:26:20 INFO dataset: Stage1 intent=Career created=1 total=158
2026-04-19 09:26:20 INFO dataset: Stage1 intent=Food and Dining created=1 total=154
2026-04-19 09:26:20 INFO dataset: Stage1 intent=Home Services created=1 total=157
2026-04-19 09:26:20 INFO dataset: Stage1 intent=Automotive created=1 total=156
2026-04-19 09:29:38 INFO dataset: Stage1 intent=Information Retrieval created=1 total=156
2026-04-19 09:29:38 INFO dataset: Stage1 intent=Entertainment created=1 total=156
2026-04-19 09:29:38 INFO dataset: Stage1 intent=product_lookup created=1 total=149
2026-04-19 09:29:38 INFO dataset: Stage1 intent=Booking created=1 total=154
2026-04-19 09:29:38 INFO dataset: Stage1 intent=weather created=1 total=158
2026-04-19 09:29:38 INFO dataset: Stage1 intent=data visualisation created=1 total=155
2026-04-19 09:29:38 INFO dataset: Stage1 intent=Planning created=1 total=159
2026-04-19 09:29:38 INFO dataset: Stage1 intent=productivity created=1 total=158
2026-04-19 09:29:38 INFO dataset: Stage1 intent=Recipe created=1 total=159
2026-04-19 09:29:38 INFO dataset: Stage1 intent=Localization created=1 total=149
2026-04-19 09:29:38 INFO dataset: Stage1 intent=Technical support created=1 total=159
2026-04-19 09:29:38 INFO dataset: Stage1 intent=Creating Writing created=1 total=159
2026-04-19 09:29:38 INFO dataset: Stage1 intent=Event Schedule created=1 total=146
2026-04-19 09:29:38 INFO dataset: Stage1 intent=Research Analysis created=1 total=154
2026-04-19 09:29:38 INFO dataset: Stage1 intent=Comparison created=1 total=156
2026-04-19 09:29:38 INFO dataset: Stage1 intent=calculation created=1 total=158
2026-04-19 09:29:38 INFO dataset: Stage1 intent=Travel created=1 total=158
2026-04-19 09:29:38 INFO dataset: Stage1 intent=Navigation created=1 total=157
2026-04-19 09:29:38 INFO dataset: Stage1 intent=Education created=1 total=158
2026-04-19 09:29:38 INFO dataset: Stage1 intent=Documentation created=1 total=157
2026-04-19 09:29:38 INFO dataset: Stage1 intent=media playback created=1 total=153
2026-04-19 09:29:38 INFO dataset: Stage1 intent=qr scanner created=1 total=154
2026-04-19 09:29:38 INFO dataset: Stage1 intent=status check created=1 total=151
2026-04-19 09:29:38 INFO dataset: Stage1 intent=notification created=1 total=155
2026-04-19 09:29:38 INFO dataset: Stage1 intent=Finance created=1 total=159
2026-04-19 09:29:38 INFO dataset: Stage1 intent=Healthcare created=1 total=159
2026-04-19 09:29:38 INFO dataset: Stage1 intent=Legal created=1 total=159
2026-04-19 09:29:38 INFO dataset: Stage1 intent=Real Estate created=1 total=158
2026-04-19 09:29:38 INFO dataset: Stage1 intent=Career created=1 total=159
2026-04-19 09:29:38 INFO dataset: Stage1 intent=Food and Dining created=1 total=155
2026-04-19 09:29:38 INFO dataset: Stage1 intent=Home Services created=1 total=158
2026-04-19 09:29:38 INFO dataset: Stage1 intent=Automotive created=1 total=157
2026-04-19 09:33:19 INFO dataset: Stage1 intent=Information Retrieval created=1 total=157
2026-04-19 09:33:19 INFO dataset: Stage1 intent=Entertainment created=1 total=157
2026-04-19 09:33:19 INFO dataset: Stage1 intent=product_lookup created=1 total=150
2026-04-19 09:33:19 INFO dataset: Stage1 intent=Booking created=1 total=155
2026-04-19 09:33:19 INFO dataset: Stage1 intent=weather created=1 total=159
2026-04-19 09:33:19 INFO dataset: Stage1 intent=data visualisation created=1 total=156
2026-04-19 09:33:19 INFO dataset: Stage1 intent=Planning created=1 total=160
2026-04-19 09:33:19 INFO dataset: Stage1 intent=productivity created=1 total=159
2026-04-19 09:33:19 INFO dataset: Stage1 intent=Recipe created=1 total=160
2026-04-19 09:33:19 INFO dataset: Stage1 intent=Localization created=1 total=150
2026-04-19 09:33:19 INFO dataset: Stage1 intent=Technical support created=1 total=160
2026-04-19 09:33:19 INFO dataset: Stage1 intent=Creating Writing created=1 total=160
2026-04-19 09:33:19 INFO dataset: Stage1 intent=Event Schedule created=1 total=147
2026-04-19 09:33:19 INFO dataset: Stage1 intent=Research Analysis created=1 total=155
2026-04-19 09:33:19 INFO dataset: Stage1 intent=Comparison created=1 total=157
2026-04-19 09:33:19 INFO dataset: Stage1 intent=calculation created=1 total=159
2026-04-19 09:33:19 INFO dataset: Stage1 intent=Travel created=1 total=159
2026-04-19 09:33:19 INFO dataset: Stage1 intent=Navigation created=1 total=158
2026-04-19 09:33:19 INFO dataset: Stage1 intent=Education created=1 total=159
2026-04-19 09:33:19 INFO dataset: Stage1 intent=Documentation created=1 total=158
2026-04-19 09:33:19 INFO dataset: Stage1 intent=media playback created=1 total=154
2026-04-19 09:33:19 INFO dataset: Stage1 intent=qr scanner created=1 total=155
2026-04-19 09:33:19 INFO dataset: Stage1 intent=status check created=1 total=152
2026-04-19 09:33:19 INFO dataset: Stage1 intent=notification created=1 total=156
2026-04-19 09:33:19 INFO dataset: Stage1 intent=Finance created=1 total=160
2026-04-19 09:33:19 INFO dataset: Stage1 intent=Healthcare created=1 total=160
2026-04-19 09:33:19 INFO dataset: Stage1 intent=Legal created=1 total=160
2026-04-19 09:33:19 INFO dataset: Stage1 intent=Real Estate created=1 total=159
2026-04-19 09:33:19 INFO dataset: Stage1 intent=Career created=1 total=160
2026-04-19 09:33:19 INFO dataset: Stage1 intent=Food and Dining created=1 total=156
2026-04-19 09:33:19 INFO dataset: Stage1 intent=Home Services created=1 total=159
2026-04-19 09:33:19 INFO dataset: Stage1 intent=Automotive created=1 total=158
2026-04-19 09:36:48 INFO dataset: Stage1 intent=Information Retrieval created=1 total=158
2026-04-19 09:36:48 INFO dataset: Stage1 intent=Entertainment created=1 total=158
2026-04-19 09:36:48 INFO dataset: Stage1 intent=product_lookup created=1 total=151
2026-04-19 09:36:48 INFO dataset: Stage1 intent=Booking created=1 total=156
2026-04-19 09:36:48 INFO dataset: Stage1 intent=weather created=1 total=160
2026-04-19 09:36:48 INFO dataset: Stage1 intent=data visualisation created=1 total=157
2026-04-19 09:36:48 INFO dataset: Stage1 intent=Planning created=1 total=161
2026-04-19 09:36:48 INFO dataset: Stage1 intent=productivity created=1 total=160
2026-04-19 09:36:48 INFO dataset: Stage1 intent=Recipe created=1 total=161
2026-04-19 09:36:48 INFO dataset: Stage1 intent=Localization created=1 total=151
2026-04-19 09:36:48 INFO dataset: Stage1 intent=Technical support created=1 total=161
2026-04-19 09:36:48 INFO dataset: Stage1 intent=Creating Writing created=1 total=161
2026-04-19 09:36:48 INFO dataset: Stage1 intent=Event Schedule created=1 total=148
2026-04-19 09:36:48 INFO dataset: Stage1 intent=Research Analysis created=1 total=156
2026-04-19 09:36:48 INFO dataset: Stage1 intent=Comparison created=1 total=158
2026-04-19 09:36:48 INFO dataset: Stage1 intent=calculation created=1 total=160
2026-04-19 09:36:48 INFO dataset: Stage1 intent=Travel created=1 total=160
2026-04-19 09:36:48 INFO dataset: Stage1 intent=Navigation created=1 total=159
2026-04-19 09:36:48 INFO dataset: Stage1 intent=Education created=1 total=160
2026-04-19 09:36:48 INFO dataset: Stage1 intent=Documentation created=1 total=159
2026-04-19 09:36:48 INFO dataset: Stage1 intent=media playback created=1 total=155
2026-04-19 09:36:48 INFO dataset: Stage1 intent=qr scanner created=1 total=156
2026-04-19 09:36:48 ERROR dataset: Stage1 parse error intent=status check: Unterminated string starting at: line 3 column 19 (char 24)
2026-04-19 09:36:48 INFO dataset: Stage1 intent=notification created=1 total=157
2026-04-19 09:36:48 INFO dataset: Stage1 intent=Finance created=1 total=161
2026-04-19 09:36:48 INFO dataset: Stage1 intent=Healthcare created=1 total=161
2026-04-19 09:36:48 INFO dataset: Stage1 intent=Legal created=1 total=161
2026-04-19 09:36:48 INFO dataset: Stage1 intent=Real Estate created=1 total=160
2026-04-19 09:36:48 INFO dataset: Stage1 intent=Career created=1 total=161
2026-04-19 09:36:48 INFO dataset: Stage1 intent=Food and Dining created=1 total=157
2026-04-19 09:36:48 INFO dataset: Stage1 intent=Home Services created=1 total=160
2026-04-19 09:36:48 INFO dataset: Stage1 intent=Automotive created=1 total=159
2026-04-19 09:40:19 INFO dataset: Stage1 intent=Information Retrieval created=1 total=159
2026-04-19 09:40:19 INFO dataset: Stage1 intent=Entertainment created=1 total=159
2026-04-19 09:40:19 INFO dataset: Stage1 intent=product_lookup created=1 total=152
2026-04-19 09:40:19 INFO dataset: Stage1 intent=Booking created=1 total=157
2026-04-19 09:40:19 INFO dataset: Stage1 intent=weather created=1 total=161
2026-04-19 09:40:19 INFO dataset: Stage1 intent=data visualisation created=1 total=158
2026-04-19 09:40:19 INFO dataset: Stage1 intent=Planning created=1 total=162
2026-04-19 09:40:19 INFO dataset: Stage1 intent=productivity created=1 total=161
2026-04-19 09:40:19 INFO dataset: Stage1 intent=Recipe created=1 total=162
2026-04-19 09:40:19 INFO dataset: Stage1 intent=Localization created=1 total=152
2026-04-19 09:40:19 INFO dataset: Stage1 intent=Technical support created=1 total=162
2026-04-19 09:40:19 INFO dataset: Stage1 intent=Creating Writing created=1 total=162
2026-04-19 09:40:19 INFO dataset: Stage1 intent=Event Schedule created=1 total=149
2026-04-19 09:40:19 INFO dataset: Stage1 intent=Research Analysis created=1 total=157
2026-04-19 09:40:19 INFO dataset: Stage1 intent=Comparison created=1 total=159
2026-04-19 09:40:19 INFO dataset: Stage1 intent=calculation created=1 total=161
2026-04-19 09:40:19 INFO dataset: Stage1 intent=Travel created=1 total=161
2026-04-19 09:40:19 INFO dataset: Stage1 intent=Navigation created=1 total=160
2026-04-19 09:40:19 INFO dataset: Stage1 intent=Education created=1 total=161
2026-04-19 09:40:19 INFO dataset: Stage1 intent=Documentation created=1 total=160
2026-04-19 09:40:19 INFO dataset: Stage1 intent=media playback created=1 total=156
2026-04-19 09:40:19 INFO dataset: Stage1 intent=qr scanner created=1 total=157
2026-04-19 09:40:19 INFO dataset: Stage1 intent=status check created=1 total=153
2026-04-19 09:40:19 INFO dataset: Stage1 intent=notification created=1 total=158
2026-04-19 09:40:19 INFO dataset: Stage1 intent=Finance created=1 total=162
2026-04-19 09:40:19 INFO dataset: Stage1 intent=Healthcare created=1 total=162
2026-04-19 09:40:19 INFO dataset: Stage1 intent=Legal created=1 total=162
2026-04-19 09:40:19 INFO dataset: Stage1 intent=Real Estate created=1 total=161
2026-04-19 09:40:19 INFO dataset: Stage1 intent=Career created=1 total=162
2026-04-19 09:40:19 INFO dataset: Stage1 intent=Food and Dining created=1 total=158
2026-04-19 09:40:19 INFO dataset: Stage1 intent=Home Services created=1 total=161
2026-04-19 09:40:19 INFO dataset: Stage1 intent=Automotive created=1 total=160
2026-04-19 09:43:50 INFO dataset: Stage1 intent=Information Retrieval created=1 total=160
2026-04-19 09:43:50 INFO dataset: Stage1 intent=Entertainment created=1 total=160
2026-04-19 09:43:50 INFO dataset: Stage1 intent=product_lookup created=1 total=153
2026-04-19 09:43:50 INFO dataset: Stage1 intent=Booking created=1 total=158
2026-04-19 09:43:50 INFO dataset: Stage1 intent=weather created=1 total=162
2026-04-19 09:43:50 INFO dataset: Stage1 intent=data visualisation created=1 total=159
2026-04-19 09:43:50 INFO dataset: Stage1 intent=Planning created=1 total=163
2026-04-19 09:43:50 INFO dataset: Stage1 intent=productivity created=1 total=162
2026-04-19 09:43:50 INFO dataset: Stage1 intent=Recipe created=1 total=163
2026-04-19 09:43:50 INFO dataset: Stage1 intent=Localization created=1 total=153
2026-04-19 09:43:50 INFO dataset: Stage1 intent=Technical support created=1 total=163
2026-04-19 09:43:50 INFO dataset: Stage1 intent=Creating Writing created=1 total=163
2026-04-19 09:43:50 INFO dataset: Stage1 intent=Event Schedule created=1 total=150
2026-04-19 09:43:50 INFO dataset: Stage1 intent=Research Analysis created=1 total=158
2026-04-19 09:43:50 INFO dataset: Stage1 intent=Comparison created=1 total=160
2026-04-19 09:43:50 INFO dataset: Stage1 intent=calculation created=1 total=162
2026-04-19 09:43:50 INFO dataset: Stage1 intent=Travel created=1 total=162
2026-04-19 09:43:50 INFO dataset: Stage1 intent=Navigation created=1 total=161
2026-04-19 09:43:50 INFO dataset: Stage1 intent=Education created=1 total=162
2026-04-19 09:43:50 INFO dataset: Stage1 intent=Documentation created=1 total=161
2026-04-19 09:43:50 INFO dataset: Stage1 intent=media playback created=1 total=157
2026-04-19 09:43:50 INFO dataset: Stage1 intent=qr scanner created=1 total=158
2026-04-19 09:43:50 INFO dataset: Stage1 intent=status check created=1 total=154
2026-04-19 09:43:50 INFO dataset: Stage1 intent=notification created=1 total=159
2026-04-19 09:43:50 INFO dataset: Stage1 intent=Finance created=1 total=163
2026-04-19 09:43:50 INFO dataset: Stage1 intent=Healthcare created=1 total=163
2026-04-19 09:43:50 INFO dataset: Stage1 intent=Legal created=1 total=163
2026-04-19 09:43:50 INFO dataset: Stage1 intent=Real Estate created=1 total=162
2026-04-19 09:43:50 INFO dataset: Stage1 intent=Career created=1 total=163
2026-04-19 09:43:50 INFO dataset: Stage1 intent=Food and Dining created=1 total=159
2026-04-19 09:43:50 INFO dataset: Stage1 intent=Home Services created=1 total=162
2026-04-19 09:43:50 INFO dataset: Stage1 intent=Automotive created=1 total=161
2026-04-19 09:47:10 INFO dataset: Stage1 intent=Information Retrieval created=1 total=161
2026-04-19 09:47:10 INFO dataset: Stage1 intent=Entertainment created=1 total=161
2026-04-19 09:47:10 INFO dataset: Stage1 intent=product_lookup created=1 total=154
2026-04-19 09:47:10 INFO dataset: Stage1 intent=Booking created=1 total=159
2026-04-19 09:47:10 INFO dataset: Stage1 intent=weather created=1 total=163
2026-04-19 09:47:10 INFO dataset: Stage1 intent=data visualisation created=1 total=160
2026-04-19 09:47:10 INFO dataset: Stage1 intent=Planning created=1 total=164
2026-04-19 09:47:10 INFO dataset: Stage1 intent=productivity created=1 total=163
2026-04-19 09:47:10 INFO dataset: Stage1 intent=Recipe created=1 total=164
2026-04-19 09:47:10 INFO dataset: Stage1 intent=Localization created=1 total=154
2026-04-19 09:47:10 INFO dataset: Stage1 intent=Technical support created=1 total=164
2026-04-19 09:47:10 INFO dataset: Stage1 intent=Creating Writing created=1 total=164
2026-04-19 09:47:10 INFO dataset: Stage1 intent=Event Schedule created=1 total=151
2026-04-19 09:47:10 INFO dataset: Stage1 intent=Research Analysis created=1 total=159
2026-04-19 09:47:10 INFO dataset: Stage1 intent=Comparison created=1 total=161
2026-04-19 09:47:10 INFO dataset: Stage1 intent=calculation created=1 total=163
2026-04-19 09:47:10 INFO dataset: Stage1 intent=Travel created=1 total=163
2026-04-19 09:47:10 INFO dataset: Stage1 intent=Navigation created=1 total=162
2026-04-19 09:47:10 INFO dataset: Stage1 intent=Education created=1 total=163
2026-04-19 09:47:10 INFO dataset: Stage1 intent=Documentation created=1 total=162
2026-04-19 09:47:10 INFO dataset: Stage1 intent=media playback created=1 total=158
2026-04-19 09:47:10 INFO dataset: Stage1 intent=qr scanner created=1 total=159
2026-04-19 09:47:10 INFO dataset: Stage1 intent=status check created=1 total=155
2026-04-19 09:47:10 INFO dataset: Stage1 intent=notification created=1 total=160
2026-04-19 09:47:10 INFO dataset: Stage1 intent=Finance created=1 total=164
2026-04-19 09:47:10 INFO dataset: Stage1 intent=Healthcare created=1 total=164
2026-04-19 09:47:10 INFO dataset: Stage1 intent=Legal created=1 total=164
2026-04-19 09:47:10 INFO dataset: Stage1 intent=Real Estate created=1 total=163
2026-04-19 09:47:10 INFO dataset: Stage1 intent=Career created=1 total=164
2026-04-19 09:47:10 INFO dataset: Stage1 intent=Food and Dining created=1 total=160
2026-04-19 09:47:10 INFO dataset: Stage1 intent=Home Services created=1 total=163
2026-04-19 09:47:10 INFO dataset: Stage1 intent=Automotive created=1 total=162
2026-04-19 09:50:42 INFO dataset: Stage1 intent=Information Retrieval created=1 total=162
2026-04-19 09:50:42 INFO dataset: Stage1 intent=Entertainment created=1 total=162
2026-04-19 09:50:42 INFO dataset: Stage1 intent=product_lookup created=1 total=155
2026-04-19 09:50:42 INFO dataset: Stage1 intent=Booking created=1 total=160
2026-04-19 09:50:42 INFO dataset: Stage1 intent=weather created=1 total=164
2026-04-19 09:50:42 INFO dataset: Stage1 intent=data visualisation created=1 total=161
2026-04-19 09:50:42 INFO dataset: Stage1 intent=Planning created=1 total=165
2026-04-19 09:50:42 INFO dataset: Stage1 intent=productivity created=1 total=164
2026-04-19 09:50:42 INFO dataset: Stage1 intent=Recipe created=1 total=165
2026-04-19 09:50:42 INFO dataset: Stage1 intent=Localization created=1 total=155
2026-04-19 09:50:42 INFO dataset: Stage1 intent=Technical support created=1 total=165
2026-04-19 09:50:42 INFO dataset: Stage1 intent=Creating Writing created=1 total=165
2026-04-19 09:50:42 ERROR dataset: Stage1 parse error intent=Event Schedule: Expecting ',' delimiter: line 9 column 19 (char 1508)
2026-04-19 09:50:42 INFO dataset: Stage1 intent=Research Analysis created=1 total=160
2026-04-19 09:50:42 INFO dataset: Stage1 intent=Comparison created=1 total=162
2026-04-19 09:50:42 INFO dataset: Stage1 intent=calculation created=1 total=164
2026-04-19 09:50:42 INFO dataset: Stage1 intent=Travel created=1 total=164
2026-04-19 09:50:42 INFO dataset: Stage1 intent=Navigation created=1 total=163
2026-04-19 09:50:42 INFO dataset: Stage1 intent=Education created=1 total=164
2026-04-19 09:50:42 INFO dataset: Stage1 intent=Documentation created=1 total=163
2026-04-19 09:50:42 INFO dataset: Stage1 intent=media playback created=1 total=159
2026-04-19 09:50:42 INFO dataset: Stage1 intent=qr scanner created=1 total=160
2026-04-19 09:50:42 INFO dataset: Stage1 intent=status check created=1 total=156
2026-04-19 09:50:42 INFO dataset: Stage1 intent=notification created=1 total=161
2026-04-19 09:50:42 INFO dataset: Stage1 intent=Finance created=1 total=165
2026-04-19 09:50:42 INFO dataset: Stage1 intent=Healthcare created=1 total=165
2026-04-19 09:50:42 INFO dataset: Stage1 intent=Legal created=1 total=165
2026-04-19 09:50:42 INFO dataset: Stage1 intent=Real Estate created=1 total=164
2026-04-19 09:50:42 INFO dataset: Stage1 intent=Career created=1 total=165
2026-04-19 09:50:42 INFO dataset: Stage1 intent=Food and Dining created=1 total=161
2026-04-19 09:50:42 INFO dataset: Stage1 intent=Home Services created=1 total=164
2026-04-19 09:50:42 INFO dataset: Stage1 intent=Automotive created=1 total=163
2026-04-19 09:54:14 INFO dataset: Stage1 intent=Information Retrieval created=1 total=163
2026-04-19 09:54:14 INFO dataset: Stage1 intent=Entertainment created=1 total=163
2026-04-19 09:54:14 INFO dataset: Stage1 intent=product_lookup created=1 total=156
2026-04-19 09:54:14 INFO dataset: Stage1 intent=Booking created=1 total=161
2026-04-19 09:54:14 INFO dataset: Stage1 intent=weather created=1 total=165
2026-04-19 09:54:14 INFO dataset: Stage1 intent=data visualisation created=1 total=162
2026-04-19 09:54:14 INFO dataset: Stage1 intent=Planning created=1 total=166
2026-04-19 09:54:14 INFO dataset: Stage1 intent=productivity created=1 total=165
2026-04-19 09:54:14 INFO dataset: Stage1 intent=Recipe created=1 total=166
2026-04-19 09:54:14 INFO dataset: Stage1 intent=Localization created=1 total=156
2026-04-19 09:54:14 INFO dataset: Stage1 intent=Technical support created=1 total=166
2026-04-19 09:54:14 INFO dataset: Stage1 intent=Creating Writing created=1 total=166
2026-04-19 09:54:14 INFO dataset: Stage1 intent=Event Schedule created=1 total=152
2026-04-19 09:54:14 ERROR dataset: Stage1 parse error intent=Research Analysis: Unterminated string starting at: line 3 column 19 (char 24)
2026-04-19 09:54:14 INFO dataset: Stage1 intent=Comparison created=1 total=163
2026-04-19 09:54:14 INFO dataset: Stage1 intent=calculation created=1 total=165
2026-04-19 09:54:14 INFO dataset: Stage1 intent=Travel created=1 total=165
2026-04-19 09:54:14 INFO dataset: Stage1 intent=Navigation created=1 total=164
2026-04-19 09:54:14 INFO dataset: Stage1 intent=Education created=1 total=165
2026-04-19 09:54:14 INFO dataset: Stage1 intent=Documentation created=1 total=164
2026-04-19 09:54:14 INFO dataset: Stage1 intent=media playback created=1 total=160
2026-04-19 09:54:14 INFO dataset: Stage1 intent=qr scanner created=1 total=161
2026-04-19 09:54:14 INFO dataset: Stage1 intent=status check created=1 total=157
2026-04-19 09:54:14 INFO dataset: Stage1 intent=notification created=1 total=162
2026-04-19 09:54:14 INFO dataset: Stage1 intent=Finance created=1 total=166
2026-04-19 09:54:14 INFO dataset: Stage1 intent=Healthcare created=1 total=166
2026-04-19 09:54:14 INFO dataset: Stage1 intent=Legal created=1 total=166
2026-04-19 09:54:14 INFO dataset: Stage1 intent=Real Estate created=1 total=165
2026-04-19 09:54:14 INFO dataset: Stage1 intent=Career created=1 total=166
2026-04-19 09:54:14 INFO dataset: Stage1 intent=Food and Dining created=1 total=162
2026-04-19 09:54:14 INFO dataset: Stage1 intent=Home Services created=1 total=165
2026-04-19 09:54:14 INFO dataset: Stage1 intent=Automotive created=1 total=164
2026-04-19 09:57:47 INFO dataset: Stage1 intent=Information Retrieval created=1 total=164
2026-04-19 09:57:47 INFO dataset: Stage1 intent=Entertainment created=1 total=164
2026-04-19 09:57:47 INFO dataset: Stage1 intent=product_lookup created=1 total=157
2026-04-19 09:57:47 INFO dataset: Stage1 intent=Booking created=1 total=162
2026-04-19 09:57:47 INFO dataset: Stage1 intent=weather created=1 total=166
2026-04-19 09:57:47 INFO dataset: Stage1 intent=data visualisation created=1 total=163
2026-04-19 09:57:47 INFO dataset: Stage1 intent=Planning created=1 total=167
2026-04-19 09:57:47 INFO dataset: Stage1 intent=productivity created=1 total=166
2026-04-19 09:57:47 INFO dataset: Stage1 intent=Recipe created=1 total=167
2026-04-19 09:57:47 INFO dataset: Stage1 intent=Localization created=1 total=157
2026-04-19 09:57:47 INFO dataset: Stage1 intent=Technical support created=1 total=167
2026-04-19 09:57:47 INFO dataset: Stage1 intent=Creating Writing created=1 total=167
2026-04-19 09:57:47 INFO dataset: Stage1 intent=Event Schedule created=1 total=153
2026-04-19 09:57:47 INFO dataset: Stage1 intent=Research Analysis created=1 total=161
2026-04-19 09:57:47 INFO dataset: Stage1 intent=Comparison created=1 total=164
2026-04-19 09:57:47 INFO dataset: Stage1 intent=calculation created=1 total=166
2026-04-19 09:57:47 INFO dataset: Stage1 intent=Travel created=1 total=166
2026-04-19 09:57:47 INFO dataset: Stage1 intent=Navigation created=1 total=165
2026-04-19 09:57:47 INFO dataset: Stage1 intent=Education created=1 total=166
2026-04-19 09:57:47 INFO dataset: Stage1 intent=Documentation created=1 total=165
2026-04-19 09:57:47 INFO dataset: Stage1 intent=media playback created=1 total=161
2026-04-19 09:57:47 INFO dataset: Stage1 intent=qr scanner created=1 total=162
2026-04-19 09:57:47 INFO dataset: Stage1 intent=status check created=1 total=158
2026-04-19 09:57:47 INFO dataset: Stage1 intent=notification created=1 total=163
2026-04-19 09:57:47 INFO dataset: Stage1 intent=Finance created=1 total=167
2026-04-19 09:57:47 INFO dataset: Stage1 intent=Healthcare created=1 total=167
2026-04-19 09:57:47 INFO dataset: Stage1 intent=Legal created=1 total=167
2026-04-19 09:57:47 INFO dataset: Stage1 intent=Real Estate created=1 total=166
2026-04-19 09:57:47 INFO dataset: Stage1 intent=Career created=1 total=167
2026-04-19 09:57:47 INFO dataset: Stage1 intent=Food and Dining created=1 total=163
2026-04-19 09:57:47 INFO dataset: Stage1 intent=Home Services created=1 total=166
2026-04-19 09:57:47 INFO dataset: Stage1 intent=Automotive created=1 total=165
2026-04-19 10:01:16 INFO dataset: Stage1 intent=Information Retrieval created=1 total=165
2026-04-19 10:01:16 ERROR dataset: Stage1 parse error intent=Entertainment: Unterminated string starting at: line 3 column 19 (char 24)
2026-04-19 10:01:16 INFO dataset: Stage1 intent=product_lookup created=1 total=158
2026-04-19 10:01:16 INFO dataset: Stage1 intent=Booking created=1 total=163
2026-04-19 10:01:16 INFO dataset: Stage1 intent=weather created=1 total=167
2026-04-19 10:01:16 INFO dataset: Stage1 intent=data visualisation created=1 total=164
2026-04-19 10:01:16 INFO dataset: Stage1 intent=Planning created=1 total=168
2026-04-19 10:01:16 INFO dataset: Stage1 intent=productivity created=1 total=167
2026-04-19 10:01:16 INFO dataset: Stage1 intent=Recipe created=1 total=168
2026-04-19 10:01:16 INFO dataset: Stage1 intent=Localization created=1 total=158
2026-04-19 10:01:16 INFO dataset: Stage1 intent=Technical support created=1 total=168
2026-04-19 10:01:16 INFO dataset: Stage1 intent=Creating Writing created=1 total=168
2026-04-19 10:01:16 INFO dataset: Stage1 intent=Event Schedule created=1 total=154
2026-04-19 10:01:16 INFO dataset: Stage1 intent=Research Analysis created=1 total=162
2026-04-19 10:01:16 INFO dataset: Stage1 intent=Comparison created=1 total=165
2026-04-19 10:01:16 INFO dataset: Stage1 intent=calculation created=1 total=167
2026-04-19 10:01:16 INFO dataset: Stage1 intent=Travel created=1 total=167
2026-04-19 10:01:16 INFO dataset: Stage1 intent=Navigation created=1 total=166
2026-04-19 10:01:16 INFO dataset: Stage1 intent=Education created=1 total=167
2026-04-19 10:01:16 INFO dataset: Stage1 intent=Documentation created=1 total=166
2026-04-19 10:01:16 INFO dataset: Stage1 intent=media playback created=1 total=162
2026-04-19 10:01:16 INFO dataset: Stage1 intent=qr scanner created=1 total=163
2026-04-19 10:01:16 INFO dataset: Stage1 intent=status check created=1 total=159
2026-04-19 10:01:16 INFO dataset: Stage1 intent=notification created=1 total=164
2026-04-19 10:01:16 INFO dataset: Stage1 intent=Finance created=1 total=168
2026-04-19 10:01:16 INFO dataset: Stage1 intent=Healthcare created=1 total=168
2026-04-19 10:01:16 INFO dataset: Stage1 intent=Legal created=1 total=168
2026-04-19 10:01:16 INFO dataset: Stage1 intent=Real Estate created=1 total=167
2026-04-19 10:01:16 INFO dataset: Stage1 intent=Career created=1 total=168
2026-04-19 10:01:16 INFO dataset: Stage1 intent=Food and Dining created=1 total=164
2026-04-19 10:01:16 INFO dataset: Stage1 intent=Home Services created=1 total=167
2026-04-19 10:01:16 INFO dataset: Stage1 intent=Automotive created=1 total=166
2026-04-19 10:04:45 INFO dataset: Stage1 intent=Information Retrieval created=1 total=166
2026-04-19 10:04:45 INFO dataset: Stage1 intent=Entertainment created=1 total=165
2026-04-19 10:04:45 INFO dataset: Stage1 intent=product_lookup created=1 total=159
2026-04-19 10:04:45 INFO dataset: Stage1 intent=Booking created=1 total=164
2026-04-19 10:04:45 INFO dataset: Stage1 intent=weather created=1 total=168
2026-04-19 10:04:45 INFO dataset: Stage1 intent=data visualisation created=1 total=165
2026-04-19 10:04:45 INFO dataset: Stage1 intent=Planning created=1 total=169
2026-04-19 10:04:45 INFO dataset: Stage1 intent=productivity created=1 total=168
2026-04-19 10:04:45 INFO dataset: Stage1 intent=Recipe created=1 total=169
2026-04-19 10:04:45 INFO dataset: Stage1 intent=Localization created=1 total=159
2026-04-19 10:04:45 INFO dataset: Stage1 intent=Technical support created=1 total=169
2026-04-19 10:04:45 INFO dataset: Stage1 intent=Creating Writing created=1 total=169
2026-04-19 10:04:45 INFO dataset: Stage1 intent=Event Schedule created=1 total=155
2026-04-19 10:04:45 INFO dataset: Stage1 intent=Research Analysis created=1 total=163
2026-04-19 10:04:45 ERROR dataset: Stage1 parse error intent=Comparison: Unterminated string starting at: line 3 column 19 (char 24)
2026-04-19 10:04:45 INFO dataset: Stage1 intent=calculation created=1 total=168
2026-04-19 10:04:45 INFO dataset: Stage1 intent=Travel created=1 total=168
2026-04-19 10:04:45 INFO dataset: Stage1 intent=Navigation created=1 total=167
2026-04-19 10:04:45 INFO dataset: Stage1 intent=Education created=1 total=168
2026-04-19 10:04:45 INFO dataset: Stage1 intent=Documentation created=1 total=167
2026-04-19 10:04:45 INFO dataset: Stage1 intent=media playback created=1 total=163
2026-04-19 10:04:45 INFO dataset: Stage1 intent=qr scanner created=1 total=164
2026-04-19 10:04:45 INFO dataset: Stage1 intent=status check created=1 total=160
2026-04-19 10:04:45 INFO dataset: Stage1 intent=notification created=1 total=165
2026-04-19 10:04:45 INFO dataset: Stage1 intent=Finance created=1 total=169
2026-04-19 10:04:45 INFO dataset: Stage1 intent=Healthcare created=1 total=169
2026-04-19 10:04:45 INFO dataset: Stage1 intent=Legal created=1 total=169
2026-04-19 10:04:45 INFO dataset: Stage1 intent=Real Estate created=1 total=168
2026-04-19 10:04:45 INFO dataset: Stage1 intent=Career created=1 total=169
2026-04-19 10:04:45 INFO dataset: Stage1 intent=Food and Dining created=1 total=165
2026-04-19 10:04:45 INFO dataset: Stage1 intent=Home Services created=1 total=168
2026-04-19 10:04:45 INFO dataset: Stage1 intent=Automotive created=1 total=167
2026-04-19 10:08:31 INFO dataset: Stage1 intent=Information Retrieval created=1 total=167
2026-04-19 10:08:31 INFO dataset: Stage1 intent=Entertainment created=1 total=166
2026-04-19 10:08:31 ERROR dataset: Stage1 parse error intent=product_lookup: Unterminated string starting at: line 3 column 19 (char 24)
2026-04-19 10:08:31 INFO dataset: Stage1 intent=Booking created=1 total=165
2026-04-19 10:08:31 INFO dataset: Stage1 intent=weather created=1 total=169
2026-04-19 10:08:31 INFO dataset: Stage1 intent=data visualisation created=1 total=166
2026-04-19 10:08:31 INFO dataset: Stage1 intent=Planning created=1 total=170
2026-04-19 10:08:31 INFO dataset: Stage1 intent=productivity created=1 total=169
2026-04-19 10:08:31 INFO dataset: Stage1 intent=Recipe created=1 total=170
2026-04-19 10:08:31 INFO dataset: Stage1 intent=Localization created=1 total=160
2026-04-19 10:08:31 INFO dataset: Stage1 intent=Technical support created=1 total=170
2026-04-19 10:08:31 INFO dataset: Stage1 intent=Creating Writing created=1 total=170
2026-04-19 10:08:31 INFO dataset: Stage1 intent=Event Schedule created=1 total=156
2026-04-19 10:08:31 INFO dataset: Stage1 intent=Research Analysis created=1 total=164
2026-04-19 10:08:31 INFO dataset: Stage1 intent=Comparison created=1 total=166
2026-04-19 10:08:31 INFO dataset: Stage1 intent=calculation created=1 total=169
2026-04-19 10:08:31 INFO dataset: Stage1 intent=Travel created=1 total=169
2026-04-19 10:08:31 INFO dataset: Stage1 intent=Navigation created=1 total=168
2026-04-19 10:08:31 INFO dataset: Stage1 intent=Education created=1 total=169
2026-04-19 10:08:31 INFO dataset: Stage1 intent=Documentation created=1 total=168
2026-04-19 10:08:31 INFO dataset: Stage1 intent=media playback created=1 total=164
2026-04-19 10:08:31 INFO dataset: Stage1 intent=qr scanner created=1 total=165
2026-04-19 10:08:31 INFO dataset: Stage1 intent=status check created=1 total=161
2026-04-19 10:08:31 INFO dataset: Stage1 intent=notification created=1 total=166
2026-04-19 10:08:31 INFO dataset: Stage1 intent=Finance created=1 total=170
2026-04-19 10:08:31 INFO dataset: Stage1 intent=Healthcare created=1 total=170
2026-04-19 10:08:31 INFO dataset: Stage1 intent=Legal created=1 total=170
2026-04-19 10:08:31 INFO dataset: Stage1 intent=Real Estate created=1 total=169
2026-04-19 10:08:31 INFO dataset: Stage1 intent=Career created=1 total=170
2026-04-19 10:08:31 INFO dataset: Stage1 intent=Food and Dining created=1 total=166
2026-04-19 10:08:31 INFO dataset: Stage1 intent=Home Services created=1 total=169
2026-04-19 10:08:31 INFO dataset: Stage1 intent=Automotive created=1 total=168
2026-04-19 10:12:03 INFO dataset: Stage1 intent=Information Retrieval created=1 total=168
2026-04-19 10:12:03 INFO dataset: Stage1 intent=Entertainment created=1 total=167
2026-04-19 10:12:03 INFO dataset: Stage1 intent=product_lookup created=1 total=160
2026-04-19 10:12:03 INFO dataset: Stage1 intent=Booking created=1 total=166
2026-04-19 10:12:03 INFO dataset: Stage1 intent=weather created=1 total=170
2026-04-19 10:12:03 INFO dataset: Stage1 intent=data visualisation created=1 total=167
2026-04-19 10:12:03 INFO dataset: Stage1 intent=Planning created=1 total=171
2026-04-19 10:12:03 INFO dataset: Stage1 intent=productivity created=1 total=170
2026-04-19 10:12:03 INFO dataset: Stage1 intent=Recipe created=1 total=171
2026-04-19 10:12:03 INFO dataset: Stage1 intent=Localization created=1 total=161
2026-04-19 10:12:03 INFO dataset: Stage1 intent=Technical support created=1 total=171
2026-04-19 10:12:03 INFO dataset: Stage1 intent=Creating Writing created=1 total=171
2026-04-19 10:12:03 INFO dataset: Stage1 intent=Event Schedule created=1 total=157
2026-04-19 10:12:03 INFO dataset: Stage1 intent=Research Analysis created=1 total=165
2026-04-19 10:12:03 INFO dataset: Stage1 intent=Comparison created=1 total=167
2026-04-19 10:12:03 INFO dataset: Stage1 intent=calculation created=1 total=170
2026-04-19 10:12:03 INFO dataset: Stage1 intent=Travel created=1 total=170
2026-04-19 10:12:03 INFO dataset: Stage1 intent=Navigation created=1 total=169
2026-04-19 10:12:03 INFO dataset: Stage1 intent=Education created=1 total=170
2026-04-19 10:12:03 INFO dataset: Stage1 intent=Documentation created=1 total=169
2026-04-19 10:12:03 INFO dataset: Stage1 intent=media playback created=1 total=165
2026-04-19 10:12:03 INFO dataset: Stage1 intent=qr scanner created=1 total=166
2026-04-19 10:12:03 INFO dataset: Stage1 intent=status check created=1 total=162
2026-04-19 10:12:03 INFO dataset: Stage1 intent=notification created=1 total=167
2026-04-19 10:12:03 INFO dataset: Stage1 intent=Finance created=1 total=171
2026-04-19 10:12:03 INFO dataset: Stage1 intent=Healthcare created=1 total=171
2026-04-19 10:12:03 INFO dataset: Stage1 intent=Legal created=1 total=171
2026-04-19 10:12:03 INFO dataset: Stage1 intent=Real Estate created=1 total=170
2026-04-19 10:12:03 INFO dataset: Stage1 intent=Career created=1 total=171
2026-04-19 10:12:03 INFO dataset: Stage1 intent=Food and Dining created=1 total=167
2026-04-19 10:12:03 INFO dataset: Stage1 intent=Home Services created=1 total=170
2026-04-19 10:12:03 INFO dataset: Stage1 intent=Automotive created=1 total=169
2026-04-19 10:15:46 INFO dataset: Stage1 intent=Information Retrieval created=1 total=169
2026-04-19 10:15:46 INFO dataset: Stage1 intent=Entertainment created=1 total=168
2026-04-19 10:15:46 INFO dataset: Stage1 intent=product_lookup created=1 total=161
2026-04-19 10:15:46 INFO dataset: Stage1 intent=Booking created=1 total=167
2026-04-19 10:15:46 INFO dataset: Stage1 intent=weather created=1 total=171
2026-04-19 10:15:46 INFO dataset: Stage1 intent=data visualisation created=1 total=168
2026-04-19 10:15:46 INFO dataset: Stage1 intent=Planning created=1 total=172
2026-04-19 10:15:46 INFO dataset: Stage1 intent=productivity created=1 total=171
2026-04-19 10:15:46 INFO dataset: Stage1 intent=Recipe created=1 total=172
2026-04-19 10:15:46 INFO dataset: Stage1 intent=Localization created=1 total=162
2026-04-19 10:15:46 INFO dataset: Stage1 intent=Technical support created=1 total=172
2026-04-19 10:15:46 INFO dataset: Stage1 intent=Creating Writing created=1 total=172
2026-04-19 10:15:46 INFO dataset: Stage1 intent=Event Schedule created=1 total=158
2026-04-19 10:15:46 INFO dataset: Stage1 intent=Research Analysis created=1 total=166
2026-04-19 10:15:46 INFO dataset: Stage1 intent=Comparison created=1 total=168
2026-04-19 10:15:46 INFO dataset: Stage1 intent=calculation created=1 total=171
2026-04-19 10:15:46 INFO dataset: Stage1 intent=Travel created=1 total=171
2026-04-19 10:15:46 INFO dataset: Stage1 intent=Navigation created=1 total=170
2026-04-19 10:15:46 INFO dataset: Stage1 intent=Education created=1 total=171
2026-04-19 10:15:46 INFO dataset: Stage1 intent=Documentation created=1 total=170
2026-04-19 10:15:46 INFO dataset: Stage1 intent=media playback created=1 total=166
2026-04-19 10:15:46 INFO dataset: Stage1 intent=qr scanner created=1 total=167
2026-04-19 10:15:46 INFO dataset: Stage1 intent=status check created=1 total=163
2026-04-19 10:15:46 INFO dataset: Stage1 intent=notification created=1 total=168
2026-04-19 10:15:46 INFO dataset: Stage1 intent=Finance created=1 total=172
2026-04-19 10:15:46 INFO dataset: Stage1 intent=Healthcare created=1 total=172
2026-04-19 10:15:46 INFO dataset: Stage1 intent=Legal created=1 total=172
2026-04-19 10:15:46 ERROR dataset: Stage1 parse error intent=Real Estate: Empty text
2026-04-19 10:15:46 INFO dataset: Stage1 intent=Career created=1 total=172
2026-04-19 10:15:46 INFO dataset: Stage1 intent=Food and Dining created=1 total=168
2026-04-19 10:15:46 INFO dataset: Stage1 intent=Home Services created=1 total=171
2026-04-19 10:15:46 INFO dataset: Stage1 intent=Automotive created=1 total=170
2026-04-19 10:19:14 INFO dataset: Stage1 intent=Information Retrieval created=1 total=170
2026-04-19 10:19:14 INFO dataset: Stage1 intent=Entertainment created=1 total=169
2026-04-19 10:19:14 INFO dataset: Stage1 intent=product_lookup created=1 total=162
2026-04-19 10:19:14 INFO dataset: Stage1 intent=Booking created=1 total=168
2026-04-19 10:19:14 INFO dataset: Stage1 intent=weather created=1 total=172
2026-04-19 10:19:14 INFO dataset: Stage1 intent=data visualisation created=1 total=169
2026-04-19 10:19:14 INFO dataset: Stage1 intent=Planning created=1 total=173
2026-04-19 10:19:14 INFO dataset: Stage1 intent=productivity created=1 total=172
2026-04-19 10:19:14 INFO dataset: Stage1 intent=Recipe created=1 total=173
2026-04-19 10:19:14 INFO dataset: Stage1 intent=Localization created=1 total=163
2026-04-19 10:19:14 INFO dataset: Stage1 intent=Technical support created=1 total=173
2026-04-19 10:19:14 INFO dataset: Stage1 intent=Creating Writing created=1 total=173
2026-04-19 10:19:14 INFO dataset: Stage1 intent=Event Schedule created=1 total=159
2026-04-19 10:19:14 INFO dataset: Stage1 intent=Research Analysis created=1 total=167
2026-04-19 10:19:14 INFO dataset: Stage1 intent=Comparison created=1 total=169
2026-04-19 10:19:14 INFO dataset: Stage1 intent=calculation created=1 total=172
2026-04-19 10:19:14 INFO dataset: Stage1 intent=Travel created=1 total=172
2026-04-19 10:19:14 INFO dataset: Stage1 intent=Navigation created=1 total=171
2026-04-19 10:19:14 INFO dataset: Stage1 intent=Education created=1 total=172
2026-04-19 10:19:14 INFO dataset: Stage1 intent=Documentation created=1 total=171
2026-04-19 10:19:14 INFO dataset: Stage1 intent=media playback created=1 total=167
2026-04-19 10:19:14 INFO dataset: Stage1 intent=qr scanner created=1 total=168
2026-04-19 10:19:14 INFO dataset: Stage1 intent=status check created=1 total=164
2026-04-19 10:19:14 INFO dataset: Stage1 intent=notification created=1 total=169
2026-04-19 10:19:14 INFO dataset: Stage1 intent=Finance created=1 total=173
2026-04-19 10:19:14 INFO dataset: Stage1 intent=Healthcare created=1 total=173
2026-04-19 10:19:14 INFO dataset: Stage1 intent=Legal created=1 total=173
2026-04-19 10:19:14 ERROR dataset: Stage1 parse error intent=Real Estate: Unterminated string starting at: line 3 column 19 (char 24)
2026-04-19 10:19:14 INFO dataset: Stage1 intent=Career created=1 total=173
2026-04-19 10:19:14 INFO dataset: Stage1 intent=Food and Dining created=1 total=169
2026-04-19 10:19:14 INFO dataset: Stage1 intent=Home Services created=1 total=172
2026-04-19 10:19:14 INFO dataset: Stage1 intent=Automotive created=1 total=171
2026-04-19 10:22:50 INFO dataset: Stage1 intent=Information Retrieval created=1 total=171
2026-04-19 10:22:50 INFO dataset: Stage1 intent=Entertainment created=1 total=170
2026-04-19 10:22:50 INFO dataset: Stage1 intent=product_lookup created=1 total=163
2026-04-19 10:22:50 INFO dataset: Stage1 intent=Booking created=1 total=169
2026-04-19 10:22:50 INFO dataset: Stage1 intent=weather created=1 total=173
2026-04-19 10:22:50 INFO dataset: Stage1 intent=data visualisation created=1 total=170
2026-04-19 10:22:50 INFO dataset: Stage1 intent=Planning created=1 total=174
2026-04-19 10:22:50 INFO dataset: Stage1 intent=productivity created=1 total=173
2026-04-19 10:22:50 INFO dataset: Stage1 intent=Recipe created=1 total=174
2026-04-19 10:22:50 INFO dataset: Stage1 intent=Localization created=1 total=164
2026-04-19 10:22:50 INFO dataset: Stage1 intent=Technical support created=1 total=174
2026-04-19 10:22:50 INFO dataset: Stage1 intent=Creating Writing created=1 total=174
2026-04-19 10:22:50 INFO dataset: Stage1 intent=Event Schedule created=1 total=160
2026-04-19 10:22:50 ERROR dataset: Stage1 parse error intent=Research Analysis: Unterminated string starting at: line 3 column 19 (char 24)
2026-04-19 10:22:50 INFO dataset: Stage1 intent=Comparison created=1 total=170
2026-04-19 10:22:50 INFO dataset: Stage1 intent=calculation created=1 total=173
2026-04-19 10:22:50 INFO dataset: Stage1 intent=Travel created=1 total=173
2026-04-19 10:22:50 INFO dataset: Stage1 intent=Navigation created=1 total=172
2026-04-19 10:22:50 INFO dataset: Stage1 intent=Education created=1 total=173
2026-04-19 10:22:50 INFO dataset: Stage1 intent=Documentation created=1 total=172
2026-04-19 10:22:50 INFO dataset: Stage1 intent=media playback created=1 total=168
2026-04-19 10:22:50 INFO dataset: Stage1 intent=qr scanner created=1 total=169
2026-04-19 10:22:50 INFO dataset: Stage1 intent=status check created=1 total=165
2026-04-19 10:22:50 INFO dataset: Stage1 intent=notification created=1 total=170
2026-04-19 10:22:50 INFO dataset: Stage1 intent=Finance created=1 total=174
2026-04-19 10:22:50 INFO dataset: Stage1 intent=Healthcare created=1 total=174
2026-04-19 10:22:50 INFO dataset: Stage1 intent=Legal created=1 total=174
2026-04-19 10:22:50 INFO dataset: Stage1 intent=Real Estate created=1 total=171
2026-04-19 10:22:50 INFO dataset: Stage1 intent=Career created=1 total=174
2026-04-19 10:22:50 INFO dataset: Stage1 intent=Food and Dining created=1 total=170
2026-04-19 10:22:50 INFO dataset: Stage1 intent=Home Services created=1 total=173
2026-04-19 10:22:50 INFO dataset: Stage1 intent=Automotive created=1 total=172
2026-04-19 10:26:40 INFO dataset: Stage1 intent=Information Retrieval created=1 total=172
2026-04-19 10:26:40 INFO dataset: Stage1 intent=Entertainment created=1 total=171
2026-04-19 10:26:40 ERROR dataset: Stage1 parse error intent=product_lookup: Unterminated string starting at: line 3 column 19 (char 24)
2026-04-19 10:26:40 INFO dataset: Stage1 intent=Booking created=1 total=170
2026-04-19 10:26:40 INFO dataset: Stage1 intent=weather created=1 total=174
2026-04-19 10:26:40 INFO dataset: Stage1 intent=data visualisation created=1 total=171
2026-04-19 10:26:40 INFO dataset: Stage1 intent=Planning created=1 total=175
2026-04-19 10:26:40 INFO dataset: Stage1 intent=productivity created=1 total=174
2026-04-19 10:26:40 INFO dataset: Stage1 intent=Recipe created=1 total=175
2026-04-19 10:26:40 INFO dataset: Stage1 intent=Localization created=1 total=165
2026-04-19 10:26:40 INFO dataset: Stage1 intent=Technical support created=1 total=175
2026-04-19 10:26:40 INFO dataset: Stage1 intent=Creating Writing created=1 total=175
2026-04-19 10:26:40 INFO dataset: Stage1 intent=Event Schedule created=1 total=161
2026-04-19 10:26:40 INFO dataset: Stage1 intent=Research Analysis created=1 total=168
2026-04-19 10:26:40 INFO dataset: Stage1 intent=Comparison created=1 total=171
2026-04-19 10:26:40 INFO dataset: Stage1 intent=calculation created=1 total=174
2026-04-19 10:26:40 INFO dataset: Stage1 intent=Travel created=1 total=174
2026-04-19 10:26:40 INFO dataset: Stage1 intent=Navigation created=1 total=173
2026-04-19 10:26:40 INFO dataset: Stage1 intent=Education created=1 total=174
2026-04-19 10:26:40 INFO dataset: Stage1 intent=Documentation created=1 total=173
2026-04-19 10:26:40 INFO dataset: Stage1 intent=media playback created=1 total=169
2026-04-19 10:26:40 INFO dataset: Stage1 intent=qr scanner created=1 total=170
2026-04-19 10:26:40 INFO dataset: Stage1 intent=status check created=1 total=166
2026-04-19 10:26:40 INFO dataset: Stage1 intent=notification created=1 total=171
2026-04-19 10:26:40 ERROR dataset: Stage1 parse error intent=Finance: Unterminated string starting at: line 3 column 19 (char 24)
2026-04-19 10:26:40 INFO dataset: Stage1 intent=Healthcare created=1 total=175
2026-04-19 10:26:40 INFO dataset: Stage1 intent=Legal created=1 total=175
2026-04-19 10:26:40 INFO dataset: Stage1 intent=Real Estate created=1 total=172
2026-04-19 10:26:40 INFO dataset: Stage1 intent=Career created=1 total=175
2026-04-19 10:26:40 INFO dataset: Stage1 intent=Food and Dining created=1 total=171
2026-04-19 10:26:40 INFO dataset: Stage1 intent=Home Services created=1 total=174
2026-04-19 10:26:40 INFO dataset: Stage1 intent=Automotive created=1 total=173
2026-04-19 10:30:08 INFO dataset: Stage1 intent=Information Retrieval created=1 total=173
2026-04-19 10:30:08 INFO dataset: Stage1 intent=Entertainment created=1 total=172
2026-04-19 10:30:08 INFO dataset: Stage1 intent=product_lookup created=1 total=164
2026-04-19 10:30:08 INFO dataset: Stage1 intent=Booking created=1 total=171
2026-04-19 10:30:08 INFO dataset: Stage1 intent=weather created=1 total=175
2026-04-19 10:30:08 ERROR dataset: Stage1 parse error intent=data visualisation: Unterminated string starting at: line 3 column 19 (char 24)
2026-04-19 10:30:08 INFO dataset: Stage1 intent=Planning created=1 total=176
2026-04-19 10:30:08 INFO dataset: Stage1 intent=productivity created=1 total=175
2026-04-19 10:30:08 INFO dataset: Stage1 intent=Recipe created=1 total=176
2026-04-19 10:30:08 INFO dataset: Stage1 intent=Localization created=1 total=166
2026-04-19 10:30:08 INFO dataset: Stage1 intent=Technical support created=1 total=176
2026-04-19 10:30:08 INFO dataset: Stage1 intent=Creating Writing created=1 total=176
2026-04-19 10:30:08 INFO dataset: Stage1 intent=Event Schedule created=1 total=162
2026-04-19 10:30:08 INFO dataset: Stage1 intent=Research Analysis created=1 total=169
2026-04-19 10:30:08 INFO dataset: Stage1 intent=Comparison created=1 total=172
2026-04-19 10:30:08 INFO dataset: Stage1 intent=calculation created=1 total=175
2026-04-19 10:30:08 INFO dataset: Stage1 intent=Travel created=1 total=175
2026-04-19 10:30:08 INFO dataset: Stage1 intent=Navigation created=1 total=174
2026-04-19 10:30:08 INFO dataset: Stage1 intent=Education created=1 total=175
2026-04-19 10:30:08 INFO dataset: Stage1 intent=Documentation created=1 total=174
2026-04-19 10:30:08 INFO dataset: Stage1 intent=media playback created=1 total=170
2026-04-19 10:30:08 INFO dataset: Stage1 intent=qr scanner created=1 total=171
2026-04-19 10:30:08 INFO dataset: Stage1 intent=status check created=1 total=167
2026-04-19 10:30:08 INFO dataset: Stage1 intent=notification created=1 total=172
2026-04-19 10:30:08 INFO dataset: Stage1 intent=Finance created=1 total=175
2026-04-19 10:30:08 INFO dataset: Stage1 intent=Healthcare created=1 total=176
2026-04-19 10:30:08 INFO dataset: Stage1 intent=Legal created=1 total=176
2026-04-19 10:30:08 INFO dataset: Stage1 intent=Real Estate created=1 total=173
2026-04-19 10:30:08 INFO dataset: Stage1 intent=Career created=1 total=176
2026-04-19 10:30:08 INFO dataset: Stage1 intent=Food and Dining created=1 total=172
2026-04-19 10:30:08 INFO dataset: Stage1 intent=Home Services created=1 total=175
2026-04-19 10:30:08 INFO dataset: Stage1 intent=Automotive created=1 total=174
2026-04-19 10:33:41 INFO dataset: Stage1 intent=Information Retrieval created=1 total=174
2026-04-19 10:33:41 INFO dataset: Stage1 intent=Entertainment created=1 total=173
2026-04-19 10:33:41 INFO dataset: Stage1 intent=product_lookup created=1 total=165
2026-04-19 10:33:41 INFO dataset: Stage1 intent=Booking created=1 total=172
2026-04-19 10:33:41 INFO dataset: Stage1 intent=weather created=1 total=176
2026-04-19 10:33:41 INFO dataset: Stage1 intent=data visualisation created=1 total=172
2026-04-19 10:33:41 INFO dataset: Stage1 intent=Planning created=1 total=177
2026-04-19 10:33:41 INFO dataset: Stage1 intent=productivity created=1 total=176
2026-04-19 10:33:41 INFO dataset: Stage1 intent=Recipe created=1 total=177
2026-04-19 10:33:41 INFO dataset: Stage1 intent=Localization created=1 total=167
2026-04-19 10:33:41 INFO dataset: Stage1 intent=Technical support created=1 total=177
2026-04-19 10:33:41 INFO dataset: Stage1 intent=Creating Writing created=1 total=177
2026-04-19 10:33:41 INFO dataset: Stage1 intent=Event Schedule created=1 total=163
2026-04-19 10:33:41 INFO dataset: Stage1 intent=Research Analysis created=1 total=170
2026-04-19 10:33:41 INFO dataset: Stage1 intent=Comparison created=1 total=173
2026-04-19 10:33:41 INFO dataset: Stage1 intent=calculation created=1 total=176
2026-04-19 10:33:41 INFO dataset: Stage1 intent=Travel created=1 total=176
2026-04-19 10:33:41 INFO dataset: Stage1 intent=Navigation created=1 total=175
2026-04-19 10:33:41 INFO dataset: Stage1 intent=Education created=1 total=176
2026-04-19 10:33:41 INFO dataset: Stage1 intent=Documentation created=1 total=175
2026-04-19 10:33:41 INFO dataset: Stage1 intent=media playback created=1 total=171
2026-04-19 10:33:41 INFO dataset: Stage1 intent=qr scanner created=1 total=172
2026-04-19 10:33:41 INFO dataset: Stage1 intent=status check created=1 total=168
2026-04-19 10:33:41 INFO dataset: Stage1 intent=notification created=1 total=173
2026-04-19 10:33:41 INFO dataset: Stage1 intent=Finance created=1 total=176
2026-04-19 10:33:41 INFO dataset: Stage1 intent=Healthcare created=1 total=177
2026-04-19 10:33:41 INFO dataset: Stage1 intent=Legal created=1 total=177
2026-04-19 10:33:41 INFO dataset: Stage1 intent=Real Estate created=1 total=174
2026-04-19 10:33:41 INFO dataset: Stage1 intent=Career created=1 total=177
2026-04-19 10:33:41 INFO dataset: Stage1 intent=Food and Dining created=1 total=173
2026-04-19 10:33:41 INFO dataset: Stage1 intent=Home Services created=1 total=176
2026-04-19 10:33:41 INFO dataset: Stage1 intent=Automotive created=1 total=175
2026-04-19 10:37:06 INFO dataset: Stage1 intent=Information Retrieval created=1 total=175
2026-04-19 10:37:06 INFO dataset: Stage1 intent=Entertainment created=1 total=174
2026-04-19 10:37:06 INFO dataset: Stage1 intent=product_lookup created=1 total=166
2026-04-19 10:37:06 INFO dataset: Stage1 intent=Booking created=1 total=173
2026-04-19 10:37:06 ERROR dataset: Stage1 parse error intent=weather: Unterminated string starting at: line 3 column 19 (char 24)
2026-04-19 10:37:06 INFO dataset: Stage1 intent=data visualisation created=1 total=173
2026-04-19 10:37:06 INFO dataset: Stage1 intent=Planning created=1 total=178
2026-04-19 10:37:06 INFO dataset: Stage1 intent=productivity created=1 total=177
2026-04-19 10:37:06 INFO dataset: Stage1 intent=Recipe created=1 total=178
2026-04-19 10:37:06 INFO dataset: Stage1 intent=Localization created=1 total=168
2026-04-19 10:37:06 INFO dataset: Stage1 intent=Technical support created=1 total=178
2026-04-19 10:37:06 INFO dataset: Stage1 intent=Creating Writing created=1 total=178
2026-04-19 10:37:06 ERROR dataset: Stage1 parse error intent=Event Schedule: Unterminated string starting at: line 3 column 19 (char 24)
2026-04-19 10:37:06 INFO dataset: Stage1 intent=Research Analysis created=1 total=171
2026-04-19 10:37:06 INFO dataset: Stage1 intent=Comparison created=1 total=174
2026-04-19 10:37:06 INFO dataset: Stage1 intent=calculation created=1 total=177
2026-04-19 10:37:06 INFO dataset: Stage1 intent=Travel created=1 total=177
2026-04-19 10:37:06 INFO dataset: Stage1 intent=Navigation created=1 total=176
2026-04-19 10:37:06 INFO dataset: Stage1 intent=Education created=1 total=177
2026-04-19 10:37:06 INFO dataset: Stage1 intent=Documentation created=1 total=176
2026-04-19 10:37:06 INFO dataset: Stage1 intent=media playback created=1 total=172
2026-04-19 10:37:06 INFO dataset: Stage1 intent=qr scanner created=1 total=173
2026-04-19 10:37:06 INFO dataset: Stage1 intent=status check created=1 total=169
2026-04-19 10:37:06 INFO dataset: Stage1 intent=notification created=1 total=174
2026-04-19 10:37:06 INFO dataset: Stage1 intent=Finance created=1 total=177
2026-04-19 10:37:06 INFO dataset: Stage1 intent=Healthcare created=1 total=178
2026-04-19 10:37:06 INFO dataset: Stage1 intent=Legal created=1 total=178
2026-04-19 10:37:06 INFO dataset: Stage1 intent=Real Estate created=1 total=175
2026-04-19 10:37:06 INFO dataset: Stage1 intent=Career created=1 total=178
2026-04-19 10:37:06 INFO dataset: Stage1 intent=Food and Dining created=1 total=174
2026-04-19 10:37:06 INFO dataset: Stage1 intent=Home Services created=1 total=177
2026-04-19 10:37:06 INFO dataset: Stage1 intent=Automotive created=1 total=176
2026-04-19 10:40:34 INFO dataset: Stage1 intent=Information Retrieval created=1 total=176
2026-04-19 10:40:34 INFO dataset: Stage1 intent=Entertainment created=1 total=175
2026-04-19 10:40:34 INFO dataset: Stage1 intent=product_lookup created=1 total=167
2026-04-19 10:40:34 INFO dataset: Stage1 intent=Booking created=1 total=174
2026-04-19 10:40:34 INFO dataset: Stage1 intent=weather created=1 total=177
2026-04-19 10:40:34 INFO dataset: Stage1 intent=data visualisation created=1 total=174
2026-04-19 10:40:34 INFO dataset: Stage1 intent=Planning created=1 total=179
2026-04-19 10:40:34 INFO dataset: Stage1 intent=productivity created=1 total=178
2026-04-19 10:40:34 INFO dataset: Stage1 intent=Recipe created=1 total=179
2026-04-19 10:40:34 INFO dataset: Stage1 intent=Localization created=1 total=169
2026-04-19 10:40:34 INFO dataset: Stage1 intent=Technical support created=1 total=179
2026-04-19 10:40:34 INFO dataset: Stage1 intent=Creating Writing created=1 total=179
2026-04-19 10:40:34 INFO dataset: Stage1 intent=Event Schedule created=1 total=164
2026-04-19 10:40:34 INFO dataset: Stage1 intent=Research Analysis created=1 total=172
2026-04-19 10:40:34 INFO dataset: Stage1 intent=Comparison created=1 total=175
2026-04-19 10:40:34 INFO dataset: Stage1 intent=calculation created=1 total=178
2026-04-19 10:40:34 INFO dataset: Stage1 intent=Travel created=1 total=178
2026-04-19 10:40:34 INFO dataset: Stage1 intent=Navigation created=1 total=177
2026-04-19 10:40:34 INFO dataset: Stage1 intent=Education created=1 total=178
2026-04-19 10:40:34 INFO dataset: Stage1 intent=Documentation created=1 total=177
2026-04-19 10:40:34 INFO dataset: Stage1 intent=media playback created=1 total=173
2026-04-19 10:40:34 INFO dataset: Stage1 intent=qr scanner created=1 total=174
2026-04-19 10:40:34 INFO dataset: Stage1 intent=status check created=1 total=170
2026-04-19 10:40:34 INFO dataset: Stage1 intent=notification created=1 total=175
2026-04-19 10:40:34 INFO dataset: Stage1 intent=Finance created=1 total=178
2026-04-19 10:40:34 INFO dataset: Stage1 intent=Healthcare created=1 total=179
2026-04-19 10:40:34 INFO dataset: Stage1 intent=Legal created=1 total=179
2026-04-19 10:40:34 INFO dataset: Stage1 intent=Real Estate created=1 total=176
2026-04-19 10:40:34 INFO dataset: Stage1 intent=Career created=1 total=179
2026-04-19 10:40:34 INFO dataset: Stage1 intent=Food and Dining created=1 total=175
2026-04-19 10:40:34 INFO dataset: Stage1 intent=Home Services created=1 total=178
2026-04-19 10:40:34 INFO dataset: Stage1 intent=Automotive created=1 total=177
2026-04-19 10:44:10 INFO dataset: Stage1 intent=Information Retrieval created=1 total=177
2026-04-19 10:44:10 INFO dataset: Stage1 intent=Entertainment created=1 total=176
2026-04-19 10:44:10 INFO dataset: Stage1 intent=product_lookup created=1 total=168
2026-04-19 10:44:10 INFO dataset: Stage1 intent=Booking created=1 total=175
2026-04-19 10:44:10 INFO dataset: Stage1 intent=weather created=1 total=178
2026-04-19 10:44:10 INFO dataset: Stage1 intent=data visualisation created=1 total=175
2026-04-19 10:44:10 INFO dataset: Stage1 intent=Planning created=1 total=180
2026-04-19 10:44:10 INFO dataset: Stage1 intent=productivity created=1 total=179
2026-04-19 10:44:10 INFO dataset: Stage1 intent=Recipe created=1 total=180
2026-04-19 10:44:10 INFO dataset: Stage1 intent=Localization created=1 total=170
2026-04-19 10:44:10 INFO dataset: Stage1 intent=Technical support created=1 total=180
2026-04-19 10:44:10 INFO dataset: Stage1 intent=Creating Writing created=1 total=180
2026-04-19 10:44:10 INFO dataset: Stage1 intent=Event Schedule created=1 total=165
2026-04-19 10:44:10 INFO dataset: Stage1 intent=Research Analysis created=1 total=173
2026-04-19 10:44:10 INFO dataset: Stage1 intent=Comparison created=1 total=176
2026-04-19 10:44:10 INFO dataset: Stage1 intent=calculation created=1 total=179
2026-04-19 10:44:10 INFO dataset: Stage1 intent=Travel created=1 total=179
2026-04-19 10:44:10 ERROR dataset: Stage1 parse error intent=Navigation: Unterminated string starting at: line 3 column 19 (char 24)
2026-04-19 10:44:10 INFO dataset: Stage1 intent=Education created=1 total=179
2026-04-19 10:44:10 INFO dataset: Stage1 intent=Documentation created=1 total=178
2026-04-19 10:44:10 INFO dataset: Stage1 intent=media playback created=1 total=174
2026-04-19 10:44:10 INFO dataset: Stage1 intent=qr scanner created=1 total=175
2026-04-19 10:44:10 INFO dataset: Stage1 intent=status check created=1 total=171
2026-04-19 10:44:10 INFO dataset: Stage1 intent=notification created=1 total=176
2026-04-19 10:44:10 INFO dataset: Stage1 intent=Finance created=1 total=179
2026-04-19 10:44:10 INFO dataset: Stage1 intent=Healthcare created=1 total=180
2026-04-19 10:44:10 INFO dataset: Stage1 intent=Legal created=1 total=180
2026-04-19 10:44:10 INFO dataset: Stage1 intent=Real Estate created=1 total=177
2026-04-19 10:44:10 INFO dataset: Stage1 intent=Career created=1 total=180
2026-04-19 10:44:10 INFO dataset: Stage1 intent=Food and Dining created=1 total=176
2026-04-19 10:44:10 INFO dataset: Stage1 intent=Home Services created=1 total=179
2026-04-19 10:44:10 INFO dataset: Stage1 intent=Automotive created=1 total=178
2026-04-19 10:47:25 INFO dataset: Stage1 intent=Information Retrieval created=1 total=178
2026-04-19 10:47:25 INFO dataset: Stage1 intent=Entertainment created=1 total=177
2026-04-19 10:47:25 INFO dataset: Stage1 intent=product_lookup created=1 total=169
2026-04-19 10:47:25 INFO dataset: Stage1 intent=Booking created=1 total=176
2026-04-19 10:47:25 INFO dataset: Stage1 intent=weather created=1 total=179
2026-04-19 10:47:25 INFO dataset: Stage1 intent=data visualisation created=1 total=176
2026-04-19 10:47:25 INFO dataset: Stage1 intent=Planning created=1 total=181
2026-04-19 10:47:25 INFO dataset: Stage1 intent=productivity created=1 total=180
2026-04-19 10:47:25 INFO dataset: Stage1 intent=Recipe created=1 total=181
2026-04-19 10:47:25 INFO dataset: Stage1 intent=Localization created=1 total=171
2026-04-19 10:47:25 INFO dataset: Stage1 intent=Technical support created=1 total=181
2026-04-19 10:47:25 INFO dataset: Stage1 intent=Creating Writing created=1 total=181
2026-04-19 10:47:25 INFO dataset: Stage1 intent=Event Schedule created=1 total=166
2026-04-19 10:47:25 INFO dataset: Stage1 intent=Research Analysis created=1 total=174
2026-04-19 10:47:25 INFO dataset: Stage1 intent=Comparison created=1 total=177
2026-04-19 10:47:25 INFO dataset: Stage1 intent=calculation created=1 total=180
2026-04-19 10:47:25 INFO dataset: Stage1 intent=Travel created=1 total=180
2026-04-19 10:47:25 INFO dataset: Stage1 intent=Navigation created=1 total=178
2026-04-19 10:47:25 INFO dataset: Stage1 intent=Education created=1 total=180
2026-04-19 10:47:25 INFO dataset: Stage1 intent=Documentation created=1 total=179
2026-04-19 10:47:25 INFO dataset: Stage1 intent=media playback created=1 total=175
2026-04-19 10:47:25 INFO dataset: Stage1 intent=qr scanner created=1 total=176
2026-04-19 10:47:25 INFO dataset: Stage1 intent=status check created=1 total=172
2026-04-19 10:47:25 INFO dataset: Stage1 intent=notification created=1 total=177
2026-04-19 10:47:25 INFO dataset: Stage1 intent=Finance created=1 total=180
2026-04-19 10:47:25 INFO dataset: Stage1 intent=Healthcare created=1 total=181
2026-04-19 10:47:25 INFO dataset: Stage1 intent=Legal created=1 total=181
2026-04-19 10:47:25 INFO dataset: Stage1 intent=Real Estate created=1 total=178
2026-04-19 10:47:25 INFO dataset: Stage1 intent=Career created=1 total=181
2026-04-19 10:47:25 INFO dataset: Stage1 intent=Food and Dining created=1 total=177
2026-04-19 10:47:25 INFO dataset: Stage1 intent=Home Services created=1 total=180
2026-04-19 10:47:25 INFO dataset: Stage1 intent=Automotive created=1 total=179
2026-04-19 10:51:23 INFO dataset: Stage1 intent=Information Retrieval created=1 total=179
2026-04-19 10:51:23 INFO dataset: Stage1 intent=Entertainment created=1 total=178
2026-04-19 10:51:23 INFO dataset: Stage1 intent=product_lookup created=1 total=170
2026-04-19 10:51:23 INFO dataset: Stage1 intent=Booking created=1 total=177
2026-04-19 10:51:23 ERROR dataset: Stage1 parse error intent=weather: Unterminated string starting at: line 3 column 19 (char 24)
2026-04-19 10:51:23 INFO dataset: Stage1 intent=data visualisation created=1 total=177
2026-04-19 10:51:23 INFO dataset: Stage1 intent=Planning created=1 total=182
2026-04-19 10:51:23 INFO dataset: Stage1 intent=productivity created=1 total=181
2026-04-19 10:51:23 INFO dataset: Stage1 intent=Recipe created=1 total=182
2026-04-19 10:51:23 INFO dataset: Stage1 intent=Localization created=1 total=172
2026-04-19 10:51:23 INFO dataset: Stage1 intent=Technical support created=1 total=182
2026-04-19 10:51:23 INFO dataset: Stage1 intent=Creating Writing created=1 total=182
2026-04-19 10:51:23 INFO dataset: Stage1 intent=Event Schedule created=1 total=167
2026-04-19 10:51:23 INFO dataset: Stage1 intent=Research Analysis created=1 total=175
2026-04-19 10:51:23 INFO dataset: Stage1 intent=Comparison created=1 total=178
2026-04-19 10:51:23 INFO dataset: Stage1 intent=calculation created=1 total=181
2026-04-19 10:51:23 INFO dataset: Stage1 intent=Travel created=1 total=181
2026-04-19 10:51:23 INFO dataset: Stage1 intent=Navigation created=1 total=179
2026-04-19 10:51:23 INFO dataset: Stage1 intent=Education created=1 total=181
2026-04-19 10:51:23 INFO dataset: Stage1 intent=Documentation created=1 total=180
2026-04-19 10:51:23 INFO dataset: Stage1 intent=media playback created=1 total=176
2026-04-19 10:51:23 INFO dataset: Stage1 intent=qr scanner created=1 total=177
2026-04-19 10:51:23 INFO dataset: Stage1 intent=status check created=1 total=173
2026-04-19 10:51:23 INFO dataset: Stage1 intent=notification created=1 total=178
2026-04-19 10:51:23 INFO dataset: Stage1 intent=Finance created=1 total=181
2026-04-19 10:51:23 INFO dataset: Stage1 intent=Healthcare created=1 total=182
2026-04-19 10:51:23 INFO dataset: Stage1 intent=Legal created=1 total=182
2026-04-19 10:51:23 INFO dataset: Stage1 intent=Real Estate created=1 total=179
2026-04-19 10:51:23 INFO dataset: Stage1 intent=Career created=1 total=182
2026-04-19 10:51:23 INFO dataset: Stage1 intent=Food and Dining created=1 total=178
2026-04-19 10:51:23 INFO dataset: Stage1 intent=Home Services created=1 total=181
2026-04-19 10:51:23 ERROR dataset: Stage1 parse error intent=Automotive: Unterminated string starting at: line 3 column 19 (char 24)
2026-04-19 10:54:56 INFO dataset: Stage1 intent=Information Retrieval created=1 total=180
2026-04-19 10:54:56 INFO dataset: Stage1 intent=Entertainment created=1 total=179
2026-04-19 10:54:56 INFO dataset: Stage1 intent=product_lookup created=1 total=171
2026-04-19 10:54:56 INFO dataset: Stage1 intent=Booking created=1 total=178
2026-04-19 10:54:56 INFO dataset: Stage1 intent=weather created=1 total=180
2026-04-19 10:54:56 INFO dataset: Stage1 intent=data visualisation created=1 total=178
2026-04-19 10:54:56 INFO dataset: Stage1 intent=Planning created=1 total=183
2026-04-19 10:54:56 INFO dataset: Stage1 intent=productivity created=1 total=182
2026-04-19 10:54:56 INFO dataset: Stage1 intent=Recipe created=1 total=183
2026-04-19 10:54:56 INFO dataset: Stage1 intent=Localization created=1 total=173
2026-04-19 10:54:56 INFO dataset: Stage1 intent=Technical support created=1 total=183
2026-04-19 10:54:56 INFO dataset: Stage1 intent=Creating Writing created=1 total=183
2026-04-19 10:54:56 INFO dataset: Stage1 intent=Event Schedule created=1 total=168
2026-04-19 10:54:56 INFO dataset: Stage1 intent=Research Analysis created=1 total=176
2026-04-19 10:54:56 INFO dataset: Stage1 intent=Comparison created=1 total=179
2026-04-19 10:54:56 INFO dataset: Stage1 intent=calculation created=1 total=182
2026-04-19 10:54:56 INFO dataset: Stage1 intent=Travel created=1 total=182
2026-04-19 10:54:56 INFO dataset: Stage1 intent=Navigation created=1 total=180
2026-04-19 10:54:56 INFO dataset: Stage1 intent=Education created=1 total=182
2026-04-19 10:54:56 INFO dataset: Stage1 intent=Documentation created=1 total=181
2026-04-19 10:54:56 INFO dataset: Stage1 intent=media playback created=1 total=177
2026-04-19 10:54:56 INFO dataset: Stage1 intent=qr scanner created=1 total=178
2026-04-19 10:54:56 INFO dataset: Stage1 intent=status check created=1 total=174
2026-04-19 10:54:56 INFO dataset: Stage1 intent=notification created=1 total=179
2026-04-19 10:54:56 INFO dataset: Stage1 intent=Finance created=1 total=182
2026-04-19 10:54:56 INFO dataset: Stage1 intent=Healthcare created=1 total=183
2026-04-19 10:54:56 INFO dataset: Stage1 intent=Legal created=1 total=183
2026-04-19 10:54:56 INFO dataset: Stage1 intent=Real Estate created=1 total=180
2026-04-19 10:54:56 INFO dataset: Stage1 intent=Career created=1 total=183
2026-04-19 10:54:56 INFO dataset: Stage1 intent=Food and Dining created=1 total=179
2026-04-19 10:54:56 INFO dataset: Stage1 intent=Home Services created=1 total=182
2026-04-19 10:54:56 INFO dataset: Stage1 intent=Automotive created=1 total=180
2026-04-19 10:58:33 INFO dataset: Stage1 intent=Information Retrieval created=1 total=181
2026-04-19 10:58:33 INFO dataset: Stage1 intent=Entertainment created=1 total=180
2026-04-19 10:58:33 INFO dataset: Stage1 intent=product_lookup created=1 total=172
2026-04-19 10:58:33 INFO dataset: Stage1 intent=Booking created=1 total=179
2026-04-19 10:58:33 INFO dataset: Stage1 intent=weather created=1 total=181
2026-04-19 10:58:33 INFO dataset: Stage1 intent=data visualisation created=1 total=179
2026-04-19 10:58:33 INFO dataset: Stage1 intent=Planning created=1 total=184
2026-04-19 10:58:33 INFO dataset: Stage1 intent=productivity created=1 total=183
2026-04-19 10:58:33 INFO dataset: Stage1 intent=Recipe created=1 total=184
2026-04-19 10:58:33 INFO dataset: Stage1 intent=Localization created=1 total=174
2026-04-19 10:58:33 INFO dataset: Stage1 intent=Technical support created=1 total=184
2026-04-19 10:58:33 INFO dataset: Stage1 intent=Creating Writing created=1 total=184
2026-04-19 10:58:33 INFO dataset: Stage1 intent=Event Schedule created=1 total=169
2026-04-19 10:58:33 INFO dataset: Stage1 intent=Research Analysis created=1 total=177
2026-04-19 10:58:33 INFO dataset: Stage1 intent=Comparison created=1 total=180
2026-04-19 10:58:33 INFO dataset: Stage1 intent=calculation created=1 total=183
2026-04-19 10:58:33 INFO dataset: Stage1 intent=Travel created=1 total=183
2026-04-19 10:58:33 INFO dataset: Stage1 intent=Navigation created=1 total=181
2026-04-19 10:58:33 INFO dataset: Stage1 intent=Education created=1 total=183
2026-04-19 10:58:33 INFO dataset: Stage1 intent=Documentation created=1 total=182
2026-04-19 10:58:33 INFO dataset: Stage1 intent=media playback created=1 total=178
2026-04-19 10:58:33 INFO dataset: Stage1 intent=qr scanner created=1 total=179
2026-04-19 10:58:33 INFO dataset: Stage1 intent=status check created=1 total=175
2026-04-19 10:58:33 ERROR dataset: Stage1 parse error intent=notification: Unterminated string starting at: line 3 column 19 (char 24)
2026-04-19 10:58:33 INFO dataset: Stage1 intent=Finance created=1 total=183
2026-04-19 10:58:33 INFO dataset: Stage1 intent=Healthcare created=1 total=184
2026-04-19 10:58:33 INFO dataset: Stage1 intent=Legal created=1 total=184
2026-04-19 10:58:33 INFO dataset: Stage1 intent=Real Estate created=1 total=181
2026-04-19 10:58:33 INFO dataset: Stage1 intent=Career created=1 total=184
2026-04-19 10:58:33 INFO dataset: Stage1 intent=Food and Dining created=1 total=180
2026-04-19 10:58:33 INFO dataset: Stage1 intent=Home Services created=1 total=183
2026-04-19 10:58:33 INFO dataset: Stage1 intent=Automotive created=1 total=181
2026-04-19 11:02:09 ERROR dataset: Stage1 parse error intent=Information Retrieval: Unterminated string starting at: line 3 column 19 (char 24)
2026-04-19 11:02:09 INFO dataset: Stage1 intent=Entertainment created=1 total=181
2026-04-19 11:02:09 INFO dataset: Stage1 intent=product_lookup created=1 total=173
2026-04-19 11:02:09 INFO dataset: Stage1 intent=Booking created=1 total=180
2026-04-19 11:02:09 INFO dataset: Stage1 intent=weather created=1 total=182
2026-04-19 11:02:09 INFO dataset: Stage1 intent=data visualisation created=1 total=180
2026-04-19 11:02:09 INFO dataset: Stage1 intent=Planning created=1 total=185
2026-04-19 11:02:09 INFO dataset: Stage1 intent=productivity created=1 total=184
2026-04-19 11:02:09 INFO dataset: Stage1 intent=Recipe created=1 total=185
2026-04-19 11:02:09 INFO dataset: Stage1 intent=Localization created=1 total=175
2026-04-19 11:02:09 INFO dataset: Stage1 intent=Technical support created=1 total=185
2026-04-19 11:02:09 INFO dataset: Stage1 intent=Creating Writing created=1 total=185
2026-04-19 11:02:09 INFO dataset: Stage1 intent=Event Schedule created=1 total=170
2026-04-19 11:02:09 INFO dataset: Stage1 intent=Research Analysis created=1 total=178
2026-04-19 11:02:09 INFO dataset: Stage1 intent=Comparison created=1 total=181
2026-04-19 11:02:09 INFO dataset: Stage1 intent=calculation created=1 total=184
2026-04-19 11:02:09 INFO dataset: Stage1 intent=Travel created=1 total=184
2026-04-19 11:02:09 INFO dataset: Stage1 intent=Navigation created=1 total=182
2026-04-19 11:02:09 INFO dataset: Stage1 intent=Education created=1 total=184
2026-04-19 11:02:09 INFO dataset: Stage1 intent=Documentation created=1 total=183
2026-04-19 11:02:09 INFO dataset: Stage1 intent=media playback created=1 total=179
2026-04-19 11:02:09 INFO dataset: Stage1 intent=qr scanner created=1 total=180
2026-04-19 11:02:09 INFO dataset: Stage1 intent=status check created=1 total=176
2026-04-19 11:02:09 INFO dataset: Stage1 intent=notification created=1 total=180
2026-04-19 11:02:09 INFO dataset: Stage1 intent=Finance created=1 total=184
2026-04-19 11:02:09 INFO dataset: Stage1 intent=Healthcare created=1 total=185
2026-04-19 11:02:09 INFO dataset: Stage1 intent=Legal created=1 total=185
2026-04-19 11:02:09 INFO dataset: Stage1 intent=Real Estate created=1 total=182
2026-04-19 11:02:09 INFO dataset: Stage1 intent=Career created=1 total=185
2026-04-19 11:02:09 INFO dataset: Stage1 intent=Food and Dining created=1 total=181
2026-04-19 11:02:09 INFO dataset: Stage1 intent=Home Services created=1 total=184
2026-04-19 11:02:09 INFO dataset: Stage1 intent=Automotive created=1 total=182
2026-04-19 11:05:26 INFO dataset: Stage1 intent=Information Retrieval created=1 total=182
2026-04-19 11:05:26 INFO dataset: Stage1 intent=Entertainment created=1 total=182
2026-04-19 11:05:26 INFO dataset: Stage1 intent=product_lookup created=1 total=174
2026-04-19 11:05:26 INFO dataset: Stage1 intent=Booking created=1 total=181
2026-04-19 11:05:26 INFO dataset: Stage1 intent=weather created=1 total=183
2026-04-19 11:05:26 INFO dataset: Stage1 intent=data visualisation created=1 total=181
2026-04-19 11:05:26 INFO dataset: Stage1 intent=Planning created=1 total=186
2026-04-19 11:05:26 INFO dataset: Stage1 intent=productivity created=1 total=185
2026-04-19 11:05:26 INFO dataset: Stage1 intent=Recipe created=1 total=186
2026-04-19 11:05:26 INFO dataset: Stage1 intent=Localization created=1 total=176
2026-04-19 11:05:26 INFO dataset: Stage1 intent=Technical support created=1 total=186
2026-04-19 11:05:26 INFO dataset: Stage1 intent=Creating Writing created=1 total=186
2026-04-19 11:05:26 INFO dataset: Stage1 intent=Event Schedule created=1 total=171
2026-04-19 11:05:26 INFO dataset: Stage1 intent=Research Analysis created=1 total=179
2026-04-19 11:05:26 INFO dataset: Stage1 intent=Comparison created=1 total=182
2026-04-19 11:05:26 INFO dataset: Stage1 intent=calculation created=1 total=185
2026-04-19 11:05:26 INFO dataset: Stage1 intent=Travel created=1 total=185
2026-04-19 11:05:26 INFO dataset: Stage1 intent=Navigation created=1 total=183
2026-04-19 11:05:26 INFO dataset: Stage1 intent=Education created=1 total=185
2026-04-19 11:05:26 INFO dataset: Stage1 intent=Documentation created=1 total=184
2026-04-19 11:05:26 INFO dataset: Stage1 intent=media playback created=1 total=180
2026-04-19 11:05:26 INFO dataset: Stage1 intent=qr scanner created=1 total=181
2026-04-19 11:05:26 INFO dataset: Stage1 intent=status check created=1 total=177
2026-04-19 11:05:26 INFO dataset: Stage1 intent=notification created=1 total=181
2026-04-19 11:05:26 INFO dataset: Stage1 intent=Finance created=1 total=185
2026-04-19 11:05:26 INFO dataset: Stage1 intent=Healthcare created=1 total=186
2026-04-19 11:05:26 INFO dataset: Stage1 intent=Legal created=1 total=186
2026-04-19 11:05:26 INFO dataset: Stage1 intent=Real Estate created=1 total=183
2026-04-19 11:05:26 INFO dataset: Stage1 intent=Career created=1 total=186
2026-04-19 11:05:26 INFO dataset: Stage1 intent=Food and Dining created=1 total=182
2026-04-19 11:05:26 INFO dataset: Stage1 intent=Home Services created=1 total=185
2026-04-19 11:05:26 INFO dataset: Stage1 intent=Automotive created=1 total=183
2026-04-19 11:08:57 INFO dataset: Stage1 intent=Information Retrieval created=1 total=183
2026-04-19 11:08:57 ERROR dataset: Stage1 parse error intent=Entertainment: Unterminated string starting at: line 3 column 19 (char 24)
2026-04-19 11:08:57 INFO dataset: Stage1 intent=product_lookup created=1 total=175
2026-04-19 11:08:57 INFO dataset: Stage1 intent=Booking created=1 total=182
2026-04-19 11:08:57 INFO dataset: Stage1 intent=weather created=1 total=184
2026-04-19 11:08:57 INFO dataset: Stage1 intent=data visualisation created=1 total=182
2026-04-19 11:08:57 INFO dataset: Stage1 intent=Planning created=1 total=187
2026-04-19 11:08:57 INFO dataset: Stage1 intent=productivity created=1 total=186
2026-04-19 11:08:57 INFO dataset: Stage1 intent=Recipe created=1 total=187
2026-04-19 11:08:57 INFO dataset: Stage1 intent=Localization created=1 total=177
2026-04-19 11:08:57 INFO dataset: Stage1 intent=Technical support created=1 total=187
2026-04-19 11:08:57 INFO dataset: Stage1 intent=Creating Writing created=1 total=187
2026-04-19 11:08:57 INFO dataset: Stage1 intent=Event Schedule created=1 total=172
2026-04-19 11:08:57 INFO dataset: Stage1 intent=Research Analysis created=1 total=180
2026-04-19 11:08:57 INFO dataset: Stage1 intent=Comparison created=1 total=183
2026-04-19 11:08:57 INFO dataset: Stage1 intent=calculation created=1 total=186
2026-04-19 11:08:57 INFO dataset: Stage1 intent=Travel created=1 total=186
2026-04-19 11:08:57 INFO dataset: Stage1 intent=Navigation created=1 total=184
2026-04-19 11:08:57 INFO dataset: Stage1 intent=Education created=1 total=186
2026-04-19 11:08:57 INFO dataset: Stage1 intent=Documentation created=1 total=185
2026-04-19 11:08:57 INFO dataset: Stage1 intent=media playback created=1 total=181
2026-04-19 11:08:57 INFO dataset: Stage1 intent=qr scanner created=1 total=182
2026-04-19 11:08:57 INFO dataset: Stage1 intent=status check created=1 total=178
2026-04-19 11:08:57 INFO dataset: Stage1 intent=notification created=1 total=182
2026-04-19 11:08:57 INFO dataset: Stage1 intent=Finance created=1 total=186
2026-04-19 11:08:57 INFO dataset: Stage1 intent=Healthcare created=1 total=187
2026-04-19 11:08:57 INFO dataset: Stage1 intent=Legal created=1 total=187
2026-04-19 11:08:57 INFO dataset: Stage1 intent=Real Estate created=1 total=184
2026-04-19 11:08:57 INFO dataset: Stage1 intent=Career created=1 total=187
2026-04-19 11:08:57 INFO dataset: Stage1 intent=Food and Dining created=1 total=183
2026-04-19 11:08:57 INFO dataset: Stage1 intent=Home Services created=1 total=186
2026-04-19 11:08:57 INFO dataset: Stage1 intent=Automotive created=1 total=184
2026-04-19 11:12:36 INFO dataset: Stage1 intent=Information Retrieval created=1 total=184
2026-04-19 11:12:36 INFO dataset: Stage1 intent=Entertainment created=1 total=183
2026-04-19 11:12:36 INFO dataset: Stage1 intent=product_lookup created=1 total=176
2026-04-19 11:12:36 INFO dataset: Stage1 intent=Booking created=1 total=183
2026-04-19 11:12:36 INFO dataset: Stage1 intent=weather created=1 total=185
2026-04-19 11:12:36 INFO dataset: Stage1 intent=data visualisation created=1 total=183
2026-04-19 11:12:36 INFO dataset: Stage1 intent=Planning created=1 total=188
2026-04-19 11:12:36 INFO dataset: Stage1 intent=productivity created=1 total=187
2026-04-19 11:12:36 INFO dataset: Stage1 intent=Recipe created=1 total=188
2026-04-19 11:12:36 INFO dataset: Stage1 intent=Localization created=1 total=178
2026-04-19 11:12:36 INFO dataset: Stage1 intent=Technical support created=1 total=188
2026-04-19 11:12:36 INFO dataset: Stage1 intent=Creating Writing created=1 total=188
2026-04-19 11:12:36 INFO dataset: Stage1 intent=Event Schedule created=1 total=173
2026-04-19 11:12:36 INFO dataset: Stage1 intent=Research Analysis created=1 total=181
2026-04-19 11:12:36 INFO dataset: Stage1 intent=Comparison created=1 total=184
2026-04-19 11:12:36 INFO dataset: Stage1 intent=calculation created=1 total=187
2026-04-19 11:12:36 INFO dataset: Stage1 intent=Travel created=1 total=187
2026-04-19 11:12:36 INFO dataset: Stage1 intent=Navigation created=1 total=185
2026-04-19 11:12:36 INFO dataset: Stage1 intent=Education created=1 total=187
2026-04-19 11:12:36 INFO dataset: Stage1 intent=Documentation created=1 total=186
2026-04-19 11:12:36 INFO dataset: Stage1 intent=media playback created=1 total=182
2026-04-19 11:12:36 INFO dataset: Stage1 intent=qr scanner created=1 total=183
2026-04-19 11:12:36 INFO dataset: Stage1 intent=status check created=1 total=179
2026-04-19 11:12:36 INFO dataset: Stage1 intent=notification created=1 total=183
2026-04-19 11:12:36 INFO dataset: Stage1 intent=Finance created=1 total=187
2026-04-19 11:12:36 INFO dataset: Stage1 intent=Healthcare created=1 total=188
2026-04-19 11:12:36 INFO dataset: Stage1 intent=Legal created=1 total=188
2026-04-19 11:12:36 INFO dataset: Stage1 intent=Real Estate created=1 total=185
2026-04-19 11:12:36 INFO dataset: Stage1 intent=Career created=1 total=188
2026-04-19 11:12:36 INFO dataset: Stage1 intent=Food and Dining created=1 total=184
2026-04-19 11:12:36 INFO dataset: Stage1 intent=Home Services created=1 total=187
2026-04-19 11:12:36 INFO dataset: Stage1 intent=Automotive created=1 total=185
2026-04-19 11:16:21 INFO dataset: Stage1 intent=Information Retrieval created=1 total=185
2026-04-19 11:16:21 INFO dataset: Stage1 intent=Entertainment created=1 total=184
2026-04-19 11:16:21 INFO dataset: Stage1 intent=product_lookup created=1 total=177
2026-04-19 11:16:21 INFO dataset: Stage1 intent=Booking created=1 total=184
2026-04-19 11:16:21 INFO dataset: Stage1 intent=weather created=1 total=186
2026-04-19 11:16:21 INFO dataset: Stage1 intent=data visualisation created=1 total=184
2026-04-19 11:16:21 INFO dataset: Stage1 intent=Planning created=1 total=189
2026-04-19 11:16:21 INFO dataset: Stage1 intent=productivity created=1 total=188
2026-04-19 11:16:21 INFO dataset: Stage1 intent=Recipe created=1 total=189
2026-04-19 11:16:21 INFO dataset: Stage1 intent=Localization created=1 total=179
2026-04-19 11:16:21 INFO dataset: Stage1 intent=Technical support created=1 total=189
2026-04-19 11:16:21 INFO dataset: Stage1 intent=Creating Writing created=1 total=189
2026-04-19 11:16:21 INFO dataset: Stage1 intent=Event Schedule created=1 total=174
2026-04-19 11:16:21 INFO dataset: Stage1 intent=Research Analysis created=1 total=182
2026-04-19 11:16:21 INFO dataset: Stage1 intent=Comparison created=1 total=185
2026-04-19 11:16:21 INFO dataset: Stage1 intent=calculation created=1 total=188
2026-04-19 11:16:21 INFO dataset: Stage1 intent=Travel created=1 total=188
2026-04-19 11:16:21 INFO dataset: Stage1 intent=Navigation created=1 total=186
2026-04-19 11:16:21 INFO dataset: Stage1 intent=Education created=1 total=188
2026-04-19 11:16:21 INFO dataset: Stage1 intent=Documentation created=1 total=187
2026-04-19 11:16:21 INFO dataset: Stage1 intent=media playback created=1 total=183
2026-04-19 11:16:21 INFO dataset: Stage1 intent=qr scanner created=1 total=184
2026-04-19 11:16:21 INFO dataset: Stage1 intent=status check created=1 total=180
2026-04-19 11:16:21 ERROR dataset: Stage1 parse error intent=notification: Unterminated string starting at: line 3 column 19 (char 24)
2026-04-19 11:16:21 INFO dataset: Stage1 intent=Finance created=1 total=188
2026-04-19 11:16:21 ERROR dataset: Stage1 parse error intent=Healthcare: Empty text
2026-04-19 11:16:21 INFO dataset: Stage1 intent=Legal created=1 total=189
2026-04-19 11:16:21 INFO dataset: Stage1 intent=Real Estate created=1 total=186
2026-04-19 11:16:21 INFO dataset: Stage1 intent=Career created=1 total=189
2026-04-19 11:16:21 INFO dataset: Stage1 intent=Food and Dining created=1 total=185
2026-04-19 11:16:21 INFO dataset: Stage1 intent=Home Services created=1 total=188
2026-04-19 11:16:21 INFO dataset: Stage1 intent=Automotive created=1 total=186
2026-04-19 11:19:46 INFO dataset: Stage1 intent=Information Retrieval created=1 total=186
2026-04-19 11:19:46 INFO dataset: Stage1 intent=Entertainment created=1 total=185
2026-04-19 11:19:46 INFO dataset: Stage1 intent=product_lookup created=1 total=178
2026-04-19 11:19:46 INFO dataset: Stage1 intent=Booking created=1 total=185
2026-04-19 11:19:46 INFO dataset: Stage1 intent=weather created=1 total=187
2026-04-19 11:19:46 INFO dataset: Stage1 intent=data visualisation created=1 total=185
2026-04-19 11:19:46 INFO dataset: Stage1 intent=Planning created=1 total=190
2026-04-19 11:19:46 INFO dataset: Stage1 intent=productivity created=1 total=189
2026-04-19 11:19:46 INFO dataset: Stage1 intent=Recipe created=1 total=190
2026-04-19 11:19:46 ERROR dataset: Stage1 parse error intent=Localization: Unterminated string starting at: line 3 column 19 (char 24)
2026-04-19 11:19:46 INFO dataset: Stage1 intent=Technical support created=1 total=190
2026-04-19 11:19:46 INFO dataset: Stage1 intent=Creating Writing created=1 total=190
2026-04-19 11:19:46 INFO dataset: Stage1 intent=Event Schedule created=1 total=175
2026-04-19 11:19:46 INFO dataset: Stage1 intent=Research Analysis created=1 total=183
2026-04-19 11:19:46 INFO dataset: Stage1 intent=Comparison created=1 total=186
2026-04-19 11:19:46 INFO dataset: Stage1 intent=calculation created=1 total=189
2026-04-19 11:19:46 INFO dataset: Stage1 intent=Travel created=1 total=189
2026-04-19 11:19:46 INFO dataset: Stage1 intent=Navigation created=1 total=187
2026-04-19 11:19:46 INFO dataset: Stage1 intent=Education created=1 total=189
2026-04-19 11:19:46 INFO dataset: Stage1 intent=Documentation created=1 total=188
2026-04-19 11:19:46 INFO dataset: Stage1 intent=media playback created=1 total=184
2026-04-19 11:19:46 INFO dataset: Stage1 intent=qr scanner created=1 total=185
2026-04-19 11:19:46 INFO dataset: Stage1 intent=status check created=1 total=181
2026-04-19 11:19:46 INFO dataset: Stage1 intent=notification created=1 total=184
2026-04-19 11:19:46 INFO dataset: Stage1 intent=Finance created=1 total=189
2026-04-19 11:19:46 INFO dataset: Stage1 intent=Healthcare created=1 total=189
2026-04-19 11:19:46 INFO dataset: Stage1 intent=Legal created=1 total=190
2026-04-19 11:19:46 INFO dataset: Stage1 intent=Real Estate created=1 total=187
2026-04-19 11:19:46 INFO dataset: Stage1 intent=Career created=1 total=190
2026-04-19 11:19:46 INFO dataset: Stage1 intent=Food and Dining created=1 total=186
2026-04-19 11:19:46 INFO dataset: Stage1 intent=Home Services created=1 total=189
2026-04-19 11:19:46 INFO dataset: Stage1 intent=Automotive created=1 total=187
2026-04-19 11:23:40 INFO dataset: Stage1 intent=Information Retrieval created=1 total=187
2026-04-19 11:23:40 INFO dataset: Stage1 intent=Entertainment created=1 total=186
2026-04-19 11:23:40 INFO dataset: Stage1 intent=product_lookup created=1 total=179
2026-04-19 11:23:40 INFO dataset: Stage1 intent=Booking created=1 total=186
2026-04-19 11:23:40 INFO dataset: Stage1 intent=weather created=1 total=188
2026-04-19 11:23:40 INFO dataset: Stage1 intent=data visualisation created=1 total=186
2026-04-19 11:23:40 INFO dataset: Stage1 intent=Planning created=1 total=191
2026-04-19 11:23:40 INFO dataset: Stage1 intent=productivity created=1 total=190
2026-04-19 11:23:40 ERROR dataset: Stage1 parse error intent=Recipe: Unterminated string starting at: line 3 column 19 (char 24)
2026-04-19 11:23:40 INFO dataset: Stage1 intent=Localization created=1 total=180
2026-04-19 11:23:40 INFO dataset: Stage1 intent=Technical support created=1 total=191
2026-04-19 11:23:40 INFO dataset: Stage1 intent=Creating Writing created=1 total=191
2026-04-19 11:23:40 INFO dataset: Stage1 intent=Event Schedule created=1 total=176
2026-04-19 11:23:40 INFO dataset: Stage1 intent=Research Analysis created=1 total=184
2026-04-19 11:23:40 INFO dataset: Stage1 intent=Comparison created=1 total=187
2026-04-19 11:23:40 INFO dataset: Stage1 intent=calculation created=1 total=190
2026-04-19 11:23:40 INFO dataset: Stage1 intent=Travel created=1 total=190
2026-04-19 11:23:40 INFO dataset: Stage1 intent=Navigation created=1 total=188
2026-04-19 11:23:40 INFO dataset: Stage1 intent=Education created=1 total=190
2026-04-19 11:23:40 INFO dataset: Stage1 intent=Documentation created=1 total=189
2026-04-19 11:23:40 INFO dataset: Stage1 intent=media playback created=1 total=185
2026-04-19 11:23:40 ERROR dataset: Stage1 parse error intent=qr scanner: Unterminated string starting at: line 3 column 19 (char 24)
2026-04-19 11:23:40 ERROR dataset: Stage1 parse error intent=status check: Unterminated string starting at: line 3 column 19 (char 24)
2026-04-19 11:23:40 INFO dataset: Stage1 intent=notification created=1 total=185
2026-04-19 11:23:40 INFO dataset: Stage1 intent=Finance created=1 total=190
2026-04-19 11:23:40 INFO dataset: Stage1 intent=Healthcare created=1 total=190
2026-04-19 11:23:40 INFO dataset: Stage1 intent=Legal created=1 total=191
2026-04-19 11:23:40 ERROR dataset: Stage1 parse error intent=Real Estate: Unterminated string starting at: line 3 column 19 (char 24)
2026-04-19 11:23:40 INFO dataset: Stage1 intent=Career created=1 total=191
2026-04-19 11:23:40 INFO dataset: Stage1 intent=Food and Dining created=1 total=187
2026-04-19 11:23:40 INFO dataset: Stage1 intent=Home Services created=1 total=190
2026-04-19 11:23:40 INFO dataset: Stage1 intent=Automotive created=1 total=188
2026-04-19 11:27:08 ERROR dataset: Stage1 parse error intent=Information Retrieval: Unterminated string starting at: line 3 column 19 (char 24)
2026-04-19 11:27:08 INFO dataset: Stage1 intent=Entertainment created=1 total=187
2026-04-19 11:27:08 INFO dataset: Stage1 intent=product_lookup created=1 total=180
2026-04-19 11:27:08 INFO dataset: Stage1 intent=Booking created=1 total=187
2026-04-19 11:27:08 INFO dataset: Stage1 intent=weather created=1 total=189
2026-04-19 11:27:08 INFO dataset: Stage1 intent=data visualisation created=1 total=187
2026-04-19 11:27:08 INFO dataset: Stage1 intent=Planning created=1 total=192
2026-04-19 11:27:08 INFO dataset: Stage1 intent=productivity created=1 total=191
2026-04-19 11:27:08 INFO dataset: Stage1 intent=Recipe created=1 total=191
2026-04-19 11:27:08 INFO dataset: Stage1 intent=Localization created=1 total=181
2026-04-19 11:27:08 INFO dataset: Stage1 intent=Technical support created=1 total=192
2026-04-19 11:27:08 INFO dataset: Stage1 intent=Creating Writing created=1 total=192
2026-04-19 11:27:08 INFO dataset: Stage1 intent=Event Schedule created=1 total=177
2026-04-19 11:27:08 INFO dataset: Stage1 intent=Research Analysis created=1 total=185
2026-04-19 11:27:08 INFO dataset: Stage1 intent=Comparison created=1 total=188
2026-04-19 11:27:08 INFO dataset: Stage1 intent=calculation created=1 total=191
2026-04-19 11:27:08 INFO dataset: Stage1 intent=Travel created=1 total=191
2026-04-19 11:27:08 INFO dataset: Stage1 intent=Navigation created=1 total=189
2026-04-19 11:27:08 INFO dataset: Stage1 intent=Education created=1 total=191
2026-04-19 11:27:08 INFO dataset: Stage1 intent=Documentation created=1 total=190
2026-04-19 11:27:08 INFO dataset: Stage1 intent=media playback created=1 total=186
2026-04-19 11:27:08 INFO dataset: Stage1 intent=qr scanner created=1 total=186
2026-04-19 11:27:08 INFO dataset: Stage1 intent=status check created=1 total=182
2026-04-19 11:27:08 INFO dataset: Stage1 intent=notification created=1 total=186
2026-04-19 11:27:08 INFO dataset: Stage1 intent=Finance created=1 total=191
2026-04-19 11:27:08 INFO dataset: Stage1 intent=Healthcare created=1 total=191
2026-04-19 11:27:08 INFO dataset: Stage1 intent=Legal created=1 total=192
2026-04-19 11:27:08 INFO dataset: Stage1 intent=Real Estate created=1 total=188
2026-04-19 11:27:08 INFO dataset: Stage1 intent=Career created=1 total=192
2026-04-19 11:27:08 INFO dataset: Stage1 intent=Food and Dining created=1 total=188
2026-04-19 11:27:08 INFO dataset: Stage1 intent=Home Services created=1 total=191
2026-04-19 11:27:08 INFO dataset: Stage1 intent=Automotive created=1 total=189
2026-04-19 11:30:39 INFO dataset: Stage1 intent=Information Retrieval created=1 total=188
2026-04-19 11:30:39 INFO dataset: Stage1 intent=Entertainment created=1 total=188
2026-04-19 11:30:39 INFO dataset: Stage1 intent=product_lookup created=1 total=181
2026-04-19 11:30:39 INFO dataset: Stage1 intent=Booking created=1 total=188
2026-04-19 11:30:39 INFO dataset: Stage1 intent=weather created=1 total=190
2026-04-19 11:30:39 INFO dataset: Stage1 intent=data visualisation created=1 total=188
2026-04-19 11:30:39 INFO dataset: Stage1 intent=Planning created=1 total=193
2026-04-19 11:30:39 INFO dataset: Stage1 intent=productivity created=1 total=192
2026-04-19 11:30:39 INFO dataset: Stage1 intent=Recipe created=1 total=192
2026-04-19 11:30:39 ERROR dataset: Stage1 parse error intent=Localization: Unterminated string starting at: line 3 column 19 (char 24)
2026-04-19 11:30:39 INFO dataset: Stage1 intent=Technical support created=1 total=193
2026-04-19 11:30:39 INFO dataset: Stage1 intent=Creating Writing created=1 total=193
2026-04-19 11:30:39 INFO dataset: Stage1 intent=Event Schedule created=1 total=178
2026-04-19 11:30:39 INFO dataset: Stage1 intent=Research Analysis created=1 total=186
2026-04-19 11:30:39 INFO dataset: Stage1 intent=Comparison created=1 total=189
2026-04-19 11:30:39 INFO dataset: Stage1 intent=calculation created=1 total=192
2026-04-19 11:30:40 INFO dataset: Stage1 intent=Travel created=1 total=192
2026-04-19 11:30:40 INFO dataset: Stage1 intent=Navigation created=1 total=190
2026-04-19 11:30:40 INFO dataset: Stage1 intent=Education created=1 total=192
2026-04-19 11:30:40 INFO dataset: Stage1 intent=Documentation created=1 total=191
2026-04-19 11:30:40 INFO dataset: Stage1 intent=media playback created=1 total=187
2026-04-19 11:30:40 INFO dataset: Stage1 intent=qr scanner created=1 total=187
2026-04-19 11:30:40 INFO dataset: Stage1 intent=status check created=1 total=183
2026-04-19 11:30:40 INFO dataset: Stage1 intent=notification created=1 total=187
2026-04-19 11:30:40 INFO dataset: Stage1 intent=Finance created=1 total=192
2026-04-19 11:30:40 INFO dataset: Stage1 intent=Healthcare created=1 total=192
2026-04-19 11:30:40 INFO dataset: Stage1 intent=Legal created=1 total=193
2026-04-19 11:30:40 INFO dataset: Stage1 intent=Real Estate created=1 total=189
2026-04-19 11:30:40 INFO dataset: Stage1 intent=Career created=1 total=193
2026-04-19 11:30:40 INFO dataset: Stage1 intent=Food and Dining created=1 total=189
2026-04-19 11:30:40 INFO dataset: Stage1 intent=Home Services created=1 total=192
2026-04-19 11:30:40 INFO dataset: Stage1 intent=Automotive created=1 total=190
2026-04-19 11:34:28 INFO dataset: Stage1 intent=Information Retrieval created=1 total=189
2026-04-19 11:34:28 INFO dataset: Stage1 intent=Entertainment created=1 total=189
2026-04-19 11:34:28 INFO dataset: Stage1 intent=product_lookup created=1 total=182
2026-04-19 11:34:28 INFO dataset: Stage1 intent=Booking created=1 total=189
2026-04-19 11:34:28 INFO dataset: Stage1 intent=weather created=1 total=191
2026-04-19 11:34:28 INFO dataset: Stage1 intent=data visualisation created=1 total=189
2026-04-19 11:34:28 INFO dataset: Stage1 intent=Planning created=1 total=194
2026-04-19 11:34:28 INFO dataset: Stage1 intent=productivity created=1 total=193
2026-04-19 11:34:28 INFO dataset: Stage1 intent=Recipe created=1 total=193
2026-04-19 11:34:28 INFO dataset: Stage1 intent=Localization created=1 total=182
2026-04-19 11:34:28 INFO dataset: Stage1 intent=Technical support created=1 total=194
2026-04-19 11:34:28 INFO dataset: Stage1 intent=Creating Writing created=1 total=194
2026-04-19 11:34:28 INFO dataset: Stage1 intent=Event Schedule created=1 total=179
2026-04-19 11:34:28 INFO dataset: Stage1 intent=Research Analysis created=1 total=187
2026-04-19 11:34:28 ERROR dataset: Stage1 parse error intent=Comparison: Unterminated string starting at: line 3 column 19 (char 24)
2026-04-19 11:34:28 INFO dataset: Stage1 intent=calculation created=1 total=193
2026-04-19 11:34:28 INFO dataset: Stage1 intent=Travel created=1 total=193
2026-04-19 11:34:28 INFO dataset: Stage1 intent=Navigation created=1 total=191
2026-04-19 11:34:28 INFO dataset: Stage1 intent=Education created=1 total=193
2026-04-19 11:34:28 INFO dataset: Stage1 intent=Documentation created=1 total=192
2026-04-19 11:34:28 INFO dataset: Stage1 intent=media playback created=1 total=188
2026-04-19 11:34:28 INFO dataset: Stage1 intent=qr scanner created=1 total=188
2026-04-19 11:34:28 INFO dataset: Stage1 intent=status check created=1 total=184
2026-04-19 11:34:28 INFO dataset: Stage1 intent=notification created=1 total=188
2026-04-19 11:34:28 INFO dataset: Stage1 intent=Finance created=1 total=193
2026-04-19 11:34:28 INFO dataset: Stage1 intent=Healthcare created=1 total=193
2026-04-19 11:34:28 INFO dataset: Stage1 intent=Legal created=1 total=194
2026-04-19 11:34:28 INFO dataset: Stage1 intent=Real Estate created=1 total=190
2026-04-19 11:34:28 INFO dataset: Stage1 intent=Career created=1 total=194
2026-04-19 11:34:28 INFO dataset: Stage1 intent=Food and Dining created=1 total=190
2026-04-19 11:34:28 INFO dataset: Stage1 intent=Home Services created=1 total=193
2026-04-19 11:34:28 INFO dataset: Stage1 intent=Automotive created=1 total=191
2026-04-19 11:37:50 INFO dataset: Stage1 intent=Information Retrieval created=1 total=190
2026-04-19 11:37:50 INFO dataset: Stage1 intent=Entertainment created=1 total=190
2026-04-19 11:37:50 INFO dataset: Stage1 intent=product_lookup created=1 total=183
2026-04-19 11:37:50 INFO dataset: Stage1 intent=Booking created=1 total=190
2026-04-19 11:37:50 INFO dataset: Stage1 intent=weather created=1 total=192
2026-04-19 11:37:50 INFO dataset: Stage1 intent=data visualisation created=1 total=190
2026-04-19 11:37:50 INFO dataset: Stage1 intent=Planning created=1 total=195
2026-04-19 11:37:50 INFO dataset: Stage1 intent=productivity created=1 total=194
2026-04-19 11:37:50 INFO dataset: Stage1 intent=Recipe created=1 total=194
2026-04-19 11:37:50 INFO dataset: Stage1 intent=Localization created=1 total=183
2026-04-19 11:37:50 INFO dataset: Stage1 intent=Technical support created=1 total=195
2026-04-19 11:37:50 INFO dataset: Stage1 intent=Creating Writing created=1 total=195
2026-04-19 11:37:50 INFO dataset: Stage1 intent=Event Schedule created=1 total=180
2026-04-19 11:37:50 INFO dataset: Stage1 intent=Research Analysis created=1 total=188
2026-04-19 11:37:50 INFO dataset: Stage1 intent=Comparison created=1 total=190
2026-04-19 11:37:50 INFO dataset: Stage1 intent=calculation created=1 total=194
2026-04-19 11:37:50 INFO dataset: Stage1 intent=Travel created=1 total=194
2026-04-19 11:37:50 INFO dataset: Stage1 intent=Navigation created=1 total=192
2026-04-19 11:37:50 INFO dataset: Stage1 intent=Education created=1 total=194
2026-04-19 11:37:50 INFO dataset: Stage1 intent=Documentation created=1 total=193
2026-04-19 11:37:50 INFO dataset: Stage1 intent=media playback created=1 total=189
2026-04-19 11:37:50 INFO dataset: Stage1 intent=qr scanner created=1 total=189
2026-04-19 11:37:50 INFO dataset: Stage1 intent=status check created=1 total=185
2026-04-19 11:37:50 INFO dataset: Stage1 intent=notification created=1 total=189
2026-04-19 11:37:50 INFO dataset: Stage1 intent=Finance created=1 total=194
2026-04-19 11:37:50 INFO dataset: Stage1 intent=Healthcare created=1 total=194
2026-04-19 11:37:50 INFO dataset: Stage1 intent=Legal created=1 total=195
2026-04-19 11:37:50 INFO dataset: Stage1 intent=Real Estate created=1 total=191
2026-04-19 11:37:50 INFO dataset: Stage1 intent=Career created=1 total=195
2026-04-19 11:37:50 INFO dataset: Stage1 intent=Food and Dining created=1 total=191
2026-04-19 11:37:50 INFO dataset: Stage1 intent=Home Services created=1 total=194
2026-04-19 11:37:50 INFO dataset: Stage1 intent=Automotive created=1 total=192
2026-04-19 11:41:33 INFO dataset: Stage1 intent=Information Retrieval created=1 total=191
2026-04-19 11:41:33 INFO dataset: Stage1 intent=Entertainment created=1 total=191
2026-04-19 11:41:33 INFO dataset: Stage1 intent=product_lookup created=1 total=184
2026-04-19 11:41:33 INFO dataset: Stage1 intent=Booking created=1 total=191
2026-04-19 11:41:33 INFO dataset: Stage1 intent=weather created=1 total=193
2026-04-19 11:41:33 INFO dataset: Stage1 intent=data visualisation created=1 total=191
2026-04-19 11:41:33 INFO dataset: Stage1 intent=Planning created=1 total=196
2026-04-19 11:41:33 INFO dataset: Stage1 intent=productivity created=1 total=195
2026-04-19 11:41:33 INFO dataset: Stage1 intent=Recipe created=1 total=195
2026-04-19 11:41:33 INFO dataset: Stage1 intent=Localization created=1 total=184
2026-04-19 11:41:33 INFO dataset: Stage1 intent=Technical support created=1 total=196
2026-04-19 11:41:33 INFO dataset: Stage1 intent=Creating Writing created=1 total=196
2026-04-19 11:41:33 INFO dataset: Stage1 intent=Event Schedule created=1 total=181
2026-04-19 11:41:33 INFO dataset: Stage1 intent=Research Analysis created=1 total=189
2026-04-19 11:41:33 INFO dataset: Stage1 intent=Comparison created=1 total=191
2026-04-19 11:41:33 INFO dataset: Stage1 intent=calculation created=1 total=195
2026-04-19 11:41:33 INFO dataset: Stage1 intent=Travel created=1 total=195
2026-04-19 11:41:33 INFO dataset: Stage1 intent=Navigation created=1 total=193
2026-04-19 11:41:33 INFO dataset: Stage1 intent=Education created=1 total=195
2026-04-19 11:41:33 INFO dataset: Stage1 intent=Documentation created=1 total=194
2026-04-19 11:41:33 INFO dataset: Stage1 intent=media playback created=1 total=190
2026-04-19 11:41:33 INFO dataset: Stage1 intent=qr scanner created=1 total=190
2026-04-19 11:41:33 INFO dataset: Stage1 intent=status check created=1 total=186
2026-04-19 11:41:33 INFO dataset: Stage1 intent=notification created=1 total=190
2026-04-19 11:41:33 INFO dataset: Stage1 intent=Finance created=1 total=195
2026-04-19 11:41:33 INFO dataset: Stage1 intent=Healthcare created=1 total=195
2026-04-19 11:41:33 INFO dataset: Stage1 intent=Legal created=1 total=196
2026-04-19 11:41:33 INFO dataset: Stage1 intent=Real Estate created=1 total=192
2026-04-19 11:41:33 INFO dataset: Stage1 intent=Career created=1 total=196
2026-04-19 11:41:33 INFO dataset: Stage1 intent=Food and Dining created=1 total=192
2026-04-19 11:41:33 INFO dataset: Stage1 intent=Home Services created=1 total=195
2026-04-19 11:41:33 INFO dataset: Stage1 intent=Automotive created=1 total=193
2026-04-19 11:45:00 INFO dataset: Stage1 intent=Information Retrieval created=1 total=192
2026-04-19 11:45:00 INFO dataset: Stage1 intent=Entertainment created=1 total=192
2026-04-19 11:45:00 INFO dataset: Stage1 intent=product_lookup created=1 total=185
2026-04-19 11:45:00 INFO dataset: Stage1 intent=Booking created=1 total=192
2026-04-19 11:45:00 INFO dataset: Stage1 intent=weather created=1 total=194
2026-04-19 11:45:00 INFO dataset: Stage1 intent=data visualisation created=1 total=192
2026-04-19 11:45:00 INFO dataset: Stage1 intent=Planning created=1 total=197
2026-04-19 11:45:00 INFO dataset: Stage1 intent=productivity created=1 total=196
2026-04-19 11:45:00 INFO dataset: Stage1 intent=Recipe created=1 total=196
2026-04-19 11:45:00 INFO dataset: Stage1 intent=Localization created=1 total=185
2026-04-19 11:45:00 INFO dataset: Stage1 intent=Technical support created=1 total=197
2026-04-19 11:45:00 INFO dataset: Stage1 intent=Creating Writing created=1 total=197
2026-04-19 11:45:00 INFO dataset: Stage1 intent=Event Schedule created=1 total=182
2026-04-19 11:45:00 INFO dataset: Stage1 intent=Research Analysis created=1 total=190
2026-04-19 11:45:00 INFO dataset: Stage1 intent=Comparison created=1 total=192
2026-04-19 11:45:00 INFO dataset: Stage1 intent=calculation created=1 total=196
2026-04-19 11:45:00 INFO dataset: Stage1 intent=Travel created=1 total=196
2026-04-19 11:45:00 INFO dataset: Stage1 intent=Navigation created=1 total=194
2026-04-19 11:45:00 INFO dataset: Stage1 intent=Education created=1 total=196
2026-04-19 11:45:00 INFO dataset: Stage1 intent=Documentation created=1 total=195
2026-04-19 11:45:00 INFO dataset: Stage1 intent=media playback created=1 total=191
2026-04-19 11:45:00 INFO dataset: Stage1 intent=qr scanner created=1 total=191
2026-04-19 11:45:00 INFO dataset: Stage1 intent=status check created=1 total=187
2026-04-19 11:45:00 INFO dataset: Stage1 intent=notification created=1 total=191
2026-04-19 11:45:00 INFO dataset: Stage1 intent=Finance created=1 total=196
2026-04-19 11:45:00 INFO dataset: Stage1 intent=Healthcare created=1 total=196
2026-04-19 11:45:00 INFO dataset: Stage1 intent=Legal created=1 total=197
2026-04-19 11:45:00 INFO dataset: Stage1 intent=Real Estate created=1 total=193
2026-04-19 11:45:00 INFO dataset: Stage1 intent=Career created=1 total=197
2026-04-19 11:45:00 INFO dataset: Stage1 intent=Food and Dining created=1 total=193
2026-04-19 11:45:00 INFO dataset: Stage1 intent=Home Services created=1 total=196
2026-04-19 11:45:00 INFO dataset: Stage1 intent=Automotive created=1 total=194
2026-04-19 11:48:43 INFO dataset: Stage1 intent=Information Retrieval created=1 total=193
2026-04-19 11:48:43 INFO dataset: Stage1 intent=Entertainment created=1 total=193
2026-04-19 11:48:43 INFO dataset: Stage1 intent=product_lookup created=1 total=186
2026-04-19 11:48:43 INFO dataset: Stage1 intent=Booking created=1 total=193
2026-04-19 11:48:43 INFO dataset: Stage1 intent=weather created=1 total=195
2026-04-19 11:48:43 INFO dataset: Stage1 intent=data visualisation created=1 total=193
2026-04-19 11:48:43 INFO dataset: Stage1 intent=Planning created=1 total=198
2026-04-19 11:48:43 INFO dataset: Stage1 intent=productivity created=1 total=197
2026-04-19 11:48:43 INFO dataset: Stage1 intent=Recipe created=1 total=197
2026-04-19 11:48:43 INFO dataset: Stage1 intent=Localization created=1 total=186
2026-04-19 11:48:43 INFO dataset: Stage1 intent=Technical support created=1 total=198
2026-04-19 11:48:43 INFO dataset: Stage1 intent=Creating Writing created=1 total=198
2026-04-19 11:48:43 INFO dataset: Stage1 intent=Event Schedule created=1 total=183
2026-04-19 11:48:43 INFO dataset: Stage1 intent=Research Analysis created=1 total=191
2026-04-19 11:48:43 INFO dataset: Stage1 intent=Comparison created=1 total=193
2026-04-19 11:48:43 INFO dataset: Stage1 intent=calculation created=1 total=197
2026-04-19 11:48:43 INFO dataset: Stage1 intent=Travel created=1 total=197
2026-04-19 11:48:43 INFO dataset: Stage1 intent=Navigation created=1 total=195
2026-04-19 11:48:43 INFO dataset: Stage1 intent=Education created=1 total=197
2026-04-19 11:48:43 INFO dataset: Stage1 intent=Documentation created=1 total=196
2026-04-19 11:48:43 ERROR dataset: Stage1 parse error intent=media playback: Unterminated string starting at: line 3 column 19 (char 24)
2026-04-19 11:48:43 INFO dataset: Stage1 intent=qr scanner created=1 total=192
2026-04-19 11:48:43 INFO dataset: Stage1 intent=status check created=1 total=188
2026-04-19 11:48:43 INFO dataset: Stage1 intent=notification created=1 total=192
2026-04-19 11:48:43 INFO dataset: Stage1 intent=Finance created=1 total=197
2026-04-19 11:48:43 INFO dataset: Stage1 intent=Healthcare created=1 total=197
2026-04-19 11:48:43 INFO dataset: Stage1 intent=Legal created=1 total=198
2026-04-19 11:48:43 INFO dataset: Stage1 intent=Real Estate created=1 total=194
2026-04-19 11:48:43 INFO dataset: Stage1 intent=Career created=1 total=198
2026-04-19 11:48:43 INFO dataset: Stage1 intent=Food and Dining created=1 total=194
2026-04-19 11:48:43 INFO dataset: Stage1 intent=Home Services created=1 total=197
2026-04-19 11:48:43 INFO dataset: Stage1 intent=Automotive created=1 total=195
2026-04-19 11:52:14 INFO dataset: Stage1 intent=Information Retrieval created=1 total=194
2026-04-19 11:52:14 INFO dataset: Stage1 intent=Entertainment created=1 total=194
2026-04-19 11:52:14 INFO dataset: Stage1 intent=product_lookup created=1 total=187
2026-04-19 11:52:14 INFO dataset: Stage1 intent=Booking created=1 total=194
2026-04-19 11:52:14 INFO dataset: Stage1 intent=weather created=1 total=196
2026-04-19 11:52:14 ERROR dataset: Stage1 parse error intent=data visualisation: Unterminated string starting at: line 3 column 19 (char 24)
2026-04-19 11:52:14 INFO dataset: Stage1 intent=Planning created=1 total=199
2026-04-19 11:52:14 INFO dataset: Stage1 intent=productivity created=1 total=198
2026-04-19 11:52:14 INFO dataset: Stage1 intent=Recipe created=1 total=198
2026-04-19 11:52:14 INFO dataset: Stage1 intent=Localization created=1 total=187
2026-04-19 11:52:14 INFO dataset: Stage1 intent=Technical support created=1 total=199
2026-04-19 11:52:14 INFO dataset: Stage1 intent=Creating Writing created=1 total=199
2026-04-19 11:52:14 INFO dataset: Stage1 intent=Event Schedule created=1 total=184
2026-04-19 11:52:14 INFO dataset: Stage1 intent=Research Analysis created=1 total=192
2026-04-19 11:52:14 INFO dataset: Stage1 intent=Comparison created=1 total=194
2026-04-19 11:52:14 INFO dataset: Stage1 intent=calculation created=1 total=198
2026-04-19 11:52:14 INFO dataset: Stage1 intent=Travel created=1 total=198
2026-04-19 11:52:14 INFO dataset: Stage1 intent=Navigation created=1 total=196
2026-04-19 11:52:14 INFO dataset: Stage1 intent=Education created=1 total=198
2026-04-19 11:52:14 INFO dataset: Stage1 intent=Documentation created=1 total=197
2026-04-19 11:52:14 INFO dataset: Stage1 intent=media playback created=1 total=192
2026-04-19 11:52:14 INFO dataset: Stage1 intent=qr scanner created=1 total=193
2026-04-19 11:52:14 INFO dataset: Stage1 intent=status check created=1 total=189
2026-04-19 11:52:14 INFO dataset: Stage1 intent=notification created=1 total=193
2026-04-19 11:52:14 INFO dataset: Stage1 intent=Finance created=1 total=198
2026-04-19 11:52:14 INFO dataset: Stage1 intent=Healthcare created=1 total=198
2026-04-19 11:52:14 INFO dataset: Stage1 intent=Legal created=1 total=199
2026-04-19 11:52:14 INFO dataset: Stage1 intent=Real Estate created=1 total=195
2026-04-19 11:52:14 INFO dataset: Stage1 intent=Career created=1 total=199
2026-04-19 11:52:14 INFO dataset: Stage1 intent=Food and Dining created=1 total=195
2026-04-19 11:52:14 INFO dataset: Stage1 intent=Home Services created=1 total=198
2026-04-19 11:52:14 INFO dataset: Stage1 intent=Automotive created=1 total=196
2026-04-19 11:55:57 INFO dataset: Stage1 intent=Information Retrieval created=1 total=195
2026-04-19 11:55:57 INFO dataset: Stage1 intent=Entertainment created=1 total=195
2026-04-19 11:55:57 ERROR dataset: Stage1 parse error intent=product_lookup: Unterminated string starting at: line 3 column 19 (char 24)
2026-04-19 11:55:57 INFO dataset: Stage1 intent=Booking created=1 total=195
2026-04-19 11:55:57 ERROR dataset: Stage1 parse error intent=weather: Expecting ',' delimiter: line 9 column 18 (char 754)
2026-04-19 11:55:57 INFO dataset: Stage1 intent=data visualisation created=1 total=194
2026-04-19 11:55:57 INFO dataset: Stage1 intent=Planning created=1 total=200
2026-04-19 11:55:57 INFO dataset: Stage1 intent=productivity created=1 total=199
2026-04-19 11:55:57 INFO dataset: Stage1 intent=Recipe created=1 total=199
2026-04-19 11:55:57 INFO dataset: Stage1 intent=Localization created=1 total=188
2026-04-19 11:55:57 INFO dataset: Stage1 intent=Technical support created=1 total=200
2026-04-19 11:55:57 INFO dataset: Stage1 intent=Creating Writing created=1 total=200
2026-04-19 11:55:57 INFO dataset: Stage1 intent=Event Schedule created=1 total=185
2026-04-19 11:55:57 INFO dataset: Stage1 intent=Research Analysis created=1 total=193
2026-04-19 11:55:57 INFO dataset: Stage1 intent=Comparison created=1 total=195
2026-04-19 11:55:57 INFO dataset: Stage1 intent=calculation created=1 total=199
2026-04-19 11:55:57 INFO dataset: Stage1 intent=Travel created=1 total=199
2026-04-19 11:55:57 INFO dataset: Stage1 intent=Navigation created=1 total=197
2026-04-19 11:55:57 INFO dataset: Stage1 intent=Education created=1 total=199
2026-04-19 11:55:57 INFO dataset: Stage1 intent=Documentation created=1 total=198
2026-04-19 11:55:57 INFO dataset: Stage1 intent=media playback created=1 total=193
2026-04-19 11:55:57 INFO dataset: Stage1 intent=qr scanner created=1 total=194
2026-04-19 11:55:57 INFO dataset: Stage1 intent=status check created=1 total=190
2026-04-19 11:55:57 INFO dataset: Stage1 intent=notification created=1 total=194
2026-04-19 11:55:57 INFO dataset: Stage1 intent=Finance created=1 total=199
2026-04-19 11:55:57 INFO dataset: Stage1 intent=Healthcare created=1 total=199
2026-04-19 11:55:57 INFO dataset: Stage1 intent=Legal created=1 total=200
2026-04-19 11:55:57 INFO dataset: Stage1 intent=Real Estate created=1 total=196
2026-04-19 11:55:57 INFO dataset: Stage1 intent=Career created=1 total=200
2026-04-19 11:55:57 INFO dataset: Stage1 intent=Food and Dining created=1 total=196
2026-04-19 11:55:57 INFO dataset: Stage1 intent=Home Services created=1 total=199
2026-04-19 11:55:57 INFO dataset: Stage1 intent=Automotive created=1 total=197
2026-04-19 11:59:50 INFO dataset: Stage1 intent=Information Retrieval created=1 total=196
2026-04-19 11:59:50 INFO dataset: Stage1 intent=Entertainment created=1 total=196
2026-04-19 11:59:50 INFO dataset: Stage1 intent=product_lookup created=1 total=188
2026-04-19 11:59:50 INFO dataset: Stage1 intent=Booking created=1 total=196
2026-04-19 11:59:50 INFO dataset: Stage1 intent=weather created=1 total=197
2026-04-19 11:59:50 INFO dataset: Stage1 intent=data visualisation created=1 total=195
2026-04-19 11:59:50 INFO dataset: Stage1 intent=Planning created=1 total=201
2026-04-19 11:59:50 INFO dataset: Stage1 intent=productivity created=1 total=200
2026-04-19 11:59:50 INFO dataset: Stage1 intent=Recipe created=1 total=200
2026-04-19 11:59:50 INFO dataset: Stage1 intent=Localization created=1 total=189
2026-04-19 11:59:50 INFO dataset: Stage1 intent=Technical support created=1 total=201
2026-04-19 11:59:50 INFO dataset: Stage1 intent=Creating Writing created=1 total=201
2026-04-19 11:59:50 INFO dataset: Stage1 intent=Event Schedule created=1 total=186
2026-04-19 11:59:50 INFO dataset: Stage1 intent=Research Analysis created=1 total=194
2026-04-19 11:59:50 INFO dataset: Stage1 intent=Comparison created=1 total=196
2026-04-19 11:59:50 INFO dataset: Stage1 intent=calculation created=1 total=200
2026-04-19 11:59:50 INFO dataset: Stage1 intent=Travel created=1 total=200
2026-04-19 11:59:50 INFO dataset: Stage1 intent=Navigation created=1 total=198
2026-04-19 11:59:50 INFO dataset: Stage1 intent=Education created=1 total=200
2026-04-19 11:59:50 INFO dataset: Stage1 intent=Documentation created=1 total=199
2026-04-19 11:59:50 INFO dataset: Stage1 intent=media playback created=1 total=194
2026-04-19 11:59:50 INFO dataset: Stage1 intent=qr scanner created=1 total=195
2026-04-19 11:59:50 INFO dataset: Stage1 intent=status check created=1 total=191
2026-04-19 11:59:50 ERROR dataset: Stage1 parse error intent=notification: Unterminated string starting at: line 3 column 19 (char 24)
2026-04-19 11:59:50 INFO dataset: Stage1 intent=Finance created=1 total=200
2026-04-19 11:59:50 INFO dataset: Stage1 intent=Healthcare created=1 total=200
2026-04-19 11:59:50 INFO dataset: Stage1 intent=Legal created=1 total=201
2026-04-19 11:59:50 INFO dataset: Stage1 intent=Real Estate created=1 total=197
2026-04-19 11:59:50 INFO dataset: Stage1 intent=Career created=1 total=201
2026-04-19 11:59:50 INFO dataset: Stage1 intent=Food and Dining created=1 total=197
2026-04-19 11:59:50 INFO dataset: Stage1 intent=Home Services created=1 total=200
2026-04-19 11:59:50 INFO dataset: Stage1 intent=Automotive created=1 total=198
2026-04-19 12:03:22 INFO dataset: Stage1 intent=Information Retrieval created=1 total=197
2026-04-19 12:03:22 INFO dataset: Stage1 intent=Entertainment created=1 total=197
2026-04-19 12:03:22 INFO dataset: Stage1 intent=product_lookup created=1 total=189
2026-04-19 12:03:22 INFO dataset: Stage1 intent=Booking created=1 total=197
2026-04-19 12:03:22 INFO dataset: Stage1 intent=weather created=1 total=198
2026-04-19 12:03:22 INFO dataset: Stage1 intent=data visualisation created=1 total=196
2026-04-19 12:03:22 INFO dataset: Stage1 intent=Planning created=1 total=202
2026-04-19 12:03:22 INFO dataset: Stage1 intent=productivity created=1 total=201
2026-04-19 12:03:22 INFO dataset: Stage1 intent=Recipe created=1 total=201
2026-04-19 12:03:22 INFO dataset: Stage1 intent=Localization created=1 total=190
2026-04-19 12:03:22 INFO dataset: Stage1 intent=Technical support created=1 total=202
2026-04-19 12:03:22 INFO dataset: Stage1 intent=Creating Writing created=1 total=202
2026-04-19 12:03:22 INFO dataset: Stage1 intent=Event Schedule created=1 total=187
2026-04-19 12:03:22 INFO dataset: Stage1 intent=Research Analysis created=1 total=195
2026-04-19 12:03:22 INFO dataset: Stage1 intent=Comparison created=1 total=197
2026-04-19 12:03:22 INFO dataset: Stage1 intent=calculation created=1 total=201
2026-04-19 12:03:22 INFO dataset: Stage1 intent=Travel created=1 total=201
2026-04-19 12:03:22 INFO dataset: Stage1 intent=Navigation created=1 total=199
2026-04-19 12:03:22 INFO dataset: Stage1 intent=Education created=1 total=201
2026-04-19 12:03:22 INFO dataset: Stage1 intent=Documentation created=1 total=200
2026-04-19 12:03:22 INFO dataset: Stage1 intent=media playback created=1 total=195
2026-04-19 12:03:22 INFO dataset: Stage1 intent=qr scanner created=1 total=196
2026-04-19 12:03:22 INFO dataset: Stage1 intent=status check created=1 total=192
2026-04-19 12:03:22 INFO dataset: Stage1 intent=notification created=1 total=195
2026-04-19 12:03:22 INFO dataset: Stage1 intent=Finance created=1 total=201
2026-04-19 12:03:22 INFO dataset: Stage1 intent=Healthcare created=1 total=201
2026-04-19 12:03:22 INFO dataset: Stage1 intent=Legal created=1 total=202
2026-04-19 12:03:22 INFO dataset: Stage1 intent=Real Estate created=1 total=198
2026-04-19 12:03:22 INFO dataset: Stage1 intent=Career created=1 total=202
2026-04-19 12:03:22 INFO dataset: Stage1 intent=Food and Dining created=1 total=198
2026-04-19 12:03:22 INFO dataset: Stage1 intent=Home Services created=1 total=201
2026-04-19 12:03:22 INFO dataset: Stage1 intent=Automotive created=1 total=199
2026-04-19 12:07:03 INFO dataset: Stage1 intent=Information Retrieval created=1 total=198
2026-04-19 12:07:03 INFO dataset: Stage1 intent=Entertainment created=1 total=198
2026-04-19 12:07:03 INFO dataset: Stage1 intent=product_lookup created=1 total=190
2026-04-19 12:07:03 INFO dataset: Stage1 intent=Booking created=1 total=198
2026-04-19 12:07:03 INFO dataset: Stage1 intent=weather created=1 total=199
2026-04-19 12:07:03 INFO dataset: Stage1 intent=data visualisation created=1 total=197
2026-04-19 12:07:03 INFO dataset: Stage1 intent=Planning created=1 total=203
2026-04-19 12:07:03 INFO dataset: Stage1 intent=productivity created=1 total=202
2026-04-19 12:07:03 INFO dataset: Stage1 intent=Recipe created=1 total=202
2026-04-19 12:07:03 INFO dataset: Stage1 intent=Localization created=1 total=191
2026-04-19 12:07:03 INFO dataset: Stage1 intent=Technical support created=1 total=203
2026-04-19 12:07:03 INFO dataset: Stage1 intent=Creating Writing created=1 total=203
2026-04-19 12:07:03 INFO dataset: Stage1 intent=Event Schedule created=1 total=188
2026-04-19 12:07:03 INFO dataset: Stage1 intent=Research Analysis created=1 total=196
2026-04-19 12:07:03 INFO dataset: Stage1 intent=Comparison created=1 total=198
2026-04-19 12:07:03 INFO dataset: Stage1 intent=calculation created=1 total=202
2026-04-19 12:07:03 INFO dataset: Stage1 intent=Travel created=1 total=202
2026-04-19 12:07:03 INFO dataset: Stage1 intent=Navigation created=1 total=200
2026-04-19 12:07:03 INFO dataset: Stage1 intent=Education created=1 total=202
2026-04-19 12:07:03 INFO dataset: Stage1 intent=Documentation created=1 total=201
2026-04-19 12:07:03 INFO dataset: Stage1 intent=media playback created=1 total=196
2026-04-19 12:07:03 INFO dataset: Stage1 intent=qr scanner created=1 total=197
2026-04-19 12:07:03 INFO dataset: Stage1 intent=status check created=1 total=193
2026-04-19 12:07:03 INFO dataset: Stage1 intent=notification created=1 total=196
2026-04-19 12:07:03 INFO dataset: Stage1 intent=Finance created=1 total=202
2026-04-19 12:07:03 INFO dataset: Stage1 intent=Healthcare created=1 total=202
2026-04-19 12:07:03 INFO dataset: Stage1 intent=Legal created=1 total=203
2026-04-19 12:07:03 INFO dataset: Stage1 intent=Real Estate created=1 total=199
2026-04-19 12:07:03 INFO dataset: Stage1 intent=Career created=1 total=203
2026-04-19 12:07:03 INFO dataset: Stage1 intent=Food and Dining created=1 total=199
2026-04-19 12:07:03 INFO dataset: Stage1 intent=Home Services created=1 total=202
2026-04-19 12:07:03 INFO dataset: Stage1 intent=Automotive created=1 total=200
2026-04-19 12:10:38 INFO dataset: Stage1 intent=Information Retrieval created=1 total=199
2026-04-19 12:10:38 INFO dataset: Stage1 intent=Entertainment created=1 total=199
2026-04-19 12:10:38 INFO dataset: Stage1 intent=product_lookup created=1 total=191
2026-04-19 12:10:38 INFO dataset: Stage1 intent=Booking created=1 total=199
2026-04-19 12:10:38 INFO dataset: Stage1 intent=weather created=1 total=200
2026-04-19 12:10:38 INFO dataset: Stage1 intent=data visualisation created=1 total=198
2026-04-19 12:10:38 INFO dataset: Stage1 intent=Planning created=1 total=204
2026-04-19 12:10:38 INFO dataset: Stage1 intent=productivity created=1 total=203
2026-04-19 12:10:38 INFO dataset: Stage1 intent=Recipe created=1 total=203
2026-04-19 12:10:38 INFO dataset: Stage1 intent=Localization created=1 total=192
2026-04-19 12:10:38 INFO dataset: Stage1 intent=Technical support created=1 total=204
2026-04-19 12:10:38 INFO dataset: Stage1 intent=Creating Writing created=1 total=204
2026-04-19 12:10:38 INFO dataset: Stage1 intent=Event Schedule created=1 total=189
2026-04-19 12:10:38 INFO dataset: Stage1 intent=Research Analysis created=1 total=197
2026-04-19 12:10:38 INFO dataset: Stage1 intent=Comparison created=1 total=199
2026-04-19 12:10:38 INFO dataset: Stage1 intent=calculation created=1 total=203
2026-04-19 12:10:38 INFO dataset: Stage1 intent=Travel created=1 total=203
2026-04-19 12:10:38 INFO dataset: Stage1 intent=Navigation created=1 total=201
2026-04-19 12:10:38 INFO dataset: Stage1 intent=Education created=1 total=203
2026-04-19 12:10:38 INFO dataset: Stage1 intent=Documentation created=1 total=202
2026-04-19 12:10:38 INFO dataset: Stage1 intent=media playback created=1 total=197
2026-04-19 12:10:38 INFO dataset: Stage1 intent=qr scanner created=1 total=198
2026-04-19 12:10:38 INFO dataset: Stage1 intent=status check created=1 total=194
2026-04-19 12:10:38 INFO dataset: Stage1 intent=notification created=1 total=197
2026-04-19 12:10:38 INFO dataset: Stage1 intent=Finance created=1 total=203
2026-04-19 12:10:38 INFO dataset: Stage1 intent=Healthcare created=1 total=203
2026-04-19 12:10:38 INFO dataset: Stage1 intent=Legal created=1 total=204
2026-04-19 12:10:38 INFO dataset: Stage1 intent=Real Estate created=1 total=200
2026-04-19 12:10:38 INFO dataset: Stage1 intent=Career created=1 total=204
2026-04-19 12:10:38 INFO dataset: Stage1 intent=Food and Dining created=1 total=200
2026-04-19 12:10:38 INFO dataset: Stage1 intent=Home Services created=1 total=203
2026-04-19 12:10:38 INFO dataset: Stage1 intent=Automotive created=1 total=201
2026-04-19 12:14:21 INFO dataset: Stage1 intent=Information Retrieval created=1 total=200
2026-04-19 12:14:21 INFO dataset: Stage1 intent=Entertainment created=1 total=200
2026-04-19 12:14:21 INFO dataset: Stage1 intent=product_lookup created=1 total=192
2026-04-19 12:14:21 INFO dataset: Stage1 intent=Booking created=1 total=200
2026-04-19 12:14:21 INFO dataset: Stage1 intent=weather created=1 total=201
2026-04-19 12:14:21 INFO dataset: Stage1 intent=data visualisation created=1 total=199
2026-04-19 12:14:21 INFO dataset: Stage1 intent=Planning created=1 total=205
2026-04-19 12:14:21 INFO dataset: Stage1 intent=productivity created=1 total=204
2026-04-19 12:14:21 INFO dataset: Stage1 intent=Recipe created=1 total=204
2026-04-19 12:14:21 INFO dataset: Stage1 intent=Localization created=1 total=193
2026-04-19 12:14:21 INFO dataset: Stage1 intent=Technical support created=1 total=205
2026-04-19 12:14:21 INFO dataset: Stage1 intent=Creating Writing created=1 total=205
2026-04-19 12:14:21 INFO dataset: Stage1 intent=Event Schedule created=1 total=190
2026-04-19 12:14:21 INFO dataset: Stage1 intent=Research Analysis created=1 total=198
2026-04-19 12:14:21 INFO dataset: Stage1 intent=Comparison created=1 total=200
2026-04-19 12:14:21 INFO dataset: Stage1 intent=calculation created=1 total=204
2026-04-19 12:14:21 INFO dataset: Stage1 intent=Travel created=1 total=204
2026-04-19 12:14:21 INFO dataset: Stage1 intent=Navigation created=1 total=202
2026-04-19 12:14:21 INFO dataset: Stage1 intent=Education created=1 total=204
2026-04-19 12:14:21 INFO dataset: Stage1 intent=Documentation created=1 total=203
2026-04-19 12:14:21 INFO dataset: Stage1 intent=media playback created=1 total=198
2026-04-19 12:14:21 INFO dataset: Stage1 intent=qr scanner created=1 total=199
2026-04-19 12:14:21 INFO dataset: Stage1 intent=status check created=1 total=195
2026-04-19 12:14:21 INFO dataset: Stage1 intent=notification created=1 total=198
2026-04-19 12:14:21 INFO dataset: Stage1 intent=Finance created=1 total=204
2026-04-19 12:14:21 INFO dataset: Stage1 intent=Healthcare created=1 total=204
2026-04-19 12:14:21 INFO dataset: Stage1 intent=Legal created=1 total=205
2026-04-19 12:14:21 INFO dataset: Stage1 intent=Real Estate created=1 total=201
2026-04-19 12:14:21 INFO dataset: Stage1 intent=Career created=1 total=205
2026-04-19 12:14:21 INFO dataset: Stage1 intent=Food and Dining created=1 total=201
2026-04-19 12:14:21 INFO dataset: Stage1 intent=Home Services created=1 total=204
2026-04-19 12:14:21 INFO dataset: Stage1 intent=Automotive created=1 total=202
2026-04-19 12:17:46 INFO dataset: Stage1 intent=Information Retrieval created=1 total=201
2026-04-19 12:17:46 INFO dataset: Stage1 intent=Entertainment created=1 total=201
2026-04-19 12:17:46 INFO dataset: Stage1 intent=product_lookup created=1 total=193
2026-04-19 12:17:46 INFO dataset: Stage1 intent=Booking created=1 total=201
2026-04-19 12:17:46 INFO dataset: Stage1 intent=weather created=1 total=202
2026-04-19 12:17:46 INFO dataset: Stage1 intent=data visualisation created=1 total=200
2026-04-19 12:17:46 INFO dataset: Stage1 intent=Planning created=1 total=206
2026-04-19 12:17:46 INFO dataset: Stage1 intent=productivity created=1 total=205
2026-04-19 12:17:46 INFO dataset: Stage1 intent=Recipe created=1 total=205
2026-04-19 12:17:46 INFO dataset: Stage1 intent=Localization created=1 total=194
2026-04-19 12:17:46 INFO dataset: Stage1 intent=Technical support created=1 total=206
2026-04-19 12:17:46 INFO dataset: Stage1 intent=Creating Writing created=1 total=206
2026-04-19 12:17:46 INFO dataset: Stage1 intent=Event Schedule created=1 total=191
2026-04-19 12:17:46 INFO dataset: Stage1 intent=Research Analysis created=1 total=199
2026-04-19 12:17:46 INFO dataset: Stage1 intent=Comparison created=1 total=201
2026-04-19 12:17:46 INFO dataset: Stage1 intent=calculation created=1 total=205
2026-04-19 12:17:46 INFO dataset: Stage1 intent=Travel created=1 total=205
2026-04-19 12:17:46 INFO dataset: Stage1 intent=Navigation created=1 total=203
2026-04-19 12:17:46 INFO dataset: Stage1 intent=Education created=1 total=205
2026-04-19 12:17:46 INFO dataset: Stage1 intent=Documentation created=1 total=204
2026-04-19 12:17:46 INFO dataset: Stage1 intent=media playback created=1 total=199
2026-04-19 12:17:46 INFO dataset: Stage1 intent=qr scanner created=1 total=200
2026-04-19 12:17:46 INFO dataset: Stage1 intent=status check created=1 total=196
2026-04-19 12:17:46 INFO dataset: Stage1 intent=notification created=1 total=199
2026-04-19 12:17:46 INFO dataset: Stage1 intent=Finance created=1 total=205
2026-04-19 12:17:46 INFO dataset: Stage1 intent=Healthcare created=1 total=205
2026-04-19 12:17:46 INFO dataset: Stage1 intent=Legal created=1 total=206
2026-04-19 12:17:46 INFO dataset: Stage1 intent=Real Estate created=1 total=202
2026-04-19 12:17:46 INFO dataset: Stage1 intent=Career created=1 total=206
2026-04-19 12:17:46 INFO dataset: Stage1 intent=Food and Dining created=1 total=202
2026-04-19 12:17:46 INFO dataset: Stage1 intent=Home Services created=1 total=205
2026-04-19 12:17:46 INFO dataset: Stage1 intent=Automotive created=1 total=203
2026-04-19 12:21:15 INFO dataset: Stage1 intent=Information Retrieval created=1 total=202
2026-04-19 12:21:15 INFO dataset: Stage1 intent=Entertainment created=1 total=202
2026-04-19 12:21:15 INFO dataset: Stage1 intent=product_lookup created=1 total=194
2026-04-19 12:21:15 INFO dataset: Stage1 intent=Booking created=1 total=202
2026-04-19 12:21:15 INFO dataset: Stage1 intent=weather created=1 total=203
2026-04-19 12:21:15 INFO dataset: Stage1 intent=data visualisation created=1 total=201
2026-04-19 12:21:15 INFO dataset: Stage1 intent=Planning created=1 total=207
2026-04-19 12:21:15 INFO dataset: Stage1 intent=productivity created=1 total=206
2026-04-19 12:21:15 INFO dataset: Stage1 intent=Recipe created=1 total=206
2026-04-19 12:21:15 INFO dataset: Stage1 intent=Localization created=1 total=195
2026-04-19 12:21:15 INFO dataset: Stage1 intent=Technical support created=1 total=207
2026-04-19 12:21:15 INFO dataset: Stage1 intent=Creating Writing created=1 total=207
2026-04-19 12:21:15 INFO dataset: Stage1 intent=Event Schedule created=1 total=192
2026-04-19 12:21:15 INFO dataset: Stage1 intent=Research Analysis created=1 total=200
2026-04-19 12:21:15 INFO dataset: Stage1 intent=Comparison created=1 total=202
2026-04-19 12:21:15 INFO dataset: Stage1 intent=calculation created=1 total=206
2026-04-19 12:21:15 INFO dataset: Stage1 intent=Travel created=1 total=206
2026-04-19 12:21:15 INFO dataset: Stage1 intent=Navigation created=1 total=204
2026-04-19 12:21:15 INFO dataset: Stage1 intent=Education created=1 total=206
2026-04-19 12:21:15 INFO dataset: Stage1 intent=Documentation created=1 total=205
2026-04-19 12:21:15 INFO dataset: Stage1 intent=media playback created=1 total=200
2026-04-19 12:21:15 INFO dataset: Stage1 intent=qr scanner created=1 total=201
2026-04-19 12:21:15 INFO dataset: Stage1 intent=status check created=1 total=197
2026-04-19 12:21:15 INFO dataset: Stage1 intent=notification created=1 total=200
2026-04-19 12:21:15 INFO dataset: Stage1 intent=Finance created=1 total=206
2026-04-19 12:21:15 INFO dataset: Stage1 intent=Healthcare created=1 total=206
2026-04-19 12:21:15 INFO dataset: Stage1 intent=Legal created=1 total=207
2026-04-19 12:21:15 INFO dataset: Stage1 intent=Real Estate created=1 total=203
2026-04-19 12:21:15 INFO dataset: Stage1 intent=Career created=1 total=207
2026-04-19 12:21:15 INFO dataset: Stage1 intent=Food and Dining created=1 total=203
2026-04-19 12:21:15 INFO dataset: Stage1 intent=Home Services created=1 total=206
2026-04-19 12:21:15 INFO dataset: Stage1 intent=Automotive created=1 total=204
2026-04-19 12:24:41 INFO dataset: Stage1 intent=Information Retrieval created=1 total=203
2026-04-19 12:24:41 INFO dataset: Stage1 intent=Entertainment created=1 total=203
2026-04-19 12:24:41 INFO dataset: Stage1 intent=product_lookup created=1 total=195
2026-04-19 12:24:41 INFO dataset: Stage1 intent=Booking created=1 total=203
2026-04-19 12:24:41 INFO dataset: Stage1 intent=weather created=1 total=204
2026-04-19 12:24:41 INFO dataset: Stage1 intent=data visualisation created=1 total=202
2026-04-19 12:24:41 INFO dataset: Stage1 intent=Planning created=1 total=208
2026-04-19 12:24:41 INFO dataset: Stage1 intent=productivity created=1 total=207
2026-04-19 12:24:41 INFO dataset: Stage1 intent=Recipe created=1 total=207
2026-04-19 12:24:41 INFO dataset: Stage1 intent=Localization created=1 total=196
2026-04-19 12:24:41 INFO dataset: Stage1 intent=Technical support created=1 total=208
2026-04-19 12:24:41 INFO dataset: Stage1 intent=Creating Writing created=1 total=208
2026-04-19 12:24:41 ERROR dataset: Stage1 parse error intent=Event Schedule: Unterminated string starting at: line 3 column 19 (char 24)
2026-04-19 12:24:41 INFO dataset: Stage1 intent=Research Analysis created=1 total=201
2026-04-19 12:24:41 INFO dataset: Stage1 intent=Comparison created=1 total=203
2026-04-19 12:24:41 INFO dataset: Stage1 intent=calculation created=1 total=207
2026-04-19 12:24:41 INFO dataset: Stage1 intent=Travel created=1 total=207
2026-04-19 12:24:41 INFO dataset: Stage1 intent=Navigation created=1 total=205
2026-04-19 12:24:41 INFO dataset: Stage1 intent=Education created=1 total=207
2026-04-19 12:24:41 INFO dataset: Stage1 intent=Documentation created=1 total=206
2026-04-19 12:24:41 INFO dataset: Stage1 intent=media playback created=1 total=201
2026-04-19 12:24:41 INFO dataset: Stage1 intent=qr scanner created=1 total=202
2026-04-19 12:24:41 INFO dataset: Stage1 intent=status check created=1 total=198
2026-04-19 12:24:41 INFO dataset: Stage1 intent=notification created=1 total=201
2026-04-19 12:24:41 INFO dataset: Stage1 intent=Finance created=1 total=207
2026-04-19 12:24:41 INFO dataset: Stage1 intent=Healthcare created=1 total=207
2026-04-19 12:24:41 INFO dataset: Stage1 intent=Legal created=1 total=208
2026-04-19 12:24:41 INFO dataset: Stage1 intent=Real Estate created=1 total=204
2026-04-19 12:24:41 INFO dataset: Stage1 intent=Career created=1 total=208
2026-04-19 12:24:41 INFO dataset: Stage1 intent=Food and Dining created=1 total=204
2026-04-19 12:24:41 INFO dataset: Stage1 intent=Home Services created=1 total=207
2026-04-19 12:24:41 INFO dataset: Stage1 intent=Automotive created=1 total=205
2026-04-19 12:28:16 INFO dataset: Stage1 intent=Information Retrieval created=1 total=204
2026-04-19 12:28:16 INFO dataset: Stage1 intent=Entertainment created=1 total=204
2026-04-19 12:28:16 INFO dataset: Stage1 intent=product_lookup created=1 total=196
2026-04-19 12:28:16 INFO dataset: Stage1 intent=Booking created=1 total=204
2026-04-19 12:28:16 INFO dataset: Stage1 intent=weather created=1 total=205
2026-04-19 12:28:16 INFO dataset: Stage1 intent=data visualisation created=1 total=203
2026-04-19 12:28:16 INFO dataset: Stage1 intent=Planning created=1 total=209
2026-04-19 12:28:16 INFO dataset: Stage1 intent=productivity created=1 total=208
2026-04-19 12:28:16 INFO dataset: Stage1 intent=Recipe created=1 total=208
2026-04-19 12:28:16 INFO dataset: Stage1 intent=Localization created=1 total=197
2026-04-19 12:28:16 INFO dataset: Stage1 intent=Technical support created=1 total=209
2026-04-19 12:28:16 INFO dataset: Stage1 intent=Creating Writing created=1 total=209
2026-04-19 12:28:16 INFO dataset: Stage1 intent=Event Schedule created=1 total=193
2026-04-19 12:28:16 INFO dataset: Stage1 intent=Research Analysis created=1 total=202
2026-04-19 12:28:16 INFO dataset: Stage1 intent=Comparison created=1 total=204
2026-04-19 12:28:16 INFO dataset: Stage1 intent=calculation created=1 total=208
2026-04-19 12:28:16 INFO dataset: Stage1 intent=Travel created=1 total=208
2026-04-19 12:28:16 INFO dataset: Stage1 intent=Navigation created=1 total=206
2026-04-19 12:28:16 INFO dataset: Stage1 intent=Education created=1 total=208
2026-04-19 12:28:16 INFO dataset: Stage1 intent=Documentation created=1 total=207
2026-04-19 12:28:16 INFO dataset: Stage1 intent=media playback created=1 total=202
2026-04-19 12:28:16 INFO dataset: Stage1 intent=qr scanner created=1 total=203
2026-04-19 12:28:16 INFO dataset: Stage1 intent=status check created=1 total=199
2026-04-19 12:28:16 INFO dataset: Stage1 intent=notification created=1 total=202
2026-04-19 12:28:16 INFO dataset: Stage1 intent=Finance created=1 total=208
2026-04-19 12:28:16 INFO dataset: Stage1 intent=Healthcare created=1 total=208
2026-04-19 12:28:16 INFO dataset: Stage1 intent=Legal created=1 total=209
2026-04-19 12:28:16 INFO dataset: Stage1 intent=Real Estate created=1 total=205
2026-04-19 12:28:16 INFO dataset: Stage1 intent=Career created=1 total=209
2026-04-19 12:28:16 INFO dataset: Stage1 intent=Food and Dining created=1 total=205
2026-04-19 12:28:16 INFO dataset: Stage1 intent=Home Services created=1 total=208
2026-04-19 12:28:16 INFO dataset: Stage1 intent=Automotive created=1 total=206
2026-04-19 12:32:22 INFO dataset: Stage1 intent=Information Retrieval created=1 total=205
2026-04-19 12:32:22 INFO dataset: Stage1 intent=Entertainment created=1 total=205
2026-04-19 12:32:22 INFO dataset: Stage1 intent=product_lookup created=1 total=197
2026-04-19 12:32:22 INFO dataset: Stage1 intent=Booking created=1 total=205
2026-04-19 12:32:22 INFO dataset: Stage1 intent=weather created=1 total=206
2026-04-19 12:32:22 INFO dataset: Stage1 intent=data visualisation created=1 total=204
2026-04-19 12:32:22 INFO dataset: Stage1 intent=Planning created=1 total=210
2026-04-19 12:32:22 INFO dataset: Stage1 intent=productivity created=1 total=209
2026-04-19 12:32:22 INFO dataset: Stage1 intent=Recipe created=1 total=209
2026-04-19 12:32:22 INFO dataset: Stage1 intent=Localization created=1 total=198
2026-04-19 12:32:22 INFO dataset: Stage1 intent=Technical support created=1 total=210
2026-04-19 12:32:22 INFO dataset: Stage1 intent=Creating Writing created=1 total=210
2026-04-19 12:32:22 INFO dataset: Stage1 intent=Event Schedule created=1 total=194
2026-04-19 12:32:22 INFO dataset: Stage1 intent=Research Analysis created=1 total=203
2026-04-19 12:32:22 ERROR dataset: Stage1 parse error intent=Comparison: Unterminated string starting at: line 3 column 19 (char 24)
2026-04-19 12:32:22 INFO dataset: Stage1 intent=calculation created=1 total=209
2026-04-19 12:32:22 INFO dataset: Stage1 intent=Travel created=1 total=209
2026-04-19 12:32:22 INFO dataset: Stage1 intent=Navigation created=1 total=207
2026-04-19 12:32:22 ERROR dataset: Stage1 parse error intent=Education: Unterminated string starting at: line 3 column 19 (char 24)
2026-04-19 12:32:22 ERROR dataset: Stage1 parse error intent=Documentation: Unterminated string starting at: line 6 column 7 (char 764)
2026-04-19 12:32:22 INFO dataset: Stage1 intent=media playback created=1 total=203
2026-04-19 12:32:22 INFO dataset: Stage1 intent=qr scanner created=1 total=204
2026-04-19 12:32:22 INFO dataset: Stage1 intent=status check created=1 total=200
2026-04-19 12:32:22 INFO dataset: Stage1 intent=notification created=1 total=203
2026-04-19 12:32:22 INFO dataset: Stage1 intent=Finance created=1 total=209
2026-04-19 12:32:22 INFO dataset: Stage1 intent=Healthcare created=1 total=209
2026-04-19 12:32:22 INFO dataset: Stage1 intent=Legal created=1 total=210
2026-04-19 12:32:22 INFO dataset: Stage1 intent=Real Estate created=1 total=206
2026-04-19 12:32:22 INFO dataset: Stage1 intent=Career created=1 total=210
2026-04-19 12:32:22 INFO dataset: Stage1 intent=Food and Dining created=1 total=206
2026-04-19 12:32:22 INFO dataset: Stage1 intent=Home Services created=1 total=209
2026-04-19 12:32:22 INFO dataset: Stage1 intent=Automotive created=1 total=207
2026-04-19 12:36:02 INFO dataset: Stage1 intent=Information Retrieval created=1 total=206
2026-04-19 12:36:02 INFO dataset: Stage1 intent=Entertainment created=1 total=206
2026-04-19 12:36:02 INFO dataset: Stage1 intent=product_lookup created=1 total=198
2026-04-19 12:36:02 INFO dataset: Stage1 intent=Booking created=1 total=206
2026-04-19 12:36:02 INFO dataset: Stage1 intent=weather created=1 total=207
2026-04-19 12:36:02 INFO dataset: Stage1 intent=data visualisation created=1 total=205
2026-04-19 12:36:02 INFO dataset: Stage1 intent=Planning created=1 total=211
2026-04-19 12:36:02 INFO dataset: Stage1 intent=productivity created=1 total=210
2026-04-19 12:36:02 INFO dataset: Stage1 intent=Recipe created=1 total=210
2026-04-19 12:36:02 INFO dataset: Stage1 intent=Localization created=1 total=199
2026-04-19 12:36:02 INFO dataset: Stage1 intent=Technical support created=1 total=211
2026-04-19 12:36:02 INFO dataset: Stage1 intent=Creating Writing created=1 total=211
2026-04-19 12:36:02 INFO dataset: Stage1 intent=Event Schedule created=1 total=195
2026-04-19 12:36:02 INFO dataset: Stage1 intent=Research Analysis created=1 total=204
2026-04-19 12:36:02 INFO dataset: Stage1 intent=Comparison created=1 total=205
2026-04-19 12:36:02 INFO dataset: Stage1 intent=calculation created=1 total=210
2026-04-19 12:36:02 INFO dataset: Stage1 intent=Travel created=1 total=210
2026-04-19 12:36:02 INFO dataset: Stage1 intent=Navigation created=1 total=208
2026-04-19 12:36:02 INFO dataset: Stage1 intent=Education created=1 total=209
2026-04-19 12:36:02 INFO dataset: Stage1 intent=Documentation created=1 total=208
2026-04-19 12:36:02 INFO dataset: Stage1 intent=media playback created=1 total=204
2026-04-19 12:36:02 INFO dataset: Stage1 intent=qr scanner created=1 total=205
2026-04-19 12:36:02 INFO dataset: Stage1 intent=status check created=1 total=201
2026-04-19 12:36:02 INFO dataset: Stage1 intent=notification created=1 total=204
2026-04-19 12:36:02 INFO dataset: Stage1 intent=Finance created=1 total=210
2026-04-19 12:36:02 INFO dataset: Stage1 intent=Healthcare created=1 total=210
2026-04-19 12:36:02 INFO dataset: Stage1 intent=Legal created=1 total=211
2026-04-19 12:36:02 INFO dataset: Stage1 intent=Real Estate created=1 total=207
2026-04-19 12:36:02 INFO dataset: Stage1 intent=Career created=1 total=211
2026-04-19 12:36:02 INFO dataset: Stage1 intent=Food and Dining created=1 total=207
2026-04-19 12:36:02 INFO dataset: Stage1 intent=Home Services created=1 total=210
2026-04-19 12:36:02 INFO dataset: Stage1 intent=Automotive created=1 total=208
2026-04-19 12:39:37 INFO dataset: Stage1 intent=Information Retrieval created=1 total=207
2026-04-19 12:39:37 INFO dataset: Stage1 intent=Entertainment created=1 total=207
2026-04-19 12:39:37 INFO dataset: Stage1 intent=product_lookup created=1 total=199
2026-04-19 12:39:37 INFO dataset: Stage1 intent=Booking created=1 total=207
2026-04-19 12:39:37 INFO dataset: Stage1 intent=weather created=1 total=208
2026-04-19 12:39:38 INFO dataset: Stage1 intent=data visualisation created=1 total=206
2026-04-19 12:39:38 INFO dataset: Stage1 intent=Planning created=1 total=212
2026-04-19 12:39:38 INFO dataset: Stage1 intent=productivity created=1 total=211
2026-04-19 12:39:38 INFO dataset: Stage1 intent=Recipe created=1 total=211
2026-04-19 12:39:38 INFO dataset: Stage1 intent=Localization created=1 total=200
2026-04-19 12:39:38 INFO dataset: Stage1 intent=Technical support created=1 total=212
2026-04-19 12:39:38 INFO dataset: Stage1 intent=Creating Writing created=1 total=212
2026-04-19 12:39:38 INFO dataset: Stage1 intent=Event Schedule created=1 total=196
2026-04-19 12:39:38 INFO dataset: Stage1 intent=Research Analysis created=1 total=205
2026-04-19 12:39:38 INFO dataset: Stage1 intent=Comparison created=1 total=206
2026-04-19 12:39:38 INFO dataset: Stage1 intent=calculation created=1 total=211
2026-04-19 12:39:38 INFO dataset: Stage1 intent=Travel created=1 total=211
2026-04-19 12:39:38 INFO dataset: Stage1 intent=Navigation created=1 total=209
2026-04-19 12:39:38 INFO dataset: Stage1 intent=Education created=1 total=210
2026-04-19 12:39:38 INFO dataset: Stage1 intent=Documentation created=1 total=209
2026-04-19 12:39:38 INFO dataset: Stage1 intent=media playback created=1 total=205
2026-04-19 12:39:38 INFO dataset: Stage1 intent=qr scanner created=1 total=206
2026-04-19 12:39:38 INFO dataset: Stage1 intent=status check created=1 total=202
2026-04-19 12:39:38 INFO dataset: Stage1 intent=notification created=1 total=205
2026-04-19 12:39:38 INFO dataset: Stage1 intent=Finance created=1 total=211
2026-04-19 12:39:38 INFO dataset: Stage1 intent=Healthcare created=1 total=211
2026-04-19 12:39:38 INFO dataset: Stage1 intent=Legal created=1 total=212
2026-04-19 12:39:38 INFO dataset: Stage1 intent=Real Estate created=1 total=208
2026-04-19 12:39:38 INFO dataset: Stage1 intent=Career created=1 total=212
2026-04-19 12:39:38 INFO dataset: Stage1 intent=Food and Dining created=1 total=208
2026-04-19 12:39:38 INFO dataset: Stage1 intent=Home Services created=1 total=211
2026-04-19 12:39:38 INFO dataset: Stage1 intent=Automotive created=1 total=209
2026-04-19 12:43:24 INFO dataset: Stage1 intent=Information Retrieval created=1 total=208
2026-04-19 12:43:24 INFO dataset: Stage1 intent=Entertainment created=1 total=208
2026-04-19 12:43:24 INFO dataset: Stage1 intent=product_lookup created=1 total=200
2026-04-19 12:43:24 INFO dataset: Stage1 intent=Booking created=1 total=208
2026-04-19 12:43:24 INFO dataset: Stage1 intent=weather created=1 total=209
2026-04-19 12:43:24 INFO dataset: Stage1 intent=data visualisation created=1 total=207
2026-04-19 12:43:24 INFO dataset: Stage1 intent=Planning created=1 total=213
2026-04-19 12:43:24 INFO dataset: Stage1 intent=productivity created=1 total=212
2026-04-19 12:43:24 INFO dataset: Stage1 intent=Recipe created=1 total=212
2026-04-19 12:43:24 INFO dataset: Stage1 intent=Localization created=1 total=201
2026-04-19 12:43:24 INFO dataset: Stage1 intent=Technical support created=1 total=213
2026-04-19 12:43:24 INFO dataset: Stage1 intent=Creating Writing created=1 total=213
2026-04-19 12:43:24 INFO dataset: Stage1 intent=Event Schedule created=1 total=197
2026-04-19 12:43:24 INFO dataset: Stage1 intent=Research Analysis created=1 total=206
2026-04-19 12:43:24 INFO dataset: Stage1 intent=Comparison created=1 total=207
2026-04-19 12:43:24 INFO dataset: Stage1 intent=calculation created=1 total=212
2026-04-19 12:43:24 INFO dataset: Stage1 intent=Travel created=1 total=212
2026-04-19 12:43:24 INFO dataset: Stage1 intent=Navigation created=1 total=210
2026-04-19 12:43:24 INFO dataset: Stage1 intent=Education created=1 total=211
2026-04-19 12:43:24 INFO dataset: Stage1 intent=Documentation created=1 total=210
2026-04-19 12:43:24 INFO dataset: Stage1 intent=media playback created=1 total=206
2026-04-19 12:43:24 INFO dataset: Stage1 intent=qr scanner created=1 total=207
2026-04-19 12:43:24 INFO dataset: Stage1 intent=status check created=1 total=203
2026-04-19 12:43:24 INFO dataset: Stage1 intent=notification created=1 total=206
2026-04-19 12:43:24 INFO dataset: Stage1 intent=Finance created=1 total=212
2026-04-19 12:43:24 INFO dataset: Stage1 intent=Healthcare created=1 total=212
2026-04-19 12:43:24 INFO dataset: Stage1 intent=Legal created=1 total=213
2026-04-19 12:43:24 INFO dataset: Stage1 intent=Real Estate created=1 total=209
2026-04-19 12:43:24 INFO dataset: Stage1 intent=Career created=1 total=213
2026-04-19 12:43:24 INFO dataset: Stage1 intent=Food and Dining created=1 total=209
2026-04-19 12:43:24 INFO dataset: Stage1 intent=Home Services created=1 total=212
2026-04-19 12:43:24 INFO dataset: Stage1 intent=Automotive created=1 total=210
2026-04-19 12:46:57 INFO dataset: Stage1 intent=Information Retrieval created=1 total=209
2026-04-19 12:46:57 INFO dataset: Stage1 intent=Entertainment created=1 total=209
2026-04-19 12:46:57 INFO dataset: Stage1 intent=product_lookup created=1 total=201
2026-04-19 12:46:57 INFO dataset: Stage1 intent=Booking created=1 total=209
2026-04-19 12:46:57 INFO dataset: Stage1 intent=weather created=1 total=210
2026-04-19 12:46:57 INFO dataset: Stage1 intent=data visualisation created=1 total=208
2026-04-19 12:46:57 INFO dataset: Stage1 intent=Planning created=1 total=214
2026-04-19 12:46:57 INFO dataset: Stage1 intent=productivity created=1 total=213
2026-04-19 12:46:57 INFO dataset: Stage1 intent=Recipe created=1 total=213
2026-04-19 12:46:57 INFO dataset: Stage1 intent=Localization created=1 total=202
2026-04-19 12:46:57 INFO dataset: Stage1 intent=Technical support created=1 total=214
2026-04-19 12:46:57 INFO dataset: Stage1 intent=Creating Writing created=1 total=214
2026-04-19 12:46:57 INFO dataset: Stage1 intent=Event Schedule created=1 total=198
2026-04-19 12:46:57 INFO dataset: Stage1 intent=Research Analysis created=1 total=207
2026-04-19 12:46:57 INFO dataset: Stage1 intent=Comparison created=1 total=208
2026-04-19 12:46:57 INFO dataset: Stage1 intent=calculation created=1 total=213
2026-04-19 12:46:57 INFO dataset: Stage1 intent=Travel created=1 total=213
2026-04-19 12:46:57 INFO dataset: Stage1 intent=Navigation created=1 total=211
2026-04-19 12:46:57 INFO dataset: Stage1 intent=Education created=1 total=212
2026-04-19 12:46:57 INFO dataset: Stage1 intent=Documentation created=1 total=211
2026-04-19 12:46:57 INFO dataset: Stage1 intent=media playback created=1 total=207
2026-04-19 12:46:57 INFO dataset: Stage1 intent=qr scanner created=1 total=208
2026-04-19 12:46:57 INFO dataset: Stage1 intent=status check created=1 total=204
2026-04-19 12:46:57 INFO dataset: Stage1 intent=notification created=1 total=207
2026-04-19 12:46:57 INFO dataset: Stage1 intent=Finance created=1 total=213
2026-04-19 12:46:57 INFO dataset: Stage1 intent=Healthcare created=1 total=213
2026-04-19 12:46:57 INFO dataset: Stage1 intent=Legal created=1 total=214
2026-04-19 12:46:57 INFO dataset: Stage1 intent=Real Estate created=1 total=210
2026-04-19 12:46:57 INFO dataset: Stage1 intent=Career created=1 total=214
2026-04-19 12:46:57 INFO dataset: Stage1 intent=Food and Dining created=1 total=210
2026-04-19 12:46:57 INFO dataset: Stage1 intent=Home Services created=1 total=213
2026-04-19 12:46:57 INFO dataset: Stage1 intent=Automotive created=1 total=211
2026-04-19 12:50:32 INFO dataset: Stage1 intent=Information Retrieval created=1 total=210
2026-04-19 12:50:32 ERROR dataset: Stage1 parse error intent=Entertainment: Unterminated string starting at: line 9 column 7 (char 968)
2026-04-19 12:50:32 INFO dataset: Stage1 intent=product_lookup created=1 total=202
2026-04-19 12:50:32 INFO dataset: Stage1 intent=Booking created=1 total=210
2026-04-19 12:50:32 INFO dataset: Stage1 intent=weather created=1 total=211
2026-04-19 12:50:32 INFO dataset: Stage1 intent=data visualisation created=1 total=209
2026-04-19 12:50:32 INFO dataset: Stage1 intent=Planning created=1 total=215
2026-04-19 12:50:32 INFO dataset: Stage1 intent=productivity created=1 total=214
2026-04-19 12:50:32 INFO dataset: Stage1 intent=Recipe created=1 total=214
2026-04-19 12:50:32 INFO dataset: Stage1 intent=Localization created=1 total=203
2026-04-19 12:50:32 INFO dataset: Stage1 intent=Technical support created=1 total=215
2026-04-19 12:50:32 INFO dataset: Stage1 intent=Creating Writing created=1 total=215
2026-04-19 12:50:32 INFO dataset: Stage1 intent=Event Schedule created=1 total=199
2026-04-19 12:50:32 INFO dataset: Stage1 intent=Research Analysis created=1 total=208
2026-04-19 12:50:32 INFO dataset: Stage1 intent=Comparison created=1 total=209
2026-04-19 12:50:32 INFO dataset: Stage1 intent=calculation created=1 total=214
2026-04-19 12:50:32 INFO dataset: Stage1 intent=Travel created=1 total=214
2026-04-19 12:50:32 INFO dataset: Stage1 intent=Navigation created=1 total=212
2026-04-19 12:50:32 INFO dataset: Stage1 intent=Education created=1 total=213
2026-04-19 12:50:32 INFO dataset: Stage1 intent=Documentation created=1 total=212
2026-04-19 12:50:32 INFO dataset: Stage1 intent=media playback created=1 total=208
2026-04-19 12:50:32 INFO dataset: Stage1 intent=qr scanner created=1 total=209
2026-04-19 12:50:32 INFO dataset: Stage1 intent=status check created=1 total=205
2026-04-19 12:50:32 INFO dataset: Stage1 intent=notification created=1 total=208
2026-04-19 12:50:32 INFO dataset: Stage1 intent=Finance created=1 total=214
2026-04-19 12:50:32 INFO dataset: Stage1 intent=Healthcare created=1 total=214
2026-04-19 12:50:32 INFO dataset: Stage1 intent=Legal created=1 total=215
2026-04-19 12:50:32 INFO dataset: Stage1 intent=Real Estate created=1 total=211
2026-04-19 12:50:32 INFO dataset: Stage1 intent=Career created=1 total=215
2026-04-19 12:50:32 INFO dataset: Stage1 intent=Food and Dining created=1 total=211
2026-04-19 12:50:32 INFO dataset: Stage1 intent=Home Services created=1 total=214
2026-04-19 12:50:32 INFO dataset: Stage1 intent=Automotive created=1 total=212
2026-04-19 12:54:13 INFO dataset: Stage1 intent=Information Retrieval created=1 total=211
2026-04-19 12:54:13 INFO dataset: Stage1 intent=Entertainment created=1 total=210
2026-04-19 12:54:13 INFO dataset: Stage1 intent=product_lookup created=1 total=203
2026-04-19 12:54:13 INFO dataset: Stage1 intent=Booking created=1 total=211
2026-04-19 12:54:13 INFO dataset: Stage1 intent=weather created=1 total=212
2026-04-19 12:54:13 INFO dataset: Stage1 intent=data visualisation created=1 total=210
2026-04-19 12:54:13 INFO dataset: Stage1 intent=Planning created=1 total=216
2026-04-19 12:54:13 INFO dataset: Stage1 intent=productivity created=1 total=215
2026-04-19 12:54:13 INFO dataset: Stage1 intent=Recipe created=1 total=215
2026-04-19 12:54:13 INFO dataset: Stage1 intent=Localization created=1 total=204
2026-04-19 12:54:13 INFO dataset: Stage1 intent=Technical support created=1 total=216
2026-04-19 12:54:13 INFO dataset: Stage1 intent=Creating Writing created=1 total=216
2026-04-19 12:54:13 INFO dataset: Stage1 intent=Event Schedule created=1 total=200
2026-04-19 12:54:13 INFO dataset: Stage1 intent=Research Analysis created=1 total=209
2026-04-19 12:54:13 INFO dataset: Stage1 intent=Comparison created=1 total=210
2026-04-19 12:54:13 INFO dataset: Stage1 intent=calculation created=1 total=215
2026-04-19 12:54:13 INFO dataset: Stage1 intent=Travel created=1 total=215
2026-04-19 12:54:13 INFO dataset: Stage1 intent=Navigation created=1 total=213
2026-04-19 12:54:13 INFO dataset: Stage1 intent=Education created=1 total=214
2026-04-19 12:54:13 INFO dataset: Stage1 intent=Documentation created=1 total=213
2026-04-19 12:54:13 INFO dataset: Stage1 intent=media playback created=1 total=209
2026-04-19 12:54:13 INFO dataset: Stage1 intent=qr scanner created=1 total=210
2026-04-19 12:54:13 INFO dataset: Stage1 intent=status check created=1 total=206
2026-04-19 12:54:13 INFO dataset: Stage1 intent=notification created=1 total=209
2026-04-19 12:54:13 INFO dataset: Stage1 intent=Finance created=1 total=215
2026-04-19 12:54:13 INFO dataset: Stage1 intent=Healthcare created=1 total=215
2026-04-19 12:54:13 INFO dataset: Stage1 intent=Legal created=1 total=216
2026-04-19 12:54:13 INFO dataset: Stage1 intent=Real Estate created=1 total=212
2026-04-19 12:54:13 INFO dataset: Stage1 intent=Career created=1 total=216
2026-04-19 12:54:13 INFO dataset: Stage1 intent=Food and Dining created=1 total=212
2026-04-19 12:54:13 INFO dataset: Stage1 intent=Home Services created=1 total=215
2026-04-19 12:54:13 INFO dataset: Stage1 intent=Automotive created=1 total=213
2026-04-19 12:57:45 INFO dataset: Stage1 intent=Information Retrieval created=1 total=212
2026-04-19 12:57:45 INFO dataset: Stage1 intent=Entertainment created=1 total=211
2026-04-19 12:57:45 INFO dataset: Stage1 intent=product_lookup created=1 total=204
2026-04-19 12:57:45 INFO dataset: Stage1 intent=Booking created=1 total=212
2026-04-19 12:57:45 INFO dataset: Stage1 intent=weather created=1 total=213
2026-04-19 12:57:45 INFO dataset: Stage1 intent=data visualisation created=1 total=211
2026-04-19 12:57:45 INFO dataset: Stage1 intent=Planning created=1 total=217
2026-04-19 12:57:45 INFO dataset: Stage1 intent=productivity created=1 total=216
2026-04-19 12:57:45 INFO dataset: Stage1 intent=Recipe created=1 total=216
2026-04-19 12:57:45 INFO dataset: Stage1 intent=Localization created=1 total=205
2026-04-19 12:57:45 INFO dataset: Stage1 intent=Technical support created=1 total=217
2026-04-19 12:57:45 INFO dataset: Stage1 intent=Creating Writing created=1 total=217
2026-04-19 12:57:45 INFO dataset: Stage1 intent=Event Schedule created=1 total=201
2026-04-19 12:57:45 INFO dataset: Stage1 intent=Research Analysis created=1 total=210
2026-04-19 12:57:45 INFO dataset: Stage1 intent=Comparison created=1 total=211
2026-04-19 12:57:45 INFO dataset: Stage1 intent=calculation created=1 total=216
2026-04-19 12:57:45 INFO dataset: Stage1 intent=Travel created=1 total=216
2026-04-19 12:57:45 INFO dataset: Stage1 intent=Navigation created=1 total=214
2026-04-19 12:57:45 INFO dataset: Stage1 intent=Education created=1 total=215
2026-04-19 12:57:45 INFO dataset: Stage1 intent=Documentation created=1 total=214
2026-04-19 12:57:45 INFO dataset: Stage1 intent=media playback created=1 total=210
2026-04-19 12:57:45 INFO dataset: Stage1 intent=qr scanner created=1 total=211
2026-04-19 12:57:45 INFO dataset: Stage1 intent=status check created=1 total=207
2026-04-19 12:57:45 INFO dataset: Stage1 intent=notification created=1 total=210
2026-04-19 12:57:45 INFO dataset: Stage1 intent=Finance created=1 total=216
2026-04-19 12:57:45 INFO dataset: Stage1 intent=Healthcare created=1 total=216
2026-04-19 12:57:45 INFO dataset: Stage1 intent=Legal created=1 total=217
2026-04-19 12:57:45 INFO dataset: Stage1 intent=Real Estate created=1 total=213
2026-04-19 12:57:45 INFO dataset: Stage1 intent=Career created=1 total=217
2026-04-19 12:57:45 INFO dataset: Stage1 intent=Food and Dining created=1 total=213
2026-04-19 12:57:45 INFO dataset: Stage1 intent=Home Services created=1 total=216
2026-04-19 12:57:45 INFO dataset: Stage1 intent=Automotive created=1 total=214
2026-04-19 13:01:15 INFO dataset: Stage1 intent=Information Retrieval created=1 total=213
2026-04-19 13:01:15 INFO dataset: Stage1 intent=Entertainment created=1 total=212
2026-04-19 13:01:15 INFO dataset: Stage1 intent=product_lookup created=1 total=205
2026-04-19 13:01:15 INFO dataset: Stage1 intent=Booking created=1 total=213
2026-04-19 13:01:15 INFO dataset: Stage1 intent=weather created=1 total=214
2026-04-19 13:01:15 INFO dataset: Stage1 intent=data visualisation created=1 total=212
2026-04-19 13:01:15 INFO dataset: Stage1 intent=Planning created=1 total=218
2026-04-19 13:01:15 INFO dataset: Stage1 intent=productivity created=1 total=217
2026-04-19 13:01:15 INFO dataset: Stage1 intent=Recipe created=1 total=217
2026-04-19 13:01:15 INFO dataset: Stage1 intent=Localization created=1 total=206
2026-04-19 13:01:15 INFO dataset: Stage1 intent=Technical support created=1 total=218
2026-04-19 13:01:15 INFO dataset: Stage1 intent=Creating Writing created=1 total=218
2026-04-19 13:01:15 INFO dataset: Stage1 intent=Event Schedule created=1 total=202
2026-04-19 13:01:15 INFO dataset: Stage1 intent=Research Analysis created=1 total=211
2026-04-19 13:01:15 INFO dataset: Stage1 intent=Comparison created=1 total=212
2026-04-19 13:01:15 INFO dataset: Stage1 intent=calculation created=1 total=217
2026-04-19 13:01:15 INFO dataset: Stage1 intent=Travel created=1 total=217
2026-04-19 13:01:15 INFO dataset: Stage1 intent=Navigation created=1 total=215
2026-04-19 13:01:15 INFO dataset: Stage1 intent=Education created=1 total=216
2026-04-19 13:01:15 INFO dataset: Stage1 intent=Documentation created=1 total=215
2026-04-19 13:01:15 INFO dataset: Stage1 intent=media playback created=1 total=211
2026-04-19 13:01:15 INFO dataset: Stage1 intent=qr scanner created=1 total=212
2026-04-19 13:01:15 INFO dataset: Stage1 intent=status check created=1 total=208
2026-04-19 13:01:15 INFO dataset: Stage1 intent=notification created=1 total=211
2026-04-19 13:01:15 INFO dataset: Stage1 intent=Finance created=1 total=217
2026-04-19 13:01:15 INFO dataset: Stage1 intent=Healthcare created=1 total=217
2026-04-19 13:01:15 INFO dataset: Stage1 intent=Legal created=1 total=218
2026-04-19 13:01:15 INFO dataset: Stage1 intent=Real Estate created=1 total=214
2026-04-19 13:01:15 INFO dataset: Stage1 intent=Career created=1 total=218
2026-04-19 13:01:15 INFO dataset: Stage1 intent=Food and Dining created=1 total=214
2026-04-19 13:01:15 INFO dataset: Stage1 intent=Home Services created=1 total=217
2026-04-19 13:01:15 INFO dataset: Stage1 intent=Automotive created=1 total=215
2026-04-19 13:04:54 ERROR dataset: Stage1 parse error intent=Information Retrieval: Empty text
2026-04-19 13:04:54 INFO dataset: Stage1 intent=Entertainment created=1 total=213
2026-04-19 13:04:54 INFO dataset: Stage1 intent=product_lookup created=1 total=206
2026-04-19 13:04:54 INFO dataset: Stage1 intent=Booking created=1 total=214
2026-04-19 13:04:54 INFO dataset: Stage1 intent=weather created=1 total=215
2026-04-19 13:04:54 INFO dataset: Stage1 intent=data visualisation created=1 total=213
2026-04-19 13:04:54 INFO dataset: Stage1 intent=Planning created=1 total=219
2026-04-19 13:04:54 INFO dataset: Stage1 intent=productivity created=1 total=218
2026-04-19 13:04:54 INFO dataset: Stage1 intent=Recipe created=1 total=218
2026-04-19 13:04:54 INFO dataset: Stage1 intent=Localization created=1 total=207
2026-04-19 13:04:54 INFO dataset: Stage1 intent=Technical support created=1 total=219
2026-04-19 13:04:54 INFO dataset: Stage1 intent=Creating Writing created=1 total=219
2026-04-19 13:04:54 INFO dataset: Stage1 intent=Event Schedule created=1 total=203
2026-04-19 13:04:54 INFO dataset: Stage1 intent=Research Analysis created=1 total=212
2026-04-19 13:04:54 INFO dataset: Stage1 intent=Comparison created=1 total=213
2026-04-19 13:04:54 INFO dataset: Stage1 intent=calculation created=1 total=218
2026-04-19 13:04:54 INFO dataset: Stage1 intent=Travel created=1 total=218
2026-04-19 13:04:54 INFO dataset: Stage1 intent=Navigation created=1 total=216
2026-04-19 13:04:54 INFO dataset: Stage1 intent=Education created=1 total=217
2026-04-19 13:04:54 INFO dataset: Stage1 intent=Documentation created=1 total=216
2026-04-19 13:04:54 INFO dataset: Stage1 intent=media playback created=1 total=212
2026-04-19 13:04:54 INFO dataset: Stage1 intent=qr scanner created=1 total=213
2026-04-19 13:04:54 INFO dataset: Stage1 intent=status check created=1 total=209
2026-04-19 13:04:54 INFO dataset: Stage1 intent=notification created=1 total=212
2026-04-19 13:04:54 INFO dataset: Stage1 intent=Finance created=1 total=218
2026-04-19 13:04:54 INFO dataset: Stage1 intent=Healthcare created=1 total=218
2026-04-19 13:04:54 INFO dataset: Stage1 intent=Legal created=1 total=219
2026-04-19 13:04:54 INFO dataset: Stage1 intent=Real Estate created=1 total=215
2026-04-19 13:04:54 INFO dataset: Stage1 intent=Career created=1 total=219
2026-04-19 13:04:54 INFO dataset: Stage1 intent=Food and Dining created=1 total=215
2026-04-19 13:04:54 INFO dataset: Stage1 intent=Home Services created=1 total=218
2026-04-19 13:04:54 INFO dataset: Stage1 intent=Automotive created=1 total=216
2026-04-19 13:08:26 INFO dataset: Stage1 intent=Information Retrieval created=1 total=214
2026-04-19 13:08:26 INFO dataset: Stage1 intent=Entertainment created=1 total=214
2026-04-19 13:08:26 INFO dataset: Stage1 intent=product_lookup created=1 total=207
2026-04-19 13:08:26 INFO dataset: Stage1 intent=Booking created=1 total=215
2026-04-19 13:08:26 INFO dataset: Stage1 intent=weather created=1 total=216
2026-04-19 13:08:26 INFO dataset: Stage1 intent=data visualisation created=1 total=214
2026-04-19 13:08:26 INFO dataset: Stage1 intent=Planning created=1 total=220
2026-04-19 13:08:26 INFO dataset: Stage1 intent=productivity created=1 total=219
2026-04-19 13:08:26 INFO dataset: Stage1 intent=Recipe created=1 total=219
2026-04-19 13:08:26 INFO dataset: Stage1 intent=Localization created=1 total=208
2026-04-19 13:08:26 INFO dataset: Stage1 intent=Technical support created=1 total=220
2026-04-19 13:08:26 INFO dataset: Stage1 intent=Creating Writing created=1 total=220
2026-04-19 13:08:26 INFO dataset: Stage1 intent=Event Schedule created=1 total=204
2026-04-19 13:08:26 INFO dataset: Stage1 intent=Research Analysis created=1 total=213
2026-04-19 13:08:26 INFO dataset: Stage1 intent=Comparison created=1 total=214
2026-04-19 13:08:26 INFO dataset: Stage1 intent=calculation created=1 total=219
2026-04-19 13:08:26 INFO dataset: Stage1 intent=Travel created=1 total=219
2026-04-19 13:08:26 INFO dataset: Stage1 intent=Navigation created=1 total=217
2026-04-19 13:08:26 INFO dataset: Stage1 intent=Education created=1 total=218
2026-04-19 13:08:26 INFO dataset: Stage1 intent=Documentation created=1 total=217
2026-04-19 13:08:26 ERROR dataset: Stage1 parse error intent=media playback: Unterminated string starting at: line 3 column 19 (char 24)
2026-04-19 13:08:26 INFO dataset: Stage1 intent=qr scanner created=1 total=214
2026-04-19 13:08:26 INFO dataset: Stage1 intent=status check created=1 total=210
2026-04-19 13:08:26 INFO dataset: Stage1 intent=notification created=1 total=213
2026-04-19 13:08:26 INFO dataset: Stage1 intent=Finance created=1 total=219
2026-04-19 13:08:26 INFO dataset: Stage1 intent=Healthcare created=1 total=219
2026-04-19 13:08:26 INFO dataset: Stage1 intent=Legal created=1 total=220
2026-04-19 13:08:26 INFO dataset: Stage1 intent=Real Estate created=1 total=216
2026-04-19 13:08:26 INFO dataset: Stage1 intent=Career created=1 total=220
2026-04-19 13:08:26 INFO dataset: Stage1 intent=Food and Dining created=1 total=216
2026-04-19 13:08:26 INFO dataset: Stage1 intent=Home Services created=1 total=219
2026-04-19 13:08:26 INFO dataset: Stage1 intent=Automotive created=1 total=217
2026-04-19 13:12:51 INFO dataset: Stage1 intent=Information Retrieval created=1 total=215
2026-04-19 13:12:51 INFO dataset: Stage1 intent=Entertainment created=1 total=215
2026-04-19 13:12:51 INFO dataset: Stage1 intent=product_lookup created=1 total=208
2026-04-19 13:12:51 INFO dataset: Stage1 intent=Booking created=1 total=216
2026-04-19 13:12:51 INFO dataset: Stage1 intent=weather created=1 total=217
2026-04-19 13:12:51 INFO dataset: Stage1 intent=data visualisation created=1 total=215
2026-04-19 13:12:51 INFO dataset: Stage1 intent=Planning created=1 total=221
2026-04-19 13:12:51 INFO dataset: Stage1 intent=productivity created=1 total=220
2026-04-19 13:12:51 INFO dataset: Stage1 intent=Recipe created=1 total=220
2026-04-19 13:12:51 INFO dataset: Stage1 intent=Localization created=1 total=209
2026-04-19 13:12:51 INFO dataset: Stage1 intent=Technical support created=1 total=221
2026-04-19 13:12:51 INFO dataset: Stage1 intent=Creating Writing created=1 total=221
2026-04-19 13:12:51 INFO dataset: Stage1 intent=Event Schedule created=1 total=205
2026-04-19 13:12:51 INFO dataset: Stage1 intent=Research Analysis created=1 total=214
2026-04-19 13:12:51 INFO dataset: Stage1 intent=Comparison created=1 total=215
2026-04-19 13:12:51 INFO dataset: Stage1 intent=calculation created=1 total=220
2026-04-19 13:12:51 INFO dataset: Stage1 intent=Travel created=1 total=220
2026-04-19 13:12:51 INFO dataset: Stage1 intent=Navigation created=1 total=218
2026-04-19 13:12:51 INFO dataset: Stage1 intent=Education created=1 total=219
2026-04-19 13:12:51 INFO dataset: Stage1 intent=Documentation created=1 total=218
2026-04-19 13:12:51 INFO dataset: Stage1 intent=media playback created=1 total=213
2026-04-19 13:12:51 INFO dataset: Stage1 intent=qr scanner created=1 total=215
2026-04-19 13:12:51 ERROR dataset: Stage1 parse error intent=status check: Unterminated string starting at: line 3 column 19 (char 24)
2026-04-19 13:12:51 INFO dataset: Stage1 intent=notification created=1 total=214
2026-04-19 13:12:51 INFO dataset: Stage1 intent=Finance created=1 total=220
2026-04-19 13:12:51 INFO dataset: Stage1 intent=Healthcare created=1 total=220
2026-04-19 13:12:51 INFO dataset: Stage1 intent=Legal created=1 total=221
2026-04-19 13:12:51 INFO dataset: Stage1 intent=Real Estate created=1 total=217
2026-04-19 13:12:51 INFO dataset: Stage1 intent=Career created=1 total=221
2026-04-19 13:12:51 INFO dataset: Stage1 intent=Food and Dining created=1 total=217
2026-04-19 13:12:51 INFO dataset: Stage1 intent=Home Services created=1 total=220
2026-04-19 13:12:51 INFO dataset: Stage1 intent=Automotive created=1 total=218
2026-04-19 13:16:20 INFO dataset: Stage1 intent=Information Retrieval created=1 total=216
2026-04-19 13:16:20 INFO dataset: Stage1 intent=Entertainment created=1 total=216
2026-04-19 13:16:20 INFO dataset: Stage1 intent=product_lookup created=1 total=209
2026-04-19 13:16:20 INFO dataset: Stage1 intent=Booking created=1 total=217
2026-04-19 13:16:20 INFO dataset: Stage1 intent=weather created=1 total=218
2026-04-19 13:16:20 INFO dataset: Stage1 intent=data visualisation created=1 total=216
2026-04-19 13:16:20 INFO dataset: Stage1 intent=Planning created=1 total=222
2026-04-19 13:16:20 INFO dataset: Stage1 intent=productivity created=1 total=221
2026-04-19 13:16:20 INFO dataset: Stage1 intent=Recipe created=1 total=221
2026-04-19 13:16:20 INFO dataset: Stage1 intent=Localization created=1 total=210
2026-04-19 13:16:20 INFO dataset: Stage1 intent=Technical support created=1 total=222
2026-04-19 13:16:20 INFO dataset: Stage1 intent=Creating Writing created=1 total=222
2026-04-19 13:16:20 INFO dataset: Stage1 intent=Event Schedule created=1 total=206
2026-04-19 13:16:20 INFO dataset: Stage1 intent=Research Analysis created=1 total=215
2026-04-19 13:16:20 INFO dataset: Stage1 intent=Comparison created=1 total=216
2026-04-19 13:16:20 INFO dataset: Stage1 intent=calculation created=1 total=221
2026-04-19 13:16:20 INFO dataset: Stage1 intent=Travel created=1 total=221
2026-04-19 13:16:20 INFO dataset: Stage1 intent=Navigation created=1 total=219
2026-04-19 13:16:20 INFO dataset: Stage1 intent=Education created=1 total=220
2026-04-19 13:16:20 INFO dataset: Stage1 intent=Documentation created=1 total=219
2026-04-19 13:16:20 INFO dataset: Stage1 intent=media playback created=1 total=214
2026-04-19 13:16:20 INFO dataset: Stage1 intent=qr scanner created=1 total=216
2026-04-19 13:16:20 INFO dataset: Stage1 intent=status check created=1 total=211
2026-04-19 13:16:20 INFO dataset: Stage1 intent=notification created=1 total=215
2026-04-19 13:16:20 INFO dataset: Stage1 intent=Finance created=1 total=221
2026-04-19 13:16:20 INFO dataset: Stage1 intent=Healthcare created=1 total=221
2026-04-19 13:16:20 INFO dataset: Stage1 intent=Legal created=1 total=222
2026-04-19 13:16:20 INFO dataset: Stage1 intent=Real Estate created=1 total=218
2026-04-19 13:16:20 INFO dataset: Stage1 intent=Career created=1 total=222
2026-04-19 13:16:20 INFO dataset: Stage1 intent=Food and Dining created=1 total=218
2026-04-19 13:16:20 INFO dataset: Stage1 intent=Home Services created=1 total=221
2026-04-19 13:16:20 INFO dataset: Stage1 intent=Automotive created=1 total=219
2026-04-19 13:19:57 INFO dataset: Stage1 intent=Information Retrieval created=1 total=217
2026-04-19 13:19:57 INFO dataset: Stage1 intent=Entertainment created=1 total=217
2026-04-19 13:19:57 INFO dataset: Stage1 intent=product_lookup created=1 total=210
2026-04-19 13:19:57 INFO dataset: Stage1 intent=Booking created=1 total=218
2026-04-19 13:19:57 INFO dataset: Stage1 intent=weather created=1 total=219
2026-04-19 13:19:57 INFO dataset: Stage1 intent=data visualisation created=1 total=217
2026-04-19 13:19:57 INFO dataset: Stage1 intent=Planning created=1 total=223
2026-04-19 13:19:57 INFO dataset: Stage1 intent=productivity created=1 total=222
2026-04-19 13:19:57 INFO dataset: Stage1 intent=Recipe created=1 total=222
2026-04-19 13:19:57 INFO dataset: Stage1 intent=Localization created=1 total=211
2026-04-19 13:19:57 INFO dataset: Stage1 intent=Technical support created=1 total=223
2026-04-19 13:19:57 INFO dataset: Stage1 intent=Creating Writing created=1 total=223
2026-04-19 13:19:57 INFO dataset: Stage1 intent=Event Schedule created=1 total=207
2026-04-19 13:19:57 INFO dataset: Stage1 intent=Research Analysis created=1 total=216
2026-04-19 13:19:57 INFO dataset: Stage1 intent=Comparison created=1 total=217
2026-04-19 13:19:57 INFO dataset: Stage1 intent=calculation created=1 total=222
2026-04-19 13:19:57 INFO dataset: Stage1 intent=Travel created=1 total=222
2026-04-19 13:19:57 INFO dataset: Stage1 intent=Navigation created=1 total=220
2026-04-19 13:19:57 INFO dataset: Stage1 intent=Education created=1 total=221
2026-04-19 13:19:57 INFO dataset: Stage1 intent=Documentation created=1 total=220
2026-04-19 13:19:57 ERROR dataset: Stage1 parse error intent=media playback: Empty text
2026-04-19 13:19:57 INFO dataset: Stage1 intent=qr scanner created=1 total=217
2026-04-19 13:19:57 INFO dataset: Stage1 intent=status check created=1 total=212
2026-04-19 13:19:57 INFO dataset: Stage1 intent=notification created=1 total=216
2026-04-19 13:19:57 INFO dataset: Stage1 intent=Finance created=1 total=222
2026-04-19 13:19:57 INFO dataset: Stage1 intent=Healthcare created=1 total=222
2026-04-19 13:19:57 INFO dataset: Stage1 intent=Legal created=1 total=223
2026-04-19 13:19:57 INFO dataset: Stage1 intent=Real Estate created=1 total=219
2026-04-19 13:19:57 INFO dataset: Stage1 intent=Career created=1 total=223
2026-04-19 13:19:57 INFO dataset: Stage1 intent=Food and Dining created=1 total=219
2026-04-19 13:19:57 INFO dataset: Stage1 intent=Home Services created=1 total=222
2026-04-19 13:19:57 INFO dataset: Stage1 intent=Automotive created=1 total=220
2026-04-19 13:23:20 INFO dataset: Stage1 intent=Information Retrieval created=1 total=218
2026-04-19 13:23:20 INFO dataset: Stage1 intent=Entertainment created=1 total=218
2026-04-19 13:23:20 INFO dataset: Stage1 intent=product_lookup created=1 total=211
2026-04-19 13:23:20 INFO dataset: Stage1 intent=Booking created=1 total=219
2026-04-19 13:23:20 INFO dataset: Stage1 intent=weather created=1 total=220
2026-04-19 13:23:20 INFO dataset: Stage1 intent=data visualisation created=1 total=218
2026-04-19 13:23:20 INFO dataset: Stage1 intent=Planning created=1 total=224
2026-04-19 13:23:20 INFO dataset: Stage1 intent=productivity created=1 total=223
2026-04-19 13:23:20 INFO dataset: Stage1 intent=Recipe created=1 total=223
2026-04-19 13:23:20 INFO dataset: Stage1 intent=Localization created=1 total=212
2026-04-19 13:23:20 INFO dataset: Stage1 intent=Technical support created=1 total=224
2026-04-19 13:23:20 INFO dataset: Stage1 intent=Creating Writing created=1 total=224
2026-04-19 13:23:20 INFO dataset: Stage1 intent=Event Schedule created=1 total=208
2026-04-19 13:23:20 INFO dataset: Stage1 intent=Research Analysis created=1 total=217
2026-04-19 13:23:20 INFO dataset: Stage1 intent=Comparison created=1 total=218
2026-04-19 13:23:20 INFO dataset: Stage1 intent=calculation created=1 total=223
2026-04-19 13:23:20 INFO dataset: Stage1 intent=Travel created=1 total=223
2026-04-19 13:23:20 INFO dataset: Stage1 intent=Navigation created=1 total=221
2026-04-19 13:23:20 INFO dataset: Stage1 intent=Education created=1 total=222
2026-04-19 13:23:20 INFO dataset: Stage1 intent=Documentation created=1 total=221
2026-04-19 13:23:20 INFO dataset: Stage1 intent=media playback created=1 total=215
2026-04-19 13:23:20 INFO dataset: Stage1 intent=qr scanner created=1 total=218
2026-04-19 13:23:20 INFO dataset: Stage1 intent=status check created=1 total=213
2026-04-19 13:23:20 INFO dataset: Stage1 intent=notification created=1 total=217
2026-04-19 13:23:20 INFO dataset: Stage1 intent=Finance created=1 total=223
2026-04-19 13:23:20 INFO dataset: Stage1 intent=Healthcare created=1 total=223
2026-04-19 13:23:20 INFO dataset: Stage1 intent=Legal created=1 total=224
2026-04-19 13:23:20 INFO dataset: Stage1 intent=Real Estate created=1 total=220
2026-04-19 13:23:20 INFO dataset: Stage1 intent=Career created=1 total=224
2026-04-19 13:23:20 INFO dataset: Stage1 intent=Food and Dining created=1 total=220
2026-04-19 13:23:20 INFO dataset: Stage1 intent=Home Services created=1 total=223
2026-04-19 13:23:20 INFO dataset: Stage1 intent=Automotive created=1 total=221
2026-04-19 13:27:02 INFO dataset: Stage1 intent=Information Retrieval created=1 total=219
2026-04-19 13:27:02 INFO dataset: Stage1 intent=Entertainment created=1 total=219
2026-04-19 13:27:02 INFO dataset: Stage1 intent=product_lookup created=1 total=212
2026-04-19 13:27:02 INFO dataset: Stage1 intent=Booking created=1 total=220
2026-04-19 13:27:02 INFO dataset: Stage1 intent=weather created=1 total=221
2026-04-19 13:27:02 INFO dataset: Stage1 intent=data visualisation created=1 total=219
2026-04-19 13:27:02 INFO dataset: Stage1 intent=Planning created=1 total=225
2026-04-19 13:27:02 INFO dataset: Stage1 intent=productivity created=1 total=224
2026-04-19 13:27:02 INFO dataset: Stage1 intent=Recipe created=1 total=224
2026-04-19 13:27:02 INFO dataset: Stage1 intent=Localization created=1 total=213
2026-04-19 13:27:02 INFO dataset: Stage1 intent=Technical support created=1 total=225
2026-04-19 13:27:02 INFO dataset: Stage1 intent=Creating Writing created=1 total=225
2026-04-19 13:27:02 ERROR dataset: Stage1 parse error intent=Event Schedule: Unterminated string starting at: line 3 column 19 (char 24)
2026-04-19 13:27:02 INFO dataset: Stage1 intent=Research Analysis created=1 total=218
2026-04-19 13:27:03 INFO dataset: Stage1 intent=Comparison created=1 total=219
2026-04-19 13:27:03 INFO dataset: Stage1 intent=calculation created=1 total=224
2026-04-19 13:27:03 INFO dataset: Stage1 intent=Travel created=1 total=224
2026-04-19 13:27:03 INFO dataset: Stage1 intent=Navigation created=1 total=222
2026-04-19 13:27:03 INFO dataset: Stage1 intent=Education created=1 total=223
2026-04-19 13:27:03 INFO dataset: Stage1 intent=Documentation created=1 total=222
2026-04-19 13:27:03 INFO dataset: Stage1 intent=media playback created=1 total=216
2026-04-19 13:27:03 INFO dataset: Stage1 intent=qr scanner created=1 total=219
2026-04-19 13:27:03 INFO dataset: Stage1 intent=status check created=1 total=214
2026-04-19 13:27:03 INFO dataset: Stage1 intent=notification created=1 total=218
2026-04-19 13:27:03 INFO dataset: Stage1 intent=Finance created=1 total=224
2026-04-19 13:27:03 INFO dataset: Stage1 intent=Healthcare created=1 total=224
2026-04-19 13:27:03 INFO dataset: Stage1 intent=Legal created=1 total=225
2026-04-19 13:27:03 INFO dataset: Stage1 intent=Real Estate created=1 total=221
2026-04-19 13:27:03 INFO dataset: Stage1 intent=Career created=1 total=225
2026-04-19 13:27:03 INFO dataset: Stage1 intent=Food and Dining created=1 total=221
2026-04-19 13:27:03 INFO dataset: Stage1 intent=Home Services created=1 total=224
2026-04-19 13:27:03 INFO dataset: Stage1 intent=Automotive created=1 total=222
2026-04-19 13:30:39 INFO dataset: Stage1 intent=Information Retrieval created=1 total=220
2026-04-19 13:30:39 ERROR dataset: Stage1 parse error intent=Entertainment: Unterminated string starting at: line 3 column 19 (char 24)
2026-04-19 13:30:39 INFO dataset: Stage1 intent=product_lookup created=1 total=213
2026-04-19 13:30:39 INFO dataset: Stage1 intent=Booking created=1 total=221
2026-04-19 13:30:39 INFO dataset: Stage1 intent=weather created=1 total=222
2026-04-19 13:30:39 INFO dataset: Stage1 intent=data visualisation created=1 total=220
2026-04-19 13:30:39 INFO dataset: Stage1 intent=Planning created=1 total=226
2026-04-19 13:30:39 INFO dataset: Stage1 intent=productivity created=1 total=225
2026-04-19 13:30:39 INFO dataset: Stage1 intent=Recipe created=1 total=225
2026-04-19 13:30:39 INFO dataset: Stage1 intent=Localization created=1 total=214
2026-04-19 13:30:39 INFO dataset: Stage1 intent=Technical support created=1 total=226
2026-04-19 13:30:39 INFO dataset: Stage1 intent=Creating Writing created=1 total=226
2026-04-19 13:30:39 INFO dataset: Stage1 intent=Event Schedule created=1 total=209
2026-04-19 13:30:39 INFO dataset: Stage1 intent=Research Analysis created=1 total=219
2026-04-19 13:30:39 INFO dataset: Stage1 intent=Comparison created=1 total=220
2026-04-19 13:30:39 INFO dataset: Stage1 intent=calculation created=1 total=225
2026-04-19 13:30:39 INFO dataset: Stage1 intent=Travel created=1 total=225
2026-04-19 13:30:39 INFO dataset: Stage1 intent=Navigation created=1 total=223
2026-04-19 13:30:39 INFO dataset: Stage1 intent=Education created=1 total=224
2026-04-19 13:30:39 INFO dataset: Stage1 intent=Documentation created=1 total=223
2026-04-19 13:30:39 INFO dataset: Stage1 intent=media playback created=1 total=217
2026-04-19 13:30:39 INFO dataset: Stage1 intent=qr scanner created=1 total=220
2026-04-19 13:30:39 INFO dataset: Stage1 intent=status check created=1 total=215
2026-04-19 13:30:39 INFO dataset: Stage1 intent=notification created=1 total=219
2026-04-19 13:30:39 INFO dataset: Stage1 intent=Finance created=1 total=225
2026-04-19 13:30:39 INFO dataset: Stage1 intent=Healthcare created=1 total=225
2026-04-19 13:30:39 INFO dataset: Stage1 intent=Legal created=1 total=226
2026-04-19 13:30:39 INFO dataset: Stage1 intent=Real Estate created=1 total=222
2026-04-19 13:30:39 INFO dataset: Stage1 intent=Career created=1 total=226
2026-04-19 13:30:39 INFO dataset: Stage1 intent=Food and Dining created=1 total=222
2026-04-19 13:30:39 INFO dataset: Stage1 intent=Home Services created=1 total=225
2026-04-19 13:30:39 INFO dataset: Stage1 intent=Automotive created=1 total=223
2026-04-19 13:34:08 INFO dataset: Stage1 intent=Information Retrieval created=1 total=221
2026-04-19 13:34:08 INFO dataset: Stage1 intent=Entertainment created=1 total=220
2026-04-19 13:34:08 INFO dataset: Stage1 intent=product_lookup created=1 total=214
2026-04-19 13:34:08 INFO dataset: Stage1 intent=Booking created=1 total=222
2026-04-19 13:34:08 INFO dataset: Stage1 intent=weather created=1 total=223
2026-04-19 13:34:08 INFO dataset: Stage1 intent=data visualisation created=1 total=221
2026-04-19 13:34:08 INFO dataset: Stage1 intent=Planning created=1 total=227
2026-04-19 13:34:08 INFO dataset: Stage1 intent=productivity created=1 total=226
2026-04-19 13:34:08 INFO dataset: Stage1 intent=Recipe created=1 total=226
2026-04-19 13:34:08 INFO dataset: Stage1 intent=Localization created=1 total=215
2026-04-19 13:34:08 INFO dataset: Stage1 intent=Technical support created=1 total=227
2026-04-19 13:34:08 INFO dataset: Stage1 intent=Creating Writing created=1 total=227
2026-04-19 13:34:08 INFO dataset: Stage1 intent=Event Schedule created=1 total=210
2026-04-19 13:34:08 INFO dataset: Stage1 intent=Research Analysis created=1 total=220
2026-04-19 13:34:08 INFO dataset: Stage1 intent=Comparison created=1 total=221
2026-04-19 13:34:08 INFO dataset: Stage1 intent=calculation created=1 total=226
2026-04-19 13:34:08 INFO dataset: Stage1 intent=Travel created=1 total=226
2026-04-19 13:34:08 INFO dataset: Stage1 intent=Navigation created=1 total=224
2026-04-19 13:34:08 INFO dataset: Stage1 intent=Education created=1 total=225
2026-04-19 13:34:08 INFO dataset: Stage1 intent=Documentation created=1 total=224
2026-04-19 13:34:08 INFO dataset: Stage1 intent=media playback created=1 total=218
2026-04-19 13:34:08 INFO dataset: Stage1 intent=qr scanner created=1 total=221
2026-04-19 13:34:08 INFO dataset: Stage1 intent=status check created=1 total=216
2026-04-19 13:34:08 INFO dataset: Stage1 intent=notification created=1 total=220
2026-04-19 13:34:08 INFO dataset: Stage1 intent=Finance created=1 total=226
2026-04-19 13:34:08 INFO dataset: Stage1 intent=Healthcare created=1 total=226
2026-04-19 13:34:08 INFO dataset: Stage1 intent=Legal created=1 total=227
2026-04-19 13:34:08 INFO dataset: Stage1 intent=Real Estate created=1 total=223
2026-04-19 13:34:08 INFO dataset: Stage1 intent=Career created=1 total=227
2026-04-19 13:34:08 INFO dataset: Stage1 intent=Food and Dining created=1 total=223
2026-04-19 13:34:08 INFO dataset: Stage1 intent=Home Services created=1 total=226
2026-04-19 13:34:08 INFO dataset: Stage1 intent=Automotive created=1 total=224
2026-04-19 13:37:43 INFO dataset: Stage1 intent=Information Retrieval created=1 total=222
2026-04-19 13:37:43 INFO dataset: Stage1 intent=Entertainment created=1 total=221
2026-04-19 13:37:43 INFO dataset: Stage1 intent=product_lookup created=1 total=215
2026-04-19 13:37:43 INFO dataset: Stage1 intent=Booking created=1 total=223
2026-04-19 13:37:43 INFO dataset: Stage1 intent=weather created=1 total=224
2026-04-19 13:37:43 INFO dataset: Stage1 intent=data visualisation created=1 total=222
2026-04-19 13:37:43 INFO dataset: Stage1 intent=Planning created=1 total=228
2026-04-19 13:37:43 INFO dataset: Stage1 intent=productivity created=1 total=227
2026-04-19 13:37:43 INFO dataset: Stage1 intent=Recipe created=1 total=227
2026-04-19 13:37:43 INFO dataset: Stage1 intent=Localization created=1 total=216
2026-04-19 13:37:43 INFO dataset: Stage1 intent=Technical support created=1 total=228
2026-04-19 13:37:43 INFO dataset: Stage1 intent=Creating Writing created=1 total=228
2026-04-19 13:37:43 INFO dataset: Stage1 intent=Event Schedule created=1 total=211
2026-04-19 13:37:43 INFO dataset: Stage1 intent=Research Analysis created=1 total=221
2026-04-19 13:37:43 INFO dataset: Stage1 intent=Comparison created=1 total=222
2026-04-19 13:37:43 INFO dataset: Stage1 intent=calculation created=1 total=227
2026-04-19 13:37:43 INFO dataset: Stage1 intent=Travel created=1 total=227
2026-04-19 13:37:43 INFO dataset: Stage1 intent=Navigation created=1 total=225
2026-04-19 13:37:43 INFO dataset: Stage1 intent=Education created=1 total=226
2026-04-19 13:37:43 INFO dataset: Stage1 intent=Documentation created=1 total=225
2026-04-19 13:37:43 INFO dataset: Stage1 intent=media playback created=1 total=219
2026-04-19 13:37:43 INFO dataset: Stage1 intent=qr scanner created=1 total=222
2026-04-19 13:37:43 INFO dataset: Stage1 intent=status check created=1 total=217
2026-04-19 13:37:43 INFO dataset: Stage1 intent=notification created=1 total=221
2026-04-19 13:37:43 INFO dataset: Stage1 intent=Finance created=1 total=227
2026-04-19 13:37:43 INFO dataset: Stage1 intent=Healthcare created=1 total=227
2026-04-19 13:37:43 INFO dataset: Stage1 intent=Legal created=1 total=228
2026-04-19 13:37:43 INFO dataset: Stage1 intent=Real Estate created=1 total=224
2026-04-19 13:37:43 INFO dataset: Stage1 intent=Career created=1 total=228
2026-04-19 13:37:43 INFO dataset: Stage1 intent=Food and Dining created=1 total=224
2026-04-19 13:37:43 INFO dataset: Stage1 intent=Home Services created=1 total=227
2026-04-19 13:37:43 INFO dataset: Stage1 intent=Automotive created=1 total=225
2026-04-19 13:41:15 INFO dataset: Stage1 intent=Information Retrieval created=1 total=223
2026-04-19 13:41:15 INFO dataset: Stage1 intent=Entertainment created=1 total=222
2026-04-19 13:41:15 INFO dataset: Stage1 intent=product_lookup created=1 total=216
2026-04-19 13:41:15 INFO dataset: Stage1 intent=Booking created=1 total=224
2026-04-19 13:41:15 INFO dataset: Stage1 intent=weather created=1 total=225
2026-04-19 13:41:15 INFO dataset: Stage1 intent=data visualisation created=1 total=223
2026-04-19 13:41:15 INFO dataset: Stage1 intent=Planning created=1 total=229
2026-04-19 13:41:15 INFO dataset: Stage1 intent=productivity created=1 total=228
2026-04-19 13:41:15 INFO dataset: Stage1 intent=Recipe created=1 total=228
2026-04-19 13:41:15 INFO dataset: Stage1 intent=Localization created=1 total=217
2026-04-19 13:41:15 INFO dataset: Stage1 intent=Technical support created=1 total=229
2026-04-19 13:41:15 INFO dataset: Stage1 intent=Creating Writing created=1 total=229
2026-04-19 13:41:15 INFO dataset: Stage1 intent=Event Schedule created=1 total=212
2026-04-19 13:41:15 INFO dataset: Stage1 intent=Research Analysis created=1 total=222
2026-04-19 13:41:15 INFO dataset: Stage1 intent=Comparison created=1 total=223
2026-04-19 13:41:15 INFO dataset: Stage1 intent=calculation created=1 total=228
2026-04-19 13:41:15 INFO dataset: Stage1 intent=Travel created=1 total=228
2026-04-19 13:41:15 INFO dataset: Stage1 intent=Navigation created=1 total=226
2026-04-19 13:41:15 INFO dataset: Stage1 intent=Education created=1 total=227
2026-04-19 13:41:15 INFO dataset: Stage1 intent=Documentation created=1 total=226
2026-04-19 13:41:15 INFO dataset: Stage1 intent=media playback created=1 total=220
2026-04-19 13:41:15 INFO dataset: Stage1 intent=qr scanner created=1 total=223
2026-04-19 13:41:15 INFO dataset: Stage1 intent=status check created=1 total=218
2026-04-19 13:41:15 INFO dataset: Stage1 intent=notification created=1 total=222
2026-04-19 13:41:15 INFO dataset: Stage1 intent=Finance created=1 total=228
2026-04-19 13:41:15 INFO dataset: Stage1 intent=Healthcare created=1 total=228
2026-04-19 13:41:15 INFO dataset: Stage1 intent=Legal created=1 total=229
2026-04-19 13:41:15 INFO dataset: Stage1 intent=Real Estate created=1 total=225
2026-04-19 13:41:15 INFO dataset: Stage1 intent=Career created=1 total=229
2026-04-19 13:41:15 INFO dataset: Stage1 intent=Food and Dining created=1 total=225
2026-04-19 13:41:15 INFO dataset: Stage1 intent=Home Services created=1 total=228
2026-04-19 13:41:15 INFO dataset: Stage1 intent=Automotive created=1 total=226
2026-04-19 13:44:58 INFO dataset: Stage1 intent=Information Retrieval created=1 total=224
2026-04-19 13:44:58 INFO dataset: Stage1 intent=Entertainment created=1 total=223
2026-04-19 13:44:58 INFO dataset: Stage1 intent=product_lookup created=1 total=217
2026-04-19 13:44:58 INFO dataset: Stage1 intent=Booking created=1 total=225
2026-04-19 13:44:58 INFO dataset: Stage1 intent=weather created=1 total=226
2026-04-19 13:44:58 INFO dataset: Stage1 intent=data visualisation created=1 total=224
2026-04-19 13:44:58 INFO dataset: Stage1 intent=Planning created=1 total=230
2026-04-19 13:44:58 INFO dataset: Stage1 intent=productivity created=1 total=229
2026-04-19 13:44:58 INFO dataset: Stage1 intent=Recipe created=1 total=229
2026-04-19 13:44:58 ERROR dataset: Stage1 parse error intent=Localization: Unterminated string starting at: line 3 column 19 (char 24)
2026-04-19 13:44:58 INFO dataset: Stage1 intent=Technical support created=1 total=230
2026-04-19 13:44:58 INFO dataset: Stage1 intent=Creating Writing created=1 total=230
2026-04-19 13:44:58 INFO dataset: Stage1 intent=Event Schedule created=1 total=213
2026-04-19 13:44:58 INFO dataset: Stage1 intent=Research Analysis created=1 total=223
2026-04-19 13:44:58 INFO dataset: Stage1 intent=Comparison created=1 total=224
2026-04-19 13:44:58 INFO dataset: Stage1 intent=calculation created=1 total=229
2026-04-19 13:44:58 INFO dataset: Stage1 intent=Travel created=1 total=229
2026-04-19 13:44:58 INFO dataset: Stage1 intent=Navigation created=1 total=227
2026-04-19 13:44:58 INFO dataset: Stage1 intent=Education created=1 total=228
2026-04-19 13:44:58 INFO dataset: Stage1 intent=Documentation created=1 total=227
2026-04-19 13:44:58 INFO dataset: Stage1 intent=media playback created=1 total=221
2026-04-19 13:44:58 INFO dataset: Stage1 intent=qr scanner created=1 total=224
2026-04-19 13:44:58 INFO dataset: Stage1 intent=status check created=1 total=219
2026-04-19 13:44:58 INFO dataset: Stage1 intent=notification created=1 total=223
2026-04-19 13:44:58 INFO dataset: Stage1 intent=Finance created=1 total=229
2026-04-19 13:44:58 INFO dataset: Stage1 intent=Healthcare created=1 total=229
2026-04-19 13:44:58 INFO dataset: Stage1 intent=Legal created=1 total=230
2026-04-19 13:44:58 INFO dataset: Stage1 intent=Real Estate created=1 total=226
2026-04-19 13:44:58 INFO dataset: Stage1 intent=Career created=1 total=230
2026-04-19 13:44:58 INFO dataset: Stage1 intent=Food and Dining created=1 total=226
2026-04-19 13:44:58 INFO dataset: Stage1 intent=Home Services created=1 total=229
2026-04-19 13:44:58 INFO dataset: Stage1 intent=Automotive created=1 total=227
2026-04-19 13:48:38 INFO dataset: Stage1 intent=Information Retrieval created=1 total=225
2026-04-19 13:48:38 INFO dataset: Stage1 intent=Entertainment created=1 total=224
2026-04-19 13:48:38 INFO dataset: Stage1 intent=product_lookup created=1 total=218
2026-04-19 13:48:38 INFO dataset: Stage1 intent=Booking created=1 total=226
2026-04-19 13:48:38 INFO dataset: Stage1 intent=weather created=1 total=227
2026-04-19 13:48:38 INFO dataset: Stage1 intent=data visualisation created=1 total=225
2026-04-19 13:48:38 INFO dataset: Stage1 intent=Planning created=1 total=231
2026-04-19 13:48:38 INFO dataset: Stage1 intent=productivity created=1 total=230
2026-04-19 13:48:38 INFO dataset: Stage1 intent=Recipe created=1 total=230
2026-04-19 13:48:38 INFO dataset: Stage1 intent=Localization created=1 total=218
2026-04-19 13:48:38 INFO dataset: Stage1 intent=Technical support created=1 total=231
2026-04-19 13:48:38 INFO dataset: Stage1 intent=Creating Writing created=1 total=231
2026-04-19 13:48:38 INFO dataset: Stage1 intent=Event Schedule created=1 total=214
2026-04-19 13:48:38 INFO dataset: Stage1 intent=Research Analysis created=1 total=224
2026-04-19 13:48:38 INFO dataset: Stage1 intent=Comparison created=1 total=225
2026-04-19 13:48:38 INFO dataset: Stage1 intent=calculation created=1 total=230
2026-04-19 13:48:38 INFO dataset: Stage1 intent=Travel created=1 total=230
2026-04-19 13:48:38 INFO dataset: Stage1 intent=Navigation created=1 total=228
2026-04-19 13:48:38 INFO dataset: Stage1 intent=Education created=1 total=229
2026-04-19 13:48:38 INFO dataset: Stage1 intent=Documentation created=1 total=228
2026-04-19 13:48:38 INFO dataset: Stage1 intent=media playback created=1 total=222
2026-04-19 13:48:38 INFO dataset: Stage1 intent=qr scanner created=1 total=225
2026-04-19 13:48:38 INFO dataset: Stage1 intent=status check created=1 total=220
2026-04-19 13:48:38 ERROR dataset: Stage1 parse error intent=notification: Unterminated string starting at: line 3 column 19 (char 24)
2026-04-19 13:48:38 INFO dataset: Stage1 intent=Finance created=1 total=230
2026-04-19 13:48:38 INFO dataset: Stage1 intent=Healthcare created=1 total=230
2026-04-19 13:48:38 INFO dataset: Stage1 intent=Legal created=1 total=231
2026-04-19 13:48:38 INFO dataset: Stage1 intent=Real Estate created=1 total=227
2026-04-19 13:48:38 INFO dataset: Stage1 intent=Career created=1 total=231
2026-04-19 13:48:38 INFO dataset: Stage1 intent=Food and Dining created=1 total=227
2026-04-19 13:48:38 INFO dataset: Stage1 intent=Home Services created=1 total=230
2026-04-19 13:48:38 INFO dataset: Stage1 intent=Automotive created=1 total=228
2026-04-19 13:52:06 INFO dataset: Stage1 intent=Information Retrieval created=1 total=226
2026-04-19 13:52:06 INFO dataset: Stage1 intent=Entertainment created=1 total=225
2026-04-19 13:52:06 INFO dataset: Stage1 intent=product_lookup created=1 total=219
2026-04-19 13:52:06 INFO dataset: Stage1 intent=Booking created=1 total=227
2026-04-19 13:52:06 INFO dataset: Stage1 intent=weather created=1 total=228
2026-04-19 13:52:06 INFO dataset: Stage1 intent=data visualisation created=1 total=226
2026-04-19 13:52:06 INFO dataset: Stage1 intent=Planning created=1 total=232
2026-04-19 13:52:06 INFO dataset: Stage1 intent=productivity created=1 total=231
2026-04-19 13:52:06 INFO dataset: Stage1 intent=Recipe created=1 total=231
2026-04-19 13:52:06 INFO dataset: Stage1 intent=Localization created=1 total=219
2026-04-19 13:52:06 INFO dataset: Stage1 intent=Technical support created=1 total=232
2026-04-19 13:52:06 INFO dataset: Stage1 intent=Creating Writing created=1 total=232
2026-04-19 13:52:06 INFO dataset: Stage1 intent=Event Schedule created=1 total=215
2026-04-19 13:52:06 INFO dataset: Stage1 intent=Research Analysis created=1 total=225
2026-04-19 13:52:06 INFO dataset: Stage1 intent=Comparison created=1 total=226
2026-04-19 13:52:06 INFO dataset: Stage1 intent=calculation created=1 total=231
2026-04-19 13:52:06 INFO dataset: Stage1 intent=Travel created=1 total=231
2026-04-19 13:52:06 INFO dataset: Stage1 intent=Navigation created=1 total=229
2026-04-19 13:52:06 INFO dataset: Stage1 intent=Education created=1 total=230
2026-04-19 13:52:06 INFO dataset: Stage1 intent=Documentation created=1 total=229
2026-04-19 13:52:06 INFO dataset: Stage1 intent=media playback created=1 total=223
2026-04-19 13:52:06 INFO dataset: Stage1 intent=qr scanner created=1 total=226
2026-04-19 13:52:06 INFO dataset: Stage1 intent=status check created=1 total=221
2026-04-19 13:52:06 INFO dataset: Stage1 intent=notification created=1 total=224
2026-04-19 13:52:06 INFO dataset: Stage1 intent=Finance created=1 total=231
2026-04-19 13:52:06 INFO dataset: Stage1 intent=Healthcare created=1 total=231
2026-04-19 13:52:06 INFO dataset: Stage1 intent=Legal created=1 total=232
2026-04-19 13:52:06 INFO dataset: Stage1 intent=Real Estate created=1 total=228
2026-04-19 13:52:06 INFO dataset: Stage1 intent=Career created=1 total=232
2026-04-19 13:52:06 INFO dataset: Stage1 intent=Food and Dining created=1 total=228
2026-04-19 13:52:06 INFO dataset: Stage1 intent=Home Services created=1 total=231
2026-04-19 13:52:06 INFO dataset: Stage1 intent=Automotive created=1 total=229
2026-04-19 13:55:43 INFO dataset: Stage1 intent=Information Retrieval created=1 total=227
2026-04-19 13:55:43 INFO dataset: Stage1 intent=Entertainment created=1 total=226
2026-04-19 13:55:43 INFO dataset: Stage1 intent=product_lookup created=1 total=220
2026-04-19 13:55:43 INFO dataset: Stage1 intent=Booking created=1 total=228
2026-04-19 13:55:43 INFO dataset: Stage1 intent=weather created=1 total=229
2026-04-19 13:55:43 INFO dataset: Stage1 intent=data visualisation created=1 total=227
2026-04-19 13:55:43 INFO dataset: Stage1 intent=Planning created=1 total=233
2026-04-19 13:55:43 INFO dataset: Stage1 intent=productivity created=1 total=232
2026-04-19 13:55:43 INFO dataset: Stage1 intent=Recipe created=1 total=232
2026-04-19 13:55:43 INFO dataset: Stage1 intent=Localization created=1 total=220
2026-04-19 13:55:43 INFO dataset: Stage1 intent=Technical support created=1 total=233
2026-04-19 13:55:43 INFO dataset: Stage1 intent=Creating Writing created=1 total=233
2026-04-19 13:55:43 ERROR dataset: Stage1 parse error intent=Event Schedule: Unterminated string starting at: line 3 column 19 (char 24)
2026-04-19 13:55:43 INFO dataset: Stage1 intent=Research Analysis created=1 total=226
2026-04-19 13:55:43 INFO dataset: Stage1 intent=Comparison created=1 total=227
2026-04-19 13:55:43 INFO dataset: Stage1 intent=calculation created=1 total=232
2026-04-19 13:55:43 INFO dataset: Stage1 intent=Travel created=1 total=232
2026-04-19 13:55:43 INFO dataset: Stage1 intent=Navigation created=1 total=230
2026-04-19 13:55:43 INFO dataset: Stage1 intent=Education created=1 total=231
2026-04-19 13:55:43 INFO dataset: Stage1 intent=Documentation created=1 total=230
2026-04-19 13:55:43 INFO dataset: Stage1 intent=media playback created=1 total=224
2026-04-19 13:55:43 INFO dataset: Stage1 intent=qr scanner created=1 total=227
2026-04-19 13:55:43 INFO dataset: Stage1 intent=status check created=1 total=222
2026-04-19 13:55:43 INFO dataset: Stage1 intent=notification created=1 total=225
2026-04-19 13:55:43 INFO dataset: Stage1 intent=Finance created=1 total=232
2026-04-19 13:55:43 INFO dataset: Stage1 intent=Healthcare created=1 total=232
2026-04-19 13:55:43 INFO dataset: Stage1 intent=Legal created=1 total=233
2026-04-19 13:55:43 INFO dataset: Stage1 intent=Real Estate created=1 total=229
2026-04-19 13:55:43 INFO dataset: Stage1 intent=Career created=1 total=233
2026-04-19 13:55:43 INFO dataset: Stage1 intent=Food and Dining created=1 total=229
2026-04-19 13:55:43 INFO dataset: Stage1 intent=Home Services created=1 total=232
2026-04-19 13:55:43 INFO dataset: Stage1 intent=Automotive created=1 total=230
2026-04-19 13:59:33 INFO dataset: Stage1 intent=Information Retrieval created=1 total=228
2026-04-19 13:59:33 INFO dataset: Stage1 intent=Entertainment created=1 total=227
2026-04-19 13:59:33 INFO dataset: Stage1 intent=product_lookup created=1 total=221
2026-04-19 13:59:33 INFO dataset: Stage1 intent=Booking created=1 total=229
2026-04-19 13:59:33 INFO dataset: Stage1 intent=weather created=1 total=230
2026-04-19 13:59:33 INFO dataset: Stage1 intent=data visualisation created=1 total=228
2026-04-19 13:59:33 INFO dataset: Stage1 intent=Planning created=1 total=234
2026-04-19 13:59:33 INFO dataset: Stage1 intent=productivity created=1 total=233
2026-04-19 13:59:33 INFO dataset: Stage1 intent=Recipe created=1 total=233
2026-04-19 13:59:33 INFO dataset: Stage1 intent=Localization created=1 total=221
2026-04-19 13:59:33 INFO dataset: Stage1 intent=Technical support created=1 total=234
2026-04-19 13:59:33 INFO dataset: Stage1 intent=Creating Writing created=1 total=234
2026-04-19 13:59:33 INFO dataset: Stage1 intent=Event Schedule created=1 total=216
2026-04-19 13:59:33 INFO dataset: Stage1 intent=Research Analysis created=1 total=227
2026-04-19 13:59:33 INFO dataset: Stage1 intent=Comparison created=1 total=228
2026-04-19 13:59:33 INFO dataset: Stage1 intent=calculation created=1 total=233
2026-04-19 13:59:33 INFO dataset: Stage1 intent=Travel created=1 total=233
2026-04-19 13:59:33 INFO dataset: Stage1 intent=Navigation created=1 total=231
2026-04-19 13:59:33 INFO dataset: Stage1 intent=Education created=1 total=232
2026-04-19 13:59:33 INFO dataset: Stage1 intent=Documentation created=1 total=231
2026-04-19 13:59:33 INFO dataset: Stage1 intent=media playback created=1 total=225
2026-04-19 13:59:33 INFO dataset: Stage1 intent=qr scanner created=1 total=228
2026-04-19 13:59:33 INFO dataset: Stage1 intent=status check created=1 total=223
2026-04-19 13:59:33 INFO dataset: Stage1 intent=notification created=1 total=226
2026-04-19 13:59:33 INFO dataset: Stage1 intent=Finance created=1 total=233
2026-04-19 13:59:33 INFO dataset: Stage1 intent=Healthcare created=1 total=233
2026-04-19 13:59:33 INFO dataset: Stage1 intent=Legal created=1 total=234
2026-04-19 13:59:33 INFO dataset: Stage1 intent=Real Estate created=1 total=230
2026-04-19 13:59:33 INFO dataset: Stage1 intent=Career created=1 total=234
2026-04-19 13:59:33 INFO dataset: Stage1 intent=Food and Dining created=1 total=230
2026-04-19 13:59:33 INFO dataset: Stage1 intent=Home Services created=1 total=233
2026-04-19 13:59:33 INFO dataset: Stage1 intent=Automotive created=1 total=231
2026-04-19 14:03:08 INFO dataset: Stage1 intent=Information Retrieval created=1 total=229
2026-04-19 14:03:08 INFO dataset: Stage1 intent=Entertainment created=1 total=228
2026-04-19 14:03:08 INFO dataset: Stage1 intent=product_lookup created=1 total=222
2026-04-19 14:03:08 INFO dataset: Stage1 intent=Booking created=1 total=230
2026-04-19 14:03:08 INFO dataset: Stage1 intent=weather created=1 total=231
2026-04-19 14:03:08 INFO dataset: Stage1 intent=data visualisation created=1 total=229
2026-04-19 14:03:08 INFO dataset: Stage1 intent=Planning created=1 total=235
2026-04-19 14:03:08 INFO dataset: Stage1 intent=productivity created=1 total=234
2026-04-19 14:03:08 INFO dataset: Stage1 intent=Recipe created=1 total=234
2026-04-19 14:03:08 INFO dataset: Stage1 intent=Localization created=1 total=222
2026-04-19 14:03:08 INFO dataset: Stage1 intent=Technical support created=1 total=235
2026-04-19 14:03:08 INFO dataset: Stage1 intent=Creating Writing created=1 total=235
2026-04-19 14:03:08 INFO dataset: Stage1 intent=Event Schedule created=1 total=217
2026-04-19 14:03:08 INFO dataset: Stage1 intent=Research Analysis created=1 total=228
2026-04-19 14:03:08 INFO dataset: Stage1 intent=Comparison created=1 total=229
2026-04-19 14:03:08 INFO dataset: Stage1 intent=calculation created=1 total=234
2026-04-19 14:03:08 INFO dataset: Stage1 intent=Travel created=1 total=234
2026-04-19 14:03:08 INFO dataset: Stage1 intent=Navigation created=1 total=232
2026-04-19 14:03:08 INFO dataset: Stage1 intent=Education created=1 total=233
2026-04-19 14:03:08 INFO dataset: Stage1 intent=Documentation created=1 total=232
2026-04-19 14:03:08 INFO dataset: Stage1 intent=media playback created=1 total=226
2026-04-19 14:03:08 INFO dataset: Stage1 intent=qr scanner created=1 total=229
2026-04-19 14:03:08 INFO dataset: Stage1 intent=status check created=1 total=224
2026-04-19 14:03:08 INFO dataset: Stage1 intent=notification created=1 total=227
2026-04-19 14:03:08 INFO dataset: Stage1 intent=Finance created=1 total=234
2026-04-19 14:03:08 INFO dataset: Stage1 intent=Healthcare created=1 total=234
2026-04-19 14:03:08 INFO dataset: Stage1 intent=Legal created=1 total=235
2026-04-19 14:03:08 INFO dataset: Stage1 intent=Real Estate created=1 total=231
2026-04-19 14:03:08 INFO dataset: Stage1 intent=Career created=1 total=235
2026-04-19 14:03:08 INFO dataset: Stage1 intent=Food and Dining created=1 total=231
2026-04-19 14:03:08 INFO dataset: Stage1 intent=Home Services created=1 total=234
2026-04-19 14:03:08 INFO dataset: Stage1 intent=Automotive created=1 total=232
2026-04-19 14:06:46 INFO dataset: Stage1 intent=Information Retrieval created=1 total=230
2026-04-19 14:06:46 INFO dataset: Stage1 intent=Entertainment created=1 total=229
2026-04-19 14:06:46 INFO dataset: Stage1 intent=product_lookup created=1 total=223
2026-04-19 14:06:46 INFO dataset: Stage1 intent=Booking created=1 total=231
2026-04-19 14:06:46 INFO dataset: Stage1 intent=weather created=1 total=232
2026-04-19 14:06:46 INFO dataset: Stage1 intent=data visualisation created=1 total=230
2026-04-19 14:06:46 INFO dataset: Stage1 intent=Planning created=1 total=236
2026-04-19 14:06:46 INFO dataset: Stage1 intent=productivity created=1 total=235
2026-04-19 14:06:46 INFO dataset: Stage1 intent=Recipe created=1 total=235
2026-04-19 14:06:46 ERROR dataset: Stage1 parse error intent=Localization: Unterminated string starting at: line 3 column 19 (char 24)
2026-04-19 14:06:46 INFO dataset: Stage1 intent=Technical support created=1 total=236
2026-04-19 14:06:46 INFO dataset: Stage1 intent=Creating Writing created=1 total=236
2026-04-19 14:06:46 INFO dataset: Stage1 intent=Event Schedule created=1 total=218
2026-04-19 14:06:46 INFO dataset: Stage1 intent=Research Analysis created=1 total=229
2026-04-19 14:06:46 INFO dataset: Stage1 intent=Comparison created=1 total=230
2026-04-19 14:06:46 INFO dataset: Stage1 intent=calculation created=1 total=235
2026-04-19 14:06:46 INFO dataset: Stage1 intent=Travel created=1 total=235
2026-04-19 14:06:46 INFO dataset: Stage1 intent=Navigation created=1 total=233
2026-04-19 14:06:46 INFO dataset: Stage1 intent=Education created=1 total=234
2026-04-19 14:06:46 INFO dataset: Stage1 intent=Documentation created=1 total=233
2026-04-19 14:06:46 INFO dataset: Stage1 intent=media playback created=1 total=227
2026-04-19 14:06:46 INFO dataset: Stage1 intent=qr scanner created=1 total=230
2026-04-19 14:06:46 INFO dataset: Stage1 intent=status check created=1 total=225
2026-04-19 14:06:46 INFO dataset: Stage1 intent=notification created=1 total=228
2026-04-19 14:06:46 INFO dataset: Stage1 intent=Finance created=1 total=235
2026-04-19 14:06:46 INFO dataset: Stage1 intent=Healthcare created=1 total=235
2026-04-19 14:06:46 INFO dataset: Stage1 intent=Legal created=1 total=236
2026-04-19 14:06:46 INFO dataset: Stage1 intent=Real Estate created=1 total=232
2026-04-19 14:06:46 INFO dataset: Stage1 intent=Career created=1 total=236
2026-04-19 14:06:46 INFO dataset: Stage1 intent=Food and Dining created=1 total=232
2026-04-19 14:06:46 INFO dataset: Stage1 intent=Home Services created=1 total=235
2026-04-19 14:06:46 INFO dataset: Stage1 intent=Automotive created=1 total=233
2026-04-19 14:10:20 INFO dataset: Stage1 intent=Information Retrieval created=1 total=231
2026-04-19 14:10:20 INFO dataset: Stage1 intent=Entertainment created=1 total=230
2026-04-19 14:10:20 INFO dataset: Stage1 intent=product_lookup created=1 total=224
2026-04-19 14:10:20 INFO dataset: Stage1 intent=Booking created=1 total=232
2026-04-19 14:10:20 INFO dataset: Stage1 intent=weather created=1 total=233
2026-04-19 14:10:20 INFO dataset: Stage1 intent=data visualisation created=1 total=231
2026-04-19 14:10:20 INFO dataset: Stage1 intent=Planning created=1 total=237
2026-04-19 14:10:20 INFO dataset: Stage1 intent=productivity created=1 total=236
2026-04-19 14:10:20 INFO dataset: Stage1 intent=Recipe created=1 total=236
2026-04-19 14:10:20 INFO dataset: Stage1 intent=Localization created=1 total=223
2026-04-19 14:10:20 INFO dataset: Stage1 intent=Technical support created=1 total=237
2026-04-19 14:10:20 INFO dataset: Stage1 intent=Creating Writing created=1 total=237
2026-04-19 14:10:20 INFO dataset: Stage1 intent=Event Schedule created=1 total=219
2026-04-19 14:10:20 INFO dataset: Stage1 intent=Research Analysis created=1 total=230
2026-04-19 14:10:20 INFO dataset: Stage1 intent=Comparison created=1 total=231
2026-04-19 14:10:20 INFO dataset: Stage1 intent=calculation created=1 total=236
2026-04-19 14:10:20 INFO dataset: Stage1 intent=Travel created=1 total=236
2026-04-19 14:10:20 INFO dataset: Stage1 intent=Navigation created=1 total=234
2026-04-19 14:10:20 INFO dataset: Stage1 intent=Education created=1 total=235
2026-04-19 14:10:20 INFO dataset: Stage1 intent=Documentation created=1 total=234
2026-04-19 14:10:20 INFO dataset: Stage1 intent=media playback created=1 total=228
2026-04-19 14:10:20 INFO dataset: Stage1 intent=qr scanner created=1 total=231
2026-04-19 14:10:20 INFO dataset: Stage1 intent=status check created=1 total=226
2026-04-19 14:10:20 INFO dataset: Stage1 intent=notification created=1 total=229
2026-04-19 14:10:20 INFO dataset: Stage1 intent=Finance created=1 total=236
2026-04-19 14:10:20 INFO dataset: Stage1 intent=Healthcare created=1 total=236
2026-04-19 14:10:20 INFO dataset: Stage1 intent=Legal created=1 total=237
2026-04-19 14:10:20 INFO dataset: Stage1 intent=Real Estate created=1 total=233
2026-04-19 14:10:20 INFO dataset: Stage1 intent=Career created=1 total=237
2026-04-19 14:10:20 INFO dataset: Stage1 intent=Food and Dining created=1 total=233
2026-04-19 14:10:20 INFO dataset: Stage1 intent=Home Services created=1 total=236
2026-04-19 14:10:20 INFO dataset: Stage1 intent=Automotive created=1 total=234
2026-04-19 14:13:54 INFO dataset: Stage1 intent=Information Retrieval created=1 total=232
2026-04-19 14:13:54 INFO dataset: Stage1 intent=Entertainment created=1 total=231
2026-04-19 14:13:54 INFO dataset: Stage1 intent=product_lookup created=1 total=225
2026-04-19 14:13:54 INFO dataset: Stage1 intent=Booking created=1 total=233
2026-04-19 14:13:54 INFO dataset: Stage1 intent=weather created=1 total=234
2026-04-19 14:13:54 INFO dataset: Stage1 intent=data visualisation created=1 total=232
2026-04-19 14:13:54 INFO dataset: Stage1 intent=Planning created=1 total=238
2026-04-19 14:13:54 INFO dataset: Stage1 intent=productivity created=1 total=237
2026-04-19 14:13:54 INFO dataset: Stage1 intent=Recipe created=1 total=237
2026-04-19 14:13:54 INFO dataset: Stage1 intent=Localization created=1 total=224
2026-04-19 14:13:54 INFO dataset: Stage1 intent=Technical support created=1 total=238
2026-04-19 14:13:54 INFO dataset: Stage1 intent=Creating Writing created=1 total=238
2026-04-19 14:13:54 INFO dataset: Stage1 intent=Event Schedule created=1 total=220
2026-04-19 14:13:54 INFO dataset: Stage1 intent=Research Analysis created=1 total=231
2026-04-19 14:13:54 INFO dataset: Stage1 intent=Comparison created=1 total=232
2026-04-19 14:13:54 INFO dataset: Stage1 intent=calculation created=1 total=237
2026-04-19 14:13:54 INFO dataset: Stage1 intent=Travel created=1 total=237
2026-04-19 14:13:54 INFO dataset: Stage1 intent=Navigation created=1 total=235
2026-04-19 14:13:54 INFO dataset: Stage1 intent=Education created=1 total=236
2026-04-19 14:13:54 INFO dataset: Stage1 intent=Documentation created=1 total=235
2026-04-19 14:13:54 INFO dataset: Stage1 intent=media playback created=1 total=229
2026-04-19 14:13:54 INFO dataset: Stage1 intent=qr scanner created=1 total=232
2026-04-19 14:13:54 INFO dataset: Stage1 intent=status check created=1 total=227
2026-04-19 14:13:54 INFO dataset: Stage1 intent=notification created=1 total=230
2026-04-19 14:13:54 INFO dataset: Stage1 intent=Finance created=1 total=237
2026-04-19 14:13:54 INFO dataset: Stage1 intent=Healthcare created=1 total=237
2026-04-19 14:13:54 INFO dataset: Stage1 intent=Legal created=1 total=238
2026-04-19 14:13:54 INFO dataset: Stage1 intent=Real Estate created=1 total=234
2026-04-19 14:13:54 INFO dataset: Stage1 intent=Career created=1 total=238
2026-04-19 14:13:54 INFO dataset: Stage1 intent=Food and Dining created=1 total=234
2026-04-19 14:13:54 INFO dataset: Stage1 intent=Home Services created=1 total=237
2026-04-19 14:13:54 INFO dataset: Stage1 intent=Automotive created=1 total=235
2026-04-19 14:17:49 INFO dataset: Stage1 intent=Information Retrieval created=1 total=233
2026-04-19 14:17:49 INFO dataset: Stage1 intent=Entertainment created=1 total=232
2026-04-19 14:17:49 INFO dataset: Stage1 intent=product_lookup created=1 total=226
2026-04-19 14:17:49 INFO dataset: Stage1 intent=Booking created=1 total=234
2026-04-19 14:17:49 INFO dataset: Stage1 intent=weather created=1 total=235
2026-04-19 14:17:49 INFO dataset: Stage1 intent=data visualisation created=1 total=233
2026-04-19 14:17:49 INFO dataset: Stage1 intent=Planning created=1 total=239
2026-04-19 14:17:49 INFO dataset: Stage1 intent=productivity created=1 total=238
2026-04-19 14:17:49 INFO dataset: Stage1 intent=Recipe created=1 total=238
2026-04-19 14:17:49 ERROR dataset: Stage1 parse error intent=Localization: Unterminated string starting at: line 3 column 19 (char 24)
2026-04-19 14:17:49 INFO dataset: Stage1 intent=Technical support created=1 total=239
2026-04-19 14:17:49 INFO dataset: Stage1 intent=Creating Writing created=1 total=239
2026-04-19 14:17:49 INFO dataset: Stage1 intent=Event Schedule created=1 total=221
2026-04-19 14:17:49 INFO dataset: Stage1 intent=Research Analysis created=1 total=232
2026-04-19 14:17:49 INFO dataset: Stage1 intent=Comparison created=1 total=233
2026-04-19 14:17:49 INFO dataset: Stage1 intent=calculation created=1 total=238
2026-04-19 14:17:49 INFO dataset: Stage1 intent=Travel created=1 total=238
2026-04-19 14:17:49 INFO dataset: Stage1 intent=Navigation created=1 total=236
2026-04-19 14:17:49 INFO dataset: Stage1 intent=Education created=1 total=237
2026-04-19 14:17:49 INFO dataset: Stage1 intent=Documentation created=1 total=236
2026-04-19 14:17:49 INFO dataset: Stage1 intent=media playback created=1 total=230
2026-04-19 14:17:49 INFO dataset: Stage1 intent=qr scanner created=1 total=233
2026-04-19 14:17:49 INFO dataset: Stage1 intent=status check created=1 total=228
2026-04-19 14:17:49 INFO dataset: Stage1 intent=notification created=1 total=231
2026-04-19 14:17:49 INFO dataset: Stage1 intent=Finance created=1 total=238
2026-04-19 14:17:49 INFO dataset: Stage1 intent=Healthcare created=1 total=238
2026-04-19 14:17:49 INFO dataset: Stage1 intent=Legal created=1 total=239
2026-04-19 14:17:49 INFO dataset: Stage1 intent=Real Estate created=1 total=235
2026-04-19 14:17:49 INFO dataset: Stage1 intent=Career created=1 total=239
2026-04-19 14:17:49 INFO dataset: Stage1 intent=Food and Dining created=1 total=235
2026-04-19 14:17:49 INFO dataset: Stage1 intent=Home Services created=1 total=238
2026-04-19 14:17:49 INFO dataset: Stage1 intent=Automotive created=1 total=236
2026-04-19 14:21:23 INFO dataset: Stage1 intent=Information Retrieval created=1 total=234
2026-04-19 14:21:23 INFO dataset: Stage1 intent=Entertainment created=1 total=233
2026-04-19 14:21:23 INFO dataset: Stage1 intent=product_lookup created=1 total=227
2026-04-19 14:21:23 INFO dataset: Stage1 intent=Booking created=1 total=235
2026-04-19 14:21:23 INFO dataset: Stage1 intent=weather created=1 total=236
2026-04-19 14:21:23 INFO dataset: Stage1 intent=data visualisation created=1 total=234
2026-04-19 14:21:23 INFO dataset: Stage1 intent=Planning created=1 total=240
2026-04-19 14:21:23 INFO dataset: Stage1 intent=productivity created=1 total=239
2026-04-19 14:21:23 INFO dataset: Stage1 intent=Recipe created=1 total=239
2026-04-19 14:21:23 INFO dataset: Stage1 intent=Localization created=1 total=225
2026-04-19 14:21:23 INFO dataset: Stage1 intent=Technical support created=1 total=240
2026-04-19 14:21:23 INFO dataset: Stage1 intent=Creating Writing created=1 total=240
2026-04-19 14:21:23 INFO dataset: Stage1 intent=Event Schedule created=1 total=222
2026-04-19 14:21:23 INFO dataset: Stage1 intent=Research Analysis created=1 total=233
2026-04-19 14:21:23 INFO dataset: Stage1 intent=Comparison created=1 total=234
2026-04-19 14:21:23 INFO dataset: Stage1 intent=calculation created=1 total=239
2026-04-19 14:21:23 INFO dataset: Stage1 intent=Travel created=1 total=239
2026-04-19 14:21:23 INFO dataset: Stage1 intent=Navigation created=1 total=237
2026-04-19 14:21:23 INFO dataset: Stage1 intent=Education created=1 total=238
2026-04-19 14:21:23 INFO dataset: Stage1 intent=Documentation created=1 total=237
2026-04-19 14:21:23 INFO dataset: Stage1 intent=media playback created=1 total=231
2026-04-19 14:21:23 INFO dataset: Stage1 intent=qr scanner created=1 total=234
2026-04-19 14:21:23 INFO dataset: Stage1 intent=status check created=1 total=229
2026-04-19 14:21:23 INFO dataset: Stage1 intent=notification created=1 total=232
2026-04-19 14:21:23 INFO dataset: Stage1 intent=Finance created=1 total=239
2026-04-19 14:21:23 INFO dataset: Stage1 intent=Healthcare created=1 total=239
2026-04-19 14:21:23 INFO dataset: Stage1 intent=Legal created=1 total=240
2026-04-19 14:21:23 INFO dataset: Stage1 intent=Real Estate created=1 total=236
2026-04-19 14:21:23 INFO dataset: Stage1 intent=Career created=1 total=240
2026-04-19 14:21:23 INFO dataset: Stage1 intent=Food and Dining created=1 total=236
2026-04-19 14:21:23 INFO dataset: Stage1 intent=Home Services created=1 total=239
2026-04-19 14:21:23 INFO dataset: Stage1 intent=Automotive created=1 total=237
2026-04-19 14:25:12 ERROR dataset: Stage1 parse error intent=Information Retrieval: Unterminated string starting at: line 3 column 19 (char 24)
2026-04-19 14:25:12 INFO dataset: Stage1 intent=Entertainment created=1 total=234
2026-04-19 14:25:12 INFO dataset: Stage1 intent=product_lookup created=1 total=228
2026-04-19 14:25:12 INFO dataset: Stage1 intent=Booking created=1 total=236
2026-04-19 14:25:12 INFO dataset: Stage1 intent=weather created=1 total=237
2026-04-19 14:25:12 INFO dataset: Stage1 intent=data visualisation created=1 total=235
2026-04-19 14:25:12 INFO dataset: Stage1 intent=Planning created=1 total=241
2026-04-19 14:25:12 INFO dataset: Stage1 intent=productivity created=1 total=240
2026-04-19 14:25:12 INFO dataset: Stage1 intent=Recipe created=1 total=240
2026-04-19 14:25:12 INFO dataset: Stage1 intent=Localization created=1 total=226
2026-04-19 14:25:12 INFO dataset: Stage1 intent=Technical support created=1 total=241
2026-04-19 14:25:12 INFO dataset: Stage1 intent=Creating Writing created=1 total=241
2026-04-19 14:25:12 INFO dataset: Stage1 intent=Event Schedule created=1 total=223
2026-04-19 14:25:12 INFO dataset: Stage1 intent=Research Analysis created=1 total=234
2026-04-19 14:25:12 INFO dataset: Stage1 intent=Comparison created=1 total=235
2026-04-19 14:25:12 INFO dataset: Stage1 intent=calculation created=1 total=240
2026-04-19 14:25:12 INFO dataset: Stage1 intent=Travel created=1 total=240
2026-04-19 14:25:12 INFO dataset: Stage1 intent=Navigation created=1 total=238
2026-04-19 14:25:12 INFO dataset: Stage1 intent=Education created=1 total=239
2026-04-19 14:25:12 INFO dataset: Stage1 intent=Documentation created=1 total=238
2026-04-19 14:25:12 INFO dataset: Stage1 intent=media playback created=1 total=232
2026-04-19 14:25:12 INFO dataset: Stage1 intent=qr scanner created=1 total=235
2026-04-19 14:25:12 INFO dataset: Stage1 intent=status check created=1 total=230
2026-04-19 14:25:12 INFO dataset: Stage1 intent=notification created=1 total=233
2026-04-19 14:25:12 INFO dataset: Stage1 intent=Finance created=1 total=240
2026-04-19 14:25:12 INFO dataset: Stage1 intent=Healthcare created=1 total=240
2026-04-19 14:25:12 INFO dataset: Stage1 intent=Legal created=1 total=241
2026-04-19 14:25:12 INFO dataset: Stage1 intent=Real Estate created=1 total=237
2026-04-19 14:25:12 INFO dataset: Stage1 intent=Career created=1 total=241
2026-04-19 14:25:12 INFO dataset: Stage1 intent=Food and Dining created=1 total=237
2026-04-19 14:25:12 INFO dataset: Stage1 intent=Home Services created=1 total=240
2026-04-19 14:25:12 INFO dataset: Stage1 intent=Automotive created=1 total=238
2026-04-19 14:28:46 INFO dataset: Stage1 intent=Information Retrieval created=1 total=235
2026-04-19 14:28:46 INFO dataset: Stage1 intent=Entertainment created=1 total=235
2026-04-19 14:28:46 INFO dataset: Stage1 intent=product_lookup created=1 total=229
2026-04-19 14:28:46 INFO dataset: Stage1 intent=Booking created=1 total=237
2026-04-19 14:28:46 INFO dataset: Stage1 intent=weather created=1 total=238
2026-04-19 14:28:46 INFO dataset: Stage1 intent=data visualisation created=1 total=236
2026-04-19 14:28:46 INFO dataset: Stage1 intent=Planning created=1 total=242
2026-04-19 14:28:46 INFO dataset: Stage1 intent=productivity created=1 total=241
2026-04-19 14:28:46 INFO dataset: Stage1 intent=Recipe created=1 total=241
2026-04-19 14:28:46 INFO dataset: Stage1 intent=Localization created=1 total=227
2026-04-19 14:28:46 INFO dataset: Stage1 intent=Technical support created=1 total=242
2026-04-19 14:28:46 INFO dataset: Stage1 intent=Creating Writing created=1 total=242
2026-04-19 14:28:46 INFO dataset: Stage1 intent=Event Schedule created=1 total=224
2026-04-19 14:28:46 INFO dataset: Stage1 intent=Research Analysis created=1 total=235
2026-04-19 14:28:46 INFO dataset: Stage1 intent=Comparison created=1 total=236
2026-04-19 14:28:46 INFO dataset: Stage1 intent=calculation created=1 total=241
2026-04-19 14:28:46 INFO dataset: Stage1 intent=Travel created=1 total=241
2026-04-19 14:28:46 INFO dataset: Stage1 intent=Navigation created=1 total=239
2026-04-19 14:28:46 INFO dataset: Stage1 intent=Education created=1 total=240
2026-04-19 14:28:46 INFO dataset: Stage1 intent=Documentation created=1 total=239
2026-04-19 14:28:46 INFO dataset: Stage1 intent=media playback created=1 total=233
2026-04-19 14:28:46 INFO dataset: Stage1 intent=qr scanner created=1 total=236
2026-04-19 14:28:46 INFO dataset: Stage1 intent=status check created=1 total=231
2026-04-19 14:28:46 INFO dataset: Stage1 intent=notification created=1 total=234
2026-04-19 14:28:46 INFO dataset: Stage1 intent=Finance created=1 total=241
2026-04-19 14:28:46 INFO dataset: Stage1 intent=Healthcare created=1 total=241
2026-04-19 14:28:46 INFO dataset: Stage1 intent=Legal created=1 total=242
2026-04-19 14:28:46 INFO dataset: Stage1 intent=Real Estate created=1 total=238
2026-04-19 14:28:46 INFO dataset: Stage1 intent=Career created=1 total=242
2026-04-19 14:28:46 INFO dataset: Stage1 intent=Food and Dining created=1 total=238
2026-04-19 14:28:46 INFO dataset: Stage1 intent=Home Services created=1 total=241
2026-04-19 14:28:46 INFO dataset: Stage1 intent=Automotive created=1 total=239
2026-04-19 14:32:11 INFO dataset: Stage1 intent=Information Retrieval created=1 total=236
2026-04-19 14:32:11 INFO dataset: Stage1 intent=Entertainment created=1 total=236
2026-04-19 14:32:11 INFO dataset: Stage1 intent=product_lookup created=1 total=230
2026-04-19 14:32:11 INFO dataset: Stage1 intent=Booking created=1 total=238
2026-04-19 14:32:11 INFO dataset: Stage1 intent=weather created=1 total=239
2026-04-19 14:32:11 INFO dataset: Stage1 intent=data visualisation created=1 total=237
2026-04-19 14:32:11 INFO dataset: Stage1 intent=Planning created=1 total=243
2026-04-19 14:32:11 INFO dataset: Stage1 intent=productivity created=1 total=242
2026-04-19 14:32:11 INFO dataset: Stage1 intent=Recipe created=1 total=242
2026-04-19 14:32:11 INFO dataset: Stage1 intent=Localization created=1 total=228
2026-04-19 14:32:11 INFO dataset: Stage1 intent=Technical support created=1 total=243
2026-04-19 14:32:11 INFO dataset: Stage1 intent=Creating Writing created=1 total=243
2026-04-19 14:32:11 INFO dataset: Stage1 intent=Event Schedule created=1 total=225
2026-04-19 14:32:11 INFO dataset: Stage1 intent=Research Analysis created=1 total=236
2026-04-19 14:32:11 INFO dataset: Stage1 intent=Comparison created=1 total=237
2026-04-19 14:32:11 INFO dataset: Stage1 intent=calculation created=1 total=242
2026-04-19 14:32:11 INFO dataset: Stage1 intent=Travel created=1 total=242
2026-04-19 14:32:11 INFO dataset: Stage1 intent=Navigation created=1 total=240
2026-04-19 14:32:11 INFO dataset: Stage1 intent=Education created=1 total=241
2026-04-19 14:32:11 INFO dataset: Stage1 intent=Documentation created=1 total=240
2026-04-19 14:32:11 INFO dataset: Stage1 intent=media playback created=1 total=234
2026-04-19 14:32:11 INFO dataset: Stage1 intent=qr scanner created=1 total=237
2026-04-19 14:32:11 INFO dataset: Stage1 intent=status check created=1 total=232
2026-04-19 14:32:11 INFO dataset: Stage1 intent=notification created=1 total=235
2026-04-19 14:32:11 INFO dataset: Stage1 intent=Finance created=1 total=242
2026-04-19 14:32:11 INFO dataset: Stage1 intent=Healthcare created=1 total=242
2026-04-19 14:32:11 INFO dataset: Stage1 intent=Legal created=1 total=243
2026-04-19 14:32:11 INFO dataset: Stage1 intent=Real Estate created=1 total=239
2026-04-19 14:32:11 INFO dataset: Stage1 intent=Career created=1 total=243
2026-04-19 14:32:11 INFO dataset: Stage1 intent=Food and Dining created=1 total=239
2026-04-19 14:32:11 INFO dataset: Stage1 intent=Home Services created=1 total=242
2026-04-19 14:32:11 INFO dataset: Stage1 intent=Automotive created=1 total=240
2026-04-19 14:36:02 ERROR dataset: Stage1 parse error intent=Information Retrieval: Unterminated string starting at: line 3 column 19 (char 24)
2026-04-19 14:36:02 INFO dataset: Stage1 intent=Entertainment created=1 total=237
2026-04-19 14:36:02 ERROR dataset: Stage1 parse error intent=product_lookup: Expecting ',' delimiter: line 10 column 6 (char 831)
2026-04-19 14:36:02 INFO dataset: Stage1 intent=Booking created=1 total=239
2026-04-19 14:36:02 INFO dataset: Stage1 intent=weather created=1 total=240
2026-04-19 14:36:02 INFO dataset: Stage1 intent=data visualisation created=1 total=238
2026-04-19 14:36:02 INFO dataset: Stage1 intent=Planning created=1 total=244
2026-04-19 14:36:02 INFO dataset: Stage1 intent=productivity created=1 total=243
2026-04-19 14:36:02 INFO dataset: Stage1 intent=Recipe created=1 total=243
2026-04-19 14:36:02 INFO dataset: Stage1 intent=Localization created=1 total=229
2026-04-19 14:36:02 INFO dataset: Stage1 intent=Technical support created=1 total=244
2026-04-19 14:36:02 INFO dataset: Stage1 intent=Creating Writing created=1 total=244
2026-04-19 14:36:02 INFO dataset: Stage1 intent=Event Schedule created=1 total=226
2026-04-19 14:36:02 INFO dataset: Stage1 intent=Research Analysis created=1 total=237
2026-04-19 14:36:02 INFO dataset: Stage1 intent=Comparison created=1 total=238
2026-04-19 14:36:02 INFO dataset: Stage1 intent=calculation created=1 total=243
2026-04-19 14:36:02 INFO dataset: Stage1 intent=Travel created=1 total=243
2026-04-19 14:36:02 INFO dataset: Stage1 intent=Navigation created=1 total=241
2026-04-19 14:36:02 INFO dataset: Stage1 intent=Education created=1 total=242
2026-04-19 14:36:02 INFO dataset: Stage1 intent=Documentation created=1 total=241
2026-04-19 14:36:02 ERROR dataset: Stage1 parse error intent=media playback: Unterminated string starting at: line 3 column 19 (char 24)
2026-04-19 14:36:02 INFO dataset: Stage1 intent=qr scanner created=1 total=238
2026-04-19 14:36:02 INFO dataset: Stage1 intent=status check created=1 total=233
2026-04-19 14:36:02 INFO dataset: Stage1 intent=notification created=1 total=236
2026-04-19 14:36:02 INFO dataset: Stage1 intent=Finance created=1 total=243
2026-04-19 14:36:02 INFO dataset: Stage1 intent=Healthcare created=1 total=243
2026-04-19 14:36:02 INFO dataset: Stage1 intent=Legal created=1 total=244
2026-04-19 14:36:02 INFO dataset: Stage1 intent=Real Estate created=1 total=240
2026-04-19 14:36:02 INFO dataset: Stage1 intent=Career created=1 total=244
2026-04-19 14:36:02 INFO dataset: Stage1 intent=Food and Dining created=1 total=240
2026-04-19 14:36:02 INFO dataset: Stage1 intent=Home Services created=1 total=243
2026-04-19 14:36:02 INFO dataset: Stage1 intent=Automotive created=1 total=241
2026-04-19 14:39:53 ERROR dataset: Stage1 parse error intent=Information Retrieval: Unterminated string starting at: line 3 column 19 (char 24)
2026-04-19 14:39:53 INFO dataset: Stage1 intent=Entertainment created=1 total=238
2026-04-19 14:39:53 INFO dataset: Stage1 intent=product_lookup created=1 total=231
2026-04-19 14:39:53 INFO dataset: Stage1 intent=Booking created=1 total=240
2026-04-19 14:39:53 INFO dataset: Stage1 intent=weather created=1 total=241
2026-04-19 14:39:53 INFO dataset: Stage1 intent=data visualisation created=1 total=239
2026-04-19 14:39:53 INFO dataset: Stage1 intent=Planning created=1 total=245
2026-04-19 14:39:53 INFO dataset: Stage1 intent=productivity created=1 total=244
2026-04-19 14:39:53 INFO dataset: Stage1 intent=Recipe created=1 total=244
2026-04-19 14:39:53 INFO dataset: Stage1 intent=Localization created=1 total=230
2026-04-19 14:39:53 INFO dataset: Stage1 intent=Technical support created=1 total=245
2026-04-19 14:39:53 INFO dataset: Stage1 intent=Creating Writing created=1 total=245
2026-04-19 14:39:53 INFO dataset: Stage1 intent=Event Schedule created=1 total=227
2026-04-19 14:39:53 INFO dataset: Stage1 intent=Research Analysis created=1 total=238
2026-04-19 14:39:53 INFO dataset: Stage1 intent=Comparison created=1 total=239
2026-04-19 14:39:53 INFO dataset: Stage1 intent=calculation created=1 total=244
2026-04-19 14:39:53 INFO dataset: Stage1 intent=Travel created=1 total=244
2026-04-19 14:39:53 INFO dataset: Stage1 intent=Navigation created=1 total=242
2026-04-19 14:39:53 INFO dataset: Stage1 intent=Education created=1 total=243
2026-04-19 14:39:53 INFO dataset: Stage1 intent=Documentation created=1 total=242
2026-04-19 14:39:53 INFO dataset: Stage1 intent=media playback created=1 total=235
2026-04-19 14:39:53 INFO dataset: Stage1 intent=qr scanner created=1 total=239
2026-04-19 14:39:53 INFO dataset: Stage1 intent=status check created=1 total=234
2026-04-19 14:39:53 ERROR dataset: Stage1 parse error intent=notification: Unterminated string starting at: line 3 column 19 (char 24)
2026-04-19 14:39:53 INFO dataset: Stage1 intent=Finance created=1 total=244
2026-04-19 14:39:53 INFO dataset: Stage1 intent=Healthcare created=1 total=244
2026-04-19 14:39:53 INFO dataset: Stage1 intent=Legal created=1 total=245
2026-04-19 14:39:53 INFO dataset: Stage1 intent=Real Estate created=1 total=241
2026-04-19 14:39:53 INFO dataset: Stage1 intent=Career created=1 total=245
2026-04-19 14:39:53 INFO dataset: Stage1 intent=Food and Dining created=1 total=241
2026-04-19 14:39:53 INFO dataset: Stage1 intent=Home Services created=1 total=244
2026-04-19 14:39:53 INFO dataset: Stage1 intent=Automotive created=1 total=242
2026-04-19 14:43:29 INFO dataset: Stage1 intent=Information Retrieval created=1 total=237
2026-04-19 14:43:29 INFO dataset: Stage1 intent=Entertainment created=1 total=239
2026-04-19 14:43:29 INFO dataset: Stage1 intent=product_lookup created=1 total=232
2026-04-19 14:43:29 INFO dataset: Stage1 intent=Booking created=1 total=241
2026-04-19 14:43:29 INFO dataset: Stage1 intent=weather created=1 total=242
2026-04-19 14:43:29 INFO dataset: Stage1 intent=data visualisation created=1 total=240
2026-04-19 14:43:29 INFO dataset: Stage1 intent=Planning created=1 total=246
2026-04-19 14:43:29 INFO dataset: Stage1 intent=productivity created=1 total=245
2026-04-19 14:43:29 INFO dataset: Stage1 intent=Recipe created=1 total=245
2026-04-19 14:43:29 INFO dataset: Stage1 intent=Localization created=1 total=231
2026-04-19 14:43:29 INFO dataset: Stage1 intent=Technical support created=1 total=246
2026-04-19 14:43:29 INFO dataset: Stage1 intent=Creating Writing created=1 total=246
2026-04-19 14:43:29 INFO dataset: Stage1 intent=Event Schedule created=1 total=228
2026-04-19 14:43:29 INFO dataset: Stage1 intent=Research Analysis created=1 total=239
2026-04-19 14:43:29 INFO dataset: Stage1 intent=Comparison created=1 total=240
2026-04-19 14:43:29 INFO dataset: Stage1 intent=calculation created=1 total=245
2026-04-19 14:43:29 INFO dataset: Stage1 intent=Travel created=1 total=245
2026-04-19 14:43:29 INFO dataset: Stage1 intent=Navigation created=1 total=243
2026-04-19 14:43:29 INFO dataset: Stage1 intent=Education created=1 total=244
2026-04-19 14:43:29 INFO dataset: Stage1 intent=Documentation created=1 total=243
2026-04-19 14:43:29 INFO dataset: Stage1 intent=media playback created=1 total=236
2026-04-19 14:43:29 INFO dataset: Stage1 intent=qr scanner created=1 total=240
2026-04-19 14:43:29 INFO dataset: Stage1 intent=status check created=1 total=235
2026-04-19 14:43:29 INFO dataset: Stage1 intent=notification created=1 total=237
2026-04-19 14:43:29 INFO dataset: Stage1 intent=Finance created=1 total=245
2026-04-19 14:43:29 INFO dataset: Stage1 intent=Healthcare created=1 total=245
2026-04-19 14:43:29 INFO dataset: Stage1 intent=Legal created=1 total=246
2026-04-19 14:43:29 INFO dataset: Stage1 intent=Real Estate created=1 total=242
2026-04-19 14:43:29 INFO dataset: Stage1 intent=Career created=1 total=246
2026-04-19 14:43:29 ERROR dataset: Stage1 parse error intent=Food and Dining: Unterminated string starting at: line 3 column 19 (char 24)
2026-04-19 14:43:29 INFO dataset: Stage1 intent=Home Services created=1 total=245
2026-04-19 14:43:29 INFO dataset: Stage1 intent=Automotive created=1 total=243
2026-04-19 14:47:11 INFO dataset: Stage1 intent=Information Retrieval created=1 total=238
2026-04-19 14:47:11 INFO dataset: Stage1 intent=Entertainment created=1 total=240
2026-04-19 14:47:11 ERROR dataset: Stage1 parse error intent=product_lookup: Unterminated string starting at: line 3 column 19 (char 24)
2026-04-19 14:47:11 INFO dataset: Stage1 intent=Booking created=1 total=242
2026-04-19 14:47:11 INFO dataset: Stage1 intent=weather created=1 total=243
2026-04-19 14:47:11 INFO dataset: Stage1 intent=data visualisation created=1 total=241
2026-04-19 14:47:11 INFO dataset: Stage1 intent=Planning created=1 total=247
2026-04-19 14:47:11 INFO dataset: Stage1 intent=productivity created=1 total=246
2026-04-19 14:47:11 INFO dataset: Stage1 intent=Recipe created=1 total=246
2026-04-19 14:47:11 INFO dataset: Stage1 intent=Localization created=1 total=232
2026-04-19 14:47:11 INFO dataset: Stage1 intent=Technical support created=1 total=247
2026-04-19 14:47:11 INFO dataset: Stage1 intent=Creating Writing created=1 total=247
2026-04-19 14:47:11 INFO dataset: Stage1 intent=Event Schedule created=1 total=229
2026-04-19 14:47:11 INFO dataset: Stage1 intent=Research Analysis created=1 total=240
2026-04-19 14:47:11 INFO dataset: Stage1 intent=Comparison created=1 total=241
2026-04-19 14:47:11 INFO dataset: Stage1 intent=calculation created=1 total=246
2026-04-19 14:47:11 INFO dataset: Stage1 intent=Travel created=1 total=246
2026-04-19 14:47:11 INFO dataset: Stage1 intent=Navigation created=1 total=244
2026-04-19 14:47:11 INFO dataset: Stage1 intent=Education created=1 total=245
2026-04-19 14:47:11 INFO dataset: Stage1 intent=Documentation created=1 total=244
2026-04-19 14:47:11 INFO dataset: Stage1 intent=media playback created=1 total=237
2026-04-19 14:47:11 INFO dataset: Stage1 intent=qr scanner created=1 total=241
2026-04-19 14:47:11 INFO dataset: Stage1 intent=status check created=1 total=236
2026-04-19 14:47:11 INFO dataset: Stage1 intent=notification created=1 total=238
2026-04-19 14:47:11 INFO dataset: Stage1 intent=Finance created=1 total=246
2026-04-19 14:47:11 INFO dataset: Stage1 intent=Healthcare created=1 total=246
2026-04-19 14:47:11 INFO dataset: Stage1 intent=Legal created=1 total=247
2026-04-19 14:47:11 INFO dataset: Stage1 intent=Real Estate created=1 total=243
2026-04-19 14:47:11 INFO dataset: Stage1 intent=Career created=1 total=247
2026-04-19 14:47:11 INFO dataset: Stage1 intent=Food and Dining created=1 total=242
2026-04-19 14:47:11 INFO dataset: Stage1 intent=Home Services created=1 total=246
2026-04-19 14:47:11 INFO dataset: Stage1 intent=Automotive created=1 total=244
2026-04-19 14:50:44 INFO dataset: Stage1 intent=Information Retrieval created=1 total=239
2026-04-19 14:50:44 INFO dataset: Stage1 intent=Entertainment created=1 total=241
2026-04-19 14:50:44 INFO dataset: Stage1 intent=product_lookup created=1 total=233
2026-04-19 14:50:44 INFO dataset: Stage1 intent=Booking created=1 total=243
2026-04-19 14:50:44 INFO dataset: Stage1 intent=weather created=1 total=244
2026-04-19 14:50:44 INFO dataset: Stage1 intent=data visualisation created=1 total=242
2026-04-19 14:50:44 INFO dataset: Stage1 intent=Planning created=1 total=248
2026-04-19 14:50:44 INFO dataset: Stage1 intent=productivity created=1 total=247
2026-04-19 14:50:44 INFO dataset: Stage1 intent=Recipe created=1 total=247
2026-04-19 14:50:44 INFO dataset: Stage1 intent=Localization created=1 total=233
2026-04-19 14:50:44 INFO dataset: Stage1 intent=Technical support created=1 total=248
2026-04-19 14:50:44 INFO dataset: Stage1 intent=Creating Writing created=1 total=248
2026-04-19 14:50:44 INFO dataset: Stage1 intent=Event Schedule created=1 total=230
2026-04-19 14:50:44 INFO dataset: Stage1 intent=Research Analysis created=1 total=241
2026-04-19 14:50:44 INFO dataset: Stage1 intent=Comparison created=1 total=242
2026-04-19 14:50:44 INFO dataset: Stage1 intent=calculation created=1 total=247
2026-04-19 14:50:44 INFO dataset: Stage1 intent=Travel created=1 total=247
2026-04-19 14:50:44 INFO dataset: Stage1 intent=Navigation created=1 total=245
2026-04-19 14:50:44 INFO dataset: Stage1 intent=Education created=1 total=246
2026-04-19 14:50:44 INFO dataset: Stage1 intent=Documentation created=1 total=245
2026-04-19 14:50:44 INFO dataset: Stage1 intent=media playback created=1 total=238
2026-04-19 14:50:44 INFO dataset: Stage1 intent=qr scanner created=1 total=242
2026-04-19 14:50:44 INFO dataset: Stage1 intent=status check created=1 total=237
2026-04-19 14:50:44 INFO dataset: Stage1 intent=notification created=1 total=239
2026-04-19 14:50:44 INFO dataset: Stage1 intent=Finance created=1 total=247
2026-04-19 14:50:44 INFO dataset: Stage1 intent=Healthcare created=1 total=247
2026-04-19 14:50:44 INFO dataset: Stage1 intent=Legal created=1 total=248
2026-04-19 14:50:44 INFO dataset: Stage1 intent=Real Estate created=1 total=244
2026-04-19 14:50:44 INFO dataset: Stage1 intent=Career created=1 total=248
2026-04-19 14:50:44 INFO dataset: Stage1 intent=Food and Dining created=1 total=243
2026-04-19 14:50:44 INFO dataset: Stage1 intent=Home Services created=1 total=247
2026-04-19 14:50:44 INFO dataset: Stage1 intent=Automotive created=1 total=245
2026-04-19 14:54:15 INFO dataset: Stage1 intent=Information Retrieval created=1 total=240
2026-04-19 14:54:15 INFO dataset: Stage1 intent=Entertainment created=1 total=242
2026-04-19 14:54:15 INFO dataset: Stage1 intent=product_lookup created=1 total=234
2026-04-19 14:54:15 INFO dataset: Stage1 intent=Booking created=1 total=244
2026-04-19 14:54:15 INFO dataset: Stage1 intent=weather created=1 total=245
2026-04-19 14:54:15 INFO dataset: Stage1 intent=data visualisation created=1 total=243
2026-04-19 14:54:15 INFO dataset: Stage1 intent=Planning created=1 total=249
2026-04-19 14:54:15 INFO dataset: Stage1 intent=productivity created=1 total=248
2026-04-19 14:54:15 INFO dataset: Stage1 intent=Recipe created=1 total=248
2026-04-19 14:54:15 INFO dataset: Stage1 intent=Localization created=1 total=234
2026-04-19 14:54:15 INFO dataset: Stage1 intent=Technical support created=1 total=249
2026-04-19 14:54:15 INFO dataset: Stage1 intent=Creating Writing created=1 total=249
2026-04-19 14:54:15 INFO dataset: Stage1 intent=Event Schedule created=1 total=231
2026-04-19 14:54:15 INFO dataset: Stage1 intent=Research Analysis created=1 total=242
2026-04-19 14:54:15 ERROR dataset: Stage1 parse error intent=Comparison: Unterminated string starting at: line 3 column 19 (char 24)
2026-04-19 14:54:15 INFO dataset: Stage1 intent=calculation created=1 total=248
2026-04-19 14:54:15 INFO dataset: Stage1 intent=Travel created=1 total=248
2026-04-19 14:54:15 INFO dataset: Stage1 intent=Navigation created=1 total=246
2026-04-19 14:54:15 INFO dataset: Stage1 intent=Education created=1 total=247
2026-04-19 14:54:15 INFO dataset: Stage1 intent=Documentation created=1 total=246
2026-04-19 14:54:15 INFO dataset: Stage1 intent=media playback created=1 total=239
2026-04-19 14:54:15 INFO dataset: Stage1 intent=qr scanner created=1 total=243
2026-04-19 14:54:15 INFO dataset: Stage1 intent=status check created=1 total=238
2026-04-19 14:54:15 INFO dataset: Stage1 intent=notification created=1 total=240
2026-04-19 14:54:15 INFO dataset: Stage1 intent=Finance created=1 total=248
2026-04-19 14:54:15 INFO dataset: Stage1 intent=Healthcare created=1 total=248
2026-04-19 14:54:15 INFO dataset: Stage1 intent=Legal created=1 total=249
2026-04-19 14:54:15 INFO dataset: Stage1 intent=Real Estate created=1 total=245
2026-04-19 14:54:15 INFO dataset: Stage1 intent=Career created=1 total=249
2026-04-19 14:54:15 INFO dataset: Stage1 intent=Food and Dining created=1 total=244
2026-04-19 14:54:15 INFO dataset: Stage1 intent=Home Services created=1 total=248
2026-04-19 14:54:15 INFO dataset: Stage1 intent=Automotive created=1 total=246
2026-04-19 14:57:46 INFO dataset: Stage1 intent=Information Retrieval created=1 total=241
2026-04-19 14:57:46 INFO dataset: Stage1 intent=Entertainment created=1 total=243
2026-04-19 14:57:46 INFO dataset: Stage1 intent=product_lookup created=1 total=235
2026-04-19 14:57:46 INFO dataset: Stage1 intent=Booking created=1 total=245
2026-04-19 14:57:46 INFO dataset: Stage1 intent=weather created=1 total=246
2026-04-19 14:57:46 INFO dataset: Stage1 intent=data visualisation created=1 total=244
2026-04-19 14:57:46 INFO dataset: Stage1 intent=Planning created=1 total=250
2026-04-19 14:57:46 INFO dataset: Stage1 intent=productivity created=1 total=249
2026-04-19 14:57:46 INFO dataset: Stage1 intent=Recipe created=1 total=249
2026-04-19 14:57:46 INFO dataset: Stage1 intent=Localization created=1 total=235
2026-04-19 14:57:46 INFO dataset: Stage1 intent=Technical support created=1 total=250
2026-04-19 14:57:46 INFO dataset: Stage1 intent=Creating Writing created=1 total=250
2026-04-19 14:57:46 INFO dataset: Stage1 intent=Event Schedule created=1 total=232
2026-04-19 14:57:46 INFO dataset: Stage1 intent=Research Analysis created=1 total=243
2026-04-19 14:57:46 ERROR dataset: Stage1 parse error intent=Comparison: Unterminated string starting at: line 3 column 19 (char 24)
2026-04-19 14:57:46 INFO dataset: Stage1 intent=calculation created=1 total=249
2026-04-19 14:57:46 INFO dataset: Stage1 intent=Travel created=1 total=249
2026-04-19 14:57:46 INFO dataset: Stage1 intent=Navigation created=1 total=247
2026-04-19 14:57:46 INFO dataset: Stage1 intent=Education created=1 total=248
2026-04-19 14:57:46 INFO dataset: Stage1 intent=Documentation created=1 total=247
2026-04-19 14:57:46 INFO dataset: Stage1 intent=media playback created=1 total=240
2026-04-19 14:57:46 INFO dataset: Stage1 intent=qr scanner created=1 total=244
2026-04-19 14:57:46 INFO dataset: Stage1 intent=status check created=1 total=239
2026-04-19 14:57:46 INFO dataset: Stage1 intent=notification created=1 total=241
2026-04-19 14:57:46 INFO dataset: Stage1 intent=Finance created=1 total=249
2026-04-19 14:57:46 INFO dataset: Stage1 intent=Healthcare created=1 total=249
2026-04-19 14:57:46 INFO dataset: Stage1 intent=Legal created=1 total=250
2026-04-19 14:57:46 INFO dataset: Stage1 intent=Real Estate created=1 total=246
2026-04-19 14:57:46 INFO dataset: Stage1 intent=Career created=1 total=250
2026-04-19 14:57:46 INFO dataset: Stage1 intent=Food and Dining created=1 total=245
2026-04-19 14:57:46 INFO dataset: Stage1 intent=Home Services created=1 total=249
2026-04-19 14:57:46 INFO dataset: Stage1 intent=Automotive created=1 total=247
2026-04-19 15:01:26 INFO dataset: Stage1 intent=Information Retrieval created=1 total=242
2026-04-19 15:01:26 INFO dataset: Stage1 intent=Entertainment created=1 total=244
2026-04-19 15:01:26 ERROR dataset: Stage1 parse error intent=product_lookup: Unterminated string starting at: line 3 column 19 (char 24)
2026-04-19 15:01:26 INFO dataset: Stage1 intent=Booking created=1 total=246
2026-04-19 15:01:26 INFO dataset: Stage1 intent=weather created=1 total=247
2026-04-19 15:01:26 INFO dataset: Stage1 intent=data visualisation created=1 total=245
2026-04-19 15:01:26 INFO dataset: Stage1 intent=Planning created=1 total=251
2026-04-19 15:01:26 INFO dataset: Stage1 intent=productivity created=1 total=250
2026-04-19 15:01:26 INFO dataset: Stage1 intent=Recipe created=1 total=250
2026-04-19 15:01:26 ERROR dataset: Stage1 parse error intent=Localization: Unterminated string starting at: line 3 column 19 (char 24)
2026-04-19 15:01:26 INFO dataset: Stage1 intent=Technical support created=1 total=251
2026-04-19 15:01:26 INFO dataset: Stage1 intent=Creating Writing created=1 total=251
2026-04-19 15:01:26 INFO dataset: Stage1 intent=Event Schedule created=1 total=233
2026-04-19 15:01:26 INFO dataset: Stage1 intent=Research Analysis created=1 total=244
2026-04-19 15:01:26 INFO dataset: Stage1 intent=Comparison created=1 total=243
2026-04-19 15:01:26 INFO dataset: Stage1 intent=calculation created=1 total=250
2026-04-19 15:01:26 INFO dataset: Stage1 intent=Travel created=1 total=250
2026-04-19 15:01:26 INFO dataset: Stage1 intent=Navigation created=1 total=248
2026-04-19 15:01:26 INFO dataset: Stage1 intent=Education created=1 total=249
2026-04-19 15:01:26 INFO dataset: Stage1 intent=Documentation created=1 total=248
2026-04-19 15:01:26 INFO dataset: Stage1 intent=media playback created=1 total=241
2026-04-19 15:01:26 INFO dataset: Stage1 intent=qr scanner created=1 total=245
2026-04-19 15:01:26 INFO dataset: Stage1 intent=status check created=1 total=240
2026-04-19 15:01:26 INFO dataset: Stage1 intent=notification created=1 total=242
2026-04-19 15:01:26 INFO dataset: Stage1 intent=Finance created=1 total=250
2026-04-19 15:01:26 INFO dataset: Stage1 intent=Healthcare created=1 total=250
2026-04-19 15:01:26 INFO dataset: Stage1 intent=Legal created=1 total=251
2026-04-19 15:01:26 INFO dataset: Stage1 intent=Real Estate created=1 total=247
2026-04-19 15:01:26 INFO dataset: Stage1 intent=Career created=1 total=251
2026-04-19 15:01:26 INFO dataset: Stage1 intent=Food and Dining created=1 total=246
2026-04-19 15:01:26 INFO dataset: Stage1 intent=Home Services created=1 total=250
2026-04-19 15:01:26 INFO dataset: Stage1 intent=Automotive created=1 total=248
2026-04-19 15:04:53 INFO dataset: Stage1 intent=Information Retrieval created=1 total=243
2026-04-19 15:04:53 INFO dataset: Stage1 intent=Entertainment created=1 total=245
2026-04-19 15:04:53 INFO dataset: Stage1 intent=product_lookup created=1 total=236
2026-04-19 15:04:53 INFO dataset: Stage1 intent=Booking created=1 total=247
2026-04-19 15:04:53 INFO dataset: Stage1 intent=weather created=1 total=248
2026-04-19 15:04:53 INFO dataset: Stage1 intent=data visualisation created=1 total=246
2026-04-19 15:04:53 INFO dataset: Stage1 intent=Planning created=1 total=252
2026-04-19 15:04:53 INFO dataset: Stage1 intent=productivity created=1 total=251
2026-04-19 15:04:53 INFO dataset: Stage1 intent=Recipe created=1 total=251
2026-04-19 15:04:53 INFO dataset: Stage1 intent=Localization created=1 total=236
2026-04-19 15:04:53 INFO dataset: Stage1 intent=Technical support created=1 total=252
2026-04-19 15:04:53 INFO dataset: Stage1 intent=Creating Writing created=1 total=252
2026-04-19 15:04:53 INFO dataset: Stage1 intent=Event Schedule created=1 total=234
2026-04-19 15:04:53 INFO dataset: Stage1 intent=Research Analysis created=1 total=245
2026-04-19 15:04:53 INFO dataset: Stage1 intent=Comparison created=1 total=244
2026-04-19 15:04:53 INFO dataset: Stage1 intent=calculation created=1 total=251
2026-04-19 15:04:53 INFO dataset: Stage1 intent=Travel created=1 total=251
2026-04-19 15:04:53 INFO dataset: Stage1 intent=Navigation created=1 total=249
2026-04-19 15:04:53 INFO dataset: Stage1 intent=Education created=1 total=250
2026-04-19 15:04:53 INFO dataset: Stage1 intent=Documentation created=1 total=249
2026-04-19 15:04:53 INFO dataset: Stage1 intent=media playback created=1 total=242
2026-04-19 15:04:53 INFO dataset: Stage1 intent=qr scanner created=1 total=246
2026-04-19 15:04:53 INFO dataset: Stage1 intent=status check created=1 total=241
2026-04-19 15:04:53 INFO dataset: Stage1 intent=notification created=1 total=243
2026-04-19 15:04:53 INFO dataset: Stage1 intent=Finance created=1 total=251
2026-04-19 15:04:53 INFO dataset: Stage1 intent=Healthcare created=1 total=251
2026-04-19 15:04:53 INFO dataset: Stage1 intent=Legal created=1 total=252
2026-04-19 15:04:53 INFO dataset: Stage1 intent=Real Estate created=1 total=248
2026-04-19 15:04:53 INFO dataset: Stage1 intent=Career created=1 total=252
2026-04-19 15:04:53 INFO dataset: Stage1 intent=Food and Dining created=1 total=247
2026-04-19 15:04:53 INFO dataset: Stage1 intent=Home Services created=1 total=251
2026-04-19 15:04:53 INFO dataset: Stage1 intent=Automotive created=1 total=249
2026-04-19 15:08:22 INFO dataset: Stage1 intent=Information Retrieval created=1 total=244
2026-04-19 15:08:22 INFO dataset: Stage1 intent=Entertainment created=1 total=246
2026-04-19 15:08:22 INFO dataset: Stage1 intent=product_lookup created=1 total=237
2026-04-19 15:08:22 INFO dataset: Stage1 intent=Booking created=1 total=248
2026-04-19 15:08:22 INFO dataset: Stage1 intent=weather created=1 total=249
2026-04-19 15:08:22 INFO dataset: Stage1 intent=data visualisation created=1 total=247
2026-04-19 15:08:22 INFO dataset: Stage1 intent=Planning created=1 total=253
2026-04-19 15:08:22 INFO dataset: Stage1 intent=productivity created=1 total=252
2026-04-19 15:08:22 INFO dataset: Stage1 intent=Recipe created=1 total=252
2026-04-19 15:08:22 INFO dataset: Stage1 intent=Localization created=1 total=237
2026-04-19 15:08:22 INFO dataset: Stage1 intent=Technical support created=1 total=253
2026-04-19 15:08:22 INFO dataset: Stage1 intent=Creating Writing created=1 total=253
2026-04-19 15:08:22 INFO dataset: Stage1 intent=Event Schedule created=1 total=235
2026-04-19 15:08:22 INFO dataset: Stage1 intent=Research Analysis created=1 total=246
2026-04-19 15:08:22 INFO dataset: Stage1 intent=Comparison created=1 total=245
2026-04-19 15:08:22 INFO dataset: Stage1 intent=calculation created=1 total=252
2026-04-19 15:08:22 INFO dataset: Stage1 intent=Travel created=1 total=252
2026-04-19 15:08:22 INFO dataset: Stage1 intent=Navigation created=1 total=250
2026-04-19 15:08:22 INFO dataset: Stage1 intent=Education created=1 total=251
2026-04-19 15:08:22 INFO dataset: Stage1 intent=Documentation created=1 total=250
2026-04-19 15:08:22 INFO dataset: Stage1 intent=media playback created=1 total=243
2026-04-19 15:08:22 INFO dataset: Stage1 intent=qr scanner created=1 total=247
2026-04-19 15:08:22 INFO dataset: Stage1 intent=status check created=1 total=242
2026-04-19 15:08:22 INFO dataset: Stage1 intent=notification created=1 total=244
2026-04-19 15:08:22 INFO dataset: Stage1 intent=Finance created=1 total=252
2026-04-19 15:08:22 INFO dataset: Stage1 intent=Healthcare created=1 total=252
2026-04-19 15:08:22 INFO dataset: Stage1 intent=Legal created=1 total=253
2026-04-19 15:08:22 INFO dataset: Stage1 intent=Real Estate created=1 total=249
2026-04-19 15:08:22 INFO dataset: Stage1 intent=Career created=1 total=253
2026-04-19 15:08:22 INFO dataset: Stage1 intent=Food and Dining created=1 total=248
2026-04-19 15:08:22 INFO dataset: Stage1 intent=Home Services created=1 total=252
2026-04-19 15:08:22 INFO dataset: Stage1 intent=Automotive created=1 total=250
2026-04-19 15:11:57 INFO dataset: Stage1 intent=Information Retrieval created=1 total=245
2026-04-19 15:11:57 INFO dataset: Stage1 intent=Entertainment created=1 total=247
2026-04-19 15:11:57 INFO dataset: Stage1 intent=product_lookup created=1 total=238
2026-04-19 15:11:57 INFO dataset: Stage1 intent=Booking created=1 total=249
2026-04-19 15:11:57 INFO dataset: Stage1 intent=weather created=1 total=250
2026-04-19 15:11:57 INFO dataset: Stage1 intent=data visualisation created=1 total=248
2026-04-19 15:11:57 INFO dataset: Stage1 intent=Planning created=1 total=254
2026-04-19 15:11:57 INFO dataset: Stage1 intent=productivity created=1 total=253
2026-04-19 15:11:57 INFO dataset: Stage1 intent=Recipe created=1 total=253
2026-04-19 15:11:57 INFO dataset: Stage1 intent=Localization created=1 total=238
2026-04-19 15:11:57 INFO dataset: Stage1 intent=Technical support created=1 total=254
2026-04-19 15:11:57 INFO dataset: Stage1 intent=Creating Writing created=1 total=254
2026-04-19 15:11:57 INFO dataset: Stage1 intent=Event Schedule created=1 total=236
2026-04-19 15:11:57 INFO dataset: Stage1 intent=Research Analysis created=1 total=247
2026-04-19 15:11:57 INFO dataset: Stage1 intent=Comparison created=1 total=246
2026-04-19 15:11:57 ERROR dataset: Stage1 parse error intent=calculation: Empty text
2026-04-19 15:11:57 INFO dataset: Stage1 intent=Travel created=1 total=253
2026-04-19 15:11:57 INFO dataset: Stage1 intent=Navigation created=1 total=251
2026-04-19 15:11:57 INFO dataset: Stage1 intent=Education created=1 total=252
2026-04-19 15:11:57 INFO dataset: Stage1 intent=Documentation created=1 total=251
2026-04-19 15:11:57 INFO dataset: Stage1 intent=media playback created=1 total=244
2026-04-19 15:11:57 INFO dataset: Stage1 intent=qr scanner created=1 total=248
2026-04-19 15:11:57 INFO dataset: Stage1 intent=status check created=1 total=243
2026-04-19 15:11:57 INFO dataset: Stage1 intent=notification created=1 total=245
2026-04-19 15:11:57 INFO dataset: Stage1 intent=Finance created=1 total=253
2026-04-19 15:11:57 INFO dataset: Stage1 intent=Healthcare created=1 total=253
2026-04-19 15:11:57 INFO dataset: Stage1 intent=Legal created=1 total=254
2026-04-19 15:11:57 INFO dataset: Stage1 intent=Real Estate created=1 total=250
2026-04-19 15:11:57 INFO dataset: Stage1 intent=Career created=1 total=254
2026-04-19 15:11:57 INFO dataset: Stage1 intent=Food and Dining created=1 total=249
2026-04-19 15:11:57 INFO dataset: Stage1 intent=Home Services created=1 total=253
2026-04-19 15:11:57 INFO dataset: Stage1 intent=Automotive created=1 total=251
2026-04-19 15:15:37 INFO dataset: Stage1 intent=Information Retrieval created=1 total=246
2026-04-19 15:15:37 INFO dataset: Stage1 intent=Entertainment created=1 total=248
2026-04-19 15:15:37 INFO dataset: Stage1 intent=product_lookup created=1 total=239
2026-04-19 15:15:37 INFO dataset: Stage1 intent=Booking created=1 total=250
2026-04-19 15:15:37 INFO dataset: Stage1 intent=weather created=1 total=251
2026-04-19 15:15:37 INFO dataset: Stage1 intent=data visualisation created=1 total=249
2026-04-19 15:15:37 INFO dataset: Stage1 intent=Planning created=1 total=255
2026-04-19 15:15:37 INFO dataset: Stage1 intent=productivity created=1 total=254
2026-04-19 15:15:37 INFO dataset: Stage1 intent=Recipe created=1 total=254
2026-04-19 15:15:37 INFO dataset: Stage1 intent=Localization created=1 total=239
2026-04-19 15:15:37 INFO dataset: Stage1 intent=Technical support created=1 total=255
2026-04-19 15:15:37 INFO dataset: Stage1 intent=Creating Writing created=1 total=255
2026-04-19 15:15:37 INFO dataset: Stage1 intent=Event Schedule created=1 total=237
2026-04-19 15:15:37 INFO dataset: Stage1 intent=Research Analysis created=1 total=248
2026-04-19 15:15:37 INFO dataset: Stage1 intent=Comparison created=1 total=247
2026-04-19 15:15:37 INFO dataset: Stage1 intent=calculation created=1 total=253
2026-04-19 15:15:37 INFO dataset: Stage1 intent=Travel created=1 total=254
2026-04-19 15:15:37 INFO dataset: Stage1 intent=Navigation created=1 total=252
2026-04-19 15:15:37 INFO dataset: Stage1 intent=Education created=1 total=253
2026-04-19 15:15:37 INFO dataset: Stage1 intent=Documentation created=1 total=252
2026-04-19 15:15:37 INFO dataset: Stage1 intent=media playback created=1 total=245
2026-04-19 15:15:37 INFO dataset: Stage1 intent=qr scanner created=1 total=249
2026-04-19 15:15:37 ERROR dataset: Stage1 parse error intent=status check: Unterminated string starting at: line 3 column 19 (char 24)
2026-04-19 15:15:37 INFO dataset: Stage1 intent=notification created=1 total=246
2026-04-19 15:15:37 INFO dataset: Stage1 intent=Finance created=1 total=254
2026-04-19 15:15:37 INFO dataset: Stage1 intent=Healthcare created=1 total=254
2026-04-19 15:15:37 INFO dataset: Stage1 intent=Legal created=1 total=255
2026-04-19 15:15:37 INFO dataset: Stage1 intent=Real Estate created=1 total=251
2026-04-19 15:15:37 INFO dataset: Stage1 intent=Career created=1 total=255
2026-04-19 15:15:37 INFO dataset: Stage1 intent=Food and Dining created=1 total=250
2026-04-19 15:15:37 INFO dataset: Stage1 intent=Home Services created=1 total=254
2026-04-19 15:15:37 INFO dataset: Stage1 intent=Automotive created=1 total=252
2026-04-19 15:19:12 INFO dataset: Stage1 intent=Information Retrieval created=1 total=247
2026-04-19 15:19:12 INFO dataset: Stage1 intent=Entertainment created=1 total=249
2026-04-19 15:19:12 INFO dataset: Stage1 intent=product_lookup created=1 total=240
2026-04-19 15:19:12 INFO dataset: Stage1 intent=Booking created=1 total=251
2026-04-19 15:19:12 INFO dataset: Stage1 intent=weather created=1 total=252
2026-04-19 15:19:12 INFO dataset: Stage1 intent=data visualisation created=1 total=250
2026-04-19 15:19:12 INFO dataset: Stage1 intent=Planning created=1 total=256
2026-04-19 15:19:12 INFO dataset: Stage1 intent=productivity created=1 total=255
2026-04-19 15:19:12 INFO dataset: Stage1 intent=Recipe created=1 total=255
2026-04-19 15:19:12 INFO dataset: Stage1 intent=Localization created=1 total=240
2026-04-19 15:19:12 INFO dataset: Stage1 intent=Technical support created=1 total=256
2026-04-19 15:19:12 INFO dataset: Stage1 intent=Creating Writing created=1 total=256
2026-04-19 15:19:12 INFO dataset: Stage1 intent=Event Schedule created=1 total=238
2026-04-19 15:19:12 INFO dataset: Stage1 intent=Research Analysis created=1 total=249
2026-04-19 15:19:12 INFO dataset: Stage1 intent=Comparison created=1 total=248
2026-04-19 15:19:12 INFO dataset: Stage1 intent=calculation created=1 total=254
2026-04-19 15:19:12 INFO dataset: Stage1 intent=Travel created=1 total=255
2026-04-19 15:19:12 INFO dataset: Stage1 intent=Navigation created=1 total=253
2026-04-19 15:19:12 INFO dataset: Stage1 intent=Education created=1 total=254
2026-04-19 15:19:12 INFO dataset: Stage1 intent=Documentation created=1 total=253
2026-04-19 15:19:12 ERROR dataset: Stage1 parse error intent=media playback: Unterminated string starting at: line 3 column 19 (char 24)
2026-04-19 15:19:12 INFO dataset: Stage1 intent=qr scanner created=1 total=250
2026-04-19 15:19:12 INFO dataset: Stage1 intent=status check created=1 total=244
2026-04-19 15:19:12 INFO dataset: Stage1 intent=notification created=1 total=247
2026-04-19 15:19:12 INFO dataset: Stage1 intent=Finance created=1 total=255
2026-04-19 15:19:12 INFO dataset: Stage1 intent=Healthcare created=1 total=255
2026-04-19 15:19:12 INFO dataset: Stage1 intent=Legal created=1 total=256
2026-04-19 15:19:12 INFO dataset: Stage1 intent=Real Estate created=1 total=252
2026-04-19 15:19:12 INFO dataset: Stage1 intent=Career created=1 total=256
2026-04-19 15:19:12 INFO dataset: Stage1 intent=Food and Dining created=1 total=251
2026-04-19 15:19:12 INFO dataset: Stage1 intent=Home Services created=1 total=255
2026-04-19 15:19:12 INFO dataset: Stage1 intent=Automotive created=1 total=253
2026-04-19 15:22:30 INFO dataset: Stage1 intent=Information Retrieval created=1 total=248
2026-04-19 15:22:30 INFO dataset: Stage1 intent=Entertainment created=1 total=250
2026-04-19 15:22:30 INFO dataset: Stage1 intent=product_lookup created=1 total=241
2026-04-19 15:22:30 INFO dataset: Stage1 intent=Booking created=1 total=252
2026-04-19 15:22:30 INFO dataset: Stage1 intent=weather created=1 total=253
2026-04-19 15:22:30 INFO dataset: Stage1 intent=data visualisation created=1 total=251
2026-04-19 15:22:30 INFO dataset: Stage1 intent=Planning created=1 total=257
2026-04-19 15:22:30 INFO dataset: Stage1 intent=productivity created=1 total=256
2026-04-19 15:22:30 INFO dataset: Stage1 intent=Recipe created=1 total=256
2026-04-19 15:22:30 INFO dataset: Stage1 intent=Localization created=1 total=241
2026-04-19 15:22:30 INFO dataset: Stage1 intent=Technical support created=1 total=257
2026-04-19 15:22:30 INFO dataset: Stage1 intent=Creating Writing created=1 total=257
2026-04-19 15:22:30 INFO dataset: Stage1 intent=Event Schedule created=1 total=239
2026-04-19 15:22:30 INFO dataset: Stage1 intent=Research Analysis created=1 total=250
2026-04-19 15:22:30 INFO dataset: Stage1 intent=Comparison created=1 total=249
2026-04-19 15:22:30 INFO dataset: Stage1 intent=calculation created=1 total=255
2026-04-19 15:22:30 INFO dataset: Stage1 intent=Travel created=1 total=256
2026-04-19 15:22:30 INFO dataset: Stage1 intent=Navigation created=1 total=254
2026-04-19 15:22:30 INFO dataset: Stage1 intent=Education created=1 total=255
2026-04-19 15:22:30 INFO dataset: Stage1 intent=Documentation created=1 total=254
2026-04-19 15:22:30 INFO dataset: Stage1 intent=media playback created=1 total=246
2026-04-19 15:22:30 INFO dataset: Stage1 intent=qr scanner created=1 total=251
2026-04-19 15:22:30 INFO dataset: Stage1 intent=status check created=1 total=245
2026-04-19 15:22:30 INFO dataset: Stage1 intent=notification created=1 total=248
2026-04-19 15:22:30 INFO dataset: Stage1 intent=Finance created=1 total=256
2026-04-19 15:22:30 INFO dataset: Stage1 intent=Healthcare created=1 total=256
2026-04-19 15:22:30 INFO dataset: Stage1 intent=Legal created=1 total=257
2026-04-19 15:22:30 INFO dataset: Stage1 intent=Real Estate created=1 total=253
2026-04-19 15:22:30 INFO dataset: Stage1 intent=Career created=1 total=257
2026-04-19 15:22:30 INFO dataset: Stage1 intent=Food and Dining created=1 total=252
2026-04-19 15:22:30 INFO dataset: Stage1 intent=Home Services created=1 total=256
2026-04-19 15:22:30 INFO dataset: Stage1 intent=Automotive created=1 total=254
2026-04-19 15:25:58 INFO dataset: Stage1 intent=Information Retrieval created=1 total=249
2026-04-19 15:25:58 INFO dataset: Stage1 intent=Entertainment created=1 total=251
2026-04-19 15:25:58 INFO dataset: Stage1 intent=product_lookup created=1 total=242
2026-04-19 15:25:58 INFO dataset: Stage1 intent=Booking created=1 total=253
2026-04-19 15:25:58 INFO dataset: Stage1 intent=weather created=1 total=254
2026-04-19 15:25:58 INFO dataset: Stage1 intent=data visualisation created=1 total=252
2026-04-19 15:25:58 INFO dataset: Stage1 intent=Planning created=1 total=258
2026-04-19 15:25:58 INFO dataset: Stage1 intent=productivity created=1 total=257
2026-04-19 15:25:58 INFO dataset: Stage1 intent=Recipe created=1 total=257
2026-04-19 15:25:58 INFO dataset: Stage1 intent=Localization created=1 total=242
2026-04-19 15:25:58 INFO dataset: Stage1 intent=Technical support created=1 total=258
2026-04-19 15:25:58 INFO dataset: Stage1 intent=Creating Writing created=1 total=258
2026-04-19 15:25:58 INFO dataset: Stage1 intent=Event Schedule created=1 total=240
2026-04-19 15:25:58 ERROR dataset: Stage1 parse error intent=Research Analysis: Unterminated string starting at: line 3 column 19 (char 24)
2026-04-19 15:25:58 INFO dataset: Stage1 intent=Comparison created=1 total=250
2026-04-19 15:25:58 INFO dataset: Stage1 intent=calculation created=1 total=256
2026-04-19 15:25:58 INFO dataset: Stage1 intent=Travel created=1 total=257
2026-04-19 15:25:58 INFO dataset: Stage1 intent=Navigation created=1 total=255
2026-04-19 15:25:58 INFO dataset: Stage1 intent=Education created=1 total=256
2026-04-19 15:25:58 INFO dataset: Stage1 intent=Documentation created=1 total=255
2026-04-19 15:25:58 INFO dataset: Stage1 intent=media playback created=1 total=247
2026-04-19 15:25:58 INFO dataset: Stage1 intent=qr scanner created=1 total=252
2026-04-19 15:25:58 INFO dataset: Stage1 intent=status check created=1 total=246
2026-04-19 15:25:58 INFO dataset: Stage1 intent=notification created=1 total=249
2026-04-19 15:25:58 INFO dataset: Stage1 intent=Finance created=1 total=257
2026-04-19 15:25:58 INFO dataset: Stage1 intent=Healthcare created=1 total=257
2026-04-19 15:25:58 INFO dataset: Stage1 intent=Legal created=1 total=258
2026-04-19 15:25:58 INFO dataset: Stage1 intent=Real Estate created=1 total=254
2026-04-19 15:25:58 INFO dataset: Stage1 intent=Career created=1 total=258
2026-04-19 15:25:58 INFO dataset: Stage1 intent=Food and Dining created=1 total=253
2026-04-19 15:25:58 INFO dataset: Stage1 intent=Home Services created=1 total=257
2026-04-19 15:25:58 INFO dataset: Stage1 intent=Automotive created=1 total=255
2026-04-19 15:29:42 INFO dataset: Stage1 intent=Information Retrieval created=1 total=250
2026-04-19 15:29:42 INFO dataset: Stage1 intent=Entertainment created=1 total=252
2026-04-19 15:29:42 INFO dataset: Stage1 intent=product_lookup created=1 total=243
2026-04-19 15:29:42 INFO dataset: Stage1 intent=Booking created=1 total=254
2026-04-19 15:29:42 INFO dataset: Stage1 intent=weather created=1 total=255
2026-04-19 15:29:42 ERROR dataset: Stage1 parse error intent=data visualisation: Unterminated string starting at: line 3 column 19 (char 24)
2026-04-19 15:29:42 INFO dataset: Stage1 intent=Planning created=1 total=259
2026-04-19 15:29:42 INFO dataset: Stage1 intent=productivity created=1 total=258
2026-04-19 15:29:42 INFO dataset: Stage1 intent=Recipe created=1 total=258
2026-04-19 15:29:42 INFO dataset: Stage1 intent=Localization created=1 total=243
2026-04-19 15:29:42 INFO dataset: Stage1 intent=Technical support created=1 total=259
2026-04-19 15:29:42 INFO dataset: Stage1 intent=Creating Writing created=1 total=259
2026-04-19 15:29:42 ERROR dataset: Stage1 parse error intent=Event Schedule: Unterminated string starting at: line 3 column 19 (char 24)
2026-04-19 15:29:42 INFO dataset: Stage1 intent=Research Analysis created=1 total=251
2026-04-19 15:29:42 INFO dataset: Stage1 intent=Comparison created=1 total=251
2026-04-19 15:29:42 INFO dataset: Stage1 intent=calculation created=1 total=257
2026-04-19 15:29:42 INFO dataset: Stage1 intent=Travel created=1 total=258
2026-04-19 15:29:42 INFO dataset: Stage1 intent=Navigation created=1 total=256
2026-04-19 15:29:42 INFO dataset: Stage1 intent=Education created=1 total=257
2026-04-19 15:29:42 INFO dataset: Stage1 intent=Documentation created=1 total=256
2026-04-19 15:29:42 INFO dataset: Stage1 intent=media playback created=1 total=248
2026-04-19 15:29:42 INFO dataset: Stage1 intent=qr scanner created=1 total=253
2026-04-19 15:29:42 INFO dataset: Stage1 intent=status check created=1 total=247
2026-04-19 15:29:42 INFO dataset: Stage1 intent=notification created=1 total=250
2026-04-19 15:29:42 INFO dataset: Stage1 intent=Finance created=1 total=258
2026-04-19 15:29:42 INFO dataset: Stage1 intent=Healthcare created=1 total=258
2026-04-19 15:29:42 INFO dataset: Stage1 intent=Legal created=1 total=259
2026-04-19 15:29:42 INFO dataset: Stage1 intent=Real Estate created=1 total=255
2026-04-19 15:29:42 INFO dataset: Stage1 intent=Career created=1 total=259
2026-04-19 15:29:42 INFO dataset: Stage1 intent=Food and Dining created=1 total=254
2026-04-19 15:29:42 INFO dataset: Stage1 intent=Home Services created=1 total=258
2026-04-19 15:29:42 INFO dataset: Stage1 intent=Automotive created=1 total=256
2026-04-19 15:33:05 INFO dataset: Stage1 intent=Information Retrieval created=1 total=251
2026-04-19 15:33:05 INFO dataset: Stage1 intent=Entertainment created=1 total=253
2026-04-19 15:33:05 INFO dataset: Stage1 intent=product_lookup created=1 total=244
2026-04-19 15:33:05 INFO dataset: Stage1 intent=Booking created=1 total=255
2026-04-19 15:33:05 INFO dataset: Stage1 intent=weather created=1 total=256
2026-04-19 15:33:05 INFO dataset: Stage1 intent=data visualisation created=1 total=253
2026-04-19 15:33:05 INFO dataset: Stage1 intent=Planning created=1 total=260
2026-04-19 15:33:05 INFO dataset: Stage1 intent=productivity created=1 total=259
2026-04-19 15:33:05 INFO dataset: Stage1 intent=Recipe created=1 total=259
2026-04-19 15:33:05 INFO dataset: Stage1 intent=Localization created=1 total=244
2026-04-19 15:33:05 INFO dataset: Stage1 intent=Technical support created=1 total=260
2026-04-19 15:33:05 INFO dataset: Stage1 intent=Creating Writing created=1 total=260
2026-04-19 15:33:05 INFO dataset: Stage1 intent=Event Schedule created=1 total=241
2026-04-19 15:33:05 INFO dataset: Stage1 intent=Research Analysis created=1 total=252
2026-04-19 15:33:05 INFO dataset: Stage1 intent=Comparison created=1 total=252
2026-04-19 15:33:05 INFO dataset: Stage1 intent=calculation created=1 total=258
2026-04-19 15:33:05 INFO dataset: Stage1 intent=Travel created=1 total=259
2026-04-19 15:33:05 INFO dataset: Stage1 intent=Navigation created=1 total=257
2026-04-19 15:33:05 INFO dataset: Stage1 intent=Education created=1 total=258
2026-04-19 15:33:05 INFO dataset: Stage1 intent=Documentation created=1 total=257
2026-04-19 15:33:05 INFO dataset: Stage1 intent=media playback created=1 total=249
2026-04-19 15:33:05 INFO dataset: Stage1 intent=qr scanner created=1 total=254
2026-04-19 15:33:05 INFO dataset: Stage1 intent=status check created=1 total=248
2026-04-19 15:33:05 INFO dataset: Stage1 intent=notification created=1 total=251
2026-04-19 15:33:05 INFO dataset: Stage1 intent=Finance created=1 total=259
2026-04-19 15:33:05 INFO dataset: Stage1 intent=Healthcare created=1 total=259
2026-04-19 15:33:05 INFO dataset: Stage1 intent=Legal created=1 total=260
2026-04-19 15:33:05 INFO dataset: Stage1 intent=Real Estate created=1 total=256
2026-04-19 15:33:05 INFO dataset: Stage1 intent=Career created=1 total=260
2026-04-19 15:33:05 INFO dataset: Stage1 intent=Food and Dining created=1 total=255
2026-04-19 15:33:05 INFO dataset: Stage1 intent=Home Services created=1 total=259
2026-04-19 15:33:05 INFO dataset: Stage1 intent=Automotive created=1 total=257
2026-04-19 15:36:58 INFO dataset: Stage1 intent=Information Retrieval created=1 total=252
2026-04-19 15:36:58 INFO dataset: Stage1 intent=Entertainment created=1 total=254
2026-04-19 15:36:58 INFO dataset: Stage1 intent=product_lookup created=1 total=245
2026-04-19 15:36:58 INFO dataset: Stage1 intent=Booking created=1 total=256
2026-04-19 15:36:58 INFO dataset: Stage1 intent=weather created=1 total=257
2026-04-19 15:36:58 INFO dataset: Stage1 intent=data visualisation created=1 total=254
2026-04-19 15:36:58 INFO dataset: Stage1 intent=Planning created=1 total=261
2026-04-19 15:36:58 INFO dataset: Stage1 intent=productivity created=1 total=260
2026-04-19 15:36:58 INFO dataset: Stage1 intent=Recipe created=1 total=260
2026-04-19 15:36:58 INFO dataset: Stage1 intent=Localization created=1 total=245
2026-04-19 15:36:58 INFO dataset: Stage1 intent=Technical support created=1 total=261
2026-04-19 15:36:58 INFO dataset: Stage1 intent=Creating Writing created=1 total=261
2026-04-19 15:36:58 INFO dataset: Stage1 intent=Event Schedule created=1 total=242
2026-04-19 15:36:58 INFO dataset: Stage1 intent=Research Analysis created=1 total=253
2026-04-19 15:36:58 INFO dataset: Stage1 intent=Comparison created=1 total=253
2026-04-19 15:36:58 INFO dataset: Stage1 intent=calculation created=1 total=259
2026-04-19 15:36:58 INFO dataset: Stage1 intent=Travel created=1 total=260
2026-04-19 15:36:58 INFO dataset: Stage1 intent=Navigation created=1 total=258
2026-04-19 15:36:58 INFO dataset: Stage1 intent=Education created=1 total=259
2026-04-19 15:36:58 INFO dataset: Stage1 intent=Documentation created=1 total=258
2026-04-19 15:36:58 INFO dataset: Stage1 intent=media playback created=1 total=250
2026-04-19 15:36:58 INFO dataset: Stage1 intent=qr scanner created=1 total=255
2026-04-19 15:36:58 INFO dataset: Stage1 intent=status check created=1 total=249
2026-04-19 15:36:58 INFO dataset: Stage1 intent=notification created=1 total=252
2026-04-19 15:36:58 INFO dataset: Stage1 intent=Finance created=1 total=260
2026-04-19 15:36:58 INFO dataset: Stage1 intent=Healthcare created=1 total=260
2026-04-19 15:36:58 INFO dataset: Stage1 intent=Legal created=1 total=261
2026-04-19 15:36:58 INFO dataset: Stage1 intent=Real Estate created=1 total=257
2026-04-19 15:36:58 INFO dataset: Stage1 intent=Career created=1 total=261
2026-04-19 15:36:58 ERROR dataset: Stage1 parse error intent=Food and Dining: Unterminated string starting at: line 3 column 19 (char 24)
2026-04-19 15:36:58 INFO dataset: Stage1 intent=Home Services created=1 total=260
2026-04-19 15:36:58 INFO dataset: Stage1 intent=Automotive created=1 total=258
2026-04-19 15:40:32 INFO dataset: Stage1 intent=Information Retrieval created=1 total=253
2026-04-19 15:40:32 INFO dataset: Stage1 intent=Entertainment created=1 total=255
2026-04-19 15:40:32 INFO dataset: Stage1 intent=product_lookup created=1 total=246
2026-04-19 15:40:32 INFO dataset: Stage1 intent=Booking created=1 total=257
2026-04-19 15:40:32 INFO dataset: Stage1 intent=weather created=1 total=258
2026-04-19 15:40:32 INFO dataset: Stage1 intent=data visualisation created=1 total=255
2026-04-19 15:40:32 INFO dataset: Stage1 intent=Planning created=1 total=262
2026-04-19 15:40:32 INFO dataset: Stage1 intent=productivity created=1 total=261
2026-04-19 15:40:32 INFO dataset: Stage1 intent=Recipe created=1 total=261
2026-04-19 15:40:32 INFO dataset: Stage1 intent=Localization created=1 total=246
2026-04-19 15:40:32 INFO dataset: Stage1 intent=Technical support created=1 total=262
2026-04-19 15:40:32 INFO dataset: Stage1 intent=Creating Writing created=1 total=262
2026-04-19 15:40:32 INFO dataset: Stage1 intent=Event Schedule created=1 total=243
2026-04-19 15:40:32 ERROR dataset: Stage1 parse error intent=Research Analysis: Unterminated string starting at: line 3 column 19 (char 24)
2026-04-19 15:40:32 INFO dataset: Stage1 intent=Comparison created=1 total=254
2026-04-19 15:40:32 INFO dataset: Stage1 intent=calculation created=1 total=260
2026-04-19 15:40:32 INFO dataset: Stage1 intent=Travel created=1 total=261
2026-04-19 15:40:32 INFO dataset: Stage1 intent=Navigation created=1 total=259
2026-04-19 15:40:32 INFO dataset: Stage1 intent=Education created=1 total=260
2026-04-19 15:40:32 INFO dataset: Stage1 intent=Documentation created=1 total=259
2026-04-19 15:40:32 INFO dataset: Stage1 intent=media playback created=1 total=251
2026-04-19 15:40:32 INFO dataset: Stage1 intent=qr scanner created=1 total=256
2026-04-19 15:40:32 INFO dataset: Stage1 intent=status check created=1 total=250
2026-04-19 15:40:32 INFO dataset: Stage1 intent=notification created=1 total=253
2026-04-19 15:40:32 INFO dataset: Stage1 intent=Finance created=1 total=261
2026-04-19 15:40:32 INFO dataset: Stage1 intent=Healthcare created=1 total=261
2026-04-19 15:40:32 INFO dataset: Stage1 intent=Legal created=1 total=262
2026-04-19 15:40:32 INFO dataset: Stage1 intent=Real Estate created=1 total=258
2026-04-19 15:40:32 INFO dataset: Stage1 intent=Career created=1 total=262
2026-04-19 15:40:32 ERROR dataset: Stage1 parse error intent=Food and Dining: Unterminated string starting at: line 3 column 19 (char 24)
2026-04-19 15:40:32 INFO dataset: Stage1 intent=Home Services created=1 total=261
2026-04-19 15:40:32 INFO dataset: Stage1 intent=Automotive created=1 total=259
2026-04-19 15:44:12 INFO dataset: Stage1 intent=Information Retrieval created=1 total=254
2026-04-19 15:44:12 INFO dataset: Stage1 intent=Entertainment created=1 total=256
2026-04-19 15:44:12 INFO dataset: Stage1 intent=product_lookup created=1 total=247
2026-04-19 15:44:12 INFO dataset: Stage1 intent=Booking created=1 total=258
2026-04-19 15:44:12 INFO dataset: Stage1 intent=weather created=1 total=259
2026-04-19 15:44:12 INFO dataset: Stage1 intent=data visualisation created=1 total=256
2026-04-19 15:44:12 INFO dataset: Stage1 intent=Planning created=1 total=263
2026-04-19 15:44:12 INFO dataset: Stage1 intent=productivity created=1 total=262
2026-04-19 15:44:12 INFO dataset: Stage1 intent=Recipe created=1 total=262
2026-04-19 15:44:12 INFO dataset: Stage1 intent=Localization created=1 total=247
2026-04-19 15:44:12 INFO dataset: Stage1 intent=Technical support created=1 total=263
2026-04-19 15:44:12 INFO dataset: Stage1 intent=Creating Writing created=1 total=263
2026-04-19 15:44:12 INFO dataset: Stage1 intent=Event Schedule created=1 total=244
2026-04-19 15:44:12 INFO dataset: Stage1 intent=Research Analysis created=1 total=254
2026-04-19 15:44:12 INFO dataset: Stage1 intent=Comparison created=1 total=255
2026-04-19 15:44:12 INFO dataset: Stage1 intent=calculation created=1 total=261
2026-04-19 15:44:12 INFO dataset: Stage1 intent=Travel created=1 total=262
2026-04-19 15:44:12 INFO dataset: Stage1 intent=Navigation created=1 total=260
2026-04-19 15:44:12 INFO dataset: Stage1 intent=Education created=1 total=261
2026-04-19 15:44:12 INFO dataset: Stage1 intent=Documentation created=1 total=260
2026-04-19 15:44:12 INFO dataset: Stage1 intent=media playback created=1 total=252
2026-04-19 15:44:12 INFO dataset: Stage1 intent=qr scanner created=1 total=257
2026-04-19 15:44:12 INFO dataset: Stage1 intent=status check created=1 total=251
2026-04-19 15:44:12 INFO dataset: Stage1 intent=notification created=1 total=254
2026-04-19 15:44:12 INFO dataset: Stage1 intent=Finance created=1 total=262
2026-04-19 15:44:12 INFO dataset: Stage1 intent=Healthcare created=1 total=262
2026-04-19 15:44:12 INFO dataset: Stage1 intent=Legal created=1 total=263
2026-04-19 15:44:12 INFO dataset: Stage1 intent=Real Estate created=1 total=259
2026-04-19 15:44:12 INFO dataset: Stage1 intent=Career created=1 total=263
2026-04-19 15:44:12 INFO dataset: Stage1 intent=Food and Dining created=1 total=256
2026-04-19 15:44:12 INFO dataset: Stage1 intent=Home Services created=1 total=262
2026-04-19 15:44:12 ERROR dataset: Stage1 parse error intent=Automotive: Unterminated string starting at: line 3 column 19 (char 24)
2026-04-19 15:47:38 INFO dataset: Stage1 intent=Information Retrieval created=1 total=255
2026-04-19 15:47:38 INFO dataset: Stage1 intent=Entertainment created=1 total=257
2026-04-19 15:47:38 INFO dataset: Stage1 intent=product_lookup created=1 total=248
2026-04-19 15:47:38 INFO dataset: Stage1 intent=Booking created=1 total=259
2026-04-19 15:47:38 INFO dataset: Stage1 intent=weather created=1 total=260
2026-04-19 15:47:38 INFO dataset: Stage1 intent=data visualisation created=1 total=257
2026-04-19 15:47:38 INFO dataset: Stage1 intent=Planning created=1 total=264
2026-04-19 15:47:38 INFO dataset: Stage1 intent=productivity created=1 total=263
2026-04-19 15:47:38 INFO dataset: Stage1 intent=Recipe created=1 total=263
2026-04-19 15:47:38 INFO dataset: Stage1 intent=Localization created=1 total=248
2026-04-19 15:47:38 INFO dataset: Stage1 intent=Technical support created=1 total=264
2026-04-19 15:47:38 INFO dataset: Stage1 intent=Creating Writing created=1 total=264
2026-04-19 15:47:38 INFO dataset: Stage1 intent=Event Schedule created=1 total=245
2026-04-19 15:47:38 INFO dataset: Stage1 intent=Research Analysis created=1 total=255
2026-04-19 15:47:38 INFO dataset: Stage1 intent=Comparison created=1 total=256
2026-04-19 15:47:38 INFO dataset: Stage1 intent=calculation created=1 total=262
2026-04-19 15:47:38 INFO dataset: Stage1 intent=Travel created=1 total=263
2026-04-19 15:47:38 INFO dataset: Stage1 intent=Navigation created=1 total=261
2026-04-19 15:47:38 INFO dataset: Stage1 intent=Education created=1 total=262
2026-04-19 15:47:38 INFO dataset: Stage1 intent=Documentation created=1 total=261
2026-04-19 15:47:38 INFO dataset: Stage1 intent=media playback created=1 total=253
2026-04-19 15:47:38 INFO dataset: Stage1 intent=qr scanner created=1 total=258
2026-04-19 15:47:38 INFO dataset: Stage1 intent=status check created=1 total=252
2026-04-19 15:47:38 INFO dataset: Stage1 intent=notification created=1 total=255
2026-04-19 15:47:38 INFO dataset: Stage1 intent=Finance created=1 total=263
2026-04-19 15:47:38 INFO dataset: Stage1 intent=Healthcare created=1 total=263
2026-04-19 15:47:38 INFO dataset: Stage1 intent=Legal created=1 total=264
2026-04-19 15:47:38 INFO dataset: Stage1 intent=Real Estate created=1 total=260
2026-04-19 15:47:38 INFO dataset: Stage1 intent=Career created=1 total=264
2026-04-19 15:47:38 INFO dataset: Stage1 intent=Food and Dining created=1 total=257
2026-04-19 15:47:38 INFO dataset: Stage1 intent=Home Services created=1 total=263
2026-04-19 15:47:38 INFO dataset: Stage1 intent=Automotive created=1 total=260
2026-04-19 15:51:09 INFO dataset: Stage1 intent=Information Retrieval created=1 total=256
2026-04-19 15:51:09 INFO dataset: Stage1 intent=Entertainment created=1 total=258
2026-04-19 15:51:09 INFO dataset: Stage1 intent=product_lookup created=1 total=249
2026-04-19 15:51:09 INFO dataset: Stage1 intent=Booking created=1 total=260
2026-04-19 15:51:09 INFO dataset: Stage1 intent=weather created=1 total=261
2026-04-19 15:51:09 INFO dataset: Stage1 intent=data visualisation created=1 total=258
2026-04-19 15:51:09 INFO dataset: Stage1 intent=Planning created=1 total=265
2026-04-19 15:51:09 INFO dataset: Stage1 intent=productivity created=1 total=264
2026-04-19 15:51:09 INFO dataset: Stage1 intent=Recipe created=1 total=264
2026-04-19 15:51:09 INFO dataset: Stage1 intent=Localization created=1 total=249
2026-04-19 15:51:09 INFO dataset: Stage1 intent=Technical support created=1 total=265
2026-04-19 15:51:09 INFO dataset: Stage1 intent=Creating Writing created=1 total=265
2026-04-19 15:51:09 INFO dataset: Stage1 intent=Event Schedule created=1 total=246
2026-04-19 15:51:09 ERROR dataset: Stage1 parse error intent=Research Analysis: Unterminated string starting at: line 3 column 19 (char 24)
2026-04-19 15:51:09 INFO dataset: Stage1 intent=Comparison created=1 total=257
2026-04-19 15:51:09 INFO dataset: Stage1 intent=calculation created=1 total=263
2026-04-19 15:51:09 INFO dataset: Stage1 intent=Travel created=1 total=264
2026-04-19 15:51:09 INFO dataset: Stage1 intent=Navigation created=1 total=262
2026-04-19 15:51:09 INFO dataset: Stage1 intent=Education created=1 total=263
2026-04-19 15:51:09 INFO dataset: Stage1 intent=Documentation created=1 total=262
2026-04-19 15:51:09 INFO dataset: Stage1 intent=media playback created=1 total=254
2026-04-19 15:51:09 INFO dataset: Stage1 intent=qr scanner created=1 total=259
2026-04-19 15:51:09 INFO dataset: Stage1 intent=status check created=1 total=253
2026-04-19 15:51:09 INFO dataset: Stage1 intent=notification created=1 total=256
2026-04-19 15:51:09 INFO dataset: Stage1 intent=Finance created=1 total=264
2026-04-19 15:51:09 INFO dataset: Stage1 intent=Healthcare created=1 total=264
2026-04-19 15:51:09 INFO dataset: Stage1 intent=Legal created=1 total=265
2026-04-19 15:51:09 INFO dataset: Stage1 intent=Real Estate created=1 total=261
2026-04-19 15:51:09 INFO dataset: Stage1 intent=Career created=1 total=265
2026-04-19 15:51:09 INFO dataset: Stage1 intent=Food and Dining created=1 total=258
2026-04-19 15:51:09 INFO dataset: Stage1 intent=Home Services created=1 total=264
2026-04-19 15:51:09 INFO dataset: Stage1 intent=Automotive created=1 total=261
2026-04-19 15:54:39 INFO dataset: Stage1 intent=Information Retrieval created=1 total=257
2026-04-19 15:54:39 INFO dataset: Stage1 intent=Entertainment created=1 total=259
2026-04-19 15:54:39 INFO dataset: Stage1 intent=product_lookup created=1 total=250
2026-04-19 15:54:39 INFO dataset: Stage1 intent=Booking created=1 total=261
2026-04-19 15:54:39 INFO dataset: Stage1 intent=weather created=1 total=262
2026-04-19 15:54:39 ERROR dataset: Stage1 parse error intent=data visualisation: Unterminated string starting at: line 3 column 19 (char 24)
2026-04-19 15:54:39 INFO dataset: Stage1 intent=Planning created=1 total=266
2026-04-19 15:54:39 INFO dataset: Stage1 intent=productivity created=1 total=265
2026-04-19 15:54:39 INFO dataset: Stage1 intent=Recipe created=1 total=265
2026-04-19 15:54:39 INFO dataset: Stage1 intent=Localization created=1 total=250
2026-04-19 15:54:39 INFO dataset: Stage1 intent=Technical support created=1 total=266
2026-04-19 15:54:39 INFO dataset: Stage1 intent=Creating Writing created=1 total=266
2026-04-19 15:54:39 INFO dataset: Stage1 intent=Event Schedule created=1 total=247
2026-04-19 15:54:39 INFO dataset: Stage1 intent=Research Analysis created=1 total=256
2026-04-19 15:54:39 INFO dataset: Stage1 intent=Comparison created=1 total=258
2026-04-19 15:54:39 INFO dataset: Stage1 intent=calculation created=1 total=264
2026-04-19 15:54:39 INFO dataset: Stage1 intent=Travel created=1 total=265
2026-04-19 15:54:39 INFO dataset: Stage1 intent=Navigation created=1 total=263
2026-04-19 15:54:39 INFO dataset: Stage1 intent=Education created=1 total=264
2026-04-19 15:54:39 INFO dataset: Stage1 intent=Documentation created=1 total=263
2026-04-19 15:54:39 INFO dataset: Stage1 intent=media playback created=1 total=255
2026-04-19 15:54:39 INFO dataset: Stage1 intent=qr scanner created=1 total=260
2026-04-19 15:54:39 INFO dataset: Stage1 intent=status check created=1 total=254
2026-04-19 15:54:39 INFO dataset: Stage1 intent=notification created=1 total=257
2026-04-19 15:54:39 INFO dataset: Stage1 intent=Finance created=1 total=265
2026-04-19 15:54:39 INFO dataset: Stage1 intent=Healthcare created=1 total=265
2026-04-19 15:54:39 INFO dataset: Stage1 intent=Legal created=1 total=266
2026-04-19 15:54:39 INFO dataset: Stage1 intent=Real Estate created=1 total=262
2026-04-19 15:54:39 INFO dataset: Stage1 intent=Career created=1 total=266
2026-04-19 15:54:39 INFO dataset: Stage1 intent=Food and Dining created=1 total=259
2026-04-19 15:54:39 INFO dataset: Stage1 intent=Home Services created=1 total=265
2026-04-19 15:54:39 INFO dataset: Stage1 intent=Automotive created=1 total=262
2026-04-19 15:58:13 INFO dataset: Stage1 intent=Information Retrieval created=1 total=258
2026-04-19 15:58:13 INFO dataset: Stage1 intent=Entertainment created=1 total=260
2026-04-19 15:58:13 INFO dataset: Stage1 intent=product_lookup created=1 total=251
2026-04-19 15:58:13 INFO dataset: Stage1 intent=Booking created=1 total=262
2026-04-19 15:58:13 INFO dataset: Stage1 intent=weather created=1 total=263
2026-04-19 15:58:13 INFO dataset: Stage1 intent=data visualisation created=1 total=259
2026-04-19 15:58:13 INFO dataset: Stage1 intent=Planning created=1 total=267
2026-04-19 15:58:13 INFO dataset: Stage1 intent=productivity created=1 total=266
2026-04-19 15:58:13 INFO dataset: Stage1 intent=Recipe created=1 total=266
2026-04-19 15:58:13 INFO dataset: Stage1 intent=Localization created=1 total=251
2026-04-19 15:58:13 INFO dataset: Stage1 intent=Technical support created=1 total=267
2026-04-19 15:58:13 INFO dataset: Stage1 intent=Creating Writing created=1 total=267
2026-04-19 15:58:13 INFO dataset: Stage1 intent=Event Schedule created=1 total=248
2026-04-19 15:58:13 INFO dataset: Stage1 intent=Research Analysis created=1 total=257
2026-04-19 15:58:13 INFO dataset: Stage1 intent=Comparison created=1 total=259
2026-04-19 15:58:13 INFO dataset: Stage1 intent=calculation created=1 total=265
2026-04-19 15:58:13 INFO dataset: Stage1 intent=Travel created=1 total=266
2026-04-19 15:58:13 INFO dataset: Stage1 intent=Navigation created=1 total=264
2026-04-19 15:58:13 INFO dataset: Stage1 intent=Education created=1 total=265
2026-04-19 15:58:13 INFO dataset: Stage1 intent=Documentation created=1 total=264
2026-04-19 15:58:13 INFO dataset: Stage1 intent=media playback created=1 total=256
2026-04-19 15:58:13 INFO dataset: Stage1 intent=qr scanner created=1 total=261
2026-04-19 15:58:13 INFO dataset: Stage1 intent=status check created=1 total=255
2026-04-19 15:58:13 INFO dataset: Stage1 intent=notification created=1 total=258
2026-04-19 15:58:13 INFO dataset: Stage1 intent=Finance created=1 total=266
2026-04-19 15:58:13 INFO dataset: Stage1 intent=Healthcare created=1 total=266
2026-04-19 15:58:13 INFO dataset: Stage1 intent=Legal created=1 total=267
2026-04-19 15:58:13 INFO dataset: Stage1 intent=Real Estate created=1 total=263
2026-04-19 15:58:13 INFO dataset: Stage1 intent=Career created=1 total=267
2026-04-19 15:58:13 INFO dataset: Stage1 intent=Food and Dining created=1 total=260
2026-04-19 15:58:13 INFO dataset: Stage1 intent=Home Services created=1 total=266
2026-04-19 15:58:13 INFO dataset: Stage1 intent=Automotive created=1 total=263
2026-04-19 16:01:57 ERROR dataset: Stage1 parse error intent=Information Retrieval: Unterminated string starting at: line 5 column 5 (char 990)
2026-04-19 16:01:57 INFO dataset: Stage1 intent=Entertainment created=1 total=261
2026-04-19 16:01:57 INFO dataset: Stage1 intent=product_lookup created=1 total=252
2026-04-19 16:01:57 INFO dataset: Stage1 intent=Booking created=1 total=263
2026-04-19 16:01:57 INFO dataset: Stage1 intent=weather created=1 total=264
2026-04-19 16:01:57 INFO dataset: Stage1 intent=data visualisation created=1 total=260
2026-04-19 16:01:57 INFO dataset: Stage1 intent=Planning created=1 total=268
2026-04-19 16:01:57 INFO dataset: Stage1 intent=productivity created=1 total=267
2026-04-19 16:01:57 INFO dataset: Stage1 intent=Recipe created=1 total=267
2026-04-19 16:01:57 INFO dataset: Stage1 intent=Localization created=1 total=252
2026-04-19 16:01:57 INFO dataset: Stage1 intent=Technical support created=1 total=268
2026-04-19 16:01:57 INFO dataset: Stage1 intent=Creating Writing created=1 total=268
2026-04-19 16:01:57 INFO dataset: Stage1 intent=Event Schedule created=1 total=249
2026-04-19 16:01:57 INFO dataset: Stage1 intent=Research Analysis created=1 total=258
2026-04-19 16:01:57 INFO dataset: Stage1 intent=Comparison created=1 total=260
2026-04-19 16:01:57 INFO dataset: Stage1 intent=calculation created=1 total=266
2026-04-19 16:01:57 INFO dataset: Stage1 intent=Travel created=1 total=267
2026-04-19 16:01:57 INFO dataset: Stage1 intent=Navigation created=1 total=265
2026-04-19 16:01:57 INFO dataset: Stage1 intent=Education created=1 total=266
2026-04-19 16:01:57 INFO dataset: Stage1 intent=Documentation created=1 total=265
2026-04-19 16:01:57 INFO dataset: Stage1 intent=media playback created=1 total=257
2026-04-19 16:01:57 INFO dataset: Stage1 intent=qr scanner created=1 total=262
2026-04-19 16:01:57 INFO dataset: Stage1 intent=status check created=1 total=256
2026-04-19 16:01:57 INFO dataset: Stage1 intent=notification created=1 total=259
2026-04-19 16:01:57 INFO dataset: Stage1 intent=Finance created=1 total=267
2026-04-19 16:01:57 INFO dataset: Stage1 intent=Healthcare created=1 total=267
2026-04-19 16:01:57 INFO dataset: Stage1 intent=Legal created=1 total=268
2026-04-19 16:01:57 INFO dataset: Stage1 intent=Real Estate created=1 total=264
2026-04-19 16:01:57 INFO dataset: Stage1 intent=Career created=1 total=268
2026-04-19 16:01:57 INFO dataset: Stage1 intent=Food and Dining created=1 total=261
2026-04-19 16:01:57 INFO dataset: Stage1 intent=Home Services created=1 total=267
2026-04-19 16:01:57 INFO dataset: Stage1 intent=Automotive created=1 total=264
2026-04-19 16:05:36 INFO dataset: Stage1 intent=Information Retrieval created=1 total=259
2026-04-19 16:05:36 INFO dataset: Stage1 intent=Entertainment created=1 total=262
2026-04-19 16:05:36 INFO dataset: Stage1 intent=product_lookup created=1 total=253
2026-04-19 16:05:36 INFO dataset: Stage1 intent=Booking created=1 total=264
2026-04-19 16:05:36 INFO dataset: Stage1 intent=weather created=1 total=265
2026-04-19 16:05:36 INFO dataset: Stage1 intent=data visualisation created=1 total=261
2026-04-19 16:05:36 INFO dataset: Stage1 intent=Planning created=1 total=269
2026-04-19 16:05:36 INFO dataset: Stage1 intent=productivity created=1 total=268
2026-04-19 16:05:36 INFO dataset: Stage1 intent=Recipe created=1 total=268
2026-04-19 16:05:36 INFO dataset: Stage1 intent=Localization created=1 total=253
2026-04-19 16:05:36 INFO dataset: Stage1 intent=Technical support created=1 total=269
2026-04-19 16:05:36 INFO dataset: Stage1 intent=Creating Writing created=1 total=269
2026-04-19 16:05:36 INFO dataset: Stage1 intent=Event Schedule created=1 total=250
2026-04-19 16:05:36 INFO dataset: Stage1 intent=Research Analysis created=1 total=259
2026-04-19 16:05:36 INFO dataset: Stage1 intent=Comparison created=1 total=261
2026-04-19 16:05:36 INFO dataset: Stage1 intent=calculation created=1 total=267
2026-04-19 16:05:36 INFO dataset: Stage1 intent=Travel created=1 total=268
2026-04-19 16:05:36 INFO dataset: Stage1 intent=Navigation created=1 total=266
2026-04-19 16:05:36 INFO dataset: Stage1 intent=Education created=1 total=267
2026-04-19 16:05:36 INFO dataset: Stage1 intent=Documentation created=1 total=266
2026-04-19 16:05:36 INFO dataset: Stage1 intent=media playback created=1 total=258
2026-04-19 16:05:36 INFO dataset: Stage1 intent=qr scanner created=1 total=263
2026-04-19 16:05:36 INFO dataset: Stage1 intent=status check created=1 total=257
2026-04-19 16:05:36 INFO dataset: Stage1 intent=notification created=1 total=260
2026-04-19 16:05:36 INFO dataset: Stage1 intent=Finance created=1 total=268
2026-04-19 16:05:36 INFO dataset: Stage1 intent=Healthcare created=1 total=268
2026-04-19 16:05:36 INFO dataset: Stage1 intent=Legal created=1 total=269
2026-04-19 16:05:36 INFO dataset: Stage1 intent=Real Estate created=1 total=265
2026-04-19 16:05:36 INFO dataset: Stage1 intent=Career created=1 total=269
2026-04-19 16:05:36 INFO dataset: Stage1 intent=Food and Dining created=1 total=262
2026-04-19 16:05:36 INFO dataset: Stage1 intent=Home Services created=1 total=268
2026-04-19 16:05:36 INFO dataset: Stage1 intent=Automotive created=1 total=265
2026-04-19 16:09:16 INFO dataset: Stage1 intent=Information Retrieval created=1 total=260
2026-04-19 16:09:16 INFO dataset: Stage1 intent=Entertainment created=1 total=263
2026-04-19 16:09:16 INFO dataset: Stage1 intent=product_lookup created=1 total=254
2026-04-19 16:09:16 INFO dataset: Stage1 intent=Booking created=1 total=265
2026-04-19 16:09:16 INFO dataset: Stage1 intent=weather created=1 total=266
2026-04-19 16:09:16 INFO dataset: Stage1 intent=data visualisation created=1 total=262
2026-04-19 16:09:16 INFO dataset: Stage1 intent=Planning created=1 total=270
2026-04-19 16:09:16 INFO dataset: Stage1 intent=productivity created=1 total=269
2026-04-19 16:09:16 INFO dataset: Stage1 intent=Recipe created=1 total=269
2026-04-19 16:09:16 INFO dataset: Stage1 intent=Localization created=1 total=254
2026-04-19 16:09:16 INFO dataset: Stage1 intent=Technical support created=1 total=270
2026-04-19 16:09:16 INFO dataset: Stage1 intent=Creating Writing created=1 total=270
2026-04-19 16:09:16 INFO dataset: Stage1 intent=Event Schedule created=1 total=251
2026-04-19 16:09:16 INFO dataset: Stage1 intent=Research Analysis created=1 total=260
2026-04-19 16:09:16 INFO dataset: Stage1 intent=Comparison created=1 total=262
2026-04-19 16:09:16 INFO dataset: Stage1 intent=calculation created=1 total=268
2026-04-19 16:09:16 INFO dataset: Stage1 intent=Travel created=1 total=269
2026-04-19 16:09:16 ERROR dataset: Stage1 parse error intent=Navigation: Unterminated string starting at: line 3 column 19 (char 24)
2026-04-19 16:09:16 INFO dataset: Stage1 intent=Education created=1 total=268
2026-04-19 16:09:16 INFO dataset: Stage1 intent=Documentation created=1 total=267
2026-04-19 16:09:16 INFO dataset: Stage1 intent=media playback created=1 total=259
2026-04-19 16:09:16 INFO dataset: Stage1 intent=qr scanner created=1 total=264
2026-04-19 16:09:16 INFO dataset: Stage1 intent=status check created=1 total=258
2026-04-19 16:09:16 INFO dataset: Stage1 intent=notification created=1 total=261
2026-04-19 16:09:16 INFO dataset: Stage1 intent=Finance created=1 total=269
2026-04-19 16:09:16 INFO dataset: Stage1 intent=Healthcare created=1 total=269
2026-04-19 16:09:16 INFO dataset: Stage1 intent=Legal created=1 total=270
2026-04-19 16:09:16 INFO dataset: Stage1 intent=Real Estate created=1 total=266
2026-04-19 16:09:16 INFO dataset: Stage1 intent=Career created=1 total=270
2026-04-19 16:09:16 INFO dataset: Stage1 intent=Food and Dining created=1 total=263
2026-04-19 16:09:16 INFO dataset: Stage1 intent=Home Services created=1 total=269
2026-04-19 16:09:16 INFO dataset: Stage1 intent=Automotive created=1 total=266
2026-04-19 16:12:36 INFO dataset: Stage1 intent=Information Retrieval created=1 total=261
2026-04-19 16:12:36 INFO dataset: Stage1 intent=Entertainment created=1 total=264
2026-04-19 16:12:36 INFO dataset: Stage1 intent=product_lookup created=1 total=255
2026-04-19 16:12:36 INFO dataset: Stage1 intent=Booking created=1 total=266
2026-04-19 16:12:36 INFO dataset: Stage1 intent=weather created=1 total=267
2026-04-19 16:12:36 INFO dataset: Stage1 intent=data visualisation created=1 total=263
2026-04-19 16:12:36 INFO dataset: Stage1 intent=Planning created=1 total=271
2026-04-19 16:12:36 INFO dataset: Stage1 intent=productivity created=1 total=270
2026-04-19 16:12:36 INFO dataset: Stage1 intent=Recipe created=1 total=270
2026-04-19 16:12:36 INFO dataset: Stage1 intent=Localization created=1 total=255
2026-04-19 16:12:36 INFO dataset: Stage1 intent=Technical support created=1 total=271
2026-04-19 16:12:36 INFO dataset: Stage1 intent=Creating Writing created=1 total=271
2026-04-19 16:12:36 INFO dataset: Stage1 intent=Event Schedule created=1 total=252
2026-04-19 16:12:36 INFO dataset: Stage1 intent=Research Analysis created=1 total=261
2026-04-19 16:12:36 INFO dataset: Stage1 intent=Comparison created=1 total=263
2026-04-19 16:12:36 INFO dataset: Stage1 intent=calculation created=1 total=269
2026-04-19 16:12:36 INFO dataset: Stage1 intent=Travel created=1 total=270
2026-04-19 16:12:36 INFO dataset: Stage1 intent=Navigation created=1 total=267
2026-04-19 16:12:36 INFO dataset: Stage1 intent=Education created=1 total=269
2026-04-19 16:12:36 INFO dataset: Stage1 intent=Documentation created=1 total=268
2026-04-19 16:12:36 INFO dataset: Stage1 intent=media playback created=1 total=260
2026-04-19 16:12:36 INFO dataset: Stage1 intent=qr scanner created=1 total=265
2026-04-19 16:12:36 INFO dataset: Stage1 intent=status check created=1 total=259
2026-04-19 16:12:36 INFO dataset: Stage1 intent=notification created=1 total=262
2026-04-19 16:12:36 INFO dataset: Stage1 intent=Finance created=1 total=270
2026-04-19 16:12:36 INFO dataset: Stage1 intent=Healthcare created=1 total=270
2026-04-19 16:12:36 INFO dataset: Stage1 intent=Legal created=1 total=271
2026-04-19 16:12:36 INFO dataset: Stage1 intent=Real Estate created=1 total=267
2026-04-19 16:12:36 INFO dataset: Stage1 intent=Career created=1 total=271
2026-04-19 16:12:36 INFO dataset: Stage1 intent=Food and Dining created=1 total=264
2026-04-19 16:12:36 INFO dataset: Stage1 intent=Home Services created=1 total=270
2026-04-19 16:12:36 INFO dataset: Stage1 intent=Automotive created=1 total=267
2026-04-19 16:16:05 INFO dataset: Stage1 intent=Information Retrieval created=1 total=262
2026-04-19 16:16:05 INFO dataset: Stage1 intent=Entertainment created=1 total=265
2026-04-19 16:16:05 INFO dataset: Stage1 intent=product_lookup created=1 total=256
2026-04-19 16:16:05 INFO dataset: Stage1 intent=Booking created=1 total=267
2026-04-19 16:16:05 ERROR dataset: Stage1 parse error intent=weather: Unterminated string starting at: line 3 column 19 (char 24)
2026-04-19 16:16:05 INFO dataset: Stage1 intent=data visualisation created=1 total=264
2026-04-19 16:16:05 INFO dataset: Stage1 intent=Planning created=1 total=272
2026-04-19 16:16:05 INFO dataset: Stage1 intent=productivity created=1 total=271
2026-04-19 16:16:05 INFO dataset: Stage1 intent=Recipe created=1 total=271
2026-04-19 16:16:05 INFO dataset: Stage1 intent=Localization created=1 total=256
2026-04-19 16:16:05 INFO dataset: Stage1 intent=Technical support created=1 total=272
2026-04-19 16:16:05 INFO dataset: Stage1 intent=Creating Writing created=1 total=272
2026-04-19 16:16:05 INFO dataset: Stage1 intent=Event Schedule created=1 total=253
2026-04-19 16:16:05 INFO dataset: Stage1 intent=Research Analysis created=1 total=262
2026-04-19 16:16:05 INFO dataset: Stage1 intent=Comparison created=1 total=264
2026-04-19 16:16:05 INFO dataset: Stage1 intent=calculation created=1 total=270
2026-04-19 16:16:05 INFO dataset: Stage1 intent=Travel created=1 total=271
2026-04-19 16:16:05 INFO dataset: Stage1 intent=Navigation created=1 total=268
2026-04-19 16:16:05 INFO dataset: Stage1 intent=Education created=1 total=270
2026-04-19 16:16:05 INFO dataset: Stage1 intent=Documentation created=1 total=269
2026-04-19 16:16:05 INFO dataset: Stage1 intent=media playback created=1 total=261
2026-04-19 16:16:05 INFO dataset: Stage1 intent=qr scanner created=1 total=266
2026-04-19 16:16:05 INFO dataset: Stage1 intent=status check created=1 total=260
2026-04-19 16:16:05 INFO dataset: Stage1 intent=notification created=1 total=263
2026-04-19 16:16:05 INFO dataset: Stage1 intent=Finance created=1 total=271
2026-04-19 16:16:05 INFO dataset: Stage1 intent=Healthcare created=1 total=271
2026-04-19 16:16:05 INFO dataset: Stage1 intent=Legal created=1 total=272
2026-04-19 16:16:05 INFO dataset: Stage1 intent=Real Estate created=1 total=268
2026-04-19 16:16:05 INFO dataset: Stage1 intent=Career created=1 total=272
2026-04-19 16:16:05 INFO dataset: Stage1 intent=Food and Dining created=1 total=265
2026-04-19 16:16:05 INFO dataset: Stage1 intent=Home Services created=1 total=271
2026-04-19 16:16:05 INFO dataset: Stage1 intent=Automotive created=1 total=268
2026-04-19 16:19:36 INFO dataset: Stage1 intent=Information Retrieval created=1 total=263
2026-04-19 16:19:36 INFO dataset: Stage1 intent=Entertainment created=1 total=266
2026-04-19 16:19:36 INFO dataset: Stage1 intent=product_lookup created=1 total=257
2026-04-19 16:19:36 INFO dataset: Stage1 intent=Booking created=1 total=268
2026-04-19 16:19:36 INFO dataset: Stage1 intent=weather created=1 total=268
2026-04-19 16:19:36 INFO dataset: Stage1 intent=data visualisation created=1 total=265
2026-04-19 16:19:36 INFO dataset: Stage1 intent=Planning created=1 total=273
2026-04-19 16:19:36 INFO dataset: Stage1 intent=productivity created=1 total=272
2026-04-19 16:19:36 INFO dataset: Stage1 intent=Recipe created=1 total=272
2026-04-19 16:19:36 INFO dataset: Stage1 intent=Localization created=1 total=257
2026-04-19 16:19:36 INFO dataset: Stage1 intent=Technical support created=1 total=273
2026-04-19 16:19:36 INFO dataset: Stage1 intent=Creating Writing created=1 total=273
2026-04-19 16:19:36 INFO dataset: Stage1 intent=Event Schedule created=1 total=254
2026-04-19 16:19:36 INFO dataset: Stage1 intent=Research Analysis created=1 total=263
2026-04-19 16:19:36 INFO dataset: Stage1 intent=Comparison created=1 total=265
2026-04-19 16:19:36 INFO dataset: Stage1 intent=calculation created=1 total=271
2026-04-19 16:19:36 INFO dataset: Stage1 intent=Travel created=1 total=272
2026-04-19 16:19:36 INFO dataset: Stage1 intent=Navigation created=1 total=269
2026-04-19 16:19:36 INFO dataset: Stage1 intent=Education created=1 total=271
2026-04-19 16:19:36 INFO dataset: Stage1 intent=Documentation created=1 total=270
2026-04-19 16:19:36 INFO dataset: Stage1 intent=media playback created=1 total=262
2026-04-19 16:19:36 INFO dataset: Stage1 intent=qr scanner created=1 total=267
2026-04-19 16:19:36 INFO dataset: Stage1 intent=status check created=1 total=261
2026-04-19 16:19:36 INFO dataset: Stage1 intent=notification created=1 total=264
2026-04-19 16:19:36 INFO dataset: Stage1 intent=Finance created=1 total=272
2026-04-19 16:19:36 INFO dataset: Stage1 intent=Healthcare created=1 total=272
2026-04-19 16:19:36 INFO dataset: Stage1 intent=Legal created=1 total=273
2026-04-19 16:19:36 INFO dataset: Stage1 intent=Real Estate created=1 total=269
2026-04-19 16:19:36 INFO dataset: Stage1 intent=Career created=1 total=273
2026-04-19 16:19:36 INFO dataset: Stage1 intent=Food and Dining created=1 total=266
2026-04-19 16:19:36 INFO dataset: Stage1 intent=Home Services created=1 total=272
2026-04-19 16:19:36 INFO dataset: Stage1 intent=Automotive created=1 total=269
2026-04-19 16:23:16 INFO dataset: Stage1 intent=Information Retrieval created=1 total=264
2026-04-19 16:23:16 INFO dataset: Stage1 intent=Entertainment created=1 total=267
2026-04-19 16:23:16 INFO dataset: Stage1 intent=product_lookup created=1 total=258
2026-04-19 16:23:16 INFO dataset: Stage1 intent=Booking created=1 total=269
2026-04-19 16:23:16 INFO dataset: Stage1 intent=weather created=1 total=269
2026-04-19 16:23:16 INFO dataset: Stage1 intent=data visualisation created=1 total=266
2026-04-19 16:23:16 INFO dataset: Stage1 intent=Planning created=1 total=274
2026-04-19 16:23:16 INFO dataset: Stage1 intent=productivity created=1 total=273
2026-04-19 16:23:16 INFO dataset: Stage1 intent=Recipe created=1 total=273
2026-04-19 16:23:16 INFO dataset: Stage1 intent=Localization created=1 total=258
2026-04-19 16:23:16 INFO dataset: Stage1 intent=Technical support created=1 total=274
2026-04-19 16:23:16 INFO dataset: Stage1 intent=Creating Writing created=1 total=274
2026-04-19 16:23:16 INFO dataset: Stage1 intent=Event Schedule created=1 total=255
2026-04-19 16:23:16 INFO dataset: Stage1 intent=Research Analysis created=1 total=264
2026-04-19 16:23:16 ERROR dataset: Stage1 parse error intent=Comparison: Unterminated string starting at: line 3 column 19 (char 24)
2026-04-19 16:23:16 INFO dataset: Stage1 intent=calculation created=1 total=272
2026-04-19 16:23:16 INFO dataset: Stage1 intent=Travel created=1 total=273
2026-04-19 16:23:16 INFO dataset: Stage1 intent=Navigation created=1 total=270
2026-04-19 16:23:16 INFO dataset: Stage1 intent=Education created=1 total=272
2026-04-19 16:23:16 INFO dataset: Stage1 intent=Documentation created=1 total=271
2026-04-19 16:23:16 INFO dataset: Stage1 intent=media playback created=1 total=263
2026-04-19 16:23:16 INFO dataset: Stage1 intent=qr scanner created=1 total=268
2026-04-19 16:23:16 INFO dataset: Stage1 intent=status check created=1 total=262
2026-04-19 16:23:16 ERROR dataset: Stage1 parse error intent=notification: Unterminated string starting at: line 3 column 19 (char 24)
2026-04-19 16:23:16 INFO dataset: Stage1 intent=Finance created=1 total=273
2026-04-19 16:23:16 INFO dataset: Stage1 intent=Healthcare created=1 total=273
2026-04-19 16:23:16 INFO dataset: Stage1 intent=Legal created=1 total=274
2026-04-19 16:23:16 INFO dataset: Stage1 intent=Real Estate created=1 total=270
2026-04-19 16:23:16 INFO dataset: Stage1 intent=Career created=1 total=274
2026-04-19 16:23:16 INFO dataset: Stage1 intent=Food and Dining created=1 total=267
2026-04-19 16:23:16 INFO dataset: Stage1 intent=Home Services created=1 total=273
2026-04-19 16:23:16 INFO dataset: Stage1 intent=Automotive created=1 total=270
2026-04-19 16:26:48 INFO dataset: Stage1 intent=Information Retrieval created=1 total=265
2026-04-19 16:26:48 INFO dataset: Stage1 intent=Entertainment created=1 total=268
2026-04-19 16:26:48 INFO dataset: Stage1 intent=product_lookup created=1 total=259
2026-04-19 16:26:48 INFO dataset: Stage1 intent=Booking created=1 total=270
2026-04-19 16:26:48 INFO dataset: Stage1 intent=weather created=1 total=270
2026-04-19 16:26:49 INFO dataset: Stage1 intent=data visualisation created=1 total=267
2026-04-19 16:26:49 INFO dataset: Stage1 intent=Planning created=1 total=275
2026-04-19 16:26:49 INFO dataset: Stage1 intent=productivity created=1 total=274
2026-04-19 16:26:49 INFO dataset: Stage1 intent=Recipe created=1 total=274
2026-04-19 16:26:49 INFO dataset: Stage1 intent=Localization created=1 total=259
2026-04-19 16:26:49 INFO dataset: Stage1 intent=Technical support created=1 total=275
2026-04-19 16:26:49 INFO dataset: Stage1 intent=Creating Writing created=1 total=275
2026-04-19 16:26:49 INFO dataset: Stage1 intent=Event Schedule created=1 total=256
2026-04-19 16:26:49 INFO dataset: Stage1 intent=Research Analysis created=1 total=265
2026-04-19 16:26:49 INFO dataset: Stage1 intent=Comparison created=1 total=266
2026-04-19 16:26:49 INFO dataset: Stage1 intent=calculation created=1 total=273
2026-04-19 16:26:49 INFO dataset: Stage1 intent=Travel created=1 total=274
2026-04-19 16:26:49 INFO dataset: Stage1 intent=Navigation created=1 total=271
2026-04-19 16:26:49 INFO dataset: Stage1 intent=Education created=1 total=273
2026-04-19 16:26:49 INFO dataset: Stage1 intent=Documentation created=1 total=272
2026-04-19 16:26:49 INFO dataset: Stage1 intent=media playback created=1 total=264
2026-04-19 16:26:49 INFO dataset: Stage1 intent=qr scanner created=1 total=269
2026-04-19 16:26:49 INFO dataset: Stage1 intent=status check created=1 total=263
2026-04-19 16:26:49 INFO dataset: Stage1 intent=notification created=1 total=265
2026-04-19 16:26:49 INFO dataset: Stage1 intent=Finance created=1 total=274
2026-04-19 16:26:49 INFO dataset: Stage1 intent=Healthcare created=1 total=274
2026-04-19 16:26:49 INFO dataset: Stage1 intent=Legal created=1 total=275
2026-04-19 16:26:49 INFO dataset: Stage1 intent=Real Estate created=1 total=271
2026-04-19 16:26:49 INFO dataset: Stage1 intent=Career created=1 total=275
2026-04-19 16:26:49 INFO dataset: Stage1 intent=Food and Dining created=1 total=268
2026-04-19 16:26:49 INFO dataset: Stage1 intent=Home Services created=1 total=274
2026-04-19 16:26:49 INFO dataset: Stage1 intent=Automotive created=1 total=271
2026-04-19 16:30:10 INFO dataset: Stage1 intent=Information Retrieval created=1 total=266
2026-04-19 16:30:10 INFO dataset: Stage1 intent=Entertainment created=1 total=269
2026-04-19 16:30:10 INFO dataset: Stage1 intent=product_lookup created=1 total=260
2026-04-19 16:30:10 INFO dataset: Stage1 intent=Booking created=1 total=271
2026-04-19 16:30:10 INFO dataset: Stage1 intent=weather created=1 total=271
2026-04-19 16:30:10 INFO dataset: Stage1 intent=data visualisation created=1 total=268
2026-04-19 16:30:10 INFO dataset: Stage1 intent=Planning created=1 total=276
2026-04-19 16:30:10 INFO dataset: Stage1 intent=productivity created=1 total=275
2026-04-19 16:30:10 INFO dataset: Stage1 intent=Recipe created=1 total=275
2026-04-19 16:30:10 INFO dataset: Stage1 intent=Localization created=1 total=260
2026-04-19 16:30:10 INFO dataset: Stage1 intent=Technical support created=1 total=276
2026-04-19 16:30:10 INFO dataset: Stage1 intent=Creating Writing created=1 total=276
2026-04-19 16:30:10 INFO dataset: Stage1 intent=Event Schedule created=1 total=257
2026-04-19 16:30:10 INFO dataset: Stage1 intent=Research Analysis created=1 total=266
2026-04-19 16:30:10 INFO dataset: Stage1 intent=Comparison created=1 total=267
2026-04-19 16:30:10 INFO dataset: Stage1 intent=calculation created=1 total=274
2026-04-19 16:30:10 INFO dataset: Stage1 intent=Travel created=1 total=275
2026-04-19 16:30:10 INFO dataset: Stage1 intent=Navigation created=1 total=272
2026-04-19 16:30:10 INFO dataset: Stage1 intent=Education created=1 total=274
2026-04-19 16:30:10 INFO dataset: Stage1 intent=Documentation created=1 total=273
2026-04-19 16:30:10 INFO dataset: Stage1 intent=media playback created=1 total=265
2026-04-19 16:30:10 INFO dataset: Stage1 intent=qr scanner created=1 total=270
2026-04-19 16:30:10 INFO dataset: Stage1 intent=status check created=1 total=264
2026-04-19 16:30:10 INFO dataset: Stage1 intent=notification created=1 total=266
2026-04-19 16:30:10 INFO dataset: Stage1 intent=Finance created=1 total=275
2026-04-19 16:30:10 INFO dataset: Stage1 intent=Healthcare created=1 total=275
2026-04-19 16:30:10 INFO dataset: Stage1 intent=Legal created=1 total=276
2026-04-19 16:30:10 INFO dataset: Stage1 intent=Real Estate created=1 total=272
2026-04-19 16:30:10 INFO dataset: Stage1 intent=Career created=1 total=276
2026-04-19 16:30:10 INFO dataset: Stage1 intent=Food and Dining created=1 total=269
2026-04-19 16:30:10 INFO dataset: Stage1 intent=Home Services created=1 total=275
2026-04-19 16:30:10 INFO dataset: Stage1 intent=Automotive created=1 total=272
2026-04-19 16:33:41 INFO dataset: Stage1 intent=Information Retrieval created=1 total=267
2026-04-19 16:33:41 INFO dataset: Stage1 intent=Entertainment created=1 total=270
2026-04-19 16:33:41 INFO dataset: Stage1 intent=product_lookup created=1 total=261
2026-04-19 16:33:41 INFO dataset: Stage1 intent=Booking created=1 total=272
2026-04-19 16:33:41 INFO dataset: Stage1 intent=weather created=1 total=272
2026-04-19 16:33:41 INFO dataset: Stage1 intent=data visualisation created=1 total=269
2026-04-19 16:33:41 INFO dataset: Stage1 intent=Planning created=1 total=277
2026-04-19 16:33:41 INFO dataset: Stage1 intent=productivity created=1 total=276
2026-04-19 16:33:41 INFO dataset: Stage1 intent=Recipe created=1 total=276
2026-04-19 16:33:41 INFO dataset: Stage1 intent=Localization created=1 total=261
2026-04-19 16:33:41 INFO dataset: Stage1 intent=Technical support created=1 total=277
2026-04-19 16:33:41 INFO dataset: Stage1 intent=Creating Writing created=1 total=277
2026-04-19 16:33:41 INFO dataset: Stage1 intent=Event Schedule created=1 total=258
2026-04-19 16:33:41 INFO dataset: Stage1 intent=Research Analysis created=1 total=267
2026-04-19 16:33:41 ERROR dataset: Stage1 parse error intent=Comparison: Unterminated string starting at: line 3 column 19 (char 24)
2026-04-19 16:33:41 INFO dataset: Stage1 intent=calculation created=1 total=275
2026-04-19 16:33:41 INFO dataset: Stage1 intent=Travel created=1 total=276
2026-04-19 16:33:41 INFO dataset: Stage1 intent=Navigation created=1 total=273
2026-04-19 16:33:41 INFO dataset: Stage1 intent=Education created=1 total=275
2026-04-19 16:33:41 INFO dataset: Stage1 intent=Documentation created=1 total=274
2026-04-19 16:33:41 ERROR dataset: Stage1 parse error intent=media playback: Unterminated string starting at: line 3 column 19 (char 24)
2026-04-19 16:33:41 INFO dataset: Stage1 intent=qr scanner created=1 total=271
2026-04-19 16:33:41 INFO dataset: Stage1 intent=status check created=1 total=265
2026-04-19 16:33:41 INFO dataset: Stage1 intent=notification created=1 total=267
2026-04-19 16:33:41 INFO dataset: Stage1 intent=Finance created=1 total=276
2026-04-19 16:33:41 INFO dataset: Stage1 intent=Healthcare created=1 total=276
2026-04-19 16:33:41 INFO dataset: Stage1 intent=Legal created=1 total=277
2026-04-19 16:33:41 INFO dataset: Stage1 intent=Real Estate created=1 total=273
2026-04-19 16:33:41 INFO dataset: Stage1 intent=Career created=1 total=277
2026-04-19 16:33:41 INFO dataset: Stage1 intent=Food and Dining created=1 total=270
2026-04-19 16:33:41 INFO dataset: Stage1 intent=Home Services created=1 total=276
2026-04-19 16:33:41 INFO dataset: Stage1 intent=Automotive created=1 total=273
2026-04-19 16:37:24 INFO dataset: Stage1 intent=Information Retrieval created=1 total=268
2026-04-19 16:37:24 INFO dataset: Stage1 intent=Entertainment created=1 total=271
2026-04-19 16:37:24 INFO dataset: Stage1 intent=product_lookup created=1 total=262
2026-04-19 16:37:24 ERROR dataset: Stage1 parse error intent=Booking: Unterminated string starting at: line 3 column 19 (char 24)
2026-04-19 16:37:24 INFO dataset: Stage1 intent=weather created=1 total=273
2026-04-19 16:37:24 INFO dataset: Stage1 intent=data visualisation created=1 total=270
2026-04-19 16:37:24 INFO dataset: Stage1 intent=Planning created=1 total=278
2026-04-19 16:37:24 INFO dataset: Stage1 intent=productivity created=1 total=277
2026-04-19 16:37:24 INFO dataset: Stage1 intent=Recipe created=1 total=277
2026-04-19 16:37:24 INFO dataset: Stage1 intent=Localization created=1 total=262
2026-04-19 16:37:24 INFO dataset: Stage1 intent=Technical support created=1 total=278
2026-04-19 16:37:24 INFO dataset: Stage1 intent=Creating Writing created=1 total=278
2026-04-19 16:37:24 INFO dataset: Stage1 intent=Event Schedule created=1 total=259
2026-04-19 16:37:24 INFO dataset: Stage1 intent=Research Analysis created=1 total=268
2026-04-19 16:37:24 INFO dataset: Stage1 intent=Comparison created=1 total=268
2026-04-19 16:37:24 INFO dataset: Stage1 intent=calculation created=1 total=276
2026-04-19 16:37:24 INFO dataset: Stage1 intent=Travel created=1 total=277
2026-04-19 16:37:24 INFO dataset: Stage1 intent=Navigation created=1 total=274
2026-04-19 16:37:24 INFO dataset: Stage1 intent=Education created=1 total=276
2026-04-19 16:37:24 INFO dataset: Stage1 intent=Documentation created=1 total=275
2026-04-19 16:37:24 INFO dataset: Stage1 intent=media playback created=1 total=266
2026-04-19 16:37:24 INFO dataset: Stage1 intent=qr scanner created=1 total=272
2026-04-19 16:37:24 INFO dataset: Stage1 intent=status check created=1 total=266
2026-04-19 16:37:24 INFO dataset: Stage1 intent=notification created=1 total=268
2026-04-19 16:37:24 INFO dataset: Stage1 intent=Finance created=1 total=277
2026-04-19 16:37:24 INFO dataset: Stage1 intent=Healthcare created=1 total=277
2026-04-19 16:37:24 INFO dataset: Stage1 intent=Legal created=1 total=278
2026-04-19 16:37:24 INFO dataset: Stage1 intent=Real Estate created=1 total=274
2026-04-19 16:37:24 INFO dataset: Stage1 intent=Career created=1 total=278
2026-04-19 16:37:24 INFO dataset: Stage1 intent=Food and Dining created=1 total=271
2026-04-19 16:37:24 INFO dataset: Stage1 intent=Home Services created=1 total=277
2026-04-19 16:37:24 INFO dataset: Stage1 intent=Automotive created=1 total=274
2026-04-19 16:40:40 INFO dataset: Stage1 intent=Information Retrieval created=1 total=269
2026-04-19 16:40:40 INFO dataset: Stage1 intent=Entertainment created=1 total=272
2026-04-19 16:40:40 INFO dataset: Stage1 intent=product_lookup created=1 total=263
2026-04-19 16:40:40 INFO dataset: Stage1 intent=Booking created=1 total=273
2026-04-19 16:40:40 INFO dataset: Stage1 intent=weather created=1 total=274
2026-04-19 16:40:40 INFO dataset: Stage1 intent=data visualisation created=1 total=271
2026-04-19 16:40:40 INFO dataset: Stage1 intent=Planning created=1 total=279
2026-04-19 16:40:40 INFO dataset: Stage1 intent=productivity created=1 total=278
2026-04-19 16:40:40 INFO dataset: Stage1 intent=Recipe created=1 total=278
2026-04-19 16:40:40 INFO dataset: Stage1 intent=Localization created=1 total=263
2026-04-19 16:40:40 INFO dataset: Stage1 intent=Technical support created=1 total=279
2026-04-19 16:40:40 INFO dataset: Stage1 intent=Creating Writing created=1 total=279
2026-04-19 16:40:40 INFO dataset: Stage1 intent=Event Schedule created=1 total=260
2026-04-19 16:40:40 INFO dataset: Stage1 intent=Research Analysis created=1 total=269
2026-04-19 16:40:40 INFO dataset: Stage1 intent=Comparison created=1 total=269
2026-04-19 16:40:40 INFO dataset: Stage1 intent=calculation created=1 total=277
2026-04-19 16:40:40 INFO dataset: Stage1 intent=Travel created=1 total=278
2026-04-19 16:40:40 INFO dataset: Stage1 intent=Navigation created=1 total=275
2026-04-19 16:40:40 INFO dataset: Stage1 intent=Education created=1 total=277
2026-04-19 16:40:40 INFO dataset: Stage1 intent=Documentation created=1 total=276
2026-04-19 16:40:40 INFO dataset: Stage1 intent=media playback created=1 total=267
2026-04-19 16:40:40 INFO dataset: Stage1 intent=qr scanner created=1 total=273
2026-04-19 16:40:40 INFO dataset: Stage1 intent=status check created=1 total=267
2026-04-19 16:40:40 INFO dataset: Stage1 intent=notification created=1 total=269
2026-04-19 16:40:40 INFO dataset: Stage1 intent=Finance created=1 total=278
2026-04-19 16:40:40 INFO dataset: Stage1 intent=Healthcare created=1 total=278
2026-04-19 16:40:40 INFO dataset: Stage1 intent=Legal created=1 total=279
2026-04-19 16:40:40 INFO dataset: Stage1 intent=Real Estate created=1 total=275
2026-04-19 16:40:40 INFO dataset: Stage1 intent=Career created=1 total=279
2026-04-19 16:40:40 INFO dataset: Stage1 intent=Food and Dining created=1 total=272
2026-04-19 16:40:40 INFO dataset: Stage1 intent=Home Services created=1 total=278
2026-04-19 16:40:40 INFO dataset: Stage1 intent=Automotive created=1 total=275
2026-04-19 16:44:02 INFO dataset: Stage1 intent=Information Retrieval created=1 total=270
2026-04-19 16:44:02 INFO dataset: Stage1 intent=Entertainment created=1 total=273
2026-04-19 16:44:02 INFO dataset: Stage1 intent=product_lookup created=1 total=264
2026-04-19 16:44:02 INFO dataset: Stage1 intent=Booking created=1 total=274
2026-04-19 16:44:02 INFO dataset: Stage1 intent=weather created=1 total=275
2026-04-19 16:44:02 INFO dataset: Stage1 intent=data visualisation created=1 total=272
2026-04-19 16:44:02 INFO dataset: Stage1 intent=Planning created=1 total=280
2026-04-19 16:44:02 INFO dataset: Stage1 intent=productivity created=1 total=279
2026-04-19 16:44:02 INFO dataset: Stage1 intent=Recipe created=1 total=279
2026-04-19 16:44:02 INFO dataset: Stage1 intent=Localization created=1 total=264
2026-04-19 16:44:02 INFO dataset: Stage1 intent=Technical support created=1 total=280
2026-04-19 16:44:02 INFO dataset: Stage1 intent=Creating Writing created=1 total=280
2026-04-19 16:44:02 INFO dataset: Stage1 intent=Event Schedule created=1 total=261
2026-04-19 16:44:02 INFO dataset: Stage1 intent=Research Analysis created=1 total=270
2026-04-19 16:44:02 INFO dataset: Stage1 intent=Comparison created=1 total=270
2026-04-19 16:44:02 INFO dataset: Stage1 intent=calculation created=1 total=278
2026-04-19 16:44:02 INFO dataset: Stage1 intent=Travel created=1 total=279
2026-04-19 16:44:02 INFO dataset: Stage1 intent=Navigation created=1 total=276
2026-04-19 16:44:02 INFO dataset: Stage1 intent=Education created=1 total=278
2026-04-19 16:44:02 INFO dataset: Stage1 intent=Documentation created=1 total=277
2026-04-19 16:44:02 ERROR dataset: Stage1 parse error intent=media playback: Unterminated string starting at: line 3 column 19 (char 24)
2026-04-19 16:44:02 INFO dataset: Stage1 intent=qr scanner created=1 total=274
2026-04-19 16:44:02 INFO dataset: Stage1 intent=status check created=1 total=268
2026-04-19 16:44:02 INFO dataset: Stage1 intent=notification created=1 total=270
2026-04-19 16:44:02 INFO dataset: Stage1 intent=Finance created=1 total=279
2026-04-19 16:44:02 INFO dataset: Stage1 intent=Healthcare created=1 total=279
2026-04-19 16:44:02 INFO dataset: Stage1 intent=Legal created=1 total=280
2026-04-19 16:44:02 INFO dataset: Stage1 intent=Real Estate created=1 total=276
2026-04-19 16:44:02 INFO dataset: Stage1 intent=Career created=1 total=280
2026-04-19 16:44:02 INFO dataset: Stage1 intent=Food and Dining created=1 total=273
2026-04-19 16:44:02 INFO dataset: Stage1 intent=Home Services created=1 total=279
2026-04-19 16:44:02 INFO dataset: Stage1 intent=Automotive created=1 total=276
2026-04-19 16:47:34 INFO dataset: Stage1 intent=Information Retrieval created=1 total=271
2026-04-19 16:47:34 INFO dataset: Stage1 intent=Entertainment created=1 total=274
2026-04-19 16:47:34 INFO dataset: Stage1 intent=product_lookup created=1 total=265
2026-04-19 16:47:34 INFO dataset: Stage1 intent=Booking created=1 total=275
2026-04-19 16:47:34 INFO dataset: Stage1 intent=weather created=1 total=276
2026-04-19 16:47:34 INFO dataset: Stage1 intent=data visualisation created=1 total=273
2026-04-19 16:47:34 INFO dataset: Stage1 intent=Planning created=1 total=281
2026-04-19 16:47:34 INFO dataset: Stage1 intent=productivity created=1 total=280
2026-04-19 16:47:34 INFO dataset: Stage1 intent=Recipe created=1 total=280
2026-04-19 16:47:34 INFO dataset: Stage1 intent=Localization created=1 total=265
2026-04-19 16:47:34 INFO dataset: Stage1 intent=Technical support created=1 total=281
2026-04-19 16:47:34 INFO dataset: Stage1 intent=Creating Writing created=1 total=281
2026-04-19 16:47:34 INFO dataset: Stage1 intent=Event Schedule created=1 total=262
2026-04-19 16:47:34 INFO dataset: Stage1 intent=Research Analysis created=1 total=271
2026-04-19 16:47:34 INFO dataset: Stage1 intent=Comparison created=1 total=271
2026-04-19 16:47:34 INFO dataset: Stage1 intent=calculation created=1 total=279
2026-04-19 16:47:34 INFO dataset: Stage1 intent=Travel created=1 total=280
2026-04-19 16:47:34 INFO dataset: Stage1 intent=Navigation created=1 total=277
2026-04-19 16:47:34 INFO dataset: Stage1 intent=Education created=1 total=279
2026-04-19 16:47:34 INFO dataset: Stage1 intent=Documentation created=1 total=278
2026-04-19 16:47:34 INFO dataset: Stage1 intent=media playback created=1 total=268
2026-04-19 16:47:34 INFO dataset: Stage1 intent=qr scanner created=1 total=275
2026-04-19 16:47:34 INFO dataset: Stage1 intent=status check created=1 total=269
2026-04-19 16:47:34 INFO dataset: Stage1 intent=notification created=1 total=271
2026-04-19 16:47:34 INFO dataset: Stage1 intent=Finance created=1 total=280
2026-04-19 16:47:34 INFO dataset: Stage1 intent=Healthcare created=1 total=280
2026-04-19 16:47:34 INFO dataset: Stage1 intent=Legal created=1 total=281
2026-04-19 16:47:34 INFO dataset: Stage1 intent=Real Estate created=1 total=277
2026-04-19 16:47:34 INFO dataset: Stage1 intent=Career created=1 total=281
2026-04-19 16:47:34 INFO dataset: Stage1 intent=Food and Dining created=1 total=274
2026-04-19 16:47:34 INFO dataset: Stage1 intent=Home Services created=1 total=280
2026-04-19 16:47:34 INFO dataset: Stage1 intent=Automotive created=1 total=277
2026-04-19 16:51:02 INFO dataset: Stage1 intent=Information Retrieval created=1 total=272
2026-04-19 16:51:02 INFO dataset: Stage1 intent=Entertainment created=1 total=275
2026-04-19 16:51:02 INFO dataset: Stage1 intent=product_lookup created=1 total=266
2026-04-19 16:51:02 INFO dataset: Stage1 intent=Booking created=1 total=276
2026-04-19 16:51:02 INFO dataset: Stage1 intent=weather created=1 total=277
2026-04-19 16:51:02 INFO dataset: Stage1 intent=data visualisation created=1 total=274
2026-04-19 16:51:02 INFO dataset: Stage1 intent=Planning created=1 total=282
2026-04-19 16:51:02 INFO dataset: Stage1 intent=productivity created=1 total=281
2026-04-19 16:51:02 INFO dataset: Stage1 intent=Recipe created=1 total=281
2026-04-19 16:51:02 INFO dataset: Stage1 intent=Localization created=1 total=266
2026-04-19 16:51:02 INFO dataset: Stage1 intent=Technical support created=1 total=282
2026-04-19 16:51:02 INFO dataset: Stage1 intent=Creating Writing created=1 total=282
2026-04-19 16:51:02 INFO dataset: Stage1 intent=Event Schedule created=1 total=263
2026-04-19 16:51:02 INFO dataset: Stage1 intent=Research Analysis created=1 total=272
2026-04-19 16:51:02 INFO dataset: Stage1 intent=Comparison created=1 total=272
2026-04-19 16:51:02 INFO dataset: Stage1 intent=calculation created=1 total=280
2026-04-19 16:51:02 INFO dataset: Stage1 intent=Travel created=1 total=281
2026-04-19 16:51:02 INFO dataset: Stage1 intent=Navigation created=1 total=278
2026-04-19 16:51:02 INFO dataset: Stage1 intent=Education created=1 total=280
2026-04-19 16:51:02 INFO dataset: Stage1 intent=Documentation created=1 total=279
2026-04-19 16:51:02 INFO dataset: Stage1 intent=media playback created=1 total=269
2026-04-19 16:51:02 INFO dataset: Stage1 intent=qr scanner created=1 total=276
2026-04-19 16:51:02 INFO dataset: Stage1 intent=status check created=1 total=270
2026-04-19 16:51:02 INFO dataset: Stage1 intent=notification created=1 total=272
2026-04-19 16:51:02 INFO dataset: Stage1 intent=Finance created=1 total=281
2026-04-19 16:51:02 INFO dataset: Stage1 intent=Healthcare created=1 total=281
2026-04-19 16:51:02 INFO dataset: Stage1 intent=Legal created=1 total=282
2026-04-19 16:51:02 INFO dataset: Stage1 intent=Real Estate created=1 total=278
2026-04-19 16:51:02 INFO dataset: Stage1 intent=Career created=1 total=282
2026-04-19 16:51:02 INFO dataset: Stage1 intent=Food and Dining created=1 total=275
2026-04-19 16:51:02 INFO dataset: Stage1 intent=Home Services created=1 total=281
2026-04-19 16:51:02 INFO dataset: Stage1 intent=Automotive created=1 total=278
2026-04-19 16:54:52 INFO dataset: Stage1 intent=Information Retrieval created=1 total=273
2026-04-19 16:54:52 INFO dataset: Stage1 intent=Entertainment created=1 total=276
2026-04-19 16:54:52 INFO dataset: Stage1 intent=product_lookup created=1 total=267
2026-04-19 16:54:52 INFO dataset: Stage1 intent=Booking created=1 total=277
2026-04-19 16:54:52 INFO dataset: Stage1 intent=weather created=1 total=278
2026-04-19 16:54:52 INFO dataset: Stage1 intent=data visualisation created=1 total=275
2026-04-19 16:54:52 INFO dataset: Stage1 intent=Planning created=1 total=283
2026-04-19 16:54:52 INFO dataset: Stage1 intent=productivity created=1 total=282
2026-04-19 16:54:52 INFO dataset: Stage1 intent=Recipe created=1 total=282
2026-04-19 16:54:52 INFO dataset: Stage1 intent=Localization created=1 total=267
2026-04-19 16:54:52 INFO dataset: Stage1 intent=Technical support created=1 total=283
2026-04-19 16:54:52 INFO dataset: Stage1 intent=Creating Writing created=1 total=283
2026-04-19 16:54:52 ERROR dataset: Stage1 parse error intent=Event Schedule: Unterminated string starting at: line 3 column 19 (char 24)
2026-04-19 16:54:52 INFO dataset: Stage1 intent=Research Analysis created=1 total=273
2026-04-19 16:54:52 INFO dataset: Stage1 intent=Comparison created=1 total=273
2026-04-19 16:54:52 INFO dataset: Stage1 intent=calculation created=1 total=281
2026-04-19 16:54:52 INFO dataset: Stage1 intent=Travel created=1 total=282
2026-04-19 16:54:52 INFO dataset: Stage1 intent=Navigation created=1 total=279
2026-04-19 16:54:52 INFO dataset: Stage1 intent=Education created=1 total=281
2026-04-19 16:54:52 INFO dataset: Stage1 intent=Documentation created=1 total=280
2026-04-19 16:54:52 ERROR dataset: Stage1 parse error intent=media playback: Unterminated string starting at: line 3 column 19 (char 24)
2026-04-19 16:54:52 INFO dataset: Stage1 intent=qr scanner created=1 total=277
2026-04-19 16:54:52 INFO dataset: Stage1 intent=status check created=1 total=271
2026-04-19 16:54:52 INFO dataset: Stage1 intent=notification created=1 total=273
2026-04-19 16:54:52 INFO dataset: Stage1 intent=Finance created=1 total=282
2026-04-19 16:54:52 INFO dataset: Stage1 intent=Healthcare created=1 total=282
2026-04-19 16:54:52 INFO dataset: Stage1 intent=Legal created=1 total=283
2026-04-19 16:54:52 INFO dataset: Stage1 intent=Real Estate created=1 total=279
2026-04-19 16:54:52 INFO dataset: Stage1 intent=Career created=1 total=283
2026-04-19 16:54:52 INFO dataset: Stage1 intent=Food and Dining created=1 total=276
2026-04-19 16:54:52 INFO dataset: Stage1 intent=Home Services created=1 total=282
2026-04-19 16:54:52 INFO dataset: Stage1 intent=Automotive created=1 total=279
2026-04-19 16:58:31 INFO dataset: Stage1 intent=Information Retrieval created=1 total=274
2026-04-19 16:58:31 ERROR dataset: Stage1 parse error intent=Entertainment: Unterminated string starting at: line 3 column 19 (char 24)
2026-04-19 16:58:31 ERROR dataset: Stage1 parse error intent=product_lookup: Unterminated string starting at: line 3 column 19 (char 24)
2026-04-19 16:58:31 INFO dataset: Stage1 intent=Booking created=1 total=278
2026-04-19 16:58:31 INFO dataset: Stage1 intent=weather created=1 total=279
2026-04-19 16:58:31 INFO dataset: Stage1 intent=data visualisation created=1 total=276
2026-04-19 16:58:31 INFO dataset: Stage1 intent=Planning created=1 total=284
2026-04-19 16:58:31 INFO dataset: Stage1 intent=productivity created=1 total=283
2026-04-19 16:58:31 INFO dataset: Stage1 intent=Recipe created=1 total=283
2026-04-19 16:58:31 INFO dataset: Stage1 intent=Localization created=1 total=268
2026-04-19 16:58:31 INFO dataset: Stage1 intent=Technical support created=1 total=284
2026-04-19 16:58:32 INFO dataset: Stage1 intent=Creating Writing created=1 total=284
2026-04-19 16:58:32 INFO dataset: Stage1 intent=Event Schedule created=1 total=264
2026-04-19 16:58:32 INFO dataset: Stage1 intent=Research Analysis created=1 total=274
2026-04-19 16:58:32 INFO dataset: Stage1 intent=Comparison created=1 total=274
2026-04-19 16:58:32 INFO dataset: Stage1 intent=calculation created=1 total=282
2026-04-19 16:58:32 INFO dataset: Stage1 intent=Travel created=1 total=283
2026-04-19 16:58:32 INFO dataset: Stage1 intent=Navigation created=1 total=280
2026-04-19 16:58:32 INFO dataset: Stage1 intent=Education created=1 total=282
2026-04-19 16:58:32 INFO dataset: Stage1 intent=Documentation created=1 total=281
2026-04-19 16:58:32 INFO dataset: Stage1 intent=media playback created=1 total=270
2026-04-19 16:58:32 INFO dataset: Stage1 intent=qr scanner created=1 total=278
2026-04-19 16:58:32 INFO dataset: Stage1 intent=status check created=1 total=272
2026-04-19 16:58:32 INFO dataset: Stage1 intent=notification created=1 total=274
2026-04-19 16:58:32 INFO dataset: Stage1 intent=Finance created=1 total=283
2026-04-19 16:58:32 INFO dataset: Stage1 intent=Healthcare created=1 total=283
2026-04-19 16:58:32 INFO dataset: Stage1 intent=Legal created=1 total=284
2026-04-19 16:58:32 INFO dataset: Stage1 intent=Real Estate created=1 total=280
2026-04-19 16:58:32 INFO dataset: Stage1 intent=Career created=1 total=284
2026-04-19 16:58:32 INFO dataset: Stage1 intent=Food and Dining created=1 total=277
2026-04-19 16:58:32 INFO dataset: Stage1 intent=Home Services created=1 total=283
2026-04-19 16:58:32 INFO dataset: Stage1 intent=Automotive created=1 total=280
2026-04-19 17:02:03 INFO dataset: Stage1 intent=Information Retrieval created=1 total=275
2026-04-19 17:02:03 INFO dataset: Stage1 intent=Entertainment created=1 total=277
2026-04-19 17:02:03 INFO dataset: Stage1 intent=product_lookup created=1 total=268
2026-04-19 17:02:03 INFO dataset: Stage1 intent=Booking created=1 total=279
2026-04-19 17:02:03 INFO dataset: Stage1 intent=weather created=1 total=280
2026-04-19 17:02:03 INFO dataset: Stage1 intent=data visualisation created=1 total=277
2026-04-19 17:02:03 INFO dataset: Stage1 intent=Planning created=1 total=285
2026-04-19 17:02:03 INFO dataset: Stage1 intent=productivity created=1 total=284
2026-04-19 17:02:03 INFO dataset: Stage1 intent=Recipe created=1 total=284
2026-04-19 17:02:03 INFO dataset: Stage1 intent=Localization created=1 total=269
2026-04-19 17:02:03 INFO dataset: Stage1 intent=Technical support created=1 total=285
2026-04-19 17:02:03 INFO dataset: Stage1 intent=Creating Writing created=1 total=285
2026-04-19 17:02:03 INFO dataset: Stage1 intent=Event Schedule created=1 total=265
2026-04-19 17:02:03 INFO dataset: Stage1 intent=Research Analysis created=1 total=275
2026-04-19 17:02:03 INFO dataset: Stage1 intent=Comparison created=1 total=275
2026-04-19 17:02:03 INFO dataset: Stage1 intent=calculation created=1 total=283
2026-04-19 17:02:03 INFO dataset: Stage1 intent=Travel created=1 total=284
2026-04-19 17:02:03 INFO dataset: Stage1 intent=Navigation created=1 total=281
2026-04-19 17:02:03 INFO dataset: Stage1 intent=Education created=1 total=283
2026-04-19 17:02:03 INFO dataset: Stage1 intent=Documentation created=1 total=282
2026-04-19 17:02:03 INFO dataset: Stage1 intent=media playback created=1 total=271
2026-04-19 17:02:03 INFO dataset: Stage1 intent=qr scanner created=1 total=279
2026-04-19 17:02:03 INFO dataset: Stage1 intent=status check created=1 total=273
2026-04-19 17:02:03 INFO dataset: Stage1 intent=notification created=1 total=275
2026-04-19 17:02:03 INFO dataset: Stage1 intent=Finance created=1 total=284
2026-04-19 17:02:03 INFO dataset: Stage1 intent=Healthcare created=1 total=284
2026-04-19 17:02:03 INFO dataset: Stage1 intent=Legal created=1 total=285
2026-04-19 17:02:03 INFO dataset: Stage1 intent=Real Estate created=1 total=281
2026-04-19 17:02:03 INFO dataset: Stage1 intent=Career created=1 total=285
2026-04-19 17:02:03 INFO dataset: Stage1 intent=Food and Dining created=1 total=278
2026-04-19 17:02:03 INFO dataset: Stage1 intent=Home Services created=1 total=284
2026-04-19 17:02:03 INFO dataset: Stage1 intent=Automotive created=1 total=281
2026-04-19 17:05:34 INFO dataset: Stage1 intent=Information Retrieval created=1 total=276
2026-04-19 17:05:34 INFO dataset: Stage1 intent=Entertainment created=1 total=278
2026-04-19 17:05:34 INFO dataset: Stage1 intent=product_lookup created=1 total=269
2026-04-19 17:05:34 INFO dataset: Stage1 intent=Booking created=1 total=280
2026-04-19 17:05:34 INFO dataset: Stage1 intent=weather created=1 total=281
2026-04-19 17:05:34 INFO dataset: Stage1 intent=data visualisation created=1 total=278
2026-04-19 17:05:34 INFO dataset: Stage1 intent=Planning created=1 total=286
2026-04-19 17:05:34 INFO dataset: Stage1 intent=productivity created=1 total=285
2026-04-19 17:05:34 INFO dataset: Stage1 intent=Recipe created=1 total=285
2026-04-19 17:05:34 INFO dataset: Stage1 intent=Localization created=1 total=270
2026-04-19 17:05:34 INFO dataset: Stage1 intent=Technical support created=1 total=286
2026-04-19 17:05:34 INFO dataset: Stage1 intent=Creating Writing created=1 total=286
2026-04-19 17:05:34 INFO dataset: Stage1 intent=Event Schedule created=1 total=266
2026-04-19 17:05:34 INFO dataset: Stage1 intent=Research Analysis created=1 total=276
2026-04-19 17:05:34 INFO dataset: Stage1 intent=Comparison created=1 total=276
2026-04-19 17:05:34 INFO dataset: Stage1 intent=calculation created=1 total=284
2026-04-19 17:05:34 INFO dataset: Stage1 intent=Travel created=1 total=285
2026-04-19 17:05:34 INFO dataset: Stage1 intent=Navigation created=1 total=282
2026-04-19 17:05:34 INFO dataset: Stage1 intent=Education created=1 total=284
2026-04-19 17:05:34 INFO dataset: Stage1 intent=Documentation created=1 total=283
2026-04-19 17:05:34 INFO dataset: Stage1 intent=media playback created=1 total=272
2026-04-19 17:05:34 INFO dataset: Stage1 intent=qr scanner created=1 total=280
2026-04-19 17:05:34 INFO dataset: Stage1 intent=status check created=1 total=274
2026-04-19 17:05:34 INFO dataset: Stage1 intent=notification created=1 total=276
2026-04-19 17:05:34 INFO dataset: Stage1 intent=Finance created=1 total=285
2026-04-19 17:05:34 INFO dataset: Stage1 intent=Healthcare created=1 total=285
2026-04-19 17:05:34 INFO dataset: Stage1 intent=Legal created=1 total=286
2026-04-19 17:05:34 INFO dataset: Stage1 intent=Real Estate created=1 total=282
2026-04-19 17:05:34 INFO dataset: Stage1 intent=Career created=1 total=286
2026-04-19 17:05:34 INFO dataset: Stage1 intent=Food and Dining created=1 total=279
2026-04-19 17:05:34 INFO dataset: Stage1 intent=Home Services created=1 total=285
2026-04-19 17:05:34 INFO dataset: Stage1 intent=Automotive created=1 total=282
2026-04-19 17:09:18 INFO dataset: Stage1 intent=Information Retrieval created=1 total=277
2026-04-19 17:09:18 INFO dataset: Stage1 intent=Entertainment created=1 total=279
2026-04-19 17:09:18 INFO dataset: Stage1 intent=product_lookup created=1 total=270
2026-04-19 17:09:18 INFO dataset: Stage1 intent=Booking created=1 total=281
2026-04-19 17:09:18 INFO dataset: Stage1 intent=weather created=1 total=282
2026-04-19 17:09:18 INFO dataset: Stage1 intent=data visualisation created=1 total=279
2026-04-19 17:09:18 INFO dataset: Stage1 intent=Planning created=1 total=287
2026-04-19 17:09:18 INFO dataset: Stage1 intent=productivity created=1 total=286
2026-04-19 17:09:18 INFO dataset: Stage1 intent=Recipe created=1 total=286
2026-04-19 17:09:18 INFO dataset: Stage1 intent=Localization created=1 total=271
2026-04-19 17:09:18 INFO dataset: Stage1 intent=Technical support created=1 total=287
2026-04-19 17:09:18 INFO dataset: Stage1 intent=Creating Writing created=1 total=287
2026-04-19 17:09:18 INFO dataset: Stage1 intent=Event Schedule created=1 total=267
2026-04-19 17:09:18 INFO dataset: Stage1 intent=Research Analysis created=1 total=277
2026-04-19 17:09:18 INFO dataset: Stage1 intent=Comparison created=1 total=277
2026-04-19 17:09:18 INFO dataset: Stage1 intent=calculation created=1 total=285
2026-04-19 17:09:18 INFO dataset: Stage1 intent=Travel created=1 total=286
2026-04-19 17:09:18 ERROR dataset: Stage1 parse error intent=Navigation: Unterminated string starting at: line 3 column 19 (char 24)
2026-04-19 17:09:18 INFO dataset: Stage1 intent=Education created=1 total=285
2026-04-19 17:09:18 INFO dataset: Stage1 intent=Documentation created=1 total=284
2026-04-19 17:09:18 INFO dataset: Stage1 intent=media playback created=1 total=273
2026-04-19 17:09:18 INFO dataset: Stage1 intent=qr scanner created=1 total=281
2026-04-19 17:09:18 INFO dataset: Stage1 intent=status check created=1 total=275
2026-04-19 17:09:18 INFO dataset: Stage1 intent=notification created=1 total=277
2026-04-19 17:09:18 INFO dataset: Stage1 intent=Finance created=1 total=286
2026-04-19 17:09:18 INFO dataset: Stage1 intent=Healthcare created=1 total=286
2026-04-19 17:09:18 INFO dataset: Stage1 intent=Legal created=1 total=287
2026-04-19 17:09:18 INFO dataset: Stage1 intent=Real Estate created=1 total=283
2026-04-19 17:09:18 INFO dataset: Stage1 intent=Career created=1 total=287
2026-04-19 17:09:18 INFO dataset: Stage1 intent=Food and Dining created=1 total=280
2026-04-19 17:09:18 INFO dataset: Stage1 intent=Home Services created=1 total=286
2026-04-19 17:09:18 INFO dataset: Stage1 intent=Automotive created=1 total=283
2026-04-19 17:12:45 INFO dataset: Stage1 intent=Information Retrieval created=1 total=278
2026-04-19 17:12:45 INFO dataset: Stage1 intent=Entertainment created=1 total=280
2026-04-19 17:12:45 INFO dataset: Stage1 intent=product_lookup created=1 total=271
2026-04-19 17:12:45 INFO dataset: Stage1 intent=Booking created=1 total=282
2026-04-19 17:12:45 INFO dataset: Stage1 intent=weather created=1 total=283
2026-04-19 17:12:45 INFO dataset: Stage1 intent=data visualisation created=1 total=280
2026-04-19 17:12:45 INFO dataset: Stage1 intent=Planning created=1 total=288
2026-04-19 17:12:45 INFO dataset: Stage1 intent=productivity created=1 total=287
2026-04-19 17:12:45 INFO dataset: Stage1 intent=Recipe created=1 total=287
2026-04-19 17:12:45 INFO dataset: Stage1 intent=Localization created=1 total=272
2026-04-19 17:12:45 INFO dataset: Stage1 intent=Technical support created=1 total=288
2026-04-19 17:12:45 INFO dataset: Stage1 intent=Creating Writing created=1 total=288
2026-04-19 17:12:45 INFO dataset: Stage1 intent=Event Schedule created=1 total=268
2026-04-19 17:12:45 INFO dataset: Stage1 intent=Research Analysis created=1 total=278
2026-04-19 17:12:45 INFO dataset: Stage1 intent=Comparison created=1 total=278
2026-04-19 17:12:45 INFO dataset: Stage1 intent=calculation created=1 total=286
2026-04-19 17:12:45 INFO dataset: Stage1 intent=Travel created=1 total=287
2026-04-19 17:12:45 INFO dataset: Stage1 intent=Navigation created=1 total=283
2026-04-19 17:12:45 INFO dataset: Stage1 intent=Education created=1 total=286
2026-04-19 17:12:45 INFO dataset: Stage1 intent=Documentation created=1 total=285
2026-04-19 17:12:45 INFO dataset: Stage1 intent=media playback created=1 total=274
2026-04-19 17:12:45 INFO dataset: Stage1 intent=qr scanner created=1 total=282
2026-04-19 17:12:45 INFO dataset: Stage1 intent=status check created=1 total=276
2026-04-19 17:12:45 INFO dataset: Stage1 intent=notification created=1 total=278
2026-04-19 17:12:45 INFO dataset: Stage1 intent=Finance created=1 total=287
2026-04-19 17:12:45 INFO dataset: Stage1 intent=Healthcare created=1 total=287
2026-04-19 17:12:45 INFO dataset: Stage1 intent=Legal created=1 total=288
2026-04-19 17:12:45 INFO dataset: Stage1 intent=Real Estate created=1 total=284
2026-04-19 17:12:45 INFO dataset: Stage1 intent=Career created=1 total=288
2026-04-19 17:12:45 INFO dataset: Stage1 intent=Food and Dining created=1 total=281
2026-04-19 17:12:45 INFO dataset: Stage1 intent=Home Services created=1 total=287
2026-04-19 17:12:45 INFO dataset: Stage1 intent=Automotive created=1 total=284
2026-04-19 17:16:30 INFO dataset: Stage1 intent=Information Retrieval created=1 total=279
2026-04-19 17:16:30 INFO dataset: Stage1 intent=Entertainment created=1 total=281
2026-04-19 17:16:30 INFO dataset: Stage1 intent=product_lookup created=1 total=272
2026-04-19 17:16:30 INFO dataset: Stage1 intent=Booking created=1 total=283
2026-04-19 17:16:30 INFO dataset: Stage1 intent=weather created=1 total=284
2026-04-19 17:16:30 INFO dataset: Stage1 intent=data visualisation created=1 total=281
2026-04-19 17:16:30 INFO dataset: Stage1 intent=Planning created=1 total=289
2026-04-19 17:16:30 INFO dataset: Stage1 intent=productivity created=1 total=288
2026-04-19 17:16:30 INFO dataset: Stage1 intent=Recipe created=1 total=288
2026-04-19 17:16:30 INFO dataset: Stage1 intent=Localization created=1 total=273
2026-04-19 17:16:30 INFO dataset: Stage1 intent=Technical support created=1 total=289
2026-04-19 17:16:30 INFO dataset: Stage1 intent=Creating Writing created=1 total=289
2026-04-19 17:16:30 INFO dataset: Stage1 intent=Event Schedule created=1 total=269
2026-04-19 17:16:30 INFO dataset: Stage1 intent=Research Analysis created=1 total=279
2026-04-19 17:16:30 INFO dataset: Stage1 intent=Comparison created=1 total=279
2026-04-19 17:16:30 INFO dataset: Stage1 intent=calculation created=1 total=287
2026-04-19 17:16:30 INFO dataset: Stage1 intent=Travel created=1 total=288
2026-04-19 17:16:30 INFO dataset: Stage1 intent=Navigation created=1 total=284
2026-04-19 17:16:30 INFO dataset: Stage1 intent=Education created=1 total=287
2026-04-19 17:16:30 INFO dataset: Stage1 intent=Documentation created=1 total=286
2026-04-19 17:16:30 ERROR dataset: Stage1 parse error intent=media playback: Empty text
2026-04-19 17:16:30 INFO dataset: Stage1 intent=qr scanner created=1 total=283
2026-04-19 17:16:30 INFO dataset: Stage1 intent=status check created=1 total=277
2026-04-19 17:16:30 INFO dataset: Stage1 intent=notification created=1 total=279
2026-04-19 17:16:30 INFO dataset: Stage1 intent=Finance created=1 total=288
2026-04-19 17:16:30 INFO dataset: Stage1 intent=Healthcare created=1 total=288
2026-04-19 17:16:30 INFO dataset: Stage1 intent=Legal created=1 total=289
2026-04-19 17:16:30 INFO dataset: Stage1 intent=Real Estate created=1 total=285
2026-04-19 17:16:30 INFO dataset: Stage1 intent=Career created=1 total=289
2026-04-19 17:16:30 INFO dataset: Stage1 intent=Food and Dining created=1 total=282
2026-04-19 17:16:30 INFO dataset: Stage1 intent=Home Services created=1 total=288
2026-04-19 17:16:30 INFO dataset: Stage1 intent=Automotive created=1 total=285
2026-04-19 17:20:12 INFO dataset: Stage1 intent=Information Retrieval created=1 total=280
2026-04-19 17:20:12 INFO dataset: Stage1 intent=Entertainment created=1 total=282
2026-04-19 17:20:12 INFO dataset: Stage1 intent=product_lookup created=1 total=273
2026-04-19 17:20:12 INFO dataset: Stage1 intent=Booking created=1 total=284
2026-04-19 17:20:12 INFO dataset: Stage1 intent=weather created=1 total=285
2026-04-19 17:20:12 INFO dataset: Stage1 intent=data visualisation created=1 total=282
2026-04-19 17:20:12 INFO dataset: Stage1 intent=Planning created=1 total=290
2026-04-19 17:20:12 INFO dataset: Stage1 intent=productivity created=1 total=289
2026-04-19 17:20:12 INFO dataset: Stage1 intent=Recipe created=1 total=289
2026-04-19 17:20:12 INFO dataset: Stage1 intent=Localization created=1 total=274
2026-04-19 17:20:12 INFO dataset: Stage1 intent=Technical support created=1 total=290
2026-04-19 17:20:12 INFO dataset: Stage1 intent=Creating Writing created=1 total=290
2026-04-19 17:20:12 INFO dataset: Stage1 intent=Event Schedule created=1 total=270
2026-04-19 17:20:12 INFO dataset: Stage1 intent=Research Analysis created=1 total=280
2026-04-19 17:20:12 INFO dataset: Stage1 intent=Comparison created=1 total=280
2026-04-19 17:20:12 INFO dataset: Stage1 intent=calculation created=1 total=288
2026-04-19 17:20:12 INFO dataset: Stage1 intent=Travel created=1 total=289
2026-04-19 17:20:12 INFO dataset: Stage1 intent=Navigation created=1 total=285
2026-04-19 17:20:12 INFO dataset: Stage1 intent=Education created=1 total=288
2026-04-19 17:20:12 INFO dataset: Stage1 intent=Documentation created=1 total=287
2026-04-19 17:20:12 INFO dataset: Stage1 intent=media playback created=1 total=275
2026-04-19 17:20:12 INFO dataset: Stage1 intent=qr scanner created=1 total=284
2026-04-19 17:20:12 INFO dataset: Stage1 intent=status check created=1 total=278
2026-04-19 17:20:12 INFO dataset: Stage1 intent=notification created=1 total=280
2026-04-19 17:20:12 INFO dataset: Stage1 intent=Finance created=1 total=289
2026-04-19 17:20:12 INFO dataset: Stage1 intent=Healthcare created=1 total=289
2026-04-19 17:20:12 INFO dataset: Stage1 intent=Legal created=1 total=290
2026-04-19 17:20:12 INFO dataset: Stage1 intent=Real Estate created=1 total=286
2026-04-19 17:20:12 INFO dataset: Stage1 intent=Career created=1 total=290
2026-04-19 17:20:12 INFO dataset: Stage1 intent=Food and Dining created=1 total=283
2026-04-19 17:20:12 INFO dataset: Stage1 intent=Home Services created=1 total=289
2026-04-19 17:20:12 ERROR dataset: Stage1 parse error intent=Automotive: Unterminated string starting at: line 3 column 19 (char 24)
2026-04-19 17:23:42 INFO dataset: Stage1 intent=Information Retrieval created=1 total=281
2026-04-19 17:23:42 INFO dataset: Stage1 intent=Entertainment created=1 total=283
2026-04-19 17:23:42 INFO dataset: Stage1 intent=product_lookup created=1 total=274
2026-04-19 17:23:42 INFO dataset: Stage1 intent=Booking created=1 total=285
2026-04-19 17:23:42 INFO dataset: Stage1 intent=weather created=1 total=286
2026-04-19 17:23:42 INFO dataset: Stage1 intent=data visualisation created=1 total=283
2026-04-19 17:23:42 INFO dataset: Stage1 intent=Planning created=1 total=291
2026-04-19 17:23:42 INFO dataset: Stage1 intent=productivity created=1 total=290
2026-04-19 17:23:42 INFO dataset: Stage1 intent=Recipe created=1 total=290
2026-04-19 17:23:42 INFO dataset: Stage1 intent=Localization created=1 total=275
2026-04-19 17:23:42 INFO dataset: Stage1 intent=Technical support created=1 total=291
2026-04-19 17:23:42 INFO dataset: Stage1 intent=Creating Writing created=1 total=291
2026-04-19 17:23:42 INFO dataset: Stage1 intent=Event Schedule created=1 total=271
2026-04-19 17:23:42 INFO dataset: Stage1 intent=Research Analysis created=1 total=281
2026-04-19 17:23:42 INFO dataset: Stage1 intent=Comparison created=1 total=281
2026-04-19 17:23:42 INFO dataset: Stage1 intent=calculation created=1 total=289
2026-04-19 17:23:42 INFO dataset: Stage1 intent=Travel created=1 total=290
2026-04-19 17:23:42 INFO dataset: Stage1 intent=Navigation created=1 total=286
2026-04-19 17:23:42 INFO dataset: Stage1 intent=Education created=1 total=289
2026-04-19 17:23:42 INFO dataset: Stage1 intent=Documentation created=1 total=288
2026-04-19 17:23:42 INFO dataset: Stage1 intent=media playback created=1 total=276
2026-04-19 17:23:42 INFO dataset: Stage1 intent=qr scanner created=1 total=285
2026-04-19 17:23:42 INFO dataset: Stage1 intent=status check created=1 total=279
2026-04-19 17:23:42 INFO dataset: Stage1 intent=notification created=1 total=281
2026-04-19 17:23:42 INFO dataset: Stage1 intent=Finance created=1 total=290
2026-04-19 17:23:42 INFO dataset: Stage1 intent=Healthcare created=1 total=290
2026-04-19 17:23:42 INFO dataset: Stage1 intent=Legal created=1 total=291
2026-04-19 17:23:42 ERROR dataset: Stage1 parse error intent=Real Estate: Unterminated string starting at: line 3 column 19 (char 24)
2026-04-19 17:23:42 INFO dataset: Stage1 intent=Career created=1 total=291
2026-04-19 17:23:42 INFO dataset: Stage1 intent=Food and Dining created=1 total=284
2026-04-19 17:23:42 INFO dataset: Stage1 intent=Home Services created=1 total=290
2026-04-19 17:23:42 INFO dataset: Stage1 intent=Automotive created=1 total=286
2026-04-19 17:27:23 INFO dataset: Stage1 intent=Information Retrieval created=1 total=282
2026-04-19 17:27:23 INFO dataset: Stage1 intent=Entertainment created=1 total=284
2026-04-19 17:27:23 INFO dataset: Stage1 intent=product_lookup created=1 total=275
2026-04-19 17:27:23 INFO dataset: Stage1 intent=Booking created=1 total=286
2026-04-19 17:27:23 INFO dataset: Stage1 intent=weather created=1 total=287
2026-04-19 17:27:23 INFO dataset: Stage1 intent=data visualisation created=1 total=284
2026-04-19 17:27:23 INFO dataset: Stage1 intent=Planning created=1 total=292
2026-04-19 17:27:23 INFO dataset: Stage1 intent=productivity created=1 total=291
2026-04-19 17:27:23 INFO dataset: Stage1 intent=Recipe created=1 total=291
2026-04-19 17:27:23 INFO dataset: Stage1 intent=Localization created=1 total=276
2026-04-19 17:27:23 INFO dataset: Stage1 intent=Technical support created=1 total=292
2026-04-19 17:27:23 INFO dataset: Stage1 intent=Creating Writing created=1 total=292
2026-04-19 17:27:23 INFO dataset: Stage1 intent=Event Schedule created=1 total=272
2026-04-19 17:27:23 INFO dataset: Stage1 intent=Research Analysis created=1 total=282
2026-04-19 17:27:23 INFO dataset: Stage1 intent=Comparison created=1 total=282
2026-04-19 17:27:23 INFO dataset: Stage1 intent=calculation created=1 total=290
2026-04-19 17:27:23 INFO dataset: Stage1 intent=Travel created=1 total=291
2026-04-19 17:27:23 INFO dataset: Stage1 intent=Navigation created=1 total=287
2026-04-19 17:27:23 INFO dataset: Stage1 intent=Education created=1 total=290
2026-04-19 17:27:23 INFO dataset: Stage1 intent=Documentation created=1 total=289
2026-04-19 17:27:23 INFO dataset: Stage1 intent=media playback created=1 total=277
2026-04-19 17:27:23 INFO dataset: Stage1 intent=qr scanner created=1 total=286
2026-04-19 17:27:23 INFO dataset: Stage1 intent=status check created=1 total=280
2026-04-19 17:27:23 INFO dataset: Stage1 intent=notification created=1 total=282
2026-04-19 17:27:23 INFO dataset: Stage1 intent=Finance created=1 total=291
2026-04-19 17:27:23 INFO dataset: Stage1 intent=Healthcare created=1 total=291
2026-04-19 17:27:23 INFO dataset: Stage1 intent=Legal created=1 total=292
2026-04-19 17:27:23 INFO dataset: Stage1 intent=Real Estate created=1 total=287
2026-04-19 17:27:23 INFO dataset: Stage1 intent=Career created=1 total=292
2026-04-19 17:27:23 INFO dataset: Stage1 intent=Food and Dining created=1 total=285
2026-04-19 17:27:23 INFO dataset: Stage1 intent=Home Services created=1 total=291
2026-04-19 17:27:23 INFO dataset: Stage1 intent=Automotive created=1 total=287
2026-04-19 17:30:47 INFO dataset: Stage1 intent=Information Retrieval created=1 total=283
2026-04-19 17:30:47 INFO dataset: Stage1 intent=Entertainment created=1 total=285
2026-04-19 17:30:47 INFO dataset: Stage1 intent=product_lookup created=1 total=276
2026-04-19 17:30:47 INFO dataset: Stage1 intent=Booking created=1 total=287
2026-04-19 17:30:47 INFO dataset: Stage1 intent=weather created=1 total=288
2026-04-19 17:30:47 INFO dataset: Stage1 intent=data visualisation created=1 total=285
2026-04-19 17:30:47 INFO dataset: Stage1 intent=Planning created=1 total=293
2026-04-19 17:30:47 INFO dataset: Stage1 intent=productivity created=1 total=292
2026-04-19 17:30:47 INFO dataset: Stage1 intent=Recipe created=1 total=292
2026-04-19 17:30:47 INFO dataset: Stage1 intent=Localization created=1 total=277
2026-04-19 17:30:47 INFO dataset: Stage1 intent=Technical support created=1 total=293
2026-04-19 17:30:47 INFO dataset: Stage1 intent=Creating Writing created=1 total=293
2026-04-19 17:30:47 INFO dataset: Stage1 intent=Event Schedule created=1 total=273
2026-04-19 17:30:47 INFO dataset: Stage1 intent=Research Analysis created=1 total=283
2026-04-19 17:30:47 INFO dataset: Stage1 intent=Comparison created=1 total=283
2026-04-19 17:30:47 INFO dataset: Stage1 intent=calculation created=1 total=291
2026-04-19 17:30:47 INFO dataset: Stage1 intent=Travel created=1 total=292
2026-04-19 17:30:47 INFO dataset: Stage1 intent=Navigation created=1 total=288
2026-04-19 17:30:47 INFO dataset: Stage1 intent=Education created=1 total=291
2026-04-19 17:30:47 INFO dataset: Stage1 intent=Documentation created=1 total=290
2026-04-19 17:30:47 INFO dataset: Stage1 intent=media playback created=1 total=278
2026-04-19 17:30:47 INFO dataset: Stage1 intent=qr scanner created=1 total=287
2026-04-19 17:30:47 INFO dataset: Stage1 intent=status check created=1 total=281
2026-04-19 17:30:47 INFO dataset: Stage1 intent=notification created=1 total=283
2026-04-19 17:30:47 INFO dataset: Stage1 intent=Finance created=1 total=292
2026-04-19 17:30:47 INFO dataset: Stage1 intent=Healthcare created=1 total=292
2026-04-19 17:30:47 INFO dataset: Stage1 intent=Legal created=1 total=293
2026-04-19 17:30:47 INFO dataset: Stage1 intent=Real Estate created=1 total=288
2026-04-19 17:30:47 INFO dataset: Stage1 intent=Career created=1 total=293
2026-04-19 17:30:47 INFO dataset: Stage1 intent=Food and Dining created=1 total=286
2026-04-19 17:30:47 INFO dataset: Stage1 intent=Home Services created=1 total=292
2026-04-19 17:30:47 INFO dataset: Stage1 intent=Automotive created=1 total=288
2026-04-19 17:34:08 INFO dataset: Stage1 intent=Information Retrieval created=1 total=284
2026-04-19 17:34:08 INFO dataset: Stage1 intent=Entertainment created=1 total=286
2026-04-19 17:34:08 INFO dataset: Stage1 intent=product_lookup created=1 total=277
2026-04-19 17:34:08 INFO dataset: Stage1 intent=Booking created=1 total=288
2026-04-19 17:34:08 INFO dataset: Stage1 intent=weather created=1 total=289
2026-04-19 17:34:08 INFO dataset: Stage1 intent=data visualisation created=1 total=286
2026-04-19 17:34:08 INFO dataset: Stage1 intent=Planning created=1 total=294
2026-04-19 17:34:08 INFO dataset: Stage1 intent=productivity created=1 total=293
2026-04-19 17:34:08 INFO dataset: Stage1 intent=Recipe created=1 total=293
2026-04-19 17:34:08 INFO dataset: Stage1 intent=Localization created=1 total=278
2026-04-19 17:34:08 INFO dataset: Stage1 intent=Technical support created=1 total=294
2026-04-19 17:34:08 INFO dataset: Stage1 intent=Creating Writing created=1 total=294
2026-04-19 17:34:08 INFO dataset: Stage1 intent=Event Schedule created=1 total=274
2026-04-19 17:34:08 INFO dataset: Stage1 intent=Research Analysis created=1 total=284
2026-04-19 17:34:08 INFO dataset: Stage1 intent=Comparison created=1 total=284
2026-04-19 17:34:08 INFO dataset: Stage1 intent=calculation created=1 total=292
2026-04-19 17:34:08 INFO dataset: Stage1 intent=Travel created=1 total=293
2026-04-19 17:34:08 INFO dataset: Stage1 intent=Navigation created=1 total=289
2026-04-19 17:34:08 INFO dataset: Stage1 intent=Education created=1 total=292
2026-04-19 17:34:08 INFO dataset: Stage1 intent=Documentation created=1 total=291
2026-04-19 17:34:08 INFO dataset: Stage1 intent=media playback created=1 total=279
2026-04-19 17:34:08 INFO dataset: Stage1 intent=qr scanner created=1 total=288
2026-04-19 17:34:08 INFO dataset: Stage1 intent=status check created=1 total=282
2026-04-19 17:34:08 INFO dataset: Stage1 intent=notification created=1 total=284
2026-04-19 17:34:08 INFO dataset: Stage1 intent=Finance created=1 total=293
2026-04-19 17:34:08 INFO dataset: Stage1 intent=Healthcare created=1 total=293
2026-04-19 17:34:08 INFO dataset: Stage1 intent=Legal created=1 total=294
2026-04-19 17:34:08 INFO dataset: Stage1 intent=Real Estate created=1 total=289
2026-04-19 17:34:08 INFO dataset: Stage1 intent=Career created=1 total=294
2026-04-19 17:34:08 INFO dataset: Stage1 intent=Food and Dining created=1 total=287
2026-04-19 17:34:08 INFO dataset: Stage1 intent=Home Services created=1 total=293
2026-04-19 17:34:08 INFO dataset: Stage1 intent=Automotive created=1 total=289
2026-04-19 17:37:38 INFO dataset: Stage1 intent=Information Retrieval created=1 total=285
2026-04-19 17:37:38 INFO dataset: Stage1 intent=Entertainment created=1 total=287
2026-04-19 17:37:38 INFO dataset: Stage1 intent=product_lookup created=1 total=278
2026-04-19 17:37:38 INFO dataset: Stage1 intent=Booking created=1 total=289
2026-04-19 17:37:38 INFO dataset: Stage1 intent=weather created=1 total=290
2026-04-19 17:37:38 INFO dataset: Stage1 intent=data visualisation created=1 total=287
2026-04-19 17:37:38 INFO dataset: Stage1 intent=Planning created=1 total=295
2026-04-19 17:37:38 INFO dataset: Stage1 intent=productivity created=1 total=294
2026-04-19 17:37:38 INFO dataset: Stage1 intent=Recipe created=1 total=294
2026-04-19 17:37:38 INFO dataset: Stage1 intent=Localization created=1 total=279
2026-04-19 17:37:38 INFO dataset: Stage1 intent=Technical support created=1 total=295
2026-04-19 17:37:38 INFO dataset: Stage1 intent=Creating Writing created=1 total=295
2026-04-19 17:37:38 INFO dataset: Stage1 intent=Event Schedule created=1 total=275
2026-04-19 17:37:38 INFO dataset: Stage1 intent=Research Analysis created=1 total=285
2026-04-19 17:37:38 INFO dataset: Stage1 intent=Comparison created=1 total=285
2026-04-19 17:37:38 INFO dataset: Stage1 intent=calculation created=1 total=293
2026-04-19 17:37:38 INFO dataset: Stage1 intent=Travel created=1 total=294
2026-04-19 17:37:38 INFO dataset: Stage1 intent=Navigation created=1 total=290
2026-04-19 17:37:38 INFO dataset: Stage1 intent=Education created=1 total=293
2026-04-19 17:37:38 INFO dataset: Stage1 intent=Documentation created=1 total=292
2026-04-19 17:37:38 ERROR dataset: Stage1 parse error intent=media playback: Unterminated string starting at: line 3 column 19 (char 24)
2026-04-19 17:37:38 INFO dataset: Stage1 intent=qr scanner created=1 total=289
2026-04-19 17:37:38 INFO dataset: Stage1 intent=status check created=1 total=283
2026-04-19 17:37:38 INFO dataset: Stage1 intent=notification created=1 total=285
2026-04-19 17:37:38 INFO dataset: Stage1 intent=Finance created=1 total=294
2026-04-19 17:37:38 INFO dataset: Stage1 intent=Healthcare created=1 total=294
2026-04-19 17:37:38 INFO dataset: Stage1 intent=Legal created=1 total=295
2026-04-19 17:37:38 INFO dataset: Stage1 intent=Real Estate created=1 total=290
2026-04-19 17:37:38 INFO dataset: Stage1 intent=Career created=1 total=295
2026-04-19 17:37:38 INFO dataset: Stage1 intent=Food and Dining created=1 total=288
2026-04-19 17:37:38 INFO dataset: Stage1 intent=Home Services created=1 total=294
2026-04-19 17:37:38 INFO dataset: Stage1 intent=Automotive created=1 total=290
2026-04-19 17:41:08 INFO dataset: Stage1 intent=Information Retrieval created=1 total=286
2026-04-19 17:41:08 INFO dataset: Stage1 intent=Entertainment created=1 total=288
2026-04-19 17:41:08 INFO dataset: Stage1 intent=product_lookup created=1 total=279
2026-04-19 17:41:08 INFO dataset: Stage1 intent=Booking created=1 total=290
2026-04-19 17:41:08 INFO dataset: Stage1 intent=weather created=1 total=291
2026-04-19 17:41:08 INFO dataset: Stage1 intent=data visualisation created=1 total=288
2026-04-19 17:41:08 INFO dataset: Stage1 intent=Planning created=1 total=296
2026-04-19 17:41:08 INFO dataset: Stage1 intent=productivity created=1 total=295
2026-04-19 17:41:08 INFO dataset: Stage1 intent=Recipe created=1 total=295
2026-04-19 17:41:08 INFO dataset: Stage1 intent=Localization created=1 total=280
2026-04-19 17:41:08 INFO dataset: Stage1 intent=Technical support created=1 total=296
2026-04-19 17:41:08 INFO dataset: Stage1 intent=Creating Writing created=1 total=296
2026-04-19 17:41:08 INFO dataset: Stage1 intent=Event Schedule created=1 total=276
2026-04-19 17:41:08 INFO dataset: Stage1 intent=Research Analysis created=1 total=286
2026-04-19 17:41:08 INFO dataset: Stage1 intent=Comparison created=1 total=286
2026-04-19 17:41:08 INFO dataset: Stage1 intent=calculation created=1 total=294
2026-04-19 17:41:08 INFO dataset: Stage1 intent=Travel created=1 total=295
2026-04-19 17:41:08 INFO dataset: Stage1 intent=Navigation created=1 total=291
2026-04-19 17:41:08 INFO dataset: Stage1 intent=Education created=1 total=294
2026-04-19 17:41:08 INFO dataset: Stage1 intent=Documentation created=1 total=293
2026-04-19 17:41:08 INFO dataset: Stage1 intent=media playback created=1 total=280
2026-04-19 17:41:08 INFO dataset: Stage1 intent=qr scanner created=1 total=290
2026-04-19 17:41:08 INFO dataset: Stage1 intent=status check created=1 total=284
2026-04-19 17:41:08 INFO dataset: Stage1 intent=notification created=1 total=286
2026-04-19 17:41:08 INFO dataset: Stage1 intent=Finance created=1 total=295
2026-04-19 17:41:08 INFO dataset: Stage1 intent=Healthcare created=1 total=295
2026-04-19 17:41:08 INFO dataset: Stage1 intent=Legal created=1 total=296
2026-04-19 17:41:08 INFO dataset: Stage1 intent=Real Estate created=1 total=291
2026-04-19 17:41:08 INFO dataset: Stage1 intent=Career created=1 total=296
2026-04-19 17:41:08 INFO dataset: Stage1 intent=Food and Dining created=1 total=289
2026-04-19 17:41:08 INFO dataset: Stage1 intent=Home Services created=1 total=295
2026-04-19 17:41:08 INFO dataset: Stage1 intent=Automotive created=1 total=291
2026-04-19 17:44:29 INFO dataset: Stage1 intent=Information Retrieval created=1 total=287
2026-04-19 17:44:29 INFO dataset: Stage1 intent=Entertainment created=1 total=289
2026-04-19 17:44:29 INFO dataset: Stage1 intent=product_lookup created=1 total=280
2026-04-19 17:44:29 INFO dataset: Stage1 intent=Booking created=1 total=291
2026-04-19 17:44:29 INFO dataset: Stage1 intent=weather created=1 total=292
2026-04-19 17:44:29 INFO dataset: Stage1 intent=data visualisation created=1 total=289
2026-04-19 17:44:29 INFO dataset: Stage1 intent=Planning created=1 total=297
2026-04-19 17:44:29 INFO dataset: Stage1 intent=productivity created=1 total=296
2026-04-19 17:44:29 INFO dataset: Stage1 intent=Recipe created=1 total=296
2026-04-19 17:44:29 INFO dataset: Stage1 intent=Localization created=1 total=281
2026-04-19 17:44:29 INFO dataset: Stage1 intent=Technical support created=1 total=297
2026-04-19 17:44:29 INFO dataset: Stage1 intent=Creating Writing created=1 total=297
2026-04-19 17:44:29 INFO dataset: Stage1 intent=Event Schedule created=1 total=277
2026-04-19 17:44:29 INFO dataset: Stage1 intent=Research Analysis created=1 total=287
2026-04-19 17:44:29 INFO dataset: Stage1 intent=Comparison created=1 total=287
2026-04-19 17:44:29 INFO dataset: Stage1 intent=calculation created=1 total=295
2026-04-19 17:44:29 INFO dataset: Stage1 intent=Travel created=1 total=296
2026-04-19 17:44:29 INFO dataset: Stage1 intent=Navigation created=1 total=292
2026-04-19 17:44:29 INFO dataset: Stage1 intent=Education created=1 total=295
2026-04-19 17:44:29 INFO dataset: Stage1 intent=Documentation created=1 total=294
2026-04-19 17:44:29 INFO dataset: Stage1 intent=media playback created=1 total=281
2026-04-19 17:44:29 INFO dataset: Stage1 intent=qr scanner created=1 total=291
2026-04-19 17:44:29 INFO dataset: Stage1 intent=status check created=1 total=285
2026-04-19 17:44:29 INFO dataset: Stage1 intent=notification created=1 total=287
2026-04-19 17:44:29 INFO dataset: Stage1 intent=Finance created=1 total=296
2026-04-19 17:44:29 INFO dataset: Stage1 intent=Healthcare created=1 total=296
2026-04-19 17:44:29 INFO dataset: Stage1 intent=Legal created=1 total=297
2026-04-19 17:44:29 INFO dataset: Stage1 intent=Real Estate created=1 total=292
2026-04-19 17:44:29 INFO dataset: Stage1 intent=Career created=1 total=297
2026-04-19 17:44:29 INFO dataset: Stage1 intent=Food and Dining created=1 total=290
2026-04-19 17:44:29 INFO dataset: Stage1 intent=Home Services created=1 total=296
2026-04-19 17:44:29 INFO dataset: Stage1 intent=Automotive created=1 total=292
2026-04-19 17:48:16 INFO dataset: Stage1 intent=Information Retrieval created=1 total=288
2026-04-19 17:48:16 ERROR dataset: Stage1 parse error intent=Entertainment: Unterminated string starting at: line 3 column 19 (char 24)
2026-04-19 17:48:16 INFO dataset: Stage1 intent=product_lookup created=1 total=281
2026-04-19 17:48:16 INFO dataset: Stage1 intent=Booking created=1 total=292
2026-04-19 17:48:16 INFO dataset: Stage1 intent=weather created=1 total=293
2026-04-19 17:48:16 INFO dataset: Stage1 intent=data visualisation created=1 total=290
2026-04-19 17:48:16 INFO dataset: Stage1 intent=Planning created=1 total=298
2026-04-19 17:48:16 INFO dataset: Stage1 intent=productivity created=1 total=297
2026-04-19 17:48:16 INFO dataset: Stage1 intent=Recipe created=1 total=297
2026-04-19 17:48:16 ERROR dataset: Stage1 parse error intent=Localization: Unterminated string starting at: line 3 column 19 (char 24)
2026-04-19 17:48:16 INFO dataset: Stage1 intent=Technical support created=1 total=298
2026-04-19 17:48:16 INFO dataset: Stage1 intent=Creating Writing created=1 total=298
2026-04-19 17:48:16 INFO dataset: Stage1 intent=Event Schedule created=1 total=278
2026-04-19 17:48:16 INFO dataset: Stage1 intent=Research Analysis created=1 total=288
2026-04-19 17:48:16 INFO dataset: Stage1 intent=Comparison created=1 total=288
2026-04-19 17:48:16 INFO dataset: Stage1 intent=calculation created=1 total=296
2026-04-19 17:48:16 INFO dataset: Stage1 intent=Travel created=1 total=297
2026-04-19 17:48:16 INFO dataset: Stage1 intent=Navigation created=1 total=293
2026-04-19 17:48:16 INFO dataset: Stage1 intent=Education created=1 total=296
2026-04-19 17:48:16 INFO dataset: Stage1 intent=Documentation created=1 total=295
2026-04-19 17:48:16 INFO dataset: Stage1 intent=media playback created=1 total=282
2026-04-19 17:48:16 INFO dataset: Stage1 intent=qr scanner created=1 total=292
2026-04-19 17:48:16 INFO dataset: Stage1 intent=status check created=1 total=286
2026-04-19 17:48:16 INFO dataset: Stage1 intent=notification created=1 total=288
2026-04-19 17:48:16 INFO dataset: Stage1 intent=Finance created=1 total=297
2026-04-19 17:48:16 INFO dataset: Stage1 intent=Healthcare created=1 total=297
2026-04-19 17:48:16 INFO dataset: Stage1 intent=Legal created=1 total=298
2026-04-19 17:48:16 INFO dataset: Stage1 intent=Real Estate created=1 total=293
2026-04-19 17:48:16 INFO dataset: Stage1 intent=Career created=1 total=298
2026-04-19 17:48:16 INFO dataset: Stage1 intent=Food and Dining created=1 total=291
2026-04-19 17:48:16 INFO dataset: Stage1 intent=Home Services created=1 total=297
2026-04-19 17:48:16 INFO dataset: Stage1 intent=Automotive created=1 total=293
2026-04-19 17:51:44 INFO dataset: Stage1 intent=Information Retrieval created=1 total=289
2026-04-19 17:51:44 INFO dataset: Stage1 intent=Entertainment created=1 total=290
2026-04-19 17:51:44 INFO dataset: Stage1 intent=product_lookup created=1 total=282
2026-04-19 17:51:44 INFO dataset: Stage1 intent=Booking created=1 total=293
2026-04-19 17:51:44 INFO dataset: Stage1 intent=weather created=1 total=294
2026-04-19 17:51:44 INFO dataset: Stage1 intent=data visualisation created=1 total=291
2026-04-19 17:51:44 INFO dataset: Stage1 intent=Planning created=1 total=299
2026-04-19 17:51:44 INFO dataset: Stage1 intent=productivity created=1 total=298
2026-04-19 17:51:44 INFO dataset: Stage1 intent=Recipe created=1 total=298
2026-04-19 17:51:44 INFO dataset: Stage1 intent=Localization created=1 total=282
2026-04-19 17:51:44 INFO dataset: Stage1 intent=Technical support created=1 total=299
2026-04-19 17:51:44 INFO dataset: Stage1 intent=Creating Writing created=1 total=299
2026-04-19 17:51:44 INFO dataset: Stage1 intent=Event Schedule created=1 total=279
2026-04-19 17:51:44 INFO dataset: Stage1 intent=Research Analysis created=1 total=289
2026-04-19 17:51:44 INFO dataset: Stage1 intent=Comparison created=1 total=289
2026-04-19 17:51:44 INFO dataset: Stage1 intent=calculation created=1 total=297
2026-04-19 17:51:44 INFO dataset: Stage1 intent=Travel created=1 total=298
2026-04-19 17:51:44 INFO dataset: Stage1 intent=Navigation created=1 total=294
2026-04-19 17:51:44 INFO dataset: Stage1 intent=Education created=1 total=297
2026-04-19 17:51:44 INFO dataset: Stage1 intent=Documentation created=1 total=296
2026-04-19 17:51:44 ERROR dataset: Stage1 parse error intent=media playback: Empty text
2026-04-19 17:51:44 INFO dataset: Stage1 intent=qr scanner created=1 total=293
2026-04-19 17:51:44 INFO dataset: Stage1 intent=status check created=1 total=287
2026-04-19 17:51:44 INFO dataset: Stage1 intent=notification created=1 total=289
2026-04-19 17:51:44 INFO dataset: Stage1 intent=Finance created=1 total=298
2026-04-19 17:51:44 INFO dataset: Stage1 intent=Healthcare created=1 total=298
2026-04-19 17:51:44 INFO dataset: Stage1 intent=Legal created=1 total=299
2026-04-19 17:51:44 INFO dataset: Stage1 intent=Real Estate created=1 total=294
2026-04-19 17:51:44 INFO dataset: Stage1 intent=Career created=1 total=299
2026-04-19 17:51:44 INFO dataset: Stage1 intent=Food and Dining created=1 total=292
2026-04-19 17:51:44 INFO dataset: Stage1 intent=Home Services created=1 total=298
2026-04-19 17:51:44 INFO dataset: Stage1 intent=Automotive created=1 total=294
2026-04-19 17:55:11 INFO dataset: Stage1 intent=Information Retrieval created=1 total=290
2026-04-19 17:55:11 INFO dataset: Stage1 intent=Entertainment created=1 total=291
2026-04-19 17:55:11 INFO dataset: Stage1 intent=product_lookup created=1 total=283
2026-04-19 17:55:11 INFO dataset: Stage1 intent=Booking created=1 total=294
2026-04-19 17:55:12 INFO dataset: Stage1 intent=weather created=1 total=295
2026-04-19 17:55:12 INFO dataset: Stage1 intent=data visualisation created=1 total=292
2026-04-19 17:55:12 INFO dataset: Stage1 intent=Planning created=1 total=300
2026-04-19 17:55:12 INFO dataset: Stage1 intent=productivity created=1 total=299
2026-04-19 17:55:12 INFO dataset: Stage1 intent=Recipe created=1 total=299
2026-04-19 17:55:12 INFO dataset: Stage1 intent=Localization created=1 total=283
2026-04-19 17:55:12 INFO dataset: Stage1 intent=Technical support created=1 total=300
2026-04-19 17:55:12 INFO dataset: Stage1 intent=Creating Writing created=1 total=300
2026-04-19 17:55:12 INFO dataset: Stage1 intent=Event Schedule created=1 total=280
2026-04-19 17:55:12 INFO dataset: Stage1 intent=Research Analysis created=1 total=290
2026-04-19 17:55:12 INFO dataset: Stage1 intent=Comparison created=1 total=290
2026-04-19 17:55:12 INFO dataset: Stage1 intent=calculation created=1 total=298
2026-04-19 17:55:12 INFO dataset: Stage1 intent=Travel created=1 total=299
2026-04-19 17:55:12 INFO dataset: Stage1 intent=Navigation created=1 total=295
2026-04-19 17:55:12 INFO dataset: Stage1 intent=Education created=1 total=298
2026-04-19 17:55:12 INFO dataset: Stage1 intent=Documentation created=1 total=297
2026-04-19 17:55:12 ERROR dataset: Stage1 parse error intent=media playback: Unterminated string starting at: line 3 column 19 (char 24)
2026-04-19 17:55:12 INFO dataset: Stage1 intent=qr scanner created=1 total=294
2026-04-19 17:55:12 INFO dataset: Stage1 intent=status check created=1 total=288
2026-04-19 17:55:12 INFO dataset: Stage1 intent=notification created=1 total=290
2026-04-19 17:55:12 INFO dataset: Stage1 intent=Finance created=1 total=299
2026-04-19 17:55:12 INFO dataset: Stage1 intent=Healthcare created=1 total=299
2026-04-19 17:55:12 INFO dataset: Stage1 intent=Legal created=1 total=300
2026-04-19 17:55:12 INFO dataset: Stage1 intent=Real Estate created=1 total=295
2026-04-19 17:55:12 INFO dataset: Stage1 intent=Career created=1 total=300
2026-04-19 17:55:12 INFO dataset: Stage1 intent=Food and Dining created=1 total=293
2026-04-19 17:55:12 INFO dataset: Stage1 intent=Home Services created=1 total=299
2026-04-19 17:55:12 INFO dataset: Stage1 intent=Automotive created=1 total=295
2026-04-19 17:58:41 INFO dataset: Stage1 intent=Information Retrieval created=1 total=291
2026-04-19 17:58:41 INFO dataset: Stage1 intent=Entertainment created=1 total=292
2026-04-19 17:58:41 INFO dataset: Stage1 intent=product_lookup created=1 total=284
2026-04-19 17:58:41 INFO dataset: Stage1 intent=Booking created=1 total=295
2026-04-19 17:58:41 INFO dataset: Stage1 intent=weather created=1 total=296
2026-04-19 17:58:41 INFO dataset: Stage1 intent=data visualisation created=1 total=293
2026-04-19 17:58:41 INFO dataset: Stage1 intent=Planning created=1 total=301
2026-04-19 17:58:41 INFO dataset: Stage1 intent=productivity created=1 total=300
2026-04-19 17:58:41 INFO dataset: Stage1 intent=Recipe created=1 total=300
2026-04-19 17:58:41 INFO dataset: Stage1 intent=Localization created=1 total=284
2026-04-19 17:58:41 INFO dataset: Stage1 intent=Technical support created=1 total=301
2026-04-19 17:58:41 INFO dataset: Stage1 intent=Creating Writing created=1 total=301
2026-04-19 17:58:41 INFO dataset: Stage1 intent=Event Schedule created=1 total=281
2026-04-19 17:58:41 INFO dataset: Stage1 intent=Research Analysis created=1 total=291
2026-04-19 17:58:41 INFO dataset: Stage1 intent=Comparison created=1 total=291
2026-04-19 17:58:41 INFO dataset: Stage1 intent=calculation created=1 total=299
2026-04-19 17:58:41 INFO dataset: Stage1 intent=Travel created=1 total=300
2026-04-19 17:58:41 INFO dataset: Stage1 intent=Navigation created=1 total=296
2026-04-19 17:58:41 INFO dataset: Stage1 intent=Education created=1 total=299
2026-04-19 17:58:41 INFO dataset: Stage1 intent=Documentation created=1 total=298
2026-04-19 17:58:41 INFO dataset: Stage1 intent=media playback created=1 total=283
2026-04-19 17:58:41 INFO dataset: Stage1 intent=qr scanner created=1 total=295
2026-04-19 17:58:41 INFO dataset: Stage1 intent=status check created=1 total=289
2026-04-19 17:58:41 INFO dataset: Stage1 intent=notification created=1 total=291
2026-04-19 17:58:41 INFO dataset: Stage1 intent=Finance created=1 total=300
2026-04-19 17:58:41 INFO dataset: Stage1 intent=Healthcare created=1 total=300
2026-04-19 17:58:41 INFO dataset: Stage1 intent=Legal created=1 total=301
2026-04-19 17:58:41 INFO dataset: Stage1 intent=Real Estate created=1 total=296
2026-04-19 17:58:41 INFO dataset: Stage1 intent=Career created=1 total=301
2026-04-19 17:58:41 INFO dataset: Stage1 intent=Food and Dining created=1 total=294
2026-04-19 17:58:41 INFO dataset: Stage1 intent=Home Services created=1 total=300
2026-04-19 17:58:41 INFO dataset: Stage1 intent=Automotive created=1 total=296
2026-04-19 18:02:21 INFO dataset: Stage1 intent=Information Retrieval created=1 total=292
2026-04-19 18:02:21 INFO dataset: Stage1 intent=Entertainment created=1 total=293
2026-04-19 18:02:21 INFO dataset: Stage1 intent=product_lookup created=1 total=285
2026-04-19 18:02:21 INFO dataset: Stage1 intent=Booking created=1 total=296
2026-04-19 18:02:21 INFO dataset: Stage1 intent=weather created=1 total=297
2026-04-19 18:02:21 INFO dataset: Stage1 intent=data visualisation created=1 total=294
2026-04-19 18:02:21 INFO dataset: Stage1 intent=Planning created=1 total=302
2026-04-19 18:02:21 INFO dataset: Stage1 intent=productivity created=1 total=301
2026-04-19 18:02:21 INFO dataset: Stage1 intent=Recipe created=1 total=301
2026-04-19 18:02:21 ERROR dataset: Stage1 parse error intent=Localization: Unterminated string starting at: line 3 column 19 (char 24)
2026-04-19 18:02:21 INFO dataset: Stage1 intent=Technical support created=1 total=302
2026-04-19 18:02:21 INFO dataset: Stage1 intent=Creating Writing created=1 total=302
2026-04-19 18:02:21 INFO dataset: Stage1 intent=Event Schedule created=1 total=282
2026-04-19 18:02:21 INFO dataset: Stage1 intent=Research Analysis created=1 total=292
2026-04-19 18:02:21 ERROR dataset: Stage1 parse error intent=Comparison: Unterminated string starting at: line 3 column 19 (char 24)
2026-04-19 18:02:21 INFO dataset: Stage1 intent=calculation created=1 total=300
2026-04-19 18:02:21 INFO dataset: Stage1 intent=Travel created=1 total=301
2026-04-19 18:02:21 INFO dataset: Stage1 intent=Navigation created=1 total=297
2026-04-19 18:02:21 INFO dataset: Stage1 intent=Education created=1 total=300
2026-04-19 18:02:21 INFO dataset: Stage1 intent=Documentation created=1 total=299
2026-04-19 18:02:21 INFO dataset: Stage1 intent=media playback created=1 total=284
2026-04-19 18:02:21 INFO dataset: Stage1 intent=qr scanner created=1 total=296
2026-04-19 18:02:21 INFO dataset: Stage1 intent=status check created=1 total=290
2026-04-19 18:02:21 INFO dataset: Stage1 intent=notification created=1 total=292
2026-04-19 18:02:21 INFO dataset: Stage1 intent=Finance created=1 total=301
2026-04-19 18:02:21 INFO dataset: Stage1 intent=Healthcare created=1 total=301
2026-04-19 18:02:21 INFO dataset: Stage1 intent=Legal created=1 total=302
2026-04-19 18:02:21 INFO dataset: Stage1 intent=Real Estate created=1 total=297
2026-04-19 18:02:21 INFO dataset: Stage1 intent=Career created=1 total=302
2026-04-19 18:02:21 INFO dataset: Stage1 intent=Food and Dining created=1 total=295
2026-04-19 18:02:21 INFO dataset: Stage1 intent=Home Services created=1 total=301
2026-04-19 18:02:21 INFO dataset: Stage1 intent=Automotive created=1 total=297
2026-04-19 18:05:44 INFO dataset: Stage1 intent=Information Retrieval created=1 total=293
2026-04-19 18:05:44 INFO dataset: Stage1 intent=Entertainment created=1 total=294
2026-04-19 18:05:44 INFO dataset: Stage1 intent=product_lookup created=1 total=286
2026-04-19 18:05:44 INFO dataset: Stage1 intent=Booking created=1 total=297
2026-04-19 18:05:44 INFO dataset: Stage1 intent=weather created=1 total=298
2026-04-19 18:05:44 INFO dataset: Stage1 intent=data visualisation created=1 total=295
2026-04-19 18:05:44 INFO dataset: Stage1 intent=Planning created=1 total=303
2026-04-19 18:05:44 INFO dataset: Stage1 intent=productivity created=1 total=302
2026-04-19 18:05:44 INFO dataset: Stage1 intent=Recipe created=1 total=302
2026-04-19 18:05:44 INFO dataset: Stage1 intent=Localization created=1 total=285
2026-04-19 18:05:44 INFO dataset: Stage1 intent=Technical support created=1 total=303
2026-04-19 18:05:44 INFO dataset: Stage1 intent=Creating Writing created=1 total=303
2026-04-19 18:05:44 INFO dataset: Stage1 intent=Event Schedule created=1 total=283
2026-04-19 18:05:44 INFO dataset: Stage1 intent=Research Analysis created=1 total=293
2026-04-19 18:05:44 INFO dataset: Stage1 intent=Comparison created=1 total=292
2026-04-19 18:05:44 INFO dataset: Stage1 intent=calculation created=1 total=301
2026-04-19 18:05:44 INFO dataset: Stage1 intent=Travel created=1 total=302
2026-04-19 18:05:44 INFO dataset: Stage1 intent=Navigation created=1 total=298
2026-04-19 18:05:44 INFO dataset: Stage1 intent=Education created=1 total=301
2026-04-19 18:05:44 INFO dataset: Stage1 intent=Documentation created=1 total=300
2026-04-19 18:05:44 INFO dataset: Stage1 intent=media playback created=1 total=285
2026-04-19 18:05:44 INFO dataset: Stage1 intent=qr scanner created=1 total=297
2026-04-19 18:05:44 INFO dataset: Stage1 intent=status check created=1 total=291
2026-04-19 18:05:44 INFO dataset: Stage1 intent=notification created=1 total=293
2026-04-19 18:05:44 INFO dataset: Stage1 intent=Finance created=1 total=302
2026-04-19 18:05:44 INFO dataset: Stage1 intent=Healthcare created=1 total=302
2026-04-19 18:05:44 INFO dataset: Stage1 intent=Legal created=1 total=303
2026-04-19 18:05:44 INFO dataset: Stage1 intent=Real Estate created=1 total=298
2026-04-19 18:05:44 INFO dataset: Stage1 intent=Career created=1 total=303
2026-04-19 18:05:44 INFO dataset: Stage1 intent=Food and Dining created=1 total=296
2026-04-19 18:05:44 INFO dataset: Stage1 intent=Home Services created=1 total=302
2026-04-19 18:05:44 INFO dataset: Stage1 intent=Automotive created=1 total=298
2026-04-19 18:09:26 INFO dataset: Stage1 intent=Information Retrieval created=1 total=294
2026-04-19 18:09:26 INFO dataset: Stage1 intent=Entertainment created=1 total=295
2026-04-19 18:09:26 INFO dataset: Stage1 intent=product_lookup created=1 total=287
2026-04-19 18:09:26 INFO dataset: Stage1 intent=Booking created=1 total=298
2026-04-19 18:09:26 INFO dataset: Stage1 intent=weather created=1 total=299
2026-04-19 18:09:26 INFO dataset: Stage1 intent=data visualisation created=1 total=296
2026-04-19 18:09:26 INFO dataset: Stage1 intent=Planning created=1 total=304
2026-04-19 18:09:26 INFO dataset: Stage1 intent=productivity created=1 total=303
2026-04-19 18:09:26 INFO dataset: Stage1 intent=Recipe created=1 total=303
2026-04-19 18:09:26 INFO dataset: Stage1 intent=Localization created=1 total=286
2026-04-19 18:09:26 INFO dataset: Stage1 intent=Technical support created=1 total=304
2026-04-19 18:09:26 INFO dataset: Stage1 intent=Creating Writing created=1 total=304
2026-04-19 18:09:26 INFO dataset: Stage1 intent=Event Schedule created=1 total=284
2026-04-19 18:09:26 INFO dataset: Stage1 intent=Research Analysis created=1 total=294
2026-04-19 18:09:26 INFO dataset: Stage1 intent=Comparison created=1 total=293
2026-04-19 18:09:26 INFO dataset: Stage1 intent=calculation created=1 total=302
2026-04-19 18:09:26 INFO dataset: Stage1 intent=Travel created=1 total=303
2026-04-19 18:09:26 INFO dataset: Stage1 intent=Navigation created=1 total=299
2026-04-19 18:09:26 INFO dataset: Stage1 intent=Education created=1 total=302
2026-04-19 18:09:26 INFO dataset: Stage1 intent=Documentation created=1 total=301
2026-04-19 18:09:26 INFO dataset: Stage1 intent=media playback created=1 total=286
2026-04-19 18:09:26 INFO dataset: Stage1 intent=qr scanner created=1 total=298
2026-04-19 18:09:26 INFO dataset: Stage1 intent=status check created=1 total=292
2026-04-19 18:09:26 INFO dataset: Stage1 intent=notification created=1 total=294
2026-04-19 18:09:26 INFO dataset: Stage1 intent=Finance created=1 total=303
2026-04-19 18:09:26 INFO dataset: Stage1 intent=Healthcare created=1 total=303
2026-04-19 18:09:26 INFO dataset: Stage1 intent=Legal created=1 total=304
2026-04-19 18:09:26 INFO dataset: Stage1 intent=Real Estate created=1 total=299
2026-04-19 18:09:26 INFO dataset: Stage1 intent=Career created=1 total=304
2026-04-19 18:09:26 INFO dataset: Stage1 intent=Food and Dining created=1 total=297
2026-04-19 18:09:26 INFO dataset: Stage1 intent=Home Services created=1 total=303
2026-04-19 18:09:26 INFO dataset: Stage1 intent=Automotive created=1 total=299
2026-04-19 18:12:51 INFO dataset: Stage1 intent=Information Retrieval created=1 total=295
2026-04-19 18:12:51 INFO dataset: Stage1 intent=Entertainment created=1 total=296
2026-04-19 18:12:51 INFO dataset: Stage1 intent=product_lookup created=1 total=288
2026-04-19 18:12:51 INFO dataset: Stage1 intent=Booking created=1 total=299
2026-04-19 18:12:51 INFO dataset: Stage1 intent=weather created=1 total=300
2026-04-19 18:12:51 INFO dataset: Stage1 intent=data visualisation created=1 total=297
2026-04-19 18:12:51 INFO dataset: Stage1 intent=Planning created=1 total=305
2026-04-19 18:12:51 INFO dataset: Stage1 intent=productivity created=1 total=304
2026-04-19 18:12:51 INFO dataset: Stage1 intent=Recipe created=1 total=304
2026-04-19 18:12:51 INFO dataset: Stage1 intent=Localization created=1 total=287
2026-04-19 18:12:51 INFO dataset: Stage1 intent=Technical support created=1 total=305
2026-04-19 18:12:51 INFO dataset: Stage1 intent=Creating Writing created=1 total=305
2026-04-19 18:12:51 INFO dataset: Stage1 intent=Event Schedule created=1 total=285
2026-04-19 18:12:51 INFO dataset: Stage1 intent=Research Analysis created=1 total=295
2026-04-19 18:12:51 INFO dataset: Stage1 intent=Comparison created=1 total=294
2026-04-19 18:12:51 INFO dataset: Stage1 intent=calculation created=1 total=303
2026-04-19 18:12:51 INFO dataset: Stage1 intent=Travel created=1 total=304
2026-04-19 18:12:51 INFO dataset: Stage1 intent=Navigation created=1 total=300
2026-04-19 18:12:51 INFO dataset: Stage1 intent=Education created=1 total=303
2026-04-19 18:12:51 INFO dataset: Stage1 intent=Documentation created=1 total=302
2026-04-19 18:12:51 INFO dataset: Stage1 intent=media playback created=1 total=287
2026-04-19 18:12:51 INFO dataset: Stage1 intent=qr scanner created=1 total=299
2026-04-19 18:12:51 INFO dataset: Stage1 intent=status check created=1 total=293
2026-04-19 18:12:51 INFO dataset: Stage1 intent=notification created=1 total=295
2026-04-19 18:12:51 INFO dataset: Stage1 intent=Finance created=1 total=304
2026-04-19 18:12:51 INFO dataset: Stage1 intent=Healthcare created=1 total=304
2026-04-19 18:12:51 INFO dataset: Stage1 intent=Legal created=1 total=305
2026-04-19 18:12:51 INFO dataset: Stage1 intent=Real Estate created=1 total=300
2026-04-19 18:12:51 INFO dataset: Stage1 intent=Career created=1 total=305
2026-04-19 18:12:51 INFO dataset: Stage1 intent=Food and Dining created=1 total=298
2026-04-19 18:12:51 INFO dataset: Stage1 intent=Home Services created=1 total=304
2026-04-19 18:12:51 INFO dataset: Stage1 intent=Automotive created=1 total=300
2026-04-19 18:16:22 INFO dataset: Stage1 intent=Information Retrieval created=1 total=296
2026-04-19 18:16:22 INFO dataset: Stage1 intent=Entertainment created=1 total=297
2026-04-19 18:16:22 INFO dataset: Stage1 intent=product_lookup created=1 total=289
2026-04-19 18:16:22 INFO dataset: Stage1 intent=Booking created=1 total=300
2026-04-19 18:16:22 INFO dataset: Stage1 intent=weather created=1 total=301
2026-04-19 18:16:22 INFO dataset: Stage1 intent=data visualisation created=1 total=298
2026-04-19 18:16:22 INFO dataset: Stage1 intent=Planning created=1 total=306
2026-04-19 18:16:22 INFO dataset: Stage1 intent=productivity created=1 total=305
2026-04-19 18:16:22 INFO dataset: Stage1 intent=Recipe created=1 total=305
2026-04-19 18:16:22 INFO dataset: Stage1 intent=Localization created=1 total=288
2026-04-19 18:16:22 INFO dataset: Stage1 intent=Technical support created=1 total=306
2026-04-19 18:16:22 INFO dataset: Stage1 intent=Creating Writing created=1 total=306
2026-04-19 18:16:22 INFO dataset: Stage1 intent=Event Schedule created=1 total=286
2026-04-19 18:16:22 INFO dataset: Stage1 intent=Research Analysis created=1 total=296
2026-04-19 18:16:22 INFO dataset: Stage1 intent=Comparison created=1 total=295
2026-04-19 18:16:22 INFO dataset: Stage1 intent=calculation created=1 total=304
2026-04-19 18:16:22 INFO dataset: Stage1 intent=Travel created=1 total=305
2026-04-19 18:16:22 INFO dataset: Stage1 intent=Navigation created=1 total=301
2026-04-19 18:16:22 INFO dataset: Stage1 intent=Education created=1 total=304
2026-04-19 18:16:22 INFO dataset: Stage1 intent=Documentation created=1 total=303
2026-04-19 18:16:22 INFO dataset: Stage1 intent=media playback created=1 total=288
2026-04-19 18:16:22 INFO dataset: Stage1 intent=qr scanner created=1 total=300
2026-04-19 18:16:22 INFO dataset: Stage1 intent=status check created=1 total=294
2026-04-19 18:16:22 INFO dataset: Stage1 intent=notification created=1 total=296
2026-04-19 18:16:22 INFO dataset: Stage1 intent=Finance created=1 total=305
2026-04-19 18:16:22 INFO dataset: Stage1 intent=Healthcare created=1 total=305
2026-04-19 18:16:22 INFO dataset: Stage1 intent=Legal created=1 total=306
2026-04-19 18:16:22 INFO dataset: Stage1 intent=Real Estate created=1 total=301
2026-04-19 18:16:22 INFO dataset: Stage1 intent=Career created=1 total=306
2026-04-19 18:16:22 INFO dataset: Stage1 intent=Food and Dining created=1 total=299
2026-04-19 18:16:22 INFO dataset: Stage1 intent=Home Services created=1 total=305
2026-04-19 18:16:22 INFO dataset: Stage1 intent=Automotive created=1 total=301
2026-04-19 18:19:54 INFO dataset: Stage1 intent=Information Retrieval created=1 total=297
2026-04-19 18:19:54 INFO dataset: Stage1 intent=Entertainment created=1 total=298
2026-04-19 18:19:54 INFO dataset: Stage1 intent=product_lookup created=1 total=290
2026-04-19 18:19:54 INFO dataset: Stage1 intent=Booking created=1 total=301
2026-04-19 18:19:54 INFO dataset: Stage1 intent=weather created=1 total=302
2026-04-19 18:19:54 INFO dataset: Stage1 intent=data visualisation created=1 total=299
2026-04-19 18:19:54 INFO dataset: Stage1 intent=Planning created=1 total=307
2026-04-19 18:19:54 INFO dataset: Stage1 intent=productivity created=1 total=306
2026-04-19 18:19:54 INFO dataset: Stage1 intent=Recipe created=1 total=306
2026-04-19 18:19:54 INFO dataset: Stage1 intent=Localization created=1 total=289
2026-04-19 18:19:54 INFO dataset: Stage1 intent=Technical support created=1 total=307
2026-04-19 18:19:54 INFO dataset: Stage1 intent=Creating Writing created=1 total=307
2026-04-19 18:19:54 INFO dataset: Stage1 intent=Event Schedule created=1 total=287
2026-04-19 18:19:54 INFO dataset: Stage1 intent=Research Analysis created=1 total=297
2026-04-19 18:19:54 INFO dataset: Stage1 intent=Comparison created=1 total=296
2026-04-19 18:19:54 INFO dataset: Stage1 intent=calculation created=1 total=305
2026-04-19 18:19:54 INFO dataset: Stage1 intent=Travel created=1 total=306
2026-04-19 18:19:54 INFO dataset: Stage1 intent=Navigation created=1 total=302
2026-04-19 18:19:54 INFO dataset: Stage1 intent=Education created=1 total=305
2026-04-19 18:19:54 INFO dataset: Stage1 intent=Documentation created=1 total=304
2026-04-19 18:19:54 INFO dataset: Stage1 intent=media playback created=1 total=289
2026-04-19 18:19:54 INFO dataset: Stage1 intent=qr scanner created=1 total=301
2026-04-19 18:19:54 INFO dataset: Stage1 intent=status check created=1 total=295
2026-04-19 18:19:54 INFO dataset: Stage1 intent=notification created=1 total=297
2026-04-19 18:19:54 INFO dataset: Stage1 intent=Finance created=1 total=306
2026-04-19 18:19:54 INFO dataset: Stage1 intent=Healthcare created=1 total=306
2026-04-19 18:19:54 INFO dataset: Stage1 intent=Legal created=1 total=307
2026-04-19 18:19:54 INFO dataset: Stage1 intent=Real Estate created=1 total=302
2026-04-19 18:19:54 INFO dataset: Stage1 intent=Career created=1 total=307
2026-04-19 18:19:54 INFO dataset: Stage1 intent=Food and Dining created=1 total=300
2026-04-19 18:19:54 INFO dataset: Stage1 intent=Home Services created=1 total=306
2026-04-19 18:19:54 INFO dataset: Stage1 intent=Automotive created=1 total=302
2026-04-19 18:23:20 INFO dataset: Stage1 intent=Information Retrieval created=1 total=298
2026-04-19 18:23:20 INFO dataset: Stage1 intent=Entertainment created=1 total=299
2026-04-19 18:23:20 INFO dataset: Stage1 intent=product_lookup created=1 total=291
2026-04-19 18:23:20 INFO dataset: Stage1 intent=Booking created=1 total=302
2026-04-19 18:23:20 INFO dataset: Stage1 intent=weather created=1 total=303
2026-04-19 18:23:20 INFO dataset: Stage1 intent=data visualisation created=1 total=300
2026-04-19 18:23:20 INFO dataset: Stage1 intent=Planning created=1 total=308
2026-04-19 18:23:20 INFO dataset: Stage1 intent=productivity created=1 total=307
2026-04-19 18:23:20 INFO dataset: Stage1 intent=Recipe created=1 total=307
2026-04-19 18:23:20 INFO dataset: Stage1 intent=Localization created=1 total=290
2026-04-19 18:23:20 INFO dataset: Stage1 intent=Technical support created=1 total=308
2026-04-19 18:23:20 INFO dataset: Stage1 intent=Creating Writing created=1 total=308
2026-04-19 18:23:20 INFO dataset: Stage1 intent=Event Schedule created=1 total=288
2026-04-19 18:23:20 INFO dataset: Stage1 intent=Research Analysis created=1 total=298
2026-04-19 18:23:20 INFO dataset: Stage1 intent=Comparison created=1 total=297
2026-04-19 18:23:20 INFO dataset: Stage1 intent=calculation created=1 total=306
2026-04-19 18:23:20 INFO dataset: Stage1 intent=Travel created=1 total=307
2026-04-19 18:23:20 INFO dataset: Stage1 intent=Navigation created=1 total=303
2026-04-19 18:23:20 INFO dataset: Stage1 intent=Education created=1 total=306
2026-04-19 18:23:20 INFO dataset: Stage1 intent=Documentation created=1 total=305
2026-04-19 18:23:20 INFO dataset: Stage1 intent=media playback created=1 total=290
2026-04-19 18:23:20 INFO dataset: Stage1 intent=qr scanner created=1 total=302
2026-04-19 18:23:20 INFO dataset: Stage1 intent=status check created=1 total=296
2026-04-19 18:23:20 INFO dataset: Stage1 intent=notification created=1 total=298
2026-04-19 18:23:20 INFO dataset: Stage1 intent=Finance created=1 total=307
2026-04-19 18:23:20 INFO dataset: Stage1 intent=Healthcare created=1 total=307
2026-04-19 18:23:20 INFO dataset: Stage1 intent=Legal created=1 total=308
2026-04-19 18:23:20 INFO dataset: Stage1 intent=Real Estate created=1 total=303
2026-04-19 18:23:20 INFO dataset: Stage1 intent=Career created=1 total=308
2026-04-19 18:23:20 INFO dataset: Stage1 intent=Food and Dining created=1 total=301
2026-04-19 18:23:20 INFO dataset: Stage1 intent=Home Services created=1 total=307
2026-04-19 18:23:20 INFO dataset: Stage1 intent=Automotive created=1 total=303
2026-04-19 18:26:51 INFO dataset: Stage1 intent=Information Retrieval created=1 total=299
2026-04-19 18:26:51 INFO dataset: Stage1 intent=Entertainment created=1 total=300
2026-04-19 18:26:51 INFO dataset: Stage1 intent=product_lookup created=1 total=292
2026-04-19 18:26:51 INFO dataset: Stage1 intent=Booking created=1 total=303
2026-04-19 18:26:51 INFO dataset: Stage1 intent=weather created=1 total=304
2026-04-19 18:26:51 INFO dataset: Stage1 intent=data visualisation created=1 total=301
2026-04-19 18:26:51 INFO dataset: Stage1 intent=Planning created=1 total=309
2026-04-19 18:26:51 INFO dataset: Stage1 intent=productivity created=1 total=308
2026-04-19 18:26:51 INFO dataset: Stage1 intent=Recipe created=1 total=308
2026-04-19 18:26:51 INFO dataset: Stage1 intent=Localization created=1 total=291
2026-04-19 18:26:51 INFO dataset: Stage1 intent=Technical support created=1 total=309
2026-04-19 18:26:51 INFO dataset: Stage1 intent=Creating Writing created=1 total=309
2026-04-19 18:26:51 INFO dataset: Stage1 intent=Event Schedule created=1 total=289
2026-04-19 18:26:51 INFO dataset: Stage1 intent=Research Analysis created=1 total=299
2026-04-19 18:26:51 INFO dataset: Stage1 intent=Comparison created=1 total=298
2026-04-19 18:26:51 INFO dataset: Stage1 intent=calculation created=1 total=307
2026-04-19 18:26:51 INFO dataset: Stage1 intent=Travel created=1 total=308
2026-04-19 18:26:51 INFO dataset: Stage1 intent=Navigation created=1 total=304
2026-04-19 18:26:51 INFO dataset: Stage1 intent=Education created=1 total=307
2026-04-19 18:26:51 INFO dataset: Stage1 intent=Documentation created=1 total=306
2026-04-19 18:26:51 INFO dataset: Stage1 intent=media playback created=1 total=291
2026-04-19 18:26:51 INFO dataset: Stage1 intent=qr scanner created=1 total=303
2026-04-19 18:26:51 INFO dataset: Stage1 intent=status check created=1 total=297
2026-04-19 18:26:51 INFO dataset: Stage1 intent=notification created=1 total=299
2026-04-19 18:26:51 INFO dataset: Stage1 intent=Finance created=1 total=308
2026-04-19 18:26:51 INFO dataset: Stage1 intent=Healthcare created=1 total=308
2026-04-19 18:26:51 INFO dataset: Stage1 intent=Legal created=1 total=309
2026-04-19 18:26:51 INFO dataset: Stage1 intent=Real Estate created=1 total=304
2026-04-19 18:26:51 INFO dataset: Stage1 intent=Career created=1 total=309
2026-04-19 18:26:51 INFO dataset: Stage1 intent=Food and Dining created=1 total=302
2026-04-19 18:26:51 INFO dataset: Stage1 intent=Home Services created=1 total=308
2026-04-19 18:26:51 INFO dataset: Stage1 intent=Automotive created=1 total=304
2026-04-19 18:30:30 INFO dataset: Stage1 intent=Information Retrieval created=1 total=300
2026-04-19 18:30:30 INFO dataset: Stage1 intent=Entertainment created=1 total=301
2026-04-19 18:30:30 INFO dataset: Stage1 intent=product_lookup created=1 total=293
2026-04-19 18:30:30 INFO dataset: Stage1 intent=Booking created=1 total=304
2026-04-19 18:30:30 INFO dataset: Stage1 intent=weather created=1 total=305
2026-04-19 18:30:30 INFO dataset: Stage1 intent=data visualisation created=1 total=302
2026-04-19 18:30:30 INFO dataset: Stage1 intent=Planning created=1 total=310
2026-04-19 18:30:30 INFO dataset: Stage1 intent=productivity created=1 total=309
2026-04-19 18:30:30 INFO dataset: Stage1 intent=Recipe created=1 total=309
2026-04-19 18:30:30 INFO dataset: Stage1 intent=Localization created=1 total=292
2026-04-19 18:30:30 INFO dataset: Stage1 intent=Technical support created=1 total=310
2026-04-19 18:30:30 INFO dataset: Stage1 intent=Creating Writing created=1 total=310
2026-04-19 18:30:30 INFO dataset: Stage1 intent=Event Schedule created=1 total=290
2026-04-19 18:30:30 INFO dataset: Stage1 intent=Research Analysis created=1 total=300
2026-04-19 18:30:30 INFO dataset: Stage1 intent=Comparison created=1 total=299
2026-04-19 18:30:30 INFO dataset: Stage1 intent=calculation created=1 total=308
2026-04-19 18:30:30 INFO dataset: Stage1 intent=Travel created=1 total=309
2026-04-19 18:30:30 INFO dataset: Stage1 intent=Navigation created=1 total=305
2026-04-19 18:30:30 INFO dataset: Stage1 intent=Education created=1 total=308
2026-04-19 18:30:30 INFO dataset: Stage1 intent=Documentation created=1 total=307
2026-04-19 18:30:30 INFO dataset: Stage1 intent=media playback created=1 total=292
2026-04-19 18:30:30 INFO dataset: Stage1 intent=qr scanner created=1 total=304
2026-04-19 18:30:30 INFO dataset: Stage1 intent=status check created=1 total=298
2026-04-19 18:30:30 INFO dataset: Stage1 intent=notification created=1 total=300
2026-04-19 18:30:30 INFO dataset: Stage1 intent=Finance created=1 total=309
2026-04-19 18:30:30 INFO dataset: Stage1 intent=Healthcare created=1 total=309
2026-04-19 18:30:30 INFO dataset: Stage1 intent=Legal created=1 total=310
2026-04-19 18:30:30 INFO dataset: Stage1 intent=Real Estate created=1 total=305
2026-04-19 18:30:30 INFO dataset: Stage1 intent=Career created=1 total=310
2026-04-19 18:30:30 INFO dataset: Stage1 intent=Food and Dining created=1 total=303
2026-04-19 18:30:30 INFO dataset: Stage1 intent=Home Services created=1 total=309
2026-04-19 18:30:30 INFO dataset: Stage1 intent=Automotive created=1 total=305
2026-04-19 18:34:16 INFO dataset: Stage1 intent=Information Retrieval created=1 total=301
2026-04-19 18:34:16 INFO dataset: Stage1 intent=Entertainment created=1 total=302
2026-04-19 18:34:16 INFO dataset: Stage1 intent=product_lookup created=1 total=294
2026-04-19 18:34:16 INFO dataset: Stage1 intent=Booking created=1 total=305
2026-04-19 18:34:16 INFO dataset: Stage1 intent=weather created=1 total=306
2026-04-19 18:34:16 INFO dataset: Stage1 intent=data visualisation created=1 total=303
2026-04-19 18:34:16 INFO dataset: Stage1 intent=Planning created=1 total=311
2026-04-19 18:34:16 INFO dataset: Stage1 intent=productivity created=1 total=310
2026-04-19 18:34:16 INFO dataset: Stage1 intent=Recipe created=1 total=310
2026-04-19 18:34:16 INFO dataset: Stage1 intent=Localization created=1 total=293
2026-04-19 18:34:16 INFO dataset: Stage1 intent=Technical support created=1 total=311
2026-04-19 18:34:16 INFO dataset: Stage1 intent=Creating Writing created=1 total=311
2026-04-19 18:34:16 INFO dataset: Stage1 intent=Event Schedule created=1 total=291
2026-04-19 18:34:16 INFO dataset: Stage1 intent=Research Analysis created=1 total=301
2026-04-19 18:34:16 INFO dataset: Stage1 intent=Comparison created=1 total=300
2026-04-19 18:34:16 INFO dataset: Stage1 intent=calculation created=1 total=309
2026-04-19 18:34:16 INFO dataset: Stage1 intent=Travel created=1 total=310
2026-04-19 18:34:16 INFO dataset: Stage1 intent=Navigation created=1 total=306
2026-04-19 18:34:16 INFO dataset: Stage1 intent=Education created=1 total=309
2026-04-19 18:34:16 INFO dataset: Stage1 intent=Documentation created=1 total=308
2026-04-19 18:34:16 ERROR dataset: Stage1 parse error intent=media playback: Unterminated string starting at: line 6 column 7 (char 1024)
2026-04-19 18:34:16 INFO dataset: Stage1 intent=qr scanner created=1 total=305
2026-04-19 18:34:16 INFO dataset: Stage1 intent=status check created=1 total=299
2026-04-19 18:34:16 INFO dataset: Stage1 intent=notification created=1 total=301
2026-04-19 18:34:16 INFO dataset: Stage1 intent=Finance created=1 total=310
2026-04-19 18:34:16 INFO dataset: Stage1 intent=Healthcare created=1 total=310
2026-04-19 18:34:16 INFO dataset: Stage1 intent=Legal created=1 total=311
2026-04-19 18:34:16 INFO dataset: Stage1 intent=Real Estate created=1 total=306
2026-04-19 18:34:16 INFO dataset: Stage1 intent=Career created=1 total=311
2026-04-19 18:34:16 INFO dataset: Stage1 intent=Food and Dining created=1 total=304
2026-04-19 18:34:16 INFO dataset: Stage1 intent=Home Services created=1 total=310
2026-04-19 18:34:16 INFO dataset: Stage1 intent=Automotive created=1 total=306
2026-04-19 18:37:45 INFO dataset: Stage1 intent=Information Retrieval created=1 total=302
2026-04-19 18:37:45 INFO dataset: Stage1 intent=Entertainment created=1 total=303
2026-04-19 18:37:45 INFO dataset: Stage1 intent=product_lookup created=1 total=295
2026-04-19 18:37:45 INFO dataset: Stage1 intent=Booking created=1 total=306
2026-04-19 18:37:45 INFO dataset: Stage1 intent=weather created=1 total=307
2026-04-19 18:37:45 INFO dataset: Stage1 intent=data visualisation created=1 total=304
2026-04-19 18:37:45 INFO dataset: Stage1 intent=Planning created=1 total=312
2026-04-19 18:37:45 INFO dataset: Stage1 intent=productivity created=1 total=311
2026-04-19 18:37:45 INFO dataset: Stage1 intent=Recipe created=1 total=311
2026-04-19 18:37:45 INFO dataset: Stage1 intent=Localization created=1 total=294
2026-04-19 18:37:45 INFO dataset: Stage1 intent=Technical support created=1 total=312
2026-04-19 18:37:45 INFO dataset: Stage1 intent=Creating Writing created=1 total=312
2026-04-19 18:37:45 INFO dataset: Stage1 intent=Event Schedule created=1 total=292
2026-04-19 18:37:45 INFO dataset: Stage1 intent=Research Analysis created=1 total=302
2026-04-19 18:37:45 INFO dataset: Stage1 intent=Comparison created=1 total=301
2026-04-19 18:37:45 INFO dataset: Stage1 intent=calculation created=1 total=310
2026-04-19 18:37:45 INFO dataset: Stage1 intent=Travel created=1 total=311
2026-04-19 18:37:45 INFO dataset: Stage1 intent=Navigation created=1 total=307
2026-04-19 18:37:45 INFO dataset: Stage1 intent=Education created=1 total=310
2026-04-19 18:37:45 INFO dataset: Stage1 intent=Documentation created=1 total=309
2026-04-19 18:37:45 INFO dataset: Stage1 intent=media playback created=1 total=293
2026-04-19 18:37:45 INFO dataset: Stage1 intent=qr scanner created=1 total=306
2026-04-19 18:37:45 INFO dataset: Stage1 intent=status check created=1 total=300
2026-04-19 18:37:45 INFO dataset: Stage1 intent=notification created=1 total=302
2026-04-19 18:37:45 INFO dataset: Stage1 intent=Finance created=1 total=311
2026-04-19 18:37:45 INFO dataset: Stage1 intent=Healthcare created=1 total=311
2026-04-19 18:37:45 INFO dataset: Stage1 intent=Legal created=1 total=312
2026-04-19 18:37:45 INFO dataset: Stage1 intent=Real Estate created=1 total=307
2026-04-19 18:37:45 INFO dataset: Stage1 intent=Career created=1 total=312
2026-04-19 18:37:45 INFO dataset: Stage1 intent=Food and Dining created=1 total=305
2026-04-19 18:37:45 INFO dataset: Stage1 intent=Home Services created=1 total=311
2026-04-19 18:37:45 INFO dataset: Stage1 intent=Automotive created=1 total=307
2026-04-19 18:41:21 ERROR dataset: Stage1 parse error intent=Information Retrieval: Unterminated string starting at: line 3 column 19 (char 24)
2026-04-19 18:41:21 INFO dataset: Stage1 intent=Entertainment created=1 total=304
2026-04-19 18:41:21 INFO dataset: Stage1 intent=product_lookup created=1 total=296
2026-04-19 18:41:21 INFO dataset: Stage1 intent=Booking created=1 total=307
2026-04-19 18:41:21 INFO dataset: Stage1 intent=weather created=1 total=308
2026-04-19 18:41:21 INFO dataset: Stage1 intent=data visualisation created=1 total=305
2026-04-19 18:41:21 INFO dataset: Stage1 intent=Planning created=1 total=313
2026-04-19 18:41:21 INFO dataset: Stage1 intent=productivity created=1 total=312
2026-04-19 18:41:21 INFO dataset: Stage1 intent=Recipe created=1 total=312
2026-04-19 18:41:21 INFO dataset: Stage1 intent=Localization created=1 total=295
2026-04-19 18:41:21 INFO dataset: Stage1 intent=Technical support created=1 total=313
2026-04-19 18:41:21 INFO dataset: Stage1 intent=Creating Writing created=1 total=313
2026-04-19 18:41:21 INFO dataset: Stage1 intent=Event Schedule created=1 total=293
2026-04-19 18:41:21 INFO dataset: Stage1 intent=Research Analysis created=1 total=303
2026-04-19 18:41:21 INFO dataset: Stage1 intent=Comparison created=1 total=302
2026-04-19 18:41:21 INFO dataset: Stage1 intent=calculation created=1 total=311
2026-04-19 18:41:21 INFO dataset: Stage1 intent=Travel created=1 total=312
2026-04-19 18:41:21 INFO dataset: Stage1 intent=Navigation created=1 total=308
2026-04-19 18:41:21 INFO dataset: Stage1 intent=Education created=1 total=311
2026-04-19 18:41:21 INFO dataset: Stage1 intent=Documentation created=1 total=310
2026-04-19 18:41:21 INFO dataset: Stage1 intent=media playback created=1 total=294
2026-04-19 18:41:21 INFO dataset: Stage1 intent=qr scanner created=1 total=307
2026-04-19 18:41:21 INFO dataset: Stage1 intent=status check created=1 total=301
2026-04-19 18:41:21 INFO dataset: Stage1 intent=notification created=1 total=303
2026-04-19 18:41:21 INFO dataset: Stage1 intent=Finance created=1 total=312
2026-04-19 18:41:21 INFO dataset: Stage1 intent=Healthcare created=1 total=312
2026-04-19 18:41:21 INFO dataset: Stage1 intent=Legal created=1 total=313
2026-04-19 18:41:21 INFO dataset: Stage1 intent=Real Estate created=1 total=308
2026-04-19 18:41:21 INFO dataset: Stage1 intent=Career created=1 total=313
2026-04-19 18:41:21 INFO dataset: Stage1 intent=Food and Dining created=1 total=306
2026-04-19 18:41:21 INFO dataset: Stage1 intent=Home Services created=1 total=312
2026-04-19 18:41:21 INFO dataset: Stage1 intent=Automotive created=1 total=308
2026-04-19 18:44:52 INFO dataset: Stage1 intent=Information Retrieval created=1 total=303
2026-04-19 18:44:52 INFO dataset: Stage1 intent=Entertainment created=1 total=305
2026-04-19 18:44:52 INFO dataset: Stage1 intent=product_lookup created=1 total=297
2026-04-19 18:44:52 INFO dataset: Stage1 intent=Booking created=1 total=308
2026-04-19 18:44:52 INFO dataset: Stage1 intent=weather created=1 total=309
2026-04-19 18:44:52 INFO dataset: Stage1 intent=data visualisation created=1 total=306
2026-04-19 18:44:52 INFO dataset: Stage1 intent=Planning created=1 total=314
2026-04-19 18:44:52 INFO dataset: Stage1 intent=productivity created=1 total=313
2026-04-19 18:44:52 INFO dataset: Stage1 intent=Recipe created=1 total=313
2026-04-19 18:44:52 INFO dataset: Stage1 intent=Localization created=1 total=296
2026-04-19 18:44:52 INFO dataset: Stage1 intent=Technical support created=1 total=314
2026-04-19 18:44:52 INFO dataset: Stage1 intent=Creating Writing created=1 total=314
2026-04-19 18:44:52 INFO dataset: Stage1 intent=Event Schedule created=1 total=294
2026-04-19 18:44:52 INFO dataset: Stage1 intent=Research Analysis created=1 total=304
2026-04-19 18:44:52 INFO dataset: Stage1 intent=Comparison created=1 total=303
2026-04-19 18:44:52 INFO dataset: Stage1 intent=calculation created=1 total=312
2026-04-19 18:44:52 INFO dataset: Stage1 intent=Travel created=1 total=313
2026-04-19 18:44:52 INFO dataset: Stage1 intent=Navigation created=1 total=309
2026-04-19 18:44:52 INFO dataset: Stage1 intent=Education created=1 total=312
2026-04-19 18:44:52 INFO dataset: Stage1 intent=Documentation created=1 total=311
2026-04-19 18:44:52 INFO dataset: Stage1 intent=media playback created=1 total=295
2026-04-19 18:44:52 INFO dataset: Stage1 intent=qr scanner created=1 total=308
2026-04-19 18:44:52 INFO dataset: Stage1 intent=status check created=1 total=302
2026-04-19 18:44:52 INFO dataset: Stage1 intent=notification created=1 total=304
2026-04-19 18:44:52 INFO dataset: Stage1 intent=Finance created=1 total=313
2026-04-19 18:44:52 INFO dataset: Stage1 intent=Healthcare created=1 total=313
2026-04-19 18:44:52 INFO dataset: Stage1 intent=Legal created=1 total=314
2026-04-19 18:44:52 INFO dataset: Stage1 intent=Real Estate created=1 total=309
2026-04-19 18:44:52 INFO dataset: Stage1 intent=Career created=1 total=314
2026-04-19 18:44:52 INFO dataset: Stage1 intent=Food and Dining created=1 total=307
2026-04-19 18:44:52 INFO dataset: Stage1 intent=Home Services created=1 total=313
2026-04-19 18:44:52 INFO dataset: Stage1 intent=Automotive created=1 total=309
2026-04-19 18:48:24 INFO dataset: Stage1 intent=Information Retrieval created=1 total=304
2026-04-19 18:48:24 INFO dataset: Stage1 intent=Entertainment created=1 total=306
2026-04-19 18:48:24 INFO dataset: Stage1 intent=product_lookup created=1 total=298
2026-04-19 18:48:24 INFO dataset: Stage1 intent=Booking created=1 total=309
2026-04-19 18:48:24 INFO dataset: Stage1 intent=weather created=1 total=310
2026-04-19 18:48:24 INFO dataset: Stage1 intent=data visualisation created=1 total=307
2026-04-19 18:48:24 INFO dataset: Stage1 intent=Planning created=1 total=315
2026-04-19 18:48:24 INFO dataset: Stage1 intent=productivity created=1 total=314
2026-04-19 18:48:24 INFO dataset: Stage1 intent=Recipe created=1 total=314
2026-04-19 18:48:24 INFO dataset: Stage1 intent=Localization created=1 total=297
2026-04-19 18:48:24 INFO dataset: Stage1 intent=Technical support created=1 total=315
2026-04-19 18:48:24 INFO dataset: Stage1 intent=Creating Writing created=1 total=315
2026-04-19 18:48:24 INFO dataset: Stage1 intent=Event Schedule created=1 total=295
2026-04-19 18:48:24 INFO dataset: Stage1 intent=Research Analysis created=1 total=305
2026-04-19 18:48:24 INFO dataset: Stage1 intent=Comparison created=1 total=304
2026-04-19 18:48:24 INFO dataset: Stage1 intent=calculation created=1 total=313
2026-04-19 18:48:24 INFO dataset: Stage1 intent=Travel created=1 total=314
2026-04-19 18:48:24 INFO dataset: Stage1 intent=Navigation created=1 total=310
2026-04-19 18:48:24 INFO dataset: Stage1 intent=Education created=1 total=313
2026-04-19 18:48:24 INFO dataset: Stage1 intent=Documentation created=1 total=312
2026-04-19 18:48:24 INFO dataset: Stage1 intent=media playback created=1 total=296
2026-04-19 18:48:24 INFO dataset: Stage1 intent=qr scanner created=1 total=309
2026-04-19 18:48:24 INFO dataset: Stage1 intent=status check created=1 total=303
2026-04-19 18:48:24 INFO dataset: Stage1 intent=notification created=1 total=305
2026-04-19 18:48:24 INFO dataset: Stage1 intent=Finance created=1 total=314
2026-04-19 18:48:24 INFO dataset: Stage1 intent=Healthcare created=1 total=314
2026-04-19 18:48:24 INFO dataset: Stage1 intent=Legal created=1 total=315
2026-04-19 18:48:24 INFO dataset: Stage1 intent=Real Estate created=1 total=310
2026-04-19 18:48:24 INFO dataset: Stage1 intent=Career created=1 total=315
2026-04-19 18:48:24 INFO dataset: Stage1 intent=Food and Dining created=1 total=308
2026-04-19 18:48:24 INFO dataset: Stage1 intent=Home Services created=1 total=314
2026-04-19 18:48:24 INFO dataset: Stage1 intent=Automotive created=1 total=310
2026-04-19 18:51:53 INFO dataset: Stage1 intent=Information Retrieval created=1 total=305
2026-04-19 18:51:53 INFO dataset: Stage1 intent=Entertainment created=1 total=307
2026-04-19 18:51:53 INFO dataset: Stage1 intent=product_lookup created=1 total=299
2026-04-19 18:51:53 INFO dataset: Stage1 intent=Booking created=1 total=310
2026-04-19 18:51:53 INFO dataset: Stage1 intent=weather created=1 total=311
2026-04-19 18:51:53 INFO dataset: Stage1 intent=data visualisation created=1 total=308
2026-04-19 18:51:53 INFO dataset: Stage1 intent=Planning created=1 total=316
2026-04-19 18:51:53 INFO dataset: Stage1 intent=productivity created=1 total=315
2026-04-19 18:51:53 INFO dataset: Stage1 intent=Recipe created=1 total=315
2026-04-19 18:51:53 INFO dataset: Stage1 intent=Localization created=1 total=298
2026-04-19 18:51:53 INFO dataset: Stage1 intent=Technical support created=1 total=316
2026-04-19 18:51:53 INFO dataset: Stage1 intent=Creating Writing created=1 total=316
2026-04-19 18:51:53 INFO dataset: Stage1 intent=Event Schedule created=1 total=296
2026-04-19 18:51:53 INFO dataset: Stage1 intent=Research Analysis created=1 total=306
2026-04-19 18:51:53 INFO dataset: Stage1 intent=Comparison created=1 total=305
2026-04-19 18:51:53 INFO dataset: Stage1 intent=calculation created=1 total=314
2026-04-19 18:51:53 INFO dataset: Stage1 intent=Travel created=1 total=315
2026-04-19 18:51:53 INFO dataset: Stage1 intent=Navigation created=1 total=311
2026-04-19 18:51:53 INFO dataset: Stage1 intent=Education created=1 total=314
2026-04-19 18:51:53 INFO dataset: Stage1 intent=Documentation created=1 total=313
2026-04-19 18:51:53 INFO dataset: Stage1 intent=media playback created=1 total=297
2026-04-19 18:51:53 INFO dataset: Stage1 intent=qr scanner created=1 total=310
2026-04-19 18:51:53 INFO dataset: Stage1 intent=status check created=1 total=304
2026-04-19 18:51:53 INFO dataset: Stage1 intent=notification created=1 total=306
2026-04-19 18:51:53 INFO dataset: Stage1 intent=Finance created=1 total=315
2026-04-19 18:51:53 INFO dataset: Stage1 intent=Healthcare created=1 total=315
2026-04-19 18:51:53 INFO dataset: Stage1 intent=Legal created=1 total=316
2026-04-19 18:51:53 INFO dataset: Stage1 intent=Real Estate created=1 total=311
2026-04-19 18:51:53 INFO dataset: Stage1 intent=Career created=1 total=316
2026-04-19 18:51:53 INFO dataset: Stage1 intent=Food and Dining created=1 total=309
2026-04-19 18:51:53 INFO dataset: Stage1 intent=Home Services created=1 total=315
2026-04-19 18:51:53 INFO dataset: Stage1 intent=Automotive created=1 total=311
2026-04-19 18:55:31 INFO dataset: Stage1 intent=Information Retrieval created=1 total=306
2026-04-19 18:55:31 INFO dataset: Stage1 intent=Entertainment created=1 total=308
2026-04-19 18:55:31 INFO dataset: Stage1 intent=product_lookup created=1 total=300
2026-04-19 18:55:31 INFO dataset: Stage1 intent=Booking created=1 total=311
2026-04-19 18:55:31 INFO dataset: Stage1 intent=weather created=1 total=312
2026-04-19 18:55:31 INFO dataset: Stage1 intent=data visualisation created=1 total=309
2026-04-19 18:55:31 INFO dataset: Stage1 intent=Planning created=1 total=317
2026-04-19 18:55:31 INFO dataset: Stage1 intent=productivity created=1 total=316
2026-04-19 18:55:31 INFO dataset: Stage1 intent=Recipe created=1 total=316
2026-04-19 18:55:31 INFO dataset: Stage1 intent=Localization created=1 total=299
2026-04-19 18:55:31 INFO dataset: Stage1 intent=Technical support created=1 total=317
2026-04-19 18:55:31 INFO dataset: Stage1 intent=Creating Writing created=1 total=317
2026-04-19 18:55:31 INFO dataset: Stage1 intent=Event Schedule created=1 total=297
2026-04-19 18:55:31 INFO dataset: Stage1 intent=Research Analysis created=1 total=307
2026-04-19 18:55:31 INFO dataset: Stage1 intent=Comparison created=1 total=306
2026-04-19 18:55:31 INFO dataset: Stage1 intent=calculation created=1 total=315
2026-04-19 18:55:31 INFO dataset: Stage1 intent=Travel created=1 total=316
2026-04-19 18:55:31 INFO dataset: Stage1 intent=Navigation created=1 total=312
2026-04-19 18:55:31 INFO dataset: Stage1 intent=Education created=1 total=315
2026-04-19 18:55:31 INFO dataset: Stage1 intent=Documentation created=1 total=314
2026-04-19 18:55:31 INFO dataset: Stage1 intent=media playback created=1 total=298
2026-04-19 18:55:31 INFO dataset: Stage1 intent=qr scanner created=1 total=311
2026-04-19 18:55:31 INFO dataset: Stage1 intent=status check created=1 total=305
2026-04-19 18:55:31 INFO dataset: Stage1 intent=notification created=1 total=307
2026-04-19 18:55:31 INFO dataset: Stage1 intent=Finance created=1 total=316
2026-04-19 18:55:31 INFO dataset: Stage1 intent=Healthcare created=1 total=316
2026-04-19 18:55:31 INFO dataset: Stage1 intent=Legal created=1 total=317
2026-04-19 18:55:31 INFO dataset: Stage1 intent=Real Estate created=1 total=312
2026-04-19 18:55:31 INFO dataset: Stage1 intent=Career created=1 total=317
2026-04-19 18:55:31 INFO dataset: Stage1 intent=Food and Dining created=1 total=310
2026-04-19 18:55:31 INFO dataset: Stage1 intent=Home Services created=1 total=316
2026-04-19 18:55:31 INFO dataset: Stage1 intent=Automotive created=1 total=312
2026-04-19 18:58:57 INFO dataset: Stage1 intent=Information Retrieval created=1 total=307
2026-04-19 18:58:57 INFO dataset: Stage1 intent=Entertainment created=1 total=309
2026-04-19 18:58:57 INFO dataset: Stage1 intent=product_lookup created=1 total=301
2026-04-19 18:58:57 INFO dataset: Stage1 intent=Booking created=1 total=312
2026-04-19 18:58:57 INFO dataset: Stage1 intent=weather created=1 total=313
2026-04-19 18:58:57 INFO dataset: Stage1 intent=data visualisation created=1 total=310
2026-04-19 18:58:57 INFO dataset: Stage1 intent=Planning created=1 total=318
2026-04-19 18:58:57 INFO dataset: Stage1 intent=productivity created=1 total=317
2026-04-19 18:58:57 INFO dataset: Stage1 intent=Recipe created=1 total=317
2026-04-19 18:58:57 INFO dataset: Stage1 intent=Localization created=1 total=300
2026-04-19 18:58:57 INFO dataset: Stage1 intent=Technical support created=1 total=318
2026-04-19 18:58:57 INFO dataset: Stage1 intent=Creating Writing created=1 total=318
2026-04-19 18:58:57 INFO dataset: Stage1 intent=Event Schedule created=1 total=298
2026-04-19 18:58:57 INFO dataset: Stage1 intent=Research Analysis created=1 total=308
2026-04-19 18:58:57 INFO dataset: Stage1 intent=Comparison created=1 total=307
2026-04-19 18:58:57 INFO dataset: Stage1 intent=calculation created=1 total=316
2026-04-19 18:58:57 INFO dataset: Stage1 intent=Travel created=1 total=317
2026-04-19 18:58:57 INFO dataset: Stage1 intent=Navigation created=1 total=313
2026-04-19 18:58:57 INFO dataset: Stage1 intent=Education created=1 total=316
2026-04-19 18:58:57 INFO dataset: Stage1 intent=Documentation created=1 total=315
2026-04-19 18:58:57 INFO dataset: Stage1 intent=media playback created=1 total=299
2026-04-19 18:58:57 INFO dataset: Stage1 intent=qr scanner created=1 total=312
2026-04-19 18:58:57 INFO dataset: Stage1 intent=status check created=1 total=306
2026-04-19 18:58:57 INFO dataset: Stage1 intent=notification created=1 total=308
2026-04-19 18:58:57 INFO dataset: Stage1 intent=Finance created=1 total=317
2026-04-19 18:58:57 INFO dataset: Stage1 intent=Healthcare created=1 total=317
2026-04-19 18:58:57 INFO dataset: Stage1 intent=Legal created=1 total=318
2026-04-19 18:58:57 INFO dataset: Stage1 intent=Real Estate created=1 total=313
2026-04-19 18:58:57 INFO dataset: Stage1 intent=Career created=1 total=318
2026-04-19 18:58:57 INFO dataset: Stage1 intent=Food and Dining created=1 total=311
2026-04-19 18:58:57 INFO dataset: Stage1 intent=Home Services created=1 total=317
2026-04-19 18:58:57 INFO dataset: Stage1 intent=Automotive created=1 total=313
2026-04-19 19:02:29 INFO dataset: Stage1 intent=Information Retrieval created=1 total=308
2026-04-19 19:02:29 INFO dataset: Stage1 intent=Entertainment created=1 total=310
2026-04-19 19:02:29 INFO dataset: Stage1 intent=product_lookup created=1 total=302
2026-04-19 19:02:29 INFO dataset: Stage1 intent=Booking created=1 total=313
2026-04-19 19:02:29 INFO dataset: Stage1 intent=weather created=1 total=314
2026-04-19 19:02:29 INFO dataset: Stage1 intent=data visualisation created=1 total=311
2026-04-19 19:02:29 INFO dataset: Stage1 intent=Planning created=1 total=319
2026-04-19 19:02:29 INFO dataset: Stage1 intent=productivity created=1 total=318
2026-04-19 19:02:29 INFO dataset: Stage1 intent=Recipe created=1 total=318
2026-04-19 19:02:29 INFO dataset: Stage1 intent=Localization created=1 total=301
2026-04-19 19:02:29 INFO dataset: Stage1 intent=Technical support created=1 total=319
2026-04-19 19:02:29 INFO dataset: Stage1 intent=Creating Writing created=1 total=319
2026-04-19 19:02:29 INFO dataset: Stage1 intent=Event Schedule created=1 total=299
2026-04-19 19:02:29 INFO dataset: Stage1 intent=Research Analysis created=1 total=309
2026-04-19 19:02:29 INFO dataset: Stage1 intent=Comparison created=1 total=308
2026-04-19 19:02:29 INFO dataset: Stage1 intent=calculation created=1 total=317
2026-04-19 19:02:29 INFO dataset: Stage1 intent=Travel created=1 total=318
2026-04-19 19:02:29 INFO dataset: Stage1 intent=Navigation created=1 total=314
2026-04-19 19:02:29 INFO dataset: Stage1 intent=Education created=1 total=317
2026-04-19 19:02:29 INFO dataset: Stage1 intent=Documentation created=1 total=316
2026-04-19 19:02:29 INFO dataset: Stage1 intent=media playback created=1 total=300
2026-04-19 19:02:29 INFO dataset: Stage1 intent=qr scanner created=1 total=313
2026-04-19 19:02:29 ERROR dataset: Stage1 parse error intent=status check: Unterminated string starting at: line 3 column 19 (char 24)
2026-04-19 19:02:29 INFO dataset: Stage1 intent=notification created=1 total=309
2026-04-19 19:02:29 INFO dataset: Stage1 intent=Finance created=1 total=318
2026-04-19 19:02:29 INFO dataset: Stage1 intent=Healthcare created=1 total=318
2026-04-19 19:02:29 INFO dataset: Stage1 intent=Legal created=1 total=319
2026-04-19 19:02:29 INFO dataset: Stage1 intent=Real Estate created=1 total=314
2026-04-19 19:02:29 INFO dataset: Stage1 intent=Career created=1 total=319
2026-04-19 19:02:29 INFO dataset: Stage1 intent=Food and Dining created=1 total=312
2026-04-19 19:02:29 INFO dataset: Stage1 intent=Home Services created=1 total=318
2026-04-19 19:02:29 INFO dataset: Stage1 intent=Automotive created=1 total=314
2026-04-19 19:06:13 INFO dataset: Stage1 intent=Information Retrieval created=1 total=309
2026-04-19 19:06:13 INFO dataset: Stage1 intent=Entertainment created=1 total=311
2026-04-19 19:06:13 ERROR dataset: Stage1 parse error intent=product_lookup: Unterminated string starting at: line 3 column 19 (char 24)
2026-04-19 19:06:13 INFO dataset: Stage1 intent=Booking created=1 total=314
2026-04-19 19:06:13 INFO dataset: Stage1 intent=weather created=1 total=315
2026-04-19 19:06:13 INFO dataset: Stage1 intent=data visualisation created=1 total=312
2026-04-19 19:06:13 INFO dataset: Stage1 intent=Planning created=1 total=320
2026-04-19 19:06:13 INFO dataset: Stage1 intent=productivity created=1 total=319
2026-04-19 19:06:13 INFO dataset: Stage1 intent=Recipe created=1 total=319
2026-04-19 19:06:13 INFO dataset: Stage1 intent=Localization created=1 total=302
2026-04-19 19:06:13 INFO dataset: Stage1 intent=Technical support created=1 total=320
2026-04-19 19:06:13 INFO dataset: Stage1 intent=Creating Writing created=1 total=320
2026-04-19 19:06:13 INFO dataset: Stage1 intent=Event Schedule created=1 total=300
2026-04-19 19:06:13 INFO dataset: Stage1 intent=Research Analysis created=1 total=310
2026-04-19 19:06:13 INFO dataset: Stage1 intent=Comparison created=1 total=309
2026-04-19 19:06:13 INFO dataset: Stage1 intent=calculation created=1 total=318
2026-04-19 19:06:13 INFO dataset: Stage1 intent=Travel created=1 total=319
2026-04-19 19:06:13 INFO dataset: Stage1 intent=Navigation created=1 total=315
2026-04-19 19:06:13 INFO dataset: Stage1 intent=Education created=1 total=318
2026-04-19 19:06:13 INFO dataset: Stage1 intent=Documentation created=1 total=317
2026-04-19 19:06:13 INFO dataset: Stage1 intent=media playback created=1 total=301
2026-04-19 19:06:13 INFO dataset: Stage1 intent=qr scanner created=1 total=314
2026-04-19 19:06:13 ERROR dataset: Stage1 parse error intent=status check: Unterminated string starting at: line 3 column 19 (char 24)
2026-04-19 19:06:13 INFO dataset: Stage1 intent=notification created=1 total=310
