2026-02-02 23:44:07 INFO dataset: Stage1 intent=Information Retrieval created=10 total=20
2026-02-02 23:45:05 INFO dataset: Stage1 intent=Entertainment created=10 total=10
2026-02-02 23:45:05 WARNING dataset: Stage1 no new queries intent=Entertainment failures=1/3
2026-02-02 23:45:05 INFO dataset: Stage1 intent=Entertainment created=0 total=10
2026-02-02 23:45:05 WARNING dataset: Stage1 no new queries intent=Entertainment failures=2/3
2026-02-02 23:45:05 INFO dataset: Stage1 intent=Entertainment created=0 total=10
2026-02-02 23:45:05 WARNING dataset: Stage1 no new queries intent=Entertainment failures=3/3
2026-02-02 23:45:05 ERROR dataset: Stage1 stopping intent=Entertainment after 3 failures
2026-02-02 23:45:35 INFO dataset: Stage1 intent=product_lookup created=10 total=10
2026-02-02 23:45:35 WARNING dataset: Stage1 no new queries intent=product_lookup failures=1/3
2026-02-02 23:45:35 INFO dataset: Stage1 intent=product_lookup created=0 total=10
2026-02-02 23:45:35 WARNING dataset: Stage1 no new queries intent=product_lookup failures=2/3
2026-02-02 23:45:35 INFO dataset: Stage1 intent=product_lookup created=0 total=10
2026-02-02 23:45:35 WARNING dataset: Stage1 no new queries intent=product_lookup failures=3/3
2026-02-02 23:45:35 ERROR dataset: Stage1 stopping intent=product_lookup after 3 failures
2026-02-02 23:46:04 INFO dataset: Stage1 intent=Booking created=10 total=10
2026-02-02 23:46:04 WARNING dataset: Stage1 no new queries intent=Booking failures=1/3
2026-02-02 23:46:04 INFO dataset: Stage1 intent=Booking created=0 total=10
2026-02-02 23:46:04 WARNING dataset: Stage1 no new queries intent=Booking failures=2/3
2026-02-02 23:46:04 INFO dataset: Stage1 intent=Booking created=0 total=10
2026-02-02 23:46:04 WARNING dataset: Stage1 no new queries intent=Booking failures=3/3
2026-02-02 23:46:04 ERROR dataset: Stage1 stopping intent=Booking after 3 failures
2026-02-02 23:46:40 INFO dataset: Stage1 intent=weather created=10 total=10
2026-02-02 23:46:40 WARNING dataset: Stage1 no new queries intent=weather failures=1/3
2026-02-02 23:46:40 INFO dataset: Stage1 intent=weather created=0 total=10
2026-02-02 23:46:40 WARNING dataset: Stage1 no new queries intent=weather failures=2/3
2026-02-02 23:46:40 INFO dataset: Stage1 intent=weather created=0 total=10
2026-02-02 23:46:40 WARNING dataset: Stage1 no new queries intent=weather failures=3/3
2026-02-02 23:46:40 ERROR dataset: Stage1 stopping intent=weather after 3 failures
2026-02-02 23:47:51 INFO dataset: Stage1 intent=Information Retrieval created=20 total=40
2026-02-02 23:48:45 INFO dataset: Stage1 intent=Entertainment created=30 total=40
2026-02-02 23:49:00 ERROR dataset: Stage1 error intent=product_lookup: Gemini keys exhausted after 3 attempts: HTTP Error 503: Service Unavailable
2026-02-02 23:49:19 ERROR dataset: Stage1 error intent=product_lookup: Gemini keys exhausted after 3 attempts: HTTP Error 503: Service Unavailable
2026-02-02 23:50:01 INFO dataset: Stage1 intent=product_lookup created=30 total=40
2026-02-02 23:50:49 INFO dataset: Stage1 intent=Booking created=30 total=40
2026-02-02 23:51:38 INFO dataset: Stage1 intent=weather created=30 total=40
2026-02-02 23:52:34 INFO dataset: Stage1 intent=data visualisation created=40 total=40
2026-02-02 23:53:34 INFO dataset: Stage1 intent=Planning created=40 total=40
2026-02-02 23:54:31 INFO dataset: Stage1 intent=productivity created=40 total=40
2026-02-02 23:55:20 INFO dataset: Stage1 intent=Recipe created=40 total=40
2026-02-02 23:57:07 INFO dataset: Stage1 intent=Localization created=40 total=40
2026-02-02 23:58:11 INFO dataset: Stage1 intent=Technical support created=40 total=40
2026-02-02 23:59:15 INFO dataset: Stage1 intent=Creating Writing created=40 total=40
2026-02-03 00:00:14 INFO dataset: Stage1 intent=Event Schedule created=40 total=40
2026-02-03 00:01:00 INFO dataset: Stage1 intent=Research Analysis created=40 total=40
2026-02-03 00:01:48 INFO dataset: Stage1 intent=Comparison created=40 total=40
2026-02-03 00:03:12 INFO dataset: Stage1 intent=calculation created=40 total=40
2026-02-03 00:04:14 INFO dataset: Stage1 intent=Travel created=40 total=40
2026-02-03 00:05:16 INFO dataset: Stage1 intent=Navigation created=40 total=40
2026-02-03 00:06:03 INFO dataset: Stage1 intent=Education created=40 total=40
2026-02-03 00:06:50 INFO dataset: Stage1 intent=Documentation created=40 total=40
2026-02-03 00:07:52 INFO dataset: Stage1 intent=media playback created=40 total=40
2026-02-03 00:08:43 INFO dataset: Stage1 intent=qr scanner created=40 total=40
2026-02-03 00:09:46 INFO dataset: Stage1 intent=status check created=40 total=40
2026-02-03 00:12:51 ERROR dataset: Stage2 batch parse error: Unterminated string starting at: line 24 column 22 (char 5699)
2026-02-03 00:12:54 WARNING dataset: Stage2 asset download failed url=https://www.bankrate.com/mortgage/rate err=HTTP Error 405: Not Allowed
2026-02-03 00:12:54 WARNING dataset: Stage2 asset download failed url=https://www.travi err=<urlopen error [Errno 11001] getaddrinfo failed>
2026-02-03 00:12:54 WARNING dataset: Stage2 asset download failed url=https://www.con err=<urlopen error [Errno 11001] getaddrinfo failed>
2026-02-03 00:12:55 WARNING dataset: Stage2 asset download failed url=https://www.freddiemac.com/pmm err=HTTP Error 403: Forbidden
2026-02-03 00:12:55 INFO dataset: Stage2 created response_id=r_000001_01
2026-02-03 00:12:55 WARNING dataset: Stage2 asset download failed url=https://img.icon err=<urlopen error [Errno 11001] getaddrinfo failed>
2026-02-03 00:12:55 WARNING dataset: Stage2 asset download failed url=https://www.coopculture.it/en/
- [Button: Book Vatican Ticket err=URL can't contain control characters. '/en/\n- [Button: Book Vatican Ticket' (found at least '\n')
2026-02-03 00:12:55 WARNING dataset: Stage2 asset download failed url=https://m.mu err=<urlopen error [Errno 11001] getaddrinfo failed>
2026-02-03 00:12:55 WARNING dataset: Stage2 asset download failed url=https://www.turi err=<urlopen error [Errno 11001] getaddrinfo failed>
2026-02-03 00:12:55 INFO dataset: Stage2 created response_id=r_000002_01
2026-02-03 00:12:55 INFO dataset: Stage2 created response_id=r_000003_01
2026-02-03 00:12:55 INFO dataset: Stage2 created response_id=r_000004_01
2026-02-03 00:12:55 WARNING dataset: Stage2 asset download failed url=https://img.icon err=<urlopen error [Errno 11001] getaddrinfo failed>
2026-02-03 00:12:56 WARNING dataset: Stage2 asset download failed url=https://fdc.nal.u err=<urlopen error [Errno 11001] getaddrinfo failed>
2026-02-03 00:12:56 INFO dataset: Stage2 created response_id=r_000005_01
2026-02-03 00:13:58 ERROR dataset: Stage2 batch parse error: Unterminated string starting at: line 32 column 22 (char 8370)
2026-02-03 00:14:00 WARNING dataset: Stage2 asset download failed url=https://www.bfi.org.uk/li err=HTTP Error 404: Not Found
2026-02-03 00:14:00 WARNING dataset: Stage2 asset download failed url=https://www.criterion.com/current/po err=HTTP Error 403: Forbidden
2026-02-03 00:14:00 INFO dataset: Stage2 created response_id=r_000021_01
2026-02-03 00:14:08 WARNING dataset: Stage2 asset download failed url=https://www err=<urlopen error [Errno 11001] getaddrinfo failed>
2026-02-03 00:14:08 INFO dataset: Stage2 created response_id=r_000022_01
2026-02-03 00:14:08 INFO dataset: Stage2 created response_id=r_000023_01
2026-02-03 00:14:08 INFO dataset: Stage2 created response_id=r_000024_01
2026-02-03 00:14:09 WARNING dataset: Stage2 asset download failed url=https://www.gutenberg.org/ebook err=HTTP Error 404: Not Found
2026-02-03 00:14:09 INFO dataset: Stage2 created response_id=r_000025_01
2026-02-03 00:14:09 WARNING dataset: Stage2 asset download failed url=https://www.google.com/map err=HTTP Error 404: Not Found
2026-02-03 00:14:11 INFO dataset: Stage2 created response_id=r_000026_01
2026-02-03 00:14:11 INFO dataset: Stage2 created response_id=r_000027_01
2026-02-03 00:15:14 ERROR dataset: Stage2 batch parse error: Unterminated string starting at: line 60 column 22 (char 20172)
2026-02-03 00:15:14 WARNING dataset: Stage2 asset download failed url=https://www.apple.com/macbook-air/compare/

Source err=URL can't contain control characters. '/macbook-air/compare/\n\nSource' (found at least '\n')
2026-02-03 00:15:14 INFO dataset: Stage2 created response_id=r_000031_01
2026-02-03 00:15:21 WARNING dataset: Stage2 asset download failed url=https://bluelizard err=<urlopen error [Errno 11001] getaddrinfo failed>
2026-02-03 00:15:22 WARNING dataset: Stage2 asset download failed url=https://www.pipettebaby.com/]
Option 3: Think err=URL can't contain control characters. '/]\nOption 3: Think' (found at least '\n')
2026-02-03 00:15:22 WARNING dataset: Stage2 asset download failed url=https://gothink.com/]

Product Detail err=URL can't contain control characters. '/]\n\nProduct Detail' (found at least '\n')
2026-02-03 00:15:22 WARNING dataset: Stage2 asset download failed url=https://img.icon err=<urlopen error [Errno 11001] getaddrinfo failed>
2026-02-03 00:15:22 INFO dataset: Stage2 created response_id=r_000032_01
2026-02-03 00:15:24 WARNING dataset: Stage2 asset download failed url=https://co err=<urlopen error [Errno 11001] getaddrinfo failed>
2026-02-03 00:15:24 INFO dataset: Stage2 created response_id=r_000033_01
2026-02-03 00:15:24 WARNING dataset: Stage2 asset download failed url=https://img.icon err=<urlopen error [Errno 11001] getaddrinfo failed>
2026-02-03 00:15:24 INFO dataset: Stage2 created response_id=r_000034_01
2026-02-03 00:15:25 WARNING dataset: Stage2 asset download failed url=https://www.bankrate.com/credit-card err=HTTP Error 405: Not Allowed
2026-02-03 00:15:25 INFO dataset: Stage2 created response_id=r_000035_01
2026-02-03 00:15:25 WARNING dataset: Stage2 asset download failed url=https://www.hermanmiller.com/product err=HTTP Error 403: Forbidden
2026-02-03 00:15:28 WARNING dataset: Stage2 asset download failed url=https://www err=<urlopen error [Errno 11001] getaddrinfo failed>
2026-02-03 00:15:28 WARNING dataset: Stage2 asset download failed url=https://www.hermanmiller.com/content/dam/hermanmiller/document err=HTTP Error 403: Forbidden
2026-02-03 00:15:28 INFO dataset: Stage2 created response_id=r_000036_01
2026-02-03 00:15:28 WARNING dataset: Stage2 asset download failed url=https://www.garmin.com/en-US/p/707538
- http err=URL can't contain control characters. '/en-US/p/707538\n- http' (found at least '\n')
2026-02-03 00:15:28 INFO dataset: Stage2 created response_id=r_000037_01
2026-02-03 00:15:29 WARNING dataset: Stage2 asset download failed url=https://www.felco.com/en_u err=HTTP Error 404: Not Found
2026-02-03 00:15:29 WARNING dataset: Stage2 asset download failed url=https://img.icon err=<urlopen error [Errno 11001] getaddrinfo failed>
2026-02-03 00:15:29 INFO dataset: Stage2 created response_id=r_000038_01
2026-02-03 00:15:32 WARNING dataset: Stage2 asset download failed url=https://electronic err=<urlopen error [Errno 11001] getaddrinfo failed>
2026-02-03 00:15:32 INFO dataset: Stage2 created response_id=r_000039_01
2026-02-03 00:15:33 WARNING dataset: Stage2 asset download failed url=https://uppababy.com/vi err=HTTP Error 404: Not Found
2026-02-03 00:15:34 INFO dataset: Stage2 created response_id=r_000040_01
2026-02-03 00:15:36 WARNING dataset: Stage2 asset download failed url=https://www err=<urlopen error [Errno 11001] getaddrinfo failed>
2026-02-03 00:15:59 WARNING dataset: Stage2 asset download failed url=https://www.bo err=<urlopen error [WinError 10060] A connection attempt failed because the connected party did not properly respond after a period of time, or established connection failed because connected host has failed to respond>
2026-02-03 00:15:59 INFO dataset: Stage2 created response_id=r_000111_01
2026-02-03 00:15:59 WARNING dataset: Stage2 asset download failed url=https://www.a err=<urlopen error [Errno 11001] getaddrinfo failed>
2026-02-03 00:15:59 WARNING dataset: Stage2 asset download failed url=https://www.razer.com/gaming-laptop err=HTTP Error 403: Forbidden
2026-02-03 00:15:59 WARNING dataset: Stage2 asset download failed url=https://img.icon err=<urlopen error [Errno 11001] getaddrinfo failed>
2026-02-03 00:15:59 INFO dataset: Stage2 created response_id=r_000112_01
2026-02-03 00:15:59 WARNING dataset: Stage2 asset download failed url=https://www.nytime err=<urlopen error [Errno 11001] getaddrinfo failed>
2026-02-03 00:15:59 INFO dataset: Stage2 created response_id=r_000113_01
2026-02-03 00:16:00 INFO dataset: Stage2 created response_id=r_000114_01
2026-02-03 00:17:01 ERROR dataset: Stage2 batch parse error: Unterminated string starting at: line 56 column 22 (char 14001)
2026-02-03 00:17:01 WARNING dataset: Stage2 asset download failed url=https://www.ana.co.jp
[Button: Compare on Google Flight err=Invalid IPv6 URL
2026-02-03 00:17:02 WARNING dataset: Stage2 asset download failed url=https://www.google.com/travel/flight err=HTTP Error 404: Not Found
2026-02-03 00:17:02 WARNING dataset: Stage2 asset download failed url=https://www.ana.co.jp
- http err=URL can't contain control characters. 'www.ana.co.jp\n- http' (found at least '\n')
2026-02-03 00:17:02 INFO dataset: Stage2 created response_id=r_000041_01
2026-02-03 00:17:02 WARNING dataset: Stage2 asset download failed url=https://www.lambroi err=<urlopen error [Errno 11001] getaddrinfo failed>
2026-02-03 00:17:02 WARNING dataset: Stage2 asset download failed url=https://img.icon err=<urlopen error [Errno 11001] getaddrinfo failed>
2026-02-03 00:17:02 INFO dataset: Stage2 created response_id=r_000042_01
2026-02-03 00:17:09 WARNING dataset: Stage2 asset download failed url=https://ho err=<urlopen error [Errno 11001] getaddrinfo failed>
2026-02-03 00:17:09 INFO dataset: Stage2 created response_id=r_000043_01
2026-02-03 00:17:09 WARNING dataset: Stage2 asset download failed url=https://calendar.google.com/calendar/render?action=TEMPLATE
[Button: Get Direction err=URL can't contain control characters. '/calendar/render?action=TEMPLATE\n[Button: Get Direction' (found at least '\n')
2026-02-03 00:17:09 WARNING dataset: Stage2 asset download failed url=https://www.google.com/map err=HTTP Error 404: Not Found
2026-02-03 00:17:09 WARNING dataset: Stage2 asset download failed url=https://img.icon err=<urlopen error [Errno 11001] getaddrinfo failed>
2026-02-03 00:17:09 INFO dataset: Stage2 created response_id=r_000044_01
2026-02-03 00:17:12 WARNING dataset: Stage2 asset download failed url=https://www err=<urlopen error [Errno 11001] getaddrinfo failed>
2026-02-03 00:17:12 WARNING dataset: Stage2 asset download failed url=https://img.icon err=<urlopen error [Errno 11001] getaddrinfo failed>
2026-02-03 00:17:12 INFO dataset: Stage2 created response_id=r_000045_01
2026-02-03 00:17:13 WARNING dataset: Stage2 asset download failed url=https://www.theapollovictoria.com/plan-your-vi err=HTTP Error 404: Not Found
2026-02-03 00:17:13 WARNING dataset: Stage2 asset download failed url=https://www.apple.com/wallet/

Source err=URL can't contain control characters. '/wallet/\n\nSource' (found at least '\n')
2026-02-03 00:17:13 INFO dataset: Stage2 created response_id=r_000046_01
2026-02-03 00:17:13 WARNING dataset: Stage2 asset download failed url=https://www.liquid err=<urlopen error [Errno 11001] getaddrinfo failed>
2026-02-03 00:17:13 WARNING dataset: Stage2 asset download failed url=https://www.google.com/map err=HTTP Error 404: Not Found
2026-02-03 00:17:13 WARNING dataset: Stage2 asset download failed url=https://img.icon err=<urlopen error [Errno 11001] getaddrinfo failed>
2026-02-03 00:17:13 INFO dataset: Stage2 created response_id=r_000047_01
2026-02-03 00:17:13 WARNING dataset: Stage2 asset download failed url=https://www.melbournepark.com.au
[Button: Contact Coach] http err='Button: Contact Coach' does not appear to be an IPv4 or IPv6 address
2026-02-03 00:17:13 WARNING dataset: Stage2 asset download failed url=https://img.icon err=<urlopen error [Errno 11001] getaddrinfo failed>
2026-02-03 00:17:13 INFO dataset: Stage2 created response_id=r_000048_01
2026-02-03 00:17:14 WARNING dataset: Stage2 asset download failed url=https://www.ayana.com/bali/ayana-re err=HTTP Error 404: Not Found
2026-02-03 00:17:14 WARNING dataset: Stage2 asset download failed url=https://www.ayana.com/a err=HTTP Error 404: Not Found
2026-02-03 00:17:14 WARNING dataset: Stage2 asset download failed url=https://img.icon err=<urlopen error [Errno 11001] getaddrinfo failed>
2026-02-03 00:17:14 INFO dataset: Stage2 created response_id=r_000049_01
2026-02-03 00:17:14 WARNING dataset: Stage2 asset download failed url=https://zoom.u err=<urlopen error [Errno 11001] getaddrinfo failed>
2026-02-03 00:17:14 WARNING dataset: Stage2 asset download failed url=https://www.tutorplatform.com/upload

Icon err=URL can't contain control characters. '/upload\n\nIcon' (found at least '\n')
2026-02-03 00:17:14 WARNING dataset: Stage2 asset download failed url=https://img.icon err=<urlopen error [Errno 11001] getaddrinfo failed>
2026-02-03 00:17:14 INFO dataset: Stage2 created response_id=r_000050_01
2026-02-03 00:17:14 WARNING dataset: Stage2 asset download failed url=https://www.lambroi err=<urlopen error [Errno 11001] getaddrinfo failed>
2026-02-03 00:17:14 WARNING dataset: Stage2 asset download failed url=https://img.icon err=<urlopen error [Errno 11001] getaddrinfo failed>
2026-02-03 00:17:14 INFO dataset: Stage2 created response_id=r_000141_01
2026-02-03 00:17:14 WARNING dataset: Stage2 asset download failed url=https://www.themanhattantime err=<urlopen error [Errno 11001] getaddrinfo failed>
2026-02-03 00:17:14 WARNING dataset: Stage2 asset download failed url=https://www.arlohotel err=<urlopen error [Errno 11001] getaddrinfo failed>
2026-02-03 00:17:15 INFO dataset: Stage2 created response_id=r_000142_01
2026-02-03 00:17:15 WARNING dataset: Stage2 asset download failed url=https://www.coopculture.it
[Button: Book Vatican Ticket err=Invalid IPv6 URL
2026-02-03 00:17:15 WARNING dataset: Stage2 asset download failed url=https://m.mu err=<urlopen error [Errno 11001] getaddrinfo failed>
2026-02-03 00:17:18 WARNING dataset: Stage2 asset download failed url=https://image err=<urlopen error [Errno 11001] getaddrinfo failed>
2026-02-03 00:17:18 WARNING dataset: Stage2 asset download failed url=https://img.icon err=<urlopen error [Errno 11001] getaddrinfo failed>
2026-02-03 00:17:18 INFO dataset: Stage2 created response_id=r_000143_01
2026-02-03 00:22:16 ERROR dataset: Stage2 batch parse error: Unterminated string starting at: line 44 column 22 (char 10152)
2026-02-03 00:22:24 WARNING dataset: Stage2 asset download failed url=https://www.notebookcheck.net/Dell-XPS-15-9530-RTX-4060-Laptop-Review.711833.0.html err=HTTP Error 404: Not Found
2026-02-03 00:22:24 INFO dataset: Stage2 created response_id=r_000006_01
2026-02-03 00:22:25 INFO dataset: Stage2 created response_id=r_000007_01
2026-02-03 00:22:27 WARNING dataset: Stage2 asset download failed url=https://img.icons8.com/color/48/education.png err=HTTP Error 404: Not Found
2026-02-03 00:22:27 INFO dataset: Stage2 created response_id=r_000008_01
2026-02-03 00:22:31 WARNING dataset: Stage2 asset download failed url=https://www.terramiaristorante.com err=HTTP Error 403: Forbidden
2026-02-03 00:22:31 INFO dataset: Stage2 created response_id=r_000009_01
2026-02-03 00:22:31 WARNING dataset: Stage2 asset download failed url=https://www.vicroads.vic.gov.au/licences/renew-replace-or-update/renew-your-licence err=HTTP Error 403: Forbidden
2026-02-03 00:22:31 WARNING dataset: Stage2 asset download failed url=https://www.vicroads.vic.gov.au err=HTTP Error 403: Forbidden
2026-02-03 00:22:31 INFO dataset: Stage2 created response_id=r_000010_01
2026-02-03 00:22:32 INFO dataset: Stage2 created response_id=r_000011_01
2026-02-03 00:22:33 INFO dataset: Stage2 created response_id=r_000012_01
2026-02-03 00:22:34 WARNING dataset: Stage2 asset download failed url=https://boudinbakery.com/locations/ err=HTTP Error 403: Forbidden
2026-02-03 00:22:34 WARNING dataset: Stage2 asset download failed url=https://boudinbakery.com err=HTTP Error 403: Forbidden
2026-02-03 00:22:36 INFO dataset: Stage2 created response_id=r_000013_01
2026-02-03 00:22:37 INFO dataset: Stage2 created response_id=r_000014_01
2026-02-03 00:22:38 INFO dataset: Stage2 created response_id=r_000015_01
2026-02-03 00:23:46 ERROR dataset: Stage2 batch parse error: Unterminated string starting at: line 1 column 9476 (char 9475)
2026-02-03 00:23:46 WARNING dataset: Stage2 asset download failed url=https://www.canva.com/templates/s/murder-mystery-invitation/ err=HTTP Error 403: Forbidden
2026-02-03 00:23:46 WARNING dataset: Stage2 asset download failed url=https://www.amazon.com/1930s-costumes/s?k=1930s+costumes err=HTTP Error 503: Service Unavailable
2026-02-03 00:23:46 INFO dataset: Stage2 created response_id=r_000028_01
2026-02-03 00:23:47 WARNING dataset: Stage2 asset download failed url=https://img.icons8.com/color/48/expensive-price.png err=HTTP Error 404: Not Found
2026-02-03 00:23:51 INFO dataset: Stage2 created response_id=r_000029_01
2026-02-03 00:23:54 INFO dataset: Stage2 created response_id=r_000030_01
2026-02-03 00:23:54 WARNING dataset: Stage2 asset download failed url=https://open.spotify.com/playlist/37i9dQZF1DX2pp36pB2U9Z err=HTTP Error 404: Not Found
2026-02-03 00:23:54 WARNING dataset: Stage2 asset download failed url=https://www.nightofmystery.com/ err=HTTP Error 403: Forbidden
2026-02-03 00:23:54 INFO dataset: Stage2 created response_id=r_000081_01
2026-02-03 00:23:54 INFO dataset: Stage2 created response_id=r_000082_01
2026-02-03 00:23:55 WARNING dataset: Stage2 asset download failed url=https://www.crunchyroll.com/ err=HTTP Error 403: Forbidden
2026-02-03 00:23:56 INFO dataset: Stage2 created response_id=r_000083_01
2026-02-03 00:24:59 ERROR dataset: Stage2 batch parse error: Unterminated string starting at: line 60 column 22 (char 16971)
2026-02-03 00:25:00 WARNING dataset: Stage2 asset download failed url=https://img.icons8.com/ios/50/hot-pot.png err=HTTP Error 404: Not Found
2026-02-03 00:25:01 INFO dataset: Stage2 created response_id=r_000115_01
2026-02-03 00:25:01 WARNING dataset: Stage2 asset download failed url=https://www.nobelprize.org/prizes/economic-sciences/2017/thaler/facts/ err=HTTP Error 403: Forbidden
2026-02-03 00:25:01 WARNING dataset: Stage2 asset download failed url=https://www.nytimes.com/2021/05/18/books/review/noise-daniel-kahneman-olivier-sibony-cass-r-sunstein.html err=HTTP Error 403: Forbidden
2026-02-03 00:25:01 INFO dataset: Stage2 created response_id=r_000116_01
2026-02-03 00:25:01 WARNING dataset: Stage2 asset download failed url=https://www.dpreview.com/products/compare/cameras err=HTTP Error 403: Forbidden
2026-02-03 00:25:02 INFO dataset: Stage2 created response_id=r_000117_01
2026-02-03 00:25:06 WARNING dataset: Stage2 asset download failed url=https://automobiles.honda.com/cr-v-hybrid err=HTTP Error 403: Forbidden
2026-02-03 00:25:06 INFO dataset: Stage2 created response_id=r_000118_01
2026-02-03 00:25:06 WARNING dataset: Stage2 asset download failed url=https://www.g2.com/categories/crm err=HTTP Error 403: Forbidden
2026-02-03 00:25:07 WARNING dataset: Stage2 asset download failed url=https://img.icons8.com/ios/50/customer-relationship-management.png err=HTTP Error 404: Not Found
2026-02-03 00:25:07 INFO dataset: Stage2 created response_id=r_000119_01
2026-02-03 00:25:08 WARNING dataset: Stage2 asset download failed url=https://img.icons8.com/ios/50/skin-beauty.png err=HTTP Error 404: Not Found
2026-02-03 00:25:08 INFO dataset: Stage2 created response_id=r_000120_01
2026-02-03 00:25:11 WARNING dataset: Stage2 asset download failed url=https://img.icons8.com/ios/50/office-chair.png err=HTTP Error 404: Not Found
2026-02-03 00:25:12 INFO dataset: Stage2 created response_id=r_000121_01
2026-02-03 00:25:13 INFO dataset: Stage2 created response_id=r_000122_01
2026-02-03 00:25:15 WARNING dataset: Stage2 asset download failed url=https://img.icons8.com/ios/50/game-controller.png err=HTTP Error 404: Not Found
2026-02-03 00:25:15 INFO dataset: Stage2 created response_id=r_000123_01
2026-02-03 00:25:16 ERROR dataset: Stage2 batch parse error: Unterminated string starting at: line 40 column 22 (char 10284)
2026-02-03 00:25:16 INFO dataset: Stage2 created response_id=r_000016_01
2026-02-03 00:25:16 WARNING dataset: Stage2 asset download failed url=https://www.aspca.org/pet-care/animal-poison-control/toxic-and-non-toxic-plants err=HTTP Error 403: Forbidden
2026-02-03 00:25:16 INFO dataset: Stage2 created response_id=r_000124_01
2026-02-03 00:25:17 INFO dataset: Stage2 created response_id=r_000017_01
2026-02-03 00:25:19 WARNING dataset: Stage2 asset download failed url=https://img.icons8.com/ios/50/protected-status.png err=HTTP Error 404: Not Found
2026-02-03 00:25:19 INFO dataset: Stage2 created response_id=r_000018_01
2026-02-03 00:25:19 WARNING dataset: Stage2 asset download failed url=https://example.com/images/murder_my_sweet.jpg err=HTTP Error 404: Not Found
2026-02-03 00:25:19 WARNING dataset: Stage2 asset download failed url=https://example.com/images/laura_1944.jpg err=HTTP Error 404: Not Found
2026-02-03 00:25:19 INFO dataset: Stage2 created response_id=r_000019_01
2026-02-03 00:25:20 INFO dataset: Stage2 created response_id=r_000125_01
2026-02-03 00:25:21 INFO dataset: Stage2 created response_id=r_000126_01
2026-02-03 00:25:21 WARNING dataset: Stage2 asset download failed url=https://www.runningshoesguru.com/wizard/ err=HTTP Error 403: Forbidden
2026-02-03 00:25:21 INFO dataset: Stage2 created response_id=r_000020_01
2026-02-03 00:25:21 WARNING dataset: Stage2 asset download failed url=https://example.com/images/kyoto_gold.jpg err=HTTP Error 404: Not Found
2026-02-03 00:25:21 WARNING dataset: Stage2 asset download failed url=https://example.com/images/ryoanji.jpg err=HTTP Error 404: Not Found
2026-02-03 00:25:21 INFO dataset: Stage2 created response_id=r_000061_01
2026-02-03 00:25:21 INFO dataset: Stage2 created response_id=r_000062_01
2026-02-03 00:25:21 INFO dataset: Stage2 created response_id=r_000063_01
2026-02-03 00:25:22 INFO dataset: Stage2 created response_id=r_000064_01
2026-02-03 00:25:22 WARNING dataset: Stage2 asset download failed url=https://img.icons8.com/ios/50/running-shoes.png err=HTTP Error 404: Not Found
2026-02-03 00:25:22 WARNING dataset: Stage2 asset download failed url=https://img.icons8.com/ios/50/marathon.png err=HTTP Error 404: Not Found
2026-02-03 00:25:22 INFO dataset: Stage2 created response_id=r_000127_01
2026-02-03 00:25:25 WARNING dataset: Stage2 asset download failed url=https://img.icons8.com/ios/50/agile.png err=HTTP Error 404: Not Found
2026-02-03 00:25:25 INFO dataset: Stage2 created response_id=r_000128_01
2026-02-03 00:26:27 ERROR dataset: Stage2 batch parse error: Unterminated string starting at: line 68 column 22 (char 21631)
2026-02-03 00:26:27 WARNING dataset: Stage2 asset download failed url=https://img.icons8.com/color/48/quiz.png err=HTTP Error 404: Not Found
2026-02-03 00:26:27 ERROR dataset: Stage2 batch parse error: Expecting value: line 73 column 5 (char 14915)
2026-02-03 00:26:27 WARNING dataset: Stage2 asset download failed url=https://www.lufthansa.com err=HTTP Error 403: Forbidden
2026-02-03 00:26:28 WARNING dataset: Stage2 asset download failed url=https://img.icons8.com/color/48/television.png err=HTTP Error 404: Not Found
2026-02-03 00:26:28 INFO dataset: Stage2 created response_id=r_000084_01
2026-02-03 00:26:29 INFO dataset: Stage2 created response_id=r_000144_01
2026-02-03 00:26:29 INFO dataset: Stage2 created response_id=r_000085_01
2026-02-03 00:26:30 INFO dataset: Stage2 created response_id=r_000086_01
2026-02-03 00:26:30 INFO dataset: Stage2 created response_id=r_000087_01
2026-02-03 00:26:31 INFO dataset: Stage2 created response_id=r_000088_01
2026-02-03 00:26:31 WARNING dataset: Stage2 asset download failed url=https://img.icons8.com/color/48/magic-wand.png err=HTTP Error 404: Not Found
2026-02-03 00:26:32 WARNING dataset: Stage2 asset download failed url=https://img.icons8.com/color/48/playing-cards.png err=HTTP Error 404: Not Found
2026-02-03 00:26:32 INFO dataset: Stage2 created response_id=r_000089_01
2026-02-03 00:26:33 INFO dataset: Stage2 created response_id=r_000090_01
2026-02-03 00:26:34 WARNING dataset: Stage2 asset download failed url=https://img.icons8.com/color/48/electric-guitar.png err=HTTP Error 404: Not Found
2026-02-03 00:26:34 INFO dataset: Stage2 created response_id=r_000091_01
2026-02-03 00:26:34 INFO dataset: Stage2 created response_id=r_000092_01
2026-02-03 00:26:35 WARNING dataset: Stage2 asset download failed url=https://img.icons8.com/color/48/music-notation.png err=HTTP Error 404: Not Found
2026-02-03 00:26:36 WARNING dataset: Stage2 asset download failed url=https://img.icons8.com/color/48/acoustic-guitar.png err=HTTP Error 404: Not Found
2026-02-03 00:26:36 INFO dataset: Stage2 created response_id=r_000093_01
2026-02-03 00:26:36 INFO dataset: Stage2 created response_id=r_000145_01
2026-02-03 00:26:36 WARNING dataset: Stage2 asset download failed url=https://www.thermalbad-zuerich.ch/en err=HTTP Error 403: Forbidden
2026-02-03 00:26:36 WARNING dataset: Stage2 asset download failed url=https://img.icons8.com/color/48/theater-curtains.png err=HTTP Error 404: Not Found
2026-02-03 00:26:37 INFO dataset: Stage2 created response_id=r_000146_01
2026-02-03 00:26:37 WARNING dataset: Stage2 asset download failed url=https://img.icons8.com/color/48/parchment.png err=HTTP Error 404: Not Found
2026-02-03 00:26:37 INFO dataset: Stage2 created response_id=r_000094_01
2026-02-03 00:26:38 INFO dataset: Stage2 created response_id=r_000095_01
2026-02-03 00:26:39 WARNING dataset: Stage2 asset download failed url=https://img.icons8.com/color/48/cinema--v1.png err=HTTP Error 404: Not Found
2026-02-03 00:26:39 WARNING dataset: Stage2 asset download failed url=https://www.santorini.gr/weddings err=HTTP Error 404: Not Found
2026-02-03 00:26:40 INFO dataset: Stage2 created response_id=r_000096_01
2026-02-03 00:26:40 INFO dataset: Stage2 created response_id=r_000097_01
2026-02-03 00:26:41 INFO dataset: Stage2 created response_id=r_000098_01
2026-02-03 00:26:41 INFO dataset: Stage2 created response_id=r_000099_01
2026-02-03 00:26:42 INFO dataset: Stage2 created response_id=r_000147_01
2026-02-03 00:26:42 WARNING dataset: Stage2 asset download failed url=https://www.renfe.com/es/en err=<urlopen error [SSL: CERTIFICATE_VERIFY_FAILED] certificate verify failed: unable to get local issuer certificate (_ssl.c:1006)>
2026-02-03 00:26:43 WARNING dataset: Stage2 asset download failed url=https://www.renfe.com err=<urlopen error [SSL: CERTIFICATE_VERIFY_FAILED] certificate verify failed: unable to get local issuer certificate (_ssl.c:1006)>
2026-02-03 00:26:43 INFO dataset: Stage2 created response_id=r_000148_01
2026-02-03 00:26:44 WARNING dataset: Stage2 asset download failed url=https://images.unsplash.com/photo-1470737331506-030582862047?q=80&w=1000&auto=format&fit=crop err=HTTP Error 404: Not Found
2026-02-03 00:26:44 INFO dataset: Stage2 created response_id=r_000149_01
2026-02-03 00:26:46 INFO dataset: Stage2 created response_id=r_000150_01
2026-02-03 00:26:46 WARNING dataset: Stage2 asset download failed url=https://www.wework.com/en-GB/solutions/wework-all-access err=HTTP Error 403: Forbidden
2026-02-03 00:26:46 WARNING dataset: Stage2 asset download failed url=https://www.wework.com err=HTTP Error 403: Forbidden
2026-02-03 00:26:46 INFO dataset: Stage2 created response_id=r_000151_01
2026-02-03 00:26:47 WARNING dataset: Stage2 asset download failed url=https://www.getmyboat.com/boat-rental/USA/FL/Miami/ err=HTTP Error 404: Not Found
2026-02-03 00:26:48 INFO dataset: Stage2 created response_id=r_000152_01
2026-02-03 00:26:49 WARNING dataset: Stage2 asset download failed url=https://www.moving.com err=HTTP Error 403: Forbidden
2026-02-03 00:26:50 INFO dataset: Stage2 created response_id=r_000153_01
2026-02-03 00:26:51 INFO dataset: Stage2 created response_id=r_000154_01
2026-02-03 00:27:22 WARNING dataset: Stage2 asset download failed url=https://www.royalcaribbean.com err=The read operation timed out
2026-02-03 00:27:22 WARNING dataset: Stage2 asset download failed url=https://www.cruisecritic.com err=HTTP Error 403: Forbidden
2026-02-03 00:27:22 INFO dataset: Stage2 created response_id=r_000155_01
2026-02-03 00:27:24 INFO dataset: Stage2 created response_id=r_000156_01
2026-02-03 00:27:26 WARNING dataset: Stage2 asset download failed url=https://www.petsmart.com/grooming/ err=HTTP Error 404: Not Found
2026-02-03 00:27:26 INFO dataset: Stage2 created response_id=r_000157_01
2026-02-03 00:27:27 INFO dataset: Stage2 created response_id=r_000158_01
2026-02-03 00:27:27 WARNING dataset: Stage2 asset download failed url=https://www.clio.com/features/client-portal/ err=HTTP Error 403: Forbidden
2026-02-03 00:27:28 INFO dataset: Stage2 created response_id=r_000159_01
2026-02-03 00:27:29 WARNING dataset: Stage2 asset download failed url=https://www.golfphoenix.com err=<urlopen error [SSL: CERTIFICATE_VERIFY_FAILED] certificate verify failed: Hostname mismatch, certificate is not valid for 'www.golfphoenix.com'. (_ssl.c:1006)>
2026-02-03 00:27:30 INFO dataset: Stage2 created response_id=r_000160_01
2026-02-03 00:27:31 WARNING dataset: Stage2 asset download failed url=https://www.pappasitos.com/catering/ err=<urlopen error [WinError 10054] An existing connection was forcibly closed by the remote host>
2026-02-03 00:27:31 INFO dataset: Stage2 created response_id=r_000161_01
2026-02-03 00:27:46 ERROR dataset: Stage2 batch parse error: Unterminated string starting at: line 60 column 22 (char 16971)
2026-02-03 00:27:47 WARNING dataset: Stage2 asset download failed url=https://img.icons8.com/ios/50/hot-pot.png err=HTTP Error 404: Not Found
2026-02-03 00:27:47 INFO dataset: Stage2 created response_id=r_000115_01
2026-02-03 00:27:48 INFO dataset: Stage2 created response_id=r_000116_01
2026-02-03 00:27:48 INFO dataset: Stage2 created response_id=r_000117_01
2026-02-03 00:27:48 INFO dataset: Stage2 created response_id=r_000118_01
2026-02-03 00:27:49 WARNING dataset: Stage2 asset download failed url=https://img.icons8.com/ios/50/customer-relationship-management.png err=HTTP Error 404: Not Found
2026-02-03 00:27:50 INFO dataset: Stage2 created response_id=r_000119_01
2026-02-03 00:27:50 WARNING dataset: Stage2 asset download failed url=https://img.icons8.com/ios/50/skin-beauty.png err=HTTP Error 404: Not Found
2026-02-03 00:27:50 INFO dataset: Stage2 created response_id=r_000120_01
2026-02-03 00:27:51 WARNING dataset: Stage2 asset download failed url=https://img.icons8.com/ios/50/office-chair.png err=HTTP Error 404: Not Found
2026-02-03 00:27:52 INFO dataset: Stage2 created response_id=r_000121_01
2026-02-03 00:27:53 INFO dataset: Stage2 created response_id=r_000122_01
2026-02-03 00:27:54 WARNING dataset: Stage2 asset download failed url=https://img.icons8.com/ios/50/game-controller.png err=HTTP Error 404: Not Found
2026-02-03 00:27:54 INFO dataset: Stage2 created response_id=r_000123_01
2026-02-03 00:27:55 INFO dataset: Stage2 created response_id=r_000124_01
2026-02-03 00:27:56 INFO dataset: Stage2 created response_id=r_000125_01
2026-02-03 00:27:57 INFO dataset: Stage2 created response_id=r_000126_01
2026-02-03 00:27:58 WARNING dataset: Stage2 asset download failed url=https://img.icons8.com/ios/50/running-shoes.png err=HTTP Error 404: Not Found
2026-02-03 00:27:59 WARNING dataset: Stage2 asset download failed url=https://img.icons8.com/ios/50/marathon.png err=HTTP Error 404: Not Found
2026-02-03 00:27:59 INFO dataset: Stage2 created response_id=r_000127_01
2026-02-03 00:27:59 WARNING dataset: Stage2 asset download failed url=https://img.icons8.com/ios/50/agile.png err=HTTP Error 404: Not Found
2026-02-03 00:27:59 INFO dataset: Stage2 created response_id=r_000128_01
2026-02-03 00:28:10 ERROR dataset: Stage2 batch parse error: No JSON found
2026-02-03 00:28:56 ERROR dataset: Stage2 batch parse error: Expecting value: line 73 column 5 (char 14915)
2026-02-03 00:28:56 INFO dataset: Stage2 created response_id=r_000144_01
2026-02-03 00:28:57 INFO dataset: Stage2 created response_id=r_000145_01
2026-02-03 00:28:57 INFO dataset: Stage2 created response_id=r_000146_01
2026-02-03 00:28:58 INFO dataset: Stage2 created response_id=r_000147_01
2026-02-03 00:28:58 INFO dataset: Stage2 created response_id=r_000148_01
2026-02-03 00:28:58 WARNING dataset: Stage2 asset download failed url=https://images.unsplash.com/photo-1470737331506-030582862047?q=80&w=1000&auto=format&fit=crop err=HTTP Error 404: Not Found
2026-02-03 00:28:58 INFO dataset: Stage2 created response_id=r_000149_01
2026-02-03 00:28:58 INFO dataset: Stage2 created response_id=r_000150_01
2026-02-03 00:28:58 INFO dataset: Stage2 created response_id=r_000151_01
2026-02-03 00:28:58 INFO dataset: Stage2 created response_id=r_000152_01
2026-02-03 00:28:58 INFO dataset: Stage2 created response_id=r_000153_01
2026-02-03 00:28:59 INFO dataset: Stage2 created response_id=r_000154_01
2026-02-03 00:28:59 INFO dataset: Stage2 created response_id=r_000155_01
2026-02-03 00:28:59 INFO dataset: Stage2 created response_id=r_000156_01
2026-02-03 00:28:59 INFO dataset: Stage2 created response_id=r_000157_01
2026-02-03 00:28:59 INFO dataset: Stage2 created response_id=r_000158_01
2026-02-03 00:28:59 INFO dataset: Stage2 created response_id=r_000159_01
2026-02-03 00:28:59 INFO dataset: Stage2 created response_id=r_000160_01
2026-02-03 00:28:59 INFO dataset: Stage2 created response_id=r_000161_01
2026-02-03 00:29:11 ERROR dataset: Stage2 batch parse error: Unterminated string starting at: line 28 column 22 (char 8799)
2026-02-03 00:29:11 INFO dataset: Stage2 created response_id=r_000100_01
2026-02-03 00:29:12 WARNING dataset: Stage2 asset download failed url=https://img.icons8.com/ios/50/000000/television.png err=HTTP Error 404: Not Found
2026-02-03 00:29:12 INFO dataset: Stage2 created response_id=r_000101_01
2026-02-03 00:29:13 INFO dataset: Stage2 created response_id=r_000102_01
2026-02-03 00:29:13 INFO dataset: Stage2 created response_id=r_000103_01
2026-02-03 00:29:13 INFO dataset: Stage2 created response_id=r_000104_01
2026-02-03 00:29:13 WARNING dataset: Stage2 asset download failed url=https://images.unsplash.com/photo-1568311162432-887460980182 err=HTTP Error 404: Not Found
2026-02-03 00:29:13 INFO dataset: Stage2 created response_id=r_000105_01
2026-02-03 00:29:44 ERROR dataset: Stage2 batch parse error: No JSON found
2026-02-03 00:29:44 WARNING dataset: Stage2 batch parse failed; splitting batch size=16
2026-02-03 00:30:17 ERROR dataset: Stage2 batch parse error: Unterminated string starting at: line 48 column 22 (char 11455)
2026-02-03 00:30:18 WARNING dataset: Stage2 asset download failed url=https://img.icons8.com/color/48/cpu.png err=HTTP Error 404: Not Found
2026-02-03 00:30:18 INFO dataset: Stage2 created response_id=r_000129_01
2026-02-03 00:30:20 WARNING dataset: Stage2 asset download failed url=https://m.media-amazon.com/images/I/51f9G-P-AAL.jpg err=HTTP Error 404: Not Found
2026-02-03 00:30:20 WARNING dataset: Stage2 asset download failed url=https://cdn.shopify.com/s/files/1/0512/0321/1446/products/libra2-black.jpg err=HTTP Error 404: Not Found
2026-02-03 00:30:20 INFO dataset: Stage2 created response_id=r_000130_01
2026-02-03 00:30:21 INFO dataset: Stage2 created response_id=r_000131_01
2026-02-03 00:30:22 WARNING dataset: Stage2 asset download failed url=https://img.icons8.com/color/48/bright-mind.png err=HTTP Error 404: Not Found
2026-02-03 00:30:22 INFO dataset: Stage2 created response_id=r_000132_01
2026-02-03 00:30:22 INFO dataset: Stage2 created response_id=r_000133_01
2026-02-03 00:30:22 INFO dataset: Stage2 created response_id=r_000134_01
2026-02-03 00:30:24 INFO dataset: Stage2 created response_id=r_000135_01
2026-02-03 00:30:24 INFO dataset: Stage2 created response_id=r_000136_01
2026-02-03 00:30:24 WARNING dataset: Stage2 asset download failed url=https://img.icons8.com/color/48/strategy.png err=HTTP Error 404: Not Found
2026-02-03 00:30:25 INFO dataset: Stage2 created response_id=r_000137_01
2026-02-03 00:30:26 INFO dataset: Stage2 created response_id=r_000138_01
2026-02-03 00:30:26 INFO dataset: Stage2 created response_id=r_000139_01
2026-02-03 00:30:48 ERROR dataset: Stage2 batch parse error: Unterminated string starting at: line 4 column 22 (char 55)
2026-02-03 00:30:48 WARNING dataset: Stage2 batch parse failed; splitting batch size=8
2026-02-03 00:31:23 WARNING dataset: Stage2 asset download failed url=https://img.icons8.com/ios/50/time-zone-delayed.png err=HTTP Error 404: Not Found
2026-02-03 00:31:24 INFO dataset: Stage2 created response_id=r_000065_01
2026-02-03 00:31:25 INFO dataset: Stage2 created response_id=r_000066_01
2026-02-03 00:31:25 INFO dataset: Stage2 created response_id=r_000067_01
2026-02-03 00:31:26 ERROR dataset: Stage2 batch parse error: Unterminated string starting at: line 4 column 22 (char 55)
2026-02-03 00:31:27 INFO dataset: Stage2 created response_id=r_000068_01
2026-02-03 00:32:01 INFO dataset: Stage2 created response_id=r_000069_01
2026-02-03 00:32:02 WARNING dataset: Stage2 asset download failed url=https://img.icons8.com/ios/50/airplane.png err=HTTP Error 404: Not Found
2026-02-03 00:32:02 INFO dataset: Stage2 created response_id=r_000070_01
2026-02-03 00:32:04 WARNING dataset: Stage2 asset download failed url=https://img.icons8.com/ios/50/heart-beat.png err=HTTP Error 404: Not Found
2026-02-03 00:32:04 INFO dataset: Stage2 created response_id=r_000071_01
2026-02-03 00:32:05 WARNING dataset: Stage2 asset download failed url=https://img.icons8.com/ios/50/government.png err=HTTP Error 404: Not Found
2026-02-03 00:32:05 INFO dataset: Stage2 created response_id=r_000072_01
2026-02-03 00:32:40 ERROR dataset: Stage2 batch parse error: Unterminated string starting at: line 76 column 22 (char 17334)
2026-02-03 00:32:41 WARNING dataset: Stage2 asset download failed url=https://tfl.gov.uk/plan-a-journey/ err=HTTP Error 403: Forbidden
2026-02-03 00:32:44 INFO dataset: Stage2 created response_id=r_000051_01
2026-02-03 00:32:44 INFO dataset: Stage2 created response_id=r_000052_01
2026-02-03 00:32:45 WARNING dataset: Stage2 asset download failed url=https://www.weather.gov/buf/les err=HTTP Error 404: Not Found
2026-02-03 00:32:45 INFO dataset: Stage2 created response_id=r_000053_01
2026-02-03 00:32:47 INFO dataset: Stage2 created response_id=r_000054_01
2026-02-03 00:32:47 WARNING dataset: Stage2 asset download failed url=https://www.climatestotravel.com/climate/italy/florence err=HTTP Error 403: Forbidden
2026-02-03 00:32:47 INFO dataset: Stage2 created response_id=r_000055_01
2026-02-03 00:32:48 INFO dataset: Stage2 created response_id=r_000056_01
2026-02-03 00:32:48 WARNING dataset: Stage2 asset download failed url=https://www.weather.gov/oun/safety-severe-thunderstorm err=HTTP Error 404: Not Found
2026-02-03 00:32:48 INFO dataset: Stage2 created response_id=r_000057_01
2026-02-03 00:32:49 ERROR dataset: Stage2 batch parse error: Extra data: line 34 column 2 (char 10722)
2026-02-03 00:32:49 INFO dataset: Stage2 created response_id=r_000073_01
2026-02-03 00:32:49 INFO dataset: Stage2 created response_id=r_000074_01
2026-02-03 00:32:49 WARNING dataset: Stage2 asset download failed url=https://img.icons8.com/color/48/flood.png err=HTTP Error 404: Not Found
2026-02-03 00:32:49 INFO dataset: Stage2 created response_id=r_000058_01
2026-02-03 00:32:50 INFO dataset: Stage2 created response_id=r_000075_01
2026-02-03 00:32:50 WARNING dataset: Stage2 asset download failed url=https://www.chamonix.com/lift-status err=HTTP Error 404: Not Found
2026-02-03 00:32:51 INFO dataset: Stage2 created response_id=r_000076_01
2026-02-03 00:32:51 INFO dataset: Stage2 created response_id=r_000077_01
2026-02-03 00:32:52 INFO dataset: Stage2 created response_id=r_000078_01
2026-02-03 00:32:52 INFO dataset: Stage2 created response_id=r_000059_01
2026-02-03 00:32:53 WARNING dataset: Stage2 asset download failed url=https://img.icons8.com/ios-filled/50/electric-car.png err=HTTP Error 404: Not Found
2026-02-03 00:32:53 INFO dataset: Stage2 created response_id=r_000079_01
2026-02-03 00:32:53 INFO dataset: Stage2 created response_id=r_000080_01
2026-02-03 00:32:53 INFO dataset: Stage2 created response_id=r_000060_01
2026-02-03 00:32:54 INFO dataset: Stage2 created response_id=r_000171_01
2026-02-03 00:32:54 INFO dataset: Stage2 created response_id=r_000172_01
2026-02-03 00:33:02 INFO dataset: Stage2 created response_id=r_000173_01
2026-02-03 00:33:02 INFO dataset: Stage2 created response_id=r_000174_01
2026-02-03 00:33:02 INFO dataset: Stage2 created response_id=r_000175_01
2026-02-03 00:33:03 INFO dataset: Stage2 created response_id=r_000176_01
2026-02-03 00:33:03 INFO dataset: Stage2 created response_id=r_000177_01
2026-02-03 00:33:05 WARNING dataset: Stage2 asset download failed url=https://img.icons8.com/color/48/sunscreen.png err=HTTP Error 404: Not Found
2026-02-03 00:33:05 INFO dataset: Stage2 created response_id=r_000178_01
2026-02-03 00:33:34 WARNING dataset: Stage2 asset download failed url=https://example.com/icons/action.png err=HTTP Error 404: Not Found
2026-02-03 00:33:34 WARNING dataset: Stage2 asset download failed url=https://example.com/icons/survival.png err=HTTP Error 404: Not Found
2026-02-03 00:33:35 WARNING dataset: Stage2 asset download failed url=https://example.com/icons/story.png err=HTTP Error 404: Not Found
2026-02-03 00:33:35 INFO dataset: Stage2 created response_id=r_000106_01
2026-02-03 00:33:35 WARNING dataset: Stage2 asset download failed url=https://example.com/images/godfather.jpg err=HTTP Error 404: Not Found
2026-02-03 00:33:35 WARNING dataset: Stage2 asset download failed url=https://example.com/images/amelie.jpg err=HTTP Error 404: Not Found
2026-02-03 00:33:35 WARNING dataset: Stage2 asset download failed url=https://example.com/images/sevensamurai.jpg err=HTTP Error 404: Not Found
2026-02-03 00:33:35 INFO dataset: Stage2 created response_id=r_000107_01
2026-02-03 00:33:35 WARNING dataset: Stage2 asset download failed url=https://example.com/icons/sunrise.png err=HTTP Error 404: Not Found
2026-02-03 00:33:35 WARNING dataset: Stage2 asset download failed url=https://example.com/icons/binoculars.png err=HTTP Error 404: Not Found
2026-02-03 00:33:35 WARNING dataset: Stage2 asset download failed url=https://example.com/icons/leaf.png err=HTTP Error 404: Not Found
2026-02-03 00:33:35 INFO dataset: Stage2 created response_id=r_000108_01
2026-02-03 00:33:35 WARNING dataset: Stage2 asset download failed url=https://example.com/icons/film_reel.png err=HTTP Error 404: Not Found
2026-02-03 00:33:36 WARNING dataset: Stage2 asset download failed url=https://example.com/icons/trophy.png err=HTTP Error 404: Not Found
2026-02-03 00:33:36 WARNING dataset: Stage2 asset download failed url=https://example.com/icons/audio.png err=HTTP Error 404: Not Found
2026-02-03 00:33:36 INFO dataset: Stage2 created response_id=r_000109_01
2026-02-03 00:33:36 WARNING dataset: Stage2 asset download failed url=https://example.com/icons/timer.png err=HTTP Error 404: Not Found
2026-02-03 00:33:36 WARNING dataset: Stage2 asset download failed url=https://example.com/icons/coaster.png err=HTTP Error 404: Not Found
2026-02-03 00:33:36 WARNING dataset: Stage2 asset download failed url=https://example.com/icons/walk.png err=HTTP Error 404: Not Found
2026-02-03 00:33:36 INFO dataset: Stage2 created response_id=r_000110_01
2026-02-03 00:34:01 ERROR dataset: Stage2 batch parse error: Unterminated string starting at: line 52 column 22 (char 11873)
2026-02-03 00:34:01 WARNING dataset: Stage2 asset download failed url=https://example.com/export/jan-2024 err=HTTP Error 404: Not Found
2026-02-03 00:34:01 WARNING dataset: Stage2 asset download failed url=https://example.com/settings/alerts err=HTTP Error 404: Not Found
2026-02-03 00:34:01 WARNING dataset: Stage2 asset download failed url=https://example.com/icons/home.png err=HTTP Error 404: Not Found
2026-02-03 00:34:01 WARNING dataset: Stage2 asset download failed url=https://example.com/icons/food.png err=HTTP Error 404: Not Found
2026-02-03 00:34:01 WARNING dataset: Stage2 asset download failed url=https://example.com/icons/car.png err=HTTP Error 404: Not Found
2026-02-03 00:34:01 INFO dataset: Stage2 created response_id=r_000201_01
2026-02-03 00:34:02 WARNING dataset: Stage2 asset download failed url=https://example.com/reports/fy2023 err=HTTP Error 404: Not Found
2026-02-03 00:34:02 WARNING dataset: Stage2 asset download failed url=https://example.com/forecasts err=HTTP Error 404: Not Found
2026-02-03 00:34:02 INFO dataset: Stage2 created response_id=r_000202_01
2026-02-03 00:34:02 WARNING dataset: Stage2 asset download failed url=https://example.com/sync err=HTTP Error 404: Not Found
2026-02-03 00:34:02 WARNING dataset: Stage2 asset download failed url=https://example.com/goals/steps err=HTTP Error 404: Not Found
2026-02-03 00:34:02 WARNING dataset: Stage2 asset download failed url=https://example.com/icons/steps.png err=HTTP Error 404: Not Found
2026-02-03 00:34:02 WARNING dataset: Stage2 asset download failed url=https://example.com/icons/sleep.png err=HTTP Error 404: Not Found
2026-02-03 00:34:02 INFO dataset: Stage2 created response_id=r_000203_01
2026-02-03 00:34:03 WARNING dataset: Stage2 asset download failed url=https://www.census.gov/quickfacts/austincitytexas err=HTTP Error 403: Forbidden
2026-02-03 00:34:04 WARNING dataset: Stage2 asset download failed url=https://example.com/austin-demographics err=HTTP Error 404: Not Found
2026-02-03 00:34:04 WARNING dataset: Stage2 asset download failed url=https://example.com/images/austin-skyline.jpg err=HTTP Error 404: Not Found
2026-02-03 00:34:04 INFO dataset: Stage2 created response_id=r_000204_01
2026-02-03 00:34:04 WARNING dataset: Stage2 asset download failed url=https://example.com/grades/math-final err=HTTP Error 404: Not Found
2026-02-03 00:34:04 WARNING dataset: Stage2 asset download failed url=https://example.com/reports/students err=HTTP Error 404: Not Found
2026-02-03 00:34:04 INFO dataset: Stage2 created response_id=r_000205_01
2026-02-03 00:34:04 WARNING dataset: Stage2 asset download failed url=https://example.com/project-phoenix/testing err=HTTP Error 404: Not Found
2026-02-03 00:34:04 WARNING dataset: Stage2 asset download failed url=https://example.com/project-phoenix/timeline err=HTTP Error 404: Not Found
2026-02-03 00:34:04 WARNING dataset: Stage2 asset download failed url=https://example.com/icons/design.png err=HTTP Error 404: Not Found
2026-02-03 00:34:04 WARNING dataset: Stage2 asset download failed url=https://example.com/icons/code.png err=HTTP Error 404: Not Found
2026-02-03 00:34:04 WARNING dataset: Stage2 asset download failed url=https://example.com/icons/bug.png err=HTTP Error 404: Not Found
2026-02-03 00:34:04 INFO dataset: Stage2 created response_id=r_000206_01
2026-02-03 00:34:04 WARNING dataset: Stage2 asset download failed url=https://example.com/energy-tips err=HTTP Error 404: Not Found
2026-02-03 00:34:04 WARNING dataset: Stage2 asset download failed url=https://example.com/billing/pay err=HTTP Error 404: Not Found
2026-02-03 00:34:05 WARNING dataset: Stage2 asset download failed url=https://example.com/icons/energy.png err=HTTP Error 404: Not Found
2026-02-03 00:34:05 WARNING dataset: Stage2 asset download failed url=https://example.com/icons/pound.png err=HTTP Error 404: Not Found
2026-02-03 00:34:05 INFO dataset: Stage2 created response_id=r_000207_01
2026-02-03 00:34:05 WARNING dataset: Stage2 asset download failed url=https://example.com/trade/alphatech err=HTTP Error 404: Not Found
2026-02-03 00:34:05 WARNING dataset: Stage2 asset download failed url=https://example.com/analysis/stock-charts err=HTTP Error 404: Not Found
2026-02-03 00:34:35 WARNING dataset: Stage2 asset download failed url=https://www.nasdaq.com err=The read operation timed out
2026-02-03 00:34:35 INFO dataset: Stage2 created response_id=r_000208_01
2026-02-03 00:34:35 WARNING dataset: Stage2 asset download failed url=https://example.com/analytics/seo err=HTTP Error 404: Not Found
2026-02-03 00:34:35 WARNING dataset: Stage2 asset download failed url=https://example.com/marketing/email err=HTTP Error 404: Not Found
2026-02-03 00:34:35 WARNING dataset: Stage2 asset download failed url=https://example.com/icons/search.png err=HTTP Error 404: Not Found
2026-02-03 00:34:35 WARNING dataset: Stage2 asset download failed url=https://example.com/icons/social.png err=HTTP Error 404: Not Found
2026-02-03 00:34:35 WARNING dataset: Stage2 asset download failed url=https://example.com/icons/mail.png err=HTTP Error 404: Not Found
2026-02-03 00:34:35 INFO dataset: Stage2 created response_id=r_000209_01
2026-02-03 00:34:36 WARNING dataset: Stage2 asset download failed url=https://example.com/nutrition/log err=HTTP Error 404: Not Found
2026-02-03 00:34:36 WARNING dataset: Stage2 asset download failed url=https://example.com/recipes/healthy err=HTTP Error 404: Not Found
2026-02-03 00:34:36 WARNING dataset: Stage2 asset download failed url=https://example.com/icons/protein.png err=HTTP Error 404: Not Found
2026-02-03 00:34:36 WARNING dataset: Stage2 asset download failed url=https://example.com/icons/carbs.png err=HTTP Error 404: Not Found
2026-02-03 00:34:36 WARNING dataset: Stage2 asset download failed url=https://example.com/icons/fats.png err=HTTP Error 404: Not Found
2026-02-03 00:34:36 INFO dataset: Stage2 created response_id=r_000210_01
2026-02-03 00:34:36 WARNING dataset: Stage2 asset download failed url=https://example.com/support/backlog err=HTTP Error 404: Not Found
2026-02-03 00:34:36 WARNING dataset: Stage2 asset download failed url=https://example.com/hr/roster err=HTTP Error 404: Not Found
2026-02-03 00:34:36 INFO dataset: Stage2 created response_id=r_000211_01
2026-02-03 00:34:36 WARNING dataset: Stage2 asset download failed url=https://example.com/inventory/order/jackets err=HTTP Error 404: Not Found
2026-02-03 00:34:36 WARNING dataset: Stage2 asset download failed url=https://example.com/reports/inventory-tokyo err=HTTP Error 404: Not Found
2026-02-03 00:34:36 INFO dataset: Stage2 created response_id=r_000212_01
2026-02-03 00:34:45 ERROR dataset: Stage2 batch parse error: Unterminated string starting at: line 48 column 22 (char 11455)
2026-02-03 00:34:46 WARNING dataset: Stage2 asset download failed url=https://img.icons8.com/color/48/cpu.png err=HTTP Error 404: Not Found
2026-02-03 00:34:46 INFO dataset: Stage2 created response_id=r_000129_01
2026-02-03 00:34:47 WARNING dataset: Stage2 asset download failed url=https://m.media-amazon.com/images/I/51f9G-P-AAL.jpg err=HTTP Error 404: Not Found
2026-02-03 00:34:47 WARNING dataset: Stage2 asset download failed url=https://cdn.shopify.com/s/files/1/0512/0321/1446/products/libra2-black.jpg err=HTTP Error 404: Not Found
2026-02-03 00:34:47 INFO dataset: Stage2 created response_id=r_000130_01
2026-02-03 00:34:48 INFO dataset: Stage2 created response_id=r_000131_01
2026-02-03 00:34:49 WARNING dataset: Stage2 asset download failed url=https://img.icons8.com/color/48/bright-mind.png err=HTTP Error 404: Not Found
2026-02-03 00:34:49 INFO dataset: Stage2 created response_id=r_000132_01
2026-02-03 00:34:49 INFO dataset: Stage2 created response_id=r_000133_01
2026-02-03 00:34:49 INFO dataset: Stage2 created response_id=r_000134_01
2026-02-03 00:34:51 INFO dataset: Stage2 created response_id=r_000135_01
2026-02-03 00:34:51 INFO dataset: Stage2 created response_id=r_000136_01
2026-02-03 00:34:51 WARNING dataset: Stage2 asset download failed url=https://img.icons8.com/color/48/strategy.png err=HTTP Error 404: Not Found
2026-02-03 00:34:51 INFO dataset: Stage2 created response_id=r_000137_01
2026-02-03 00:34:53 INFO dataset: Stage2 created response_id=r_000138_01
2026-02-03 00:34:53 INFO dataset: Stage2 created response_id=r_000139_01
2026-02-03 00:35:37 ERROR dataset: Stage2 batch parse error: Unterminated string starting at: line 44 column 22 (char 17576)
2026-02-03 00:35:42 WARNING dataset: Stage2 asset download failed url=https://trulytokyo.com/tokyo-ramen-guide/ err=HTTP Error 403: Forbidden
2026-02-03 00:35:42 INFO dataset: Stage2 created response_id=r_000241_01
2026-02-03 00:35:44 WARNING dataset: Stage2 asset download failed url=https://img.icons8.com/ios/50/000000/no-seafood.png err=HTTP Error 404: Not Found
2026-02-03 00:35:45 WARNING dataset: Stage2 asset download failed url=https://img.icons8.com/ios/50/000000/no-peanuts.png err=HTTP Error 404: Not Found
2026-02-03 00:35:49 INFO dataset: Stage2 created response_id=r_000242_01
2026-02-03 00:35:51 WARNING dataset: Stage2 asset download failed url=https://www.ets.org/gre/test-takers/general-test/prepare/free-prep.html err=HTTP Error 404: Not Found
2026-02-03 00:35:51 INFO dataset: Stage2 created response_id=r_000243_01
2026-02-03 00:35:52 WARNING dataset: Stage2 asset download failed url=https://www.tagvenue.com/uk/search/london err=HTTP Error 404: Not Found
2026-02-03 00:35:57 INFO dataset: Stage2 created response_id=r_000244_01
2026-02-03 00:35:58 WARNING dataset: Stage2 asset download failed url=https://www.namecheap.com err=HTTP Error 403: Forbidden
2026-02-03 00:35:58 WARNING dataset: Stage2 asset download failed url=https://dribbble.com err=HTTP Error 403: Forbidden
2026-02-03 00:35:59 INFO dataset: Stage2 created response_id=r_000245_01
2026-02-03 00:36:03 WARNING dataset: Stage2 asset download failed url=https://www.halhigdon.com/training-programs/marathon-training/novice-1-marathon/ err=HTTP Error 403: Forbidden
2026-02-03 00:36:05 INFO dataset: Stage2 created response_id=r_000246_01
2026-02-03 00:36:07 WARNING dataset: Stage2 asset download failed url=https://www.bankrate.com/banking/savings/best-high-yield-interests-rates/ err=HTTP Error 405: Not Allowed
2026-02-03 00:36:08 WARNING dataset: Stage2 asset download failed url=https://www.investor.gov/financial-tools-calculators/calculators/savings-goal-calculator err=HTTP Error 403: Forbidden
2026-02-03 00:36:09 WARNING dataset: Stage2 asset download failed url=https://img.icons8.com/ios/50/000000/piggy-bank.png err=HTTP Error 404: Not Found
2026-02-03 00:36:09 INFO dataset: Stage2 created response_id=r_000247_01
2026-02-03 00:36:12 WARNING dataset: Stage2 asset download failed url=https://www.remodelcalculator.org err=<urlopen error [Errno 11001] getaddrinfo failed>
2026-02-03 00:36:13 WARNING dataset: Stage2 asset download failed url=https://www.familyhandyman.com/project/kitchen-remodel-timeline/ err=HTTP Error 403: Forbidden
2026-02-03 00:36:13 INFO dataset: Stage2 created response_id=r_000248_01
2026-02-03 00:36:13 WARNING dataset: Stage2 asset download failed url=https://www.canva.com err=HTTP Error 403: Forbidden
2026-02-03 00:36:14 INFO dataset: Stage2 created response_id=r_000249_01
2026-02-03 00:36:15 WARNING dataset: Stage2 asset download failed url=https://www.weddingwire.com/c/italy/florence/wedding-venues/11-v.html err=HTTP Error 403: Forbidden
2026-02-03 00:36:16 WARNING dataset: Stage2 asset download failed url=https://www.esteri.it/en/servizi-consolari-e-visti/italiani-all-estero/stato-civile/matrimonio/ err=HTTP Error 404: Not Found
2026-02-03 00:36:17 WARNING dataset: Stage2 asset download failed url=https://images.unsplash.com/photo-1528114039593-4366ee08227d err=HTTP Error 404: Not Found
2026-02-03 00:36:18 INFO dataset: Stage2 created response_id=r_000250_01
2026-02-03 00:36:43 WARNING dataset: Stage2 asset download failed url=https://img.icons8.com/ios/50/shuttle-bus.png err=HTTP Error 404: Not Found
2026-02-03 00:36:43 INFO dataset: Stage2 created response_id=r_000162_01
2026-02-03 00:36:44 INFO dataset: Stage2 created response_id=r_000163_01
2026-02-03 00:36:45 INFO dataset: Stage2 created response_id=r_000164_01
2026-02-03 00:36:45 INFO dataset: Stage2 created response_id=r_000165_01
2026-02-03 00:36:46 INFO dataset: Stage2 created response_id=r_000166_01
2026-02-03 00:36:47 INFO dataset: Stage2 created response_id=r_000167_01
2026-02-03 00:36:47 INFO dataset: Stage2 created response_id=r_000168_01
2026-02-03 00:36:48 INFO dataset: Stage2 created response_id=r_000169_01
2026-02-03 00:36:49 WARNING dataset: Stage2 asset download failed url=https://img.icons8.com/ios/50/no-shrimp.png err=HTTP Error 404: Not Found
2026-02-03 00:36:49 INFO dataset: Stage2 created response_id=r_000170_01
2026-02-03 00:37:16 ERROR dataset: Stage2 batch parse error: Unterminated string starting at: line 56 column 22 (char 15161)
2026-02-03 00:37:16 WARNING dataset: Stage2 asset download failed url=https://example.com/project-gantt err=HTTP Error 404: Not Found
2026-02-03 00:37:16 WARNING dataset: Stage2 asset download failed url=https://example.com/team-dashboard err=HTTP Error 404: Not Found
2026-02-03 00:37:16 INFO dataset: Stage2 created response_id=r_000281_01
2026-02-03 00:37:16 WARNING dataset: Stage2 asset download failed url=https://example.com/budget-app err=HTTP Error 404: Not Found
2026-02-03 00:37:16 WARNING dataset: Stage2 asset download failed url=https://example.com/subscription-manager err=HTTP Error 404: Not Found
2026-02-03 00:37:16 INFO dataset: Stage2 created response_id=r_000282_01
2026-02-03 00:37:19 INFO dataset: Stage2 created response_id=r_000283_01
2026-02-03 00:37:19 WARNING dataset: Stage2 asset download failed url=https://example.com/kyoto-shrine.jpg err=HTTP Error 404: Not Found
2026-02-03 00:37:19 WARNING dataset: Stage2 asset download failed url=https://example.com/golden-pavilion.jpg err=HTTP Error 404: Not Found
2026-02-03 00:37:21 INFO dataset: Stage2 created response_id=r_000284_01
2026-02-03 00:37:21 WARNING dataset: Stage2 asset download failed url=https://example.com/q4-report err=HTTP Error 404: Not Found
2026-02-03 00:37:21 WARNING dataset: Stage2 asset download failed url=https://example.com/meeting-link err=HTTP Error 404: Not Found
2026-02-03 00:37:22 WARNING dataset: Stage2 asset download failed url=https://img.icons8.com/color/48/strategy.png err=HTTP Error 404: Not Found
2026-02-03 00:37:22 INFO dataset: Stage2 created response_id=r_000285_01
2026-02-03 00:37:22 WARNING dataset: Stage2 asset download failed url=https://example.com/export-payroll err=HTTP Error 404: Not Found
2026-02-03 00:37:22 WARNING dataset: Stage2 asset download failed url=https://example.com/approve-pay err=HTTP Error 404: Not Found
2026-02-03 00:37:22 INFO dataset: Stage2 created response_id=r_000286_01
2026-02-03 00:37:24 INFO dataset: Stage2 created response_id=r_000287_01
2026-02-03 00:37:24 WARNING dataset: Stage2 asset download failed url=https://example.com/laptop-compare err=HTTP Error 404: Not Found
2026-02-03 00:37:24 WARNING dataset: Stage2 asset download failed url=https://example.com/cpu-benchmarks err=HTTP Error 404: Not Found
2026-02-03 00:37:24 INFO dataset: Stage2 created response_id=r_000288_01
2026-02-03 00:37:24 WARNING dataset: Stage2 asset download failed url=https://example.com/copy-text err=HTTP Error 404: Not Found
2026-02-03 00:37:27 INFO dataset: Stage2 created response_id=r_000289_01
2026-02-03 00:37:27 WARNING dataset: Stage2 asset download failed url=https://example.com/q3-report err=HTTP Error 404: Not Found
2026-02-03 00:37:27 WARNING dataset: Stage2 asset download failed url=https://example.com/sales-chart err=HTTP Error 404: Not Found
2026-02-03 00:37:27 INFO dataset: Stage2 created response_id=r_000290_01
2026-02-03 00:37:27 WARNING dataset: Stage2 asset download failed url=https://www.accuweather.com/en/de/berlin/178087/weather-forecast/178087 err=HTTP Error 403: Forbidden
2026-02-03 00:37:28 WARNING dataset: Stage2 asset download failed url=https://example.com/berlin-transfer err=HTTP Error 404: Not Found
2026-02-03 00:37:28 INFO dataset: Stage2 created response_id=r_000291_01
2026-02-03 00:37:30 WARNING dataset: Stage2 asset download failed url=https://example.com/roadmap err=HTTP Error 404: Not Found
2026-02-03 00:37:30 WARNING dataset: Stage2 asset download failed url=https://example.com/jira-fitness-app err=HTTP Error 404: Not Found
2026-02-03 00:37:30 INFO dataset: Stage2 created response_id=r_000292_01
2026-02-03 00:37:30 WARNING dataset: Stage2 asset download failed url=https://example.com/run-log err=HTTP Error 404: Not Found
2026-02-03 00:37:30 WARNING dataset: Stage2 asset download failed url=https://example.com/gear-guide err=HTTP Error 404: Not Found
2026-02-03 00:37:31 WARNING dataset: Stage2 asset download failed url=https://www.halhigdon.com/training-programs/marathon-training/novice-1-marathon/ err=HTTP Error 403: Forbidden
2026-02-03 00:37:31 INFO dataset: Stage2 created response_id=r_000293_01
2026-02-03 00:37:55 ERROR dataset: Stage2 batch parse error: Unterminated string starting at: line 76 column 22 (char 17334)
2026-02-03 00:37:55 INFO dataset: Stage2 created response_id=r_000051_01
2026-02-03 00:37:56 INFO dataset: Stage2 created response_id=r_000052_01
2026-02-03 00:37:56 INFO dataset: Stage2 created response_id=r_000053_01
2026-02-03 00:37:56 INFO dataset: Stage2 created response_id=r_000054_01
2026-02-03 00:37:56 INFO dataset: Stage2 created response_id=r_000055_01
2026-02-03 00:37:56 INFO dataset: Stage2 created response_id=r_000056_01
2026-02-03 00:37:56 INFO dataset: Stage2 created response_id=r_000057_01
2026-02-03 00:37:57 WARNING dataset: Stage2 asset download failed url=https://img.icons8.com/color/48/flood.png err=HTTP Error 404: Not Found
2026-02-03 00:37:57 INFO dataset: Stage2 created response_id=r_000058_01
2026-02-03 00:37:57 INFO dataset: Stage2 created response_id=r_000059_01
2026-02-03 00:37:57 INFO dataset: Stage2 created response_id=r_000060_01
2026-02-03 00:37:57 INFO dataset: Stage2 created response_id=r_000171_01
2026-02-03 00:37:57 INFO dataset: Stage2 created response_id=r_000172_01
2026-02-03 00:37:57 INFO dataset: Stage2 created response_id=r_000173_01
2026-02-03 00:37:57 INFO dataset: Stage2 created response_id=r_000174_01
2026-02-03 00:37:57 INFO dataset: Stage2 created response_id=r_000175_01
2026-02-03 00:37:58 INFO dataset: Stage2 created response_id=r_000176_01
2026-02-03 00:37:58 INFO dataset: Stage2 created response_id=r_000177_01
2026-02-03 00:37:59 WARNING dataset: Stage2 asset download failed url=https://img.icons8.com/color/48/sunscreen.png err=HTTP Error 404: Not Found
2026-02-03 00:37:59 INFO dataset: Stage2 created response_id=r_000178_01
2026-02-03 00:38:32 ERROR dataset: Stage2 batch parse error: Unterminated string starting at: line 56 column 22 (char 20870)
2026-02-03 00:38:32 WARNING dataset: Stage2 asset download failed url=https://example.com/bolognese-pasta-guide err=HTTP Error 404: Not Found
2026-02-03 00:38:32 WARNING dataset: Stage2 asset download failed url=https://example.com/print/recipe_321 err=HTTP Error 404: Not Found
2026-02-03 00:38:32 WARNING dataset: Stage2 asset download failed url=https://example.com/images/bolognese_texture.jpg err=HTTP Error 404: Not Found
2026-02-03 00:38:41 WARNING dataset: Stage2 asset download failed url=https://www.itchefs-gvci.com/index.php?option=com_content&view=article&id=587&Itemid=976 err=<urlopen error [Errno 11002] getaddrinfo failed>
2026-02-03 00:38:41 INFO dataset: Stage2 created response_id=r_000321_01
2026-02-03 00:38:41 WARNING dataset: Stage2 asset download failed url=https://example.com/keto_shopping_list.pdf err=HTTP Error 404: Not Found
2026-02-03 00:38:42 WARNING dataset: Stage2 asset download failed url=https://example.com/carb_tracker err=HTTP Error 404: Not Found
2026-02-03 00:38:42 WARNING dataset: Stage2 asset download failed url=https://example.com/icons/keto_badge.png err=HTTP Error 404: Not Found
2026-02-03 00:38:42 WARNING dataset: Stage2 asset download failed url=https://example.com/icons/clock_fast.png err=HTTP Error 404: Not Found
2026-02-03 00:38:42 INFO dataset: Stage2 created response_id=r_000322_01
2026-02-03 00:38:42 WARNING dataset: Stage2 asset download failed url=https://example.com/shop/almond-flour err=HTTP Error 404: Not Found
2026-02-03 00:38:42 WARNING dataset: Stage2 asset download failed url=https://example.com/gluten-free-baking err=HTTP Error 404: Not Found
2026-02-03 00:38:42 WARNING dataset: Stage2 asset download failed url=https://example.com/images/gf_muffins.jpg err=HTTP Error 404: Not Found
2026-02-03 00:38:42 INFO dataset: Stage2 created response_id=r_000323_01
2026-02-03 00:38:42 WARNING dataset: Stage2 asset download failed url=https://example.com/vegan-meal-prep err=HTTP Error 404: Not Found
2026-02-03 00:38:42 WARNING dataset: Stage2 asset download failed url=https://example.com/mexican-quinoa-nutrition err=HTTP Error 404: Not Found
2026-02-03 00:38:42 WARNING dataset: Stage2 asset download failed url=https://example.com/icons/vegan_leaf.png err=HTTP Error 404: Not Found
2026-02-03 00:38:42 WARNING dataset: Stage2 asset download failed url=https://example.com/icons/timer_30.png err=HTTP Error 404: Not Found
2026-02-03 00:38:42 INFO dataset: Stage2 created response_id=r_000324_01
2026-02-03 00:38:44 WARNING dataset: Stage2 asset download failed url=https://www.foodallergy.org/living-food-allergies/food-allergy-essentials/cooking-baking-substitutions err=HTTP Error 404: Not Found
2026-02-03 00:38:44 WARNING dataset: Stage2 asset download failed url=https://www.peta.org/living/food/vegan-baking-cheat-sheet/ err=HTTP Error 403: Forbidden
2026-02-03 00:38:44 INFO dataset: Stage2 created response_id=r_000325_01
2026-02-03 00:38:44 WARNING dataset: Stage2 asset download failed url=https://example.com/low-sodium-guide err=HTTP Error 404: Not Found
2026-02-03 00:38:45 WARNING dataset: Stage2 asset download failed url=https://example.com/heart-health err=HTTP Error 404: Not Found
2026-02-03 00:38:45 WARNING dataset: Stage2 asset download failed url=https://example.com/icons/heart.png err=HTTP Error 404: Not Found
2026-02-03 00:38:45 WARNING dataset: Stage2 asset download failed url=https://example.com/icons/salt_free.png err=HTTP Error 404: Not Found
2026-02-03 00:38:45 INFO dataset: Stage2 created response_id=r_000326_01
2026-02-03 00:38:45 WARNING dataset: Stage2 asset download failed url=https://example.com/bento-supplies err=HTTP Error 404: Not Found
2026-02-03 00:38:45 WARNING dataset: Stage2 asset download failed url=https://example.com/school-lunch-pdf err=HTTP Error 404: Not Found
2026-02-03 00:38:45 WARNING dataset: Stage2 asset download failed url=https://example.com/images/kids_bento.jpg err=HTTP Error 404: Not Found
2026-02-03 00:38:45 INFO dataset: Stage2 created response_id=r_000327_01
2026-02-03 00:38:45 WARNING dataset: Stage2 asset download failed url=https://example.com/cooking-wine err=HTTP Error 404: Not Found
2026-02-03 00:38:45 WARNING dataset: Stage2 asset download failed url=https://example.com/stew-sides err=HTTP Error 404: Not Found
2026-02-03 00:38:45 WARNING dataset: Stage2 asset download failed url=https://example.com/icons/crockpot.png err=HTTP Error 404: Not Found
2026-02-03 00:38:45 WARNING dataset: Stage2 asset download failed url=https://example.com/icons/beef.png err=HTTP Error 404: Not Found
2026-02-03 00:38:45 INFO dataset: Stage2 created response_id=r_000328_01
2026-02-03 00:38:45 WARNING dataset: Stage2 asset download failed url=https://example.com/thai-pantry err=HTTP Error 404: Not Found
2026-02-03 00:38:45 WARNING dataset: Stage2 asset download failed url=https://example.com/curry-technique err=HTTP Error 404: Not Found
2026-02-03 00:38:45 INFO dataset: Stage2 created response_id=r_000329_01
2026-02-03 00:38:45 WARNING dataset: Stage2 asset download failed url=https://example.com/budget-recipes err=HTTP Error 404: Not Found
2026-02-03 00:38:46 WARNING dataset: Stage2 asset download failed url=https://example.com/bean-prep err=HTTP Error 404: Not Found
2026-02-03 00:38:46 INFO dataset: Stage2 created response_id=r_000330_01
2026-02-03 00:38:46 WARNING dataset: Stage2 asset download failed url=https://example.com/air-fryer-temps err=HTTP Error 404: Not Found
2026-02-03 00:38:46 WARNING dataset: Stage2 asset download failed url=https://example.com/honey-guide err=HTTP Error 404: Not Found
2026-02-03 00:38:46 WARNING dataset: Stage2 asset download failed url=https://example.com/icons/fire.png err=HTTP Error 404: Not Found
2026-02-03 00:38:46 WARNING dataset: Stage2 asset download failed url=https://example.com/icons/timer.png err=HTTP Error 404: Not Found
2026-02-03 00:38:46 INFO dataset: Stage2 created response_id=r_000331_01
2026-02-03 00:38:46 WARNING dataset: Stage2 asset download failed url=https://example.com/sourdough-help err=HTTP Error 404: Not Found
2026-02-03 00:38:46 WARNING dataset: Stage2 asset download failed url=https://example.com/beginner-sourdough err=HTTP Error 404: Not Found
2026-02-03 00:38:47 INFO dataset: Stage2 created response_id=r_000332_01
2026-02-03 00:38:47 WARNING dataset: Stage2 asset download failed url=https://example.com/vegan-gravy err=HTTP Error 404: Not Found
2026-02-03 00:38:48 WARNING dataset: Stage2 asset download failed url=https://example.com/thanksgiving-list err=HTTP Error 404: Not Found
2026-02-03 00:38:48 WARNING dataset: Stage2 asset download failed url=https://example.com/icons/turkey_free.png err=HTTP Error 404: Not Found
2026-02-03 00:38:48 WARNING dataset: Stage2 asset download failed url=https://example.com/icons/vegan.png err=HTTP Error 404: Not Found
2026-02-03 00:38:48 INFO dataset: Stage2 created response_id=r_000333_01
2026-02-03 00:38:59 ERROR dataset: Stage2 batch parse error: Unterminated string starting at: line 52 column 22 (char 11873)
2026-02-03 00:38:59 WARNING dataset: Stage2 asset download failed url=https://example.com/icons/home.png err=HTTP Error 404: Not Found
2026-02-03 00:38:59 WARNING dataset: Stage2 asset download failed url=https://example.com/icons/food.png err=HTTP Error 404: Not Found
2026-02-03 00:38:59 WARNING dataset: Stage2 asset download failed url=https://example.com/icons/car.png err=HTTP Error 404: Not Found
2026-02-03 00:38:59 INFO dataset: Stage2 created response_id=r_000201_01
2026-02-03 00:38:59 INFO dataset: Stage2 created response_id=r_000202_01
2026-02-03 00:38:59 WARNING dataset: Stage2 asset download failed url=https://example.com/icons/steps.png err=HTTP Error 404: Not Found
2026-02-03 00:39:00 WARNING dataset: Stage2 asset download failed url=https://example.com/icons/sleep.png err=HTTP Error 404: Not Found
2026-02-03 00:39:00 INFO dataset: Stage2 created response_id=r_000203_01
2026-02-03 00:39:00 WARNING dataset: Stage2 asset download failed url=https://example.com/images/austin-skyline.jpg err=HTTP Error 404: Not Found
2026-02-03 00:39:00 INFO dataset: Stage2 created response_id=r_000204_01
2026-02-03 00:39:00 INFO dataset: Stage2 created response_id=r_000205_01
2026-02-03 00:39:00 WARNING dataset: Stage2 asset download failed url=https://example.com/icons/design.png err=HTTP Error 404: Not Found
2026-02-03 00:39:00 WARNING dataset: Stage2 asset download failed url=https://example.com/icons/code.png err=HTTP Error 404: Not Found
2026-02-03 00:39:00 WARNING dataset: Stage2 asset download failed url=https://example.com/icons/bug.png err=HTTP Error 404: Not Found
2026-02-03 00:39:00 INFO dataset: Stage2 created response_id=r_000206_01
2026-02-03 00:39:00 WARNING dataset: Stage2 asset download failed url=https://example.com/icons/energy.png err=HTTP Error 404: Not Found
2026-02-03 00:39:00 WARNING dataset: Stage2 asset download failed url=https://example.com/icons/pound.png err=HTTP Error 404: Not Found
2026-02-03 00:39:00 INFO dataset: Stage2 created response_id=r_000207_01
2026-02-03 00:39:00 INFO dataset: Stage2 created response_id=r_000208_01
2026-02-03 00:39:00 WARNING dataset: Stage2 asset download failed url=https://example.com/icons/search.png err=HTTP Error 404: Not Found
2026-02-03 00:39:00 WARNING dataset: Stage2 asset download failed url=https://example.com/icons/social.png err=HTTP Error 404: Not Found
2026-02-03 00:39:00 WARNING dataset: Stage2 asset download failed url=https://example.com/icons/mail.png err=HTTP Error 404: Not Found
2026-02-03 00:39:00 INFO dataset: Stage2 created response_id=r_000209_01
2026-02-03 00:39:00 WARNING dataset: Stage2 asset download failed url=https://example.com/icons/protein.png err=HTTP Error 404: Not Found
2026-02-03 00:39:00 WARNING dataset: Stage2 asset download failed url=https://example.com/icons/carbs.png err=HTTP Error 404: Not Found
2026-02-03 00:39:00 WARNING dataset: Stage2 asset download failed url=https://example.com/icons/fats.png err=HTTP Error 404: Not Found
2026-02-03 00:39:00 INFO dataset: Stage2 created response_id=r_000210_01
2026-02-03 00:39:00 INFO dataset: Stage2 created response_id=r_000211_01
2026-02-03 00:39:00 INFO dataset: Stage2 created response_id=r_000212_01
2026-02-03 00:39:11 ERROR dataset: Stage2 batch parse error: Unterminated string starting at: line 76 column 22 (char 17334)
2026-02-03 00:39:11 INFO dataset: Stage2 created response_id=r_000051_01
2026-02-03 00:39:12 INFO dataset: Stage2 created response_id=r_000052_01
2026-02-03 00:39:12 INFO dataset: Stage2 created response_id=r_000053_01
2026-02-03 00:39:12 INFO dataset: Stage2 created response_id=r_000054_01
2026-02-03 00:39:12 INFO dataset: Stage2 created response_id=r_000055_01
2026-02-03 00:39:12 INFO dataset: Stage2 created response_id=r_000056_01
2026-02-03 00:39:12 INFO dataset: Stage2 created response_id=r_000057_01
2026-02-03 00:39:13 WARNING dataset: Stage2 asset download failed url=https://img.icons8.com/color/48/flood.png err=HTTP Error 404: Not Found
2026-02-03 00:39:13 INFO dataset: Stage2 created response_id=r_000058_01
2026-02-03 00:39:13 INFO dataset: Stage2 created response_id=r_000059_01
2026-02-03 00:39:13 INFO dataset: Stage2 created response_id=r_000060_01
2026-02-03 00:39:13 INFO dataset: Stage2 created response_id=r_000171_01
2026-02-03 00:39:14 INFO dataset: Stage2 created response_id=r_000172_01
2026-02-03 00:39:14 INFO dataset: Stage2 created response_id=r_000173_01
2026-02-03 00:39:14 INFO dataset: Stage2 created response_id=r_000174_01
2026-02-03 00:39:14 INFO dataset: Stage2 created response_id=r_000175_01
2026-02-03 00:39:14 INFO dataset: Stage2 created response_id=r_000176_01
2026-02-03 00:39:14 INFO dataset: Stage2 created response_id=r_000177_01
2026-02-03 00:39:15 WARNING dataset: Stage2 asset download failed url=https://img.icons8.com/color/48/sunscreen.png err=HTTP Error 404: Not Found
2026-02-03 00:39:15 INFO dataset: Stage2 created response_id=r_000178_01
2026-02-03 00:39:43 ERROR dataset: Stage2 batch parse error: Unterminated string starting at: line 1 column 15588 (char 15587)
2026-02-03 00:39:43 WARNING dataset: Stage2 asset download failed url=https://img.icons8.com/color/48/london-bridge.png err=HTTP Error 404: Not Found
2026-02-03 00:39:44 WARNING dataset: Stage2 asset download failed url=https://img.icons8.com/color/48/madrid.png err=HTTP Error 404: Not Found
2026-02-03 00:39:46 INFO dataset: Stage2 created response_id=r_000361_01
2026-02-03 00:39:47 WARNING dataset: Stage2 asset download failed url=https://www.rokkasen.co.jp err=<urlopen error [SSL: CERTIFICATE_VERIFY_FAILED] certificate verify failed: self-signed certificate in certificate chain (_ssl.c:1006)>
2026-02-03 00:39:47 WARNING dataset: Stage2 asset download failed url=https://www.katsukura.jp err=<urlopen error [SSL: CERTIFICATE_VERIFY_FAILED] certificate verify failed: unable to get local issuer certificate (_ssl.c:1006)>
2026-02-03 00:39:48 INFO dataset: Stage2 created response_id=r_000362_01
2026-02-03 00:39:49 INFO dataset: Stage2 created response_id=r_000363_01
2026-02-03 00:39:50 WARNING dataset: Stage2 asset download failed url=https://www.kopps-berlin.de err=HTTP Error 403: Forbidden
2026-02-03 00:39:58 WARNING dataset: Stage2 asset download failed url=https://www.kopps-berlin.de/en/reservation/ err=HTTP Error 403: Forbidden
2026-02-03 00:40:00 WARNING dataset: Stage2 asset download failed url=https://img.icons8.com/color/48/berlin-cathedral.png err=HTTP Error 404: Not Found
2026-02-03 00:40:00 INFO dataset: Stage2 created response_id=r_000364_01
2026-02-03 00:40:00 INFO dataset: Stage2 created response_id=r_000365_01
2026-02-03 00:40:00 WARNING dataset: Stage2 asset download failed url=https://img.icons8.com/color/48/pharmacy.png err=HTTP Error 404: Not Found
2026-02-03 00:40:01 ERROR dataset: Stage2 batch parse error: Unterminated string starting at: line 44 column 22 (char 17576)
2026-02-03 00:40:01 INFO dataset: Stage2 created response_id=r_000366_01
2026-02-03 00:40:01 INFO dataset: Stage2 created response_id=r_000367_01
2026-02-03 00:40:01 INFO dataset: Stage2 created response_id=r_000241_01
2026-02-03 00:40:02 WARNING dataset: Stage2 asset download failed url=https://www.hyatt.com/en-US/hotel/australia/park-hyatt-sydney/sydph err=HTTP Error 403: Forbidden
2026-02-03 00:40:02 INFO dataset: Stage2 created response_id=r_000368_01
2026-02-03 00:40:03 WARNING dataset: Stage2 asset download failed url=https://img.icons8.com/ios/50/000000/no-seafood.png err=HTTP Error 404: Not Found
2026-02-03 00:40:04 WARNING dataset: Stage2 asset download failed url=https://img.icons8.com/ios/50/000000/no-peanuts.png err=HTTP Error 404: Not Found
2026-02-03 00:40:04 INFO dataset: Stage2 created response_id=r_000242_01
2026-02-03 00:40:04 INFO dataset: Stage2 created response_id=r_000243_01
2026-02-03 00:40:06 INFO dataset: Stage2 created response_id=r_000369_01
2026-02-03 00:40:07 INFO dataset: Stage2 created response_id=r_000244_01
2026-02-03 00:40:08 WARNING dataset: Stage2 asset download failed url=https://www.torontopubliclibrary.ca/using-the-library/study-rooms/ err=HTTP Error 404: Not Found
2026-02-03 00:40:09 INFO dataset: Stage2 created response_id=r_000245_01
2026-02-03 00:40:09 INFO dataset: Stage2 created response_id=r_000246_01
2026-02-03 00:40:09 WARNING dataset: Stage2 asset download failed url=https://img.icons8.com/ios/50/000000/piggy-bank.png err=HTTP Error 404: Not Found
2026-02-03 00:40:09 INFO dataset: Stage2 created response_id=r_000247_01
2026-02-03 00:40:09 INFO dataset: Stage2 created response_id=r_000248_01
2026-02-03 00:40:10 INFO dataset: Stage2 created response_id=r_000370_01
2026-02-03 00:40:10 INFO dataset: Stage2 created response_id=r_000249_01
2026-02-03 00:40:10 WARNING dataset: Stage2 asset download failed url=https://images.unsplash.com/photo-1528114039593-4366ee08227d err=HTTP Error 404: Not Found
2026-02-03 00:40:10 INFO dataset: Stage2 created response_id=r_000250_01
2026-02-03 00:40:10 INFO dataset: Stage2 created response_id=r_000371_01
2026-02-03 00:40:12 ERROR dataset: Stage2 batch parse error: Unterminated string starting at: line 52 column 22 (char 11873)
2026-02-03 00:40:12 WARNING dataset: Stage2 asset download failed url=https://example.com/icons/home.png err=HTTP Error 404: Not Found
2026-02-03 00:40:12 WARNING dataset: Stage2 asset download failed url=https://www.boletosfridakahlo.org err=HTTP Error 403: Forbidden
2026-02-03 00:40:12 WARNING dataset: Stage2 asset download failed url=https://example.com/icons/food.png err=HTTP Error 404: Not Found
2026-02-03 00:40:12 WARNING dataset: Stage2 asset download failed url=https://example.com/icons/car.png err=HTTP Error 404: Not Found
2026-02-03 00:40:12 INFO dataset: Stage2 created response_id=r_000201_01
2026-02-03 00:40:12 INFO dataset: Stage2 created response_id=r_000202_01
2026-02-03 00:40:12 WARNING dataset: Stage2 asset download failed url=https://example.com/icons/steps.png err=HTTP Error 404: Not Found
2026-02-03 00:40:12 WARNING dataset: Stage2 asset download failed url=https://example.com/icons/sleep.png err=HTTP Error 404: Not Found
2026-02-03 00:40:12 INFO dataset: Stage2 created response_id=r_000203_01
2026-02-03 00:40:12 WARNING dataset: Stage2 asset download failed url=https://example.com/images/austin-skyline.jpg err=HTTP Error 404: Not Found
2026-02-03 00:40:12 INFO dataset: Stage2 created response_id=r_000204_01
2026-02-03 00:40:12 INFO dataset: Stage2 created response_id=r_000205_01
2026-02-03 00:40:12 WARNING dataset: Stage2 asset download failed url=https://example.com/icons/design.png err=HTTP Error 404: Not Found
2026-02-03 00:40:12 WARNING dataset: Stage2 asset download failed url=https://example.com/icons/code.png err=HTTP Error 404: Not Found
2026-02-03 00:40:12 WARNING dataset: Stage2 asset download failed url=https://example.com/icons/bug.png err=HTTP Error 404: Not Found
2026-02-03 00:40:12 INFO dataset: Stage2 created response_id=r_000206_01
2026-02-03 00:40:13 WARNING dataset: Stage2 asset download failed url=https://example.com/icons/energy.png err=HTTP Error 404: Not Found
2026-02-03 00:40:13 WARNING dataset: Stage2 asset download failed url=https://example.com/icons/pound.png err=HTTP Error 404: Not Found
2026-02-03 00:40:13 INFO dataset: Stage2 created response_id=r_000207_01
2026-02-03 00:40:13 INFO dataset: Stage2 created response_id=r_000208_01
2026-02-03 00:40:13 WARNING dataset: Stage2 asset download failed url=https://example.com/icons/search.png err=HTTP Error 404: Not Found
2026-02-03 00:40:13 WARNING dataset: Stage2 asset download failed url=https://images.unsplash.com/photo-1585121234664-a89276705852 err=HTTP Error 404: Not Found
2026-02-03 00:40:13 INFO dataset: Stage2 created response_id=r_000372_01
2026-02-03 00:40:13 WARNING dataset: Stage2 asset download failed url=https://example.com/icons/social.png err=HTTP Error 404: Not Found
2026-02-03 00:40:13 WARNING dataset: Stage2 asset download failed url=https://example.com/icons/mail.png err=HTTP Error 404: Not Found
2026-02-03 00:40:13 INFO dataset: Stage2 created response_id=r_000209_01
2026-02-03 00:40:13 WARNING dataset: Stage2 asset download failed url=https://example.com/icons/protein.png err=HTTP Error 404: Not Found
2026-02-03 00:40:13 WARNING dataset: Stage2 asset download failed url=https://example.com/icons/carbs.png err=HTTP Error 404: Not Found
2026-02-03 00:40:13 WARNING dataset: Stage2 asset download failed url=https://example.com/icons/fats.png err=HTTP Error 404: Not Found
2026-02-03 00:40:13 INFO dataset: Stage2 created response_id=r_000210_01
2026-02-03 00:40:13 INFO dataset: Stage2 created response_id=r_000211_01
2026-02-03 00:40:13 INFO dataset: Stage2 created response_id=r_000212_01
2026-02-03 00:40:13 WARNING dataset: Stage2 asset download failed url=https://img.icons8.com/color/48/thailand-baht.png err=HTTP Error 404: Not Found
2026-02-03 00:40:13 INFO dataset: Stage2 created response_id=r_000373_01
2026-02-03 00:40:34 ERROR dataset: Stage2 batch parse error: Unterminated string starting at: line 76 column 22 (char 17334)
2026-02-03 00:40:34 INFO dataset: Stage2 created response_id=r_000051_01
2026-02-03 00:40:34 INFO dataset: Stage2 created response_id=r_000052_01
2026-02-03 00:40:34 INFO dataset: Stage2 created response_id=r_000053_01
2026-02-03 00:40:34 INFO dataset: Stage2 created response_id=r_000054_01
2026-02-03 00:40:34 INFO dataset: Stage2 created response_id=r_000055_01
2026-02-03 00:40:35 WARNING dataset: Stage2 asset download failed url=https://www.sbb.ch/en err=<urlopen error [WinError 10060] A connection attempt failed because the connected party did not properly respond after a period of time, or established connection failed because connected host has failed to respond>
2026-02-03 00:40:35 INFO dataset: Stage2 created response_id=r_000056_01
2026-02-03 00:40:35 INFO dataset: Stage2 created response_id=r_000057_01
2026-02-03 00:40:35 INFO dataset: Stage2 created response_id=r_000374_01
2026-02-03 00:40:35 WARNING dataset: Stage2 asset download failed url=https://img.icons8.com/color/48/flood.png err=HTTP Error 404: Not Found
2026-02-03 00:40:35 INFO dataset: Stage2 created response_id=r_000058_01
2026-02-03 00:40:35 INFO dataset: Stage2 created response_id=r_000059_01
2026-02-03 00:40:35 INFO dataset: Stage2 created response_id=r_000060_01
2026-02-03 00:40:35 INFO dataset: Stage2 created response_id=r_000171_01
2026-02-03 00:40:36 INFO dataset: Stage2 created response_id=r_000172_01
2026-02-03 00:40:36 INFO dataset: Stage2 created response_id=r_000173_01
2026-02-03 00:40:36 INFO dataset: Stage2 created response_id=r_000174_01
2026-02-03 00:40:36 INFO dataset: Stage2 created response_id=r_000175_01
2026-02-03 00:40:36 INFO dataset: Stage2 created response_id=r_000176_01
2026-02-03 00:40:36 INFO dataset: Stage2 created response_id=r_000177_01
2026-02-03 00:40:36 INFO dataset: Stage2 created response_id=r_000375_01
2026-02-03 00:40:37 INFO dataset: Stage2 created response_id=r_000376_01
2026-02-03 00:40:37 WARNING dataset: Stage2 asset download failed url=https://img.icons8.com/color/48/sunscreen.png err=HTTP Error 404: Not Found
2026-02-03 00:40:37 INFO dataset: Stage2 created response_id=r_000178_01
2026-02-03 00:40:39 WARNING dataset: Stage2 asset download failed url=https://www.dukescoffee.com.au err=HTTP Error 403: Forbidden
2026-02-03 00:40:40 WARNING dataset: Stage2 asset download failed url=https://img.icons8.com/color/48/coffee-beans.png err=HTTP Error 404: Not Found
2026-02-03 00:40:40 INFO dataset: Stage2 created response_id=r_000377_01
2026-02-03 00:40:40 INFO dataset: Stage2 created response_id=r_000378_01
2026-02-03 00:40:40 WARNING dataset: Stage2 asset download failed url=https://itnig.net err=HTTP Error 403: Forbidden
2026-02-03 00:40:41 WARNING dataset: Stage2 asset download failed url=https://aticco.com err=HTTP Error 403: Forbidden
2026-02-03 00:40:44 WARNING dataset: Stage2 asset download failed url=https://itnig.net/coworking/ err=HTTP Error 403: Forbidden
2026-02-03 00:40:44 INFO dataset: Stage2 created response_id=r_000379_01
2026-02-03 00:40:45 WARNING dataset: Stage2 asset download failed url=https://img.icons8.com/color/48/skyscraper.png err=HTTP Error 404: Not Found
2026-02-03 00:40:46 INFO dataset: Stage2 created response_id=r_000380_01
2026-02-03 00:41:09 ERROR dataset: Stage2 batch parse error: Unterminated string starting at: line 56 column 22 (char 15161)
2026-02-03 00:41:10 INFO dataset: Stage2 created response_id=r_000281_01
2026-02-03 00:41:10 INFO dataset: Stage2 created response_id=r_000282_01
2026-02-03 00:41:11 INFO dataset: Stage2 created response_id=r_000283_01
2026-02-03 00:41:11 WARNING dataset: Stage2 asset download failed url=https://example.com/kyoto-shrine.jpg err=HTTP Error 404: Not Found
2026-02-03 00:41:11 WARNING dataset: Stage2 asset download failed url=https://example.com/golden-pavilion.jpg err=HTTP Error 404: Not Found
2026-02-03 00:41:11 INFO dataset: Stage2 created response_id=r_000284_01
2026-02-03 00:41:12 WARNING dataset: Stage2 asset download failed url=https://img.icons8.com/color/48/strategy.png err=HTTP Error 404: Not Found
2026-02-03 00:41:13 INFO dataset: Stage2 created response_id=r_000285_01
2026-02-03 00:41:13 INFO dataset: Stage2 created response_id=r_000286_01
2026-02-03 00:41:13 INFO dataset: Stage2 created response_id=r_000287_01
2026-02-03 00:41:13 INFO dataset: Stage2 created response_id=r_000288_01
2026-02-03 00:41:13 INFO dataset: Stage2 created response_id=r_000289_01
2026-02-03 00:41:13 INFO dataset: Stage2 created response_id=r_000290_01
2026-02-03 00:41:13 INFO dataset: Stage2 created response_id=r_000291_01
2026-02-03 00:41:15 INFO dataset: Stage2 created response_id=r_000292_01
2026-02-03 00:41:15 INFO dataset: Stage2 created response_id=r_000293_01
2026-02-03 00:41:17 ERROR dataset: Stage2 batch parse error: Unterminated string starting at: line 44 column 22 (char 17576)
2026-02-03 00:41:17 INFO dataset: Stage2 created response_id=r_000241_01
2026-02-03 00:41:19 WARNING dataset: Stage2 asset download failed url=https://img.icons8.com/ios/50/000000/no-seafood.png err=HTTP Error 404: Not Found
2026-02-03 00:41:19 WARNING dataset: Stage2 asset download failed url=https://img.icons8.com/ios/50/000000/no-peanuts.png err=HTTP Error 404: Not Found
2026-02-03 00:41:19 INFO dataset: Stage2 created response_id=r_000242_01
2026-02-03 00:41:19 INFO dataset: Stage2 created response_id=r_000243_01
2026-02-03 00:41:21 INFO dataset: Stage2 created response_id=r_000244_01
2026-02-03 00:41:21 INFO dataset: Stage2 created response_id=r_000245_01
2026-02-03 00:41:21 INFO dataset: Stage2 created response_id=r_000246_01
2026-02-03 00:41:22 WARNING dataset: Stage2 asset download failed url=https://img.icons8.com/ios/50/000000/piggy-bank.png err=HTTP Error 404: Not Found
2026-02-03 00:41:22 INFO dataset: Stage2 created response_id=r_000247_01
2026-02-03 00:41:22 INFO dataset: Stage2 created response_id=r_000248_01
2026-02-03 00:41:23 INFO dataset: Stage2 created response_id=r_000249_01
2026-02-03 00:41:23 WARNING dataset: Stage2 asset download failed url=https://images.unsplash.com/photo-1528114039593-4366ee08227d err=HTTP Error 404: Not Found
2026-02-03 00:41:24 INFO dataset: Stage2 created response_id=r_000250_01
2026-02-03 00:41:38 ERROR dataset: Stage2 batch parse error: Unterminated string starting at: line 52 column 22 (char 11873)
2026-02-03 00:41:39 WARNING dataset: Stage2 asset download failed url=https://example.com/icons/home.png err=HTTP Error 404: Not Found
2026-02-03 00:41:39 WARNING dataset: Stage2 asset download failed url=https://example.com/icons/food.png err=HTTP Error 404: Not Found
2026-02-03 00:41:39 WARNING dataset: Stage2 asset download failed url=https://example.com/icons/car.png err=HTTP Error 404: Not Found
2026-02-03 00:41:39 INFO dataset: Stage2 created response_id=r_000201_01
2026-02-03 00:41:39 INFO dataset: Stage2 created response_id=r_000202_01
2026-02-03 00:41:39 WARNING dataset: Stage2 asset download failed url=https://example.com/icons/steps.png err=HTTP Error 404: Not Found
2026-02-03 00:41:39 WARNING dataset: Stage2 asset download failed url=https://example.com/icons/sleep.png err=HTTP Error 404: Not Found
2026-02-03 00:41:39 INFO dataset: Stage2 created response_id=r_000203_01
2026-02-03 00:41:39 WARNING dataset: Stage2 asset download failed url=https://example.com/images/austin-skyline.jpg err=HTTP Error 404: Not Found
2026-02-03 00:41:39 INFO dataset: Stage2 created response_id=r_000204_01
2026-02-03 00:41:39 INFO dataset: Stage2 created response_id=r_000205_01
2026-02-03 00:41:39 WARNING dataset: Stage2 asset download failed url=https://example.com/icons/design.png err=HTTP Error 404: Not Found
2026-02-03 00:41:39 WARNING dataset: Stage2 asset download failed url=https://example.com/icons/code.png err=HTTP Error 404: Not Found
2026-02-03 00:41:39 WARNING dataset: Stage2 asset download failed url=https://example.com/icons/bug.png err=HTTP Error 404: Not Found
2026-02-03 00:41:39 INFO dataset: Stage2 created response_id=r_000206_01
2026-02-03 00:41:39 WARNING dataset: Stage2 asset download failed url=https://example.com/icons/energy.png err=HTTP Error 404: Not Found
2026-02-03 00:41:39 WARNING dataset: Stage2 asset download failed url=https://example.com/icons/pound.png err=HTTP Error 404: Not Found
2026-02-03 00:41:39 INFO dataset: Stage2 created response_id=r_000207_01
2026-02-03 00:41:39 INFO dataset: Stage2 created response_id=r_000208_01
2026-02-03 00:41:39 WARNING dataset: Stage2 asset download failed url=https://example.com/icons/search.png err=HTTP Error 404: Not Found
2026-02-03 00:41:39 WARNING dataset: Stage2 asset download failed url=https://example.com/icons/social.png err=HTTP Error 404: Not Found
2026-02-03 00:41:40 WARNING dataset: Stage2 asset download failed url=https://example.com/icons/mail.png err=HTTP Error 404: Not Found
2026-02-03 00:41:40 INFO dataset: Stage2 created response_id=r_000209_01
2026-02-03 00:41:40 WARNING dataset: Stage2 asset download failed url=https://example.com/icons/protein.png err=HTTP Error 404: Not Found
2026-02-03 00:41:40 WARNING dataset: Stage2 asset download failed url=https://example.com/icons/carbs.png err=HTTP Error 404: Not Found
2026-02-03 00:41:40 WARNING dataset: Stage2 asset download failed url=https://example.com/icons/fats.png err=HTTP Error 404: Not Found
2026-02-03 00:41:40 INFO dataset: Stage2 created response_id=r_000210_01
2026-02-03 00:41:40 INFO dataset: Stage2 created response_id=r_000211_01
2026-02-03 00:41:40 INFO dataset: Stage2 created response_id=r_000212_01
2026-02-03 00:41:49 ERROR dataset: Stage2 batch parse error: Unterminated string starting at: line 72 column 22 (char 20451)
2026-02-03 00:41:49 INFO dataset: Stage2 created response_id=r_000401_01
2026-02-03 00:41:50 WARNING dataset: Stage2 asset download failed url=https://www.linksys.com/support-article?articleNum=216444 err=HTTP Error 403: Forbidden
2026-02-03 00:41:50 INFO dataset: Stage2 created response_id=r_000402_01
2026-02-03 00:41:50 INFO dataset: Stage2 created response_id=r_000403_01
2026-02-03 00:41:51 WARNING dataset: Stage2 asset download failed url=https://img.icons8.com/ios/50/000000/printer.png err=HTTP Error 404: Not Found
2026-02-03 00:41:51 WARNING dataset: Stage2 asset download failed url=https://support.hp.com/us-en/product/hp-laserjet-pro-m403-m404-series/19203822 err=HTTP Error 403: Forbidden
2026-02-03 00:41:51 INFO dataset: Stage2 created response_id=r_000404_01
2026-02-03 00:41:51 WARNING dataset: Stage2 asset download failed url=https://en.wikipedia.org/wiki/Advanced_Encryption_Standard err=HTTP Error 403: Forbidden
2026-02-03 00:41:52 WARNING dataset: Stage2 asset download failed url=https://img.icons8.com/ios/50/000000/wi-fi.png err=HTTP Error 404: Not Found
2026-02-03 00:41:52 INFO dataset: Stage2 created response_id=r_000405_01
2026-02-03 00:41:53 INFO dataset: Stage2 created response_id=r_000406_01
2026-02-03 00:41:57 INFO dataset: Stage2 created response_id=r_000407_01
2026-02-03 00:41:58 INFO dataset: Stage2 created response_id=r_000408_01
2026-02-03 00:41:59 INFO dataset: Stage2 created response_id=r_000409_01
2026-02-03 00:42:00 WARNING dataset: Stage2 asset download failed url=https://img.icons8.com/ios/50/000000/smart-home.png err=HTTP Error 404: Not Found
2026-02-03 00:42:00 INFO dataset: Stage2 created response_id=r_000410_01
2026-02-03 00:42:00 WARNING dataset: Stage2 asset download failed url=https://linuxize.com/post/chmod-command-in-linux/ err=HTTP Error 403: Forbidden
2026-02-03 00:42:00 INFO dataset: Stage2 created response_id=r_000411_01
2026-02-03 00:42:01 WARNING dataset: Stage2 asset download failed url=https://support.microsoft.com/en-us/office/switch-from-working-offline-to-working-online-2460e4a8-16c7-47fc-b204-b15492751cff err=<urlopen error [WinError 10054] An existing connection was forcibly closed by the remote host>
2026-02-03 00:42:01 INFO dataset: Stage2 created response_id=r_000412_01
2026-02-03 00:42:02 INFO dataset: Stage2 created response_id=r_000413_01
2026-02-03 00:42:02 WARNING dataset: Stage2 asset download failed url=https://git-scm.com/doc err=HTTP Error 403: Forbidden
2026-02-03 00:42:02 INFO dataset: Stage2 created response_id=r_000414_01
2026-02-03 00:42:03 INFO dataset: Stage2 created response_id=r_000415_01
2026-02-03 00:42:03 WARNING dataset: Stage2 asset download failed url=https://support.microsoft.com/en-us/office/ifs-function-36329a26-37b2-467c-972b-4a39bd951d45 err=<urlopen error [WinError 10054] An existing connection was forcibly closed by the remote host>
2026-02-03 00:42:03 INFO dataset: Stage2 created response_id=r_000416_01
2026-02-03 00:42:06 INFO dataset: Stage2 created response_id=r_000417_01
2026-02-03 00:42:19 ERROR dataset: Stage2 batch parse error: Unterminated string starting at: line 56 column 22 (char 20870)
2026-02-03 00:42:19 WARNING dataset: Stage2 asset download failed url=https://example.com/images/bolognese_texture.jpg err=HTTP Error 404: Not Found
2026-02-03 00:42:19 INFO dataset: Stage2 created response_id=r_000321_01
2026-02-03 00:42:19 WARNING dataset: Stage2 asset download failed url=https://example.com/keto_shopping_list.pdf err=HTTP Error 404: Not Found
2026-02-03 00:42:19 WARNING dataset: Stage2 asset download failed url=https://example.com/icons/keto_badge.png err=HTTP Error 404: Not Found
2026-02-03 00:42:19 WARNING dataset: Stage2 asset download failed url=https://example.com/icons/clock_fast.png err=HTTP Error 404: Not Found
2026-02-03 00:42:19 INFO dataset: Stage2 created response_id=r_000322_01
2026-02-03 00:42:19 WARNING dataset: Stage2 asset download failed url=https://example.com/images/gf_muffins.jpg err=HTTP Error 404: Not Found
2026-02-03 00:42:19 INFO dataset: Stage2 created response_id=r_000323_01
2026-02-03 00:42:19 WARNING dataset: Stage2 asset download failed url=https://example.com/icons/vegan_leaf.png err=HTTP Error 404: Not Found
2026-02-03 00:42:19 WARNING dataset: Stage2 asset download failed url=https://example.com/icons/timer_30.png err=HTTP Error 404: Not Found
2026-02-03 00:42:19 INFO dataset: Stage2 created response_id=r_000324_01
2026-02-03 00:42:19 INFO dataset: Stage2 created response_id=r_000325_01
2026-02-03 00:42:19 WARNING dataset: Stage2 asset download failed url=https://example.com/icons/heart.png err=HTTP Error 404: Not Found
2026-02-03 00:42:20 WARNING dataset: Stage2 asset download failed url=https://example.com/icons/salt_free.png err=HTTP Error 404: Not Found
2026-02-03 00:42:20 INFO dataset: Stage2 created response_id=r_000326_01
2026-02-03 00:42:20 WARNING dataset: Stage2 asset download failed url=https://example.com/images/kids_bento.jpg err=HTTP Error 404: Not Found
2026-02-03 00:42:20 INFO dataset: Stage2 created response_id=r_000327_01
2026-02-03 00:42:20 WARNING dataset: Stage2 asset download failed url=https://example.com/icons/crockpot.png err=HTTP Error 404: Not Found
2026-02-03 00:42:20 WARNING dataset: Stage2 asset download failed url=https://example.com/icons/beef.png err=HTTP Error 404: Not Found
2026-02-03 00:42:20 INFO dataset: Stage2 created response_id=r_000328_01
2026-02-03 00:42:20 INFO dataset: Stage2 created response_id=r_000329_01
2026-02-03 00:42:20 INFO dataset: Stage2 created response_id=r_000330_01
2026-02-03 00:42:20 WARNING dataset: Stage2 asset download failed url=https://example.com/icons/fire.png err=HTTP Error 404: Not Found
2026-02-03 00:42:20 WARNING dataset: Stage2 asset download failed url=https://example.com/icons/timer.png err=HTTP Error 404: Not Found
2026-02-03 00:42:20 INFO dataset: Stage2 created response_id=r_000331_01
2026-02-03 00:42:20 INFO dataset: Stage2 created response_id=r_000332_01
2026-02-03 00:42:20 WARNING dataset: Stage2 asset download failed url=https://example.com/icons/turkey_free.png err=HTTP Error 404: Not Found
2026-02-03 00:42:20 WARNING dataset: Stage2 asset download failed url=https://example.com/icons/vegan.png err=HTTP Error 404: Not Found
2026-02-03 00:42:20 INFO dataset: Stage2 created response_id=r_000333_01
2026-02-03 00:42:27 ERROR dataset: Stage2 batch parse error: Unterminated string starting at: line 56 column 22 (char 15161)
2026-02-03 00:42:28 INFO dataset: Stage2 created response_id=r_000281_01
2026-02-03 00:42:28 INFO dataset: Stage2 created response_id=r_000282_01
2026-02-03 00:42:29 INFO dataset: Stage2 created response_id=r_000283_01
2026-02-03 00:42:29 WARNING dataset: Stage2 asset download failed url=https://example.com/kyoto-shrine.jpg err=HTTP Error 404: Not Found
2026-02-03 00:42:29 WARNING dataset: Stage2 asset download failed url=https://example.com/golden-pavilion.jpg err=HTTP Error 404: Not Found
2026-02-03 00:42:29 INFO dataset: Stage2 created response_id=r_000284_01
2026-02-03 00:42:30 WARNING dataset: Stage2 asset download failed url=https://img.icons8.com/color/48/strategy.png err=HTTP Error 404: Not Found
2026-02-03 00:42:30 INFO dataset: Stage2 created response_id=r_000285_01
2026-02-03 00:42:30 INFO dataset: Stage2 created response_id=r_000286_01
2026-02-03 00:42:30 INFO dataset: Stage2 created response_id=r_000287_01
2026-02-03 00:42:30 INFO dataset: Stage2 created response_id=r_000288_01
2026-02-03 00:42:30 INFO dataset: Stage2 created response_id=r_000289_01
2026-02-03 00:42:30 INFO dataset: Stage2 created response_id=r_000290_01
2026-02-03 00:42:30 INFO dataset: Stage2 created response_id=r_000291_01
2026-02-03 00:42:32 INFO dataset: Stage2 created response_id=r_000292_01
2026-02-03 00:42:32 INFO dataset: Stage2 created response_id=r_000293_01
2026-02-03 00:42:41 ERROR dataset: Stage2 batch parse error: Unterminated string starting at: line 44 column 22 (char 17576)
2026-02-03 00:42:42 INFO dataset: Stage2 created response_id=r_000241_01
2026-02-03 00:42:43 WARNING dataset: Stage2 asset download failed url=https://img.icons8.com/ios/50/000000/no-seafood.png err=HTTP Error 404: Not Found
2026-02-03 00:42:44 WARNING dataset: Stage2 asset download failed url=https://img.icons8.com/ios/50/000000/no-peanuts.png err=HTTP Error 404: Not Found
2026-02-03 00:42:44 INFO dataset: Stage2 created response_id=r_000242_01
2026-02-03 00:42:44 INFO dataset: Stage2 created response_id=r_000243_01
2026-02-03 00:42:44 INFO dataset: Stage2 created response_id=r_000244_01
2026-02-03 00:42:45 INFO dataset: Stage2 created response_id=r_000245_01
2026-02-03 00:42:45 INFO dataset: Stage2 created response_id=r_000246_01
2026-02-03 00:42:46 WARNING dataset: Stage2 asset download failed url=https://img.icons8.com/ios/50/000000/piggy-bank.png err=HTTP Error 404: Not Found
2026-02-03 00:42:46 INFO dataset: Stage2 created response_id=r_000247_01
2026-02-03 00:42:46 INFO dataset: Stage2 created response_id=r_000248_01
2026-02-03 00:42:46 INFO dataset: Stage2 created response_id=r_000249_01
2026-02-03 00:42:46 WARNING dataset: Stage2 asset download failed url=https://images.unsplash.com/photo-1528114039593-4366ee08227d err=HTTP Error 404: Not Found
2026-02-03 00:42:46 INFO dataset: Stage2 created response_id=r_000250_01
2026-02-03 00:43:12 ERROR dataset: Stage2 batch parse error: Unterminated string starting at: line 1 column 19589 (char 19588)
2026-02-03 00:43:14 INFO dataset: Stage2 created response_id=r_000441_01
2026-02-03 00:43:14 WARNING dataset: Stage2 asset download failed url=https://www.worldanvil.com/w/cyberpunk err=HTTP Error 403: Forbidden
2026-02-03 00:43:14 INFO dataset: Stage2 created response_id=r_000442_01
2026-02-03 00:43:14 INFO dataset: Stage2 created response_id=r_000443_01
2026-02-03 00:43:14 WARNING dataset: Stage2 asset download failed url=https://www.galacticexpress.space/track err=<urlopen error [Errno 11001] getaddrinfo failed>
2026-02-03 00:43:14 INFO dataset: Stage2 created response_id=r_000444_01
2026-02-03 00:43:14 WARNING dataset: Stage2 asset download failed url=https://www.visitsavannah.com/ err=HTTP Error 403: Forbidden
2026-02-03 00:43:14 INFO dataset: Stage2 created response_id=r_000445_01
2026-02-03 00:43:14 WARNING dataset: Stage2 asset download failed url=https://www.example-bamboo-cases.com/shop err=<urlopen error [Errno 11001] getaddrinfo failed>
2026-02-03 00:43:14 INFO dataset: Stage2 created response_id=r_000446_01
2026-02-03 00:43:14 INFO dataset: Stage2 created response_id=r_000447_01
2026-02-03 00:43:16 WARNING dataset: Stage2 asset download failed url=https://www.myswitzerland.com/ err=HTTP Error 406: Not Acceptable
2026-02-03 00:43:17 WARNING dataset: Stage2 asset download failed url=https://www.myswitzerland.com/en-us/destinations/winter-resorts/ err=HTTP Error 406: Not Acceptable
2026-02-03 00:43:17 INFO dataset: Stage2 created response_id=r_000448_01
2026-02-03 00:43:17 INFO dataset: Stage2 created response_id=r_000449_01
2026-02-03 00:43:17 INFO dataset: Stage2 created response_id=r_000450_01
2026-02-03 00:43:17 WARNING dataset: Stage2 asset download failed url=https://www.linkedin.com/ err=<urlopen error [WinError 10054] An existing connection was forcibly closed by the remote host>
2026-02-03 00:43:17 INFO dataset: Stage2 created response_id=r_000451_01
2026-02-03 00:43:23 ERROR dataset: Stage2 batch parse error: Unterminated string starting at: line 1 column 15588 (char 15587)
2026-02-03 00:43:24 WARNING dataset: Stage2 asset download failed url=https://img.icons8.com/color/48/london-bridge.png err=HTTP Error 404: Not Found
2026-02-03 00:43:25 WARNING dataset: Stage2 asset download failed url=https://img.icons8.com/color/48/madrid.png err=HTTP Error 404: Not Found
2026-02-03 00:43:25 INFO dataset: Stage2 created response_id=r_000361_01
2026-02-03 00:43:25 INFO dataset: Stage2 created response_id=r_000362_01
2026-02-03 00:43:26 INFO dataset: Stage2 created response_id=r_000363_01
2026-02-03 00:43:26 WARNING dataset: Stage2 asset download failed url=https://img.icons8.com/color/48/berlin-cathedral.png err=HTTP Error 404: Not Found
2026-02-03 00:43:26 INFO dataset: Stage2 created response_id=r_000364_01
2026-02-03 00:43:26 INFO dataset: Stage2 created response_id=r_000365_01
2026-02-03 00:43:27 WARNING dataset: Stage2 asset download failed url=https://img.icons8.com/color/48/pharmacy.png err=HTTP Error 404: Not Found
2026-02-03 00:43:27 INFO dataset: Stage2 created response_id=r_000366_01
2026-02-03 00:43:27 INFO dataset: Stage2 created response_id=r_000367_01
2026-02-03 00:43:28 INFO dataset: Stage2 created response_id=r_000368_01
2026-02-03 00:43:28 INFO dataset: Stage2 created response_id=r_000369_01
2026-02-03 00:43:28 INFO dataset: Stage2 created response_id=r_000370_01
2026-02-03 00:43:28 INFO dataset: Stage2 created response_id=r_000371_01
2026-02-03 00:43:28 WARNING dataset: Stage2 asset download failed url=https://images.unsplash.com/photo-1585121234664-a89276705852 err=HTTP Error 404: Not Found
2026-02-03 00:43:28 INFO dataset: Stage2 created response_id=r_000372_01
2026-02-03 00:43:29 WARNING dataset: Stage2 asset download failed url=https://img.icons8.com/color/48/thailand-baht.png err=HTTP Error 404: Not Found
2026-02-03 00:43:29 INFO dataset: Stage2 created response_id=r_000373_01
2026-02-03 00:43:30 INFO dataset: Stage2 created response_id=r_000374_01
2026-02-03 00:43:30 INFO dataset: Stage2 created response_id=r_000375_01
2026-02-03 00:43:31 INFO dataset: Stage2 created response_id=r_000376_01
2026-02-03 00:43:31 WARNING dataset: Stage2 asset download failed url=https://img.icons8.com/color/48/coffee-beans.png err=HTTP Error 404: Not Found
2026-02-03 00:43:31 INFO dataset: Stage2 created response_id=r_000377_01
2026-02-03 00:43:32 INFO dataset: Stage2 created response_id=r_000378_01
2026-02-03 00:43:32 INFO dataset: Stage2 created response_id=r_000379_01
2026-02-03 00:43:32 WARNING dataset: Stage2 asset download failed url=https://img.icons8.com/color/48/skyscraper.png err=HTTP Error 404: Not Found
2026-02-03 00:43:33 INFO dataset: Stage2 created response_id=r_000380_01
2026-02-03 00:43:45 ERROR dataset: Stage2 batch parse error: Unterminated string starting at: line 56 column 22 (char 20870)
2026-02-03 00:43:46 WARNING dataset: Stage2 asset download failed url=https://example.com/images/bolognese_texture.jpg err=HTTP Error 404: Not Found
2026-02-03 00:43:46 INFO dataset: Stage2 created response_id=r_000321_01
2026-02-03 00:43:46 WARNING dataset: Stage2 asset download failed url=https://example.com/keto_shopping_list.pdf err=HTTP Error 404: Not Found
2026-02-03 00:43:46 WARNING dataset: Stage2 asset download failed url=https://example.com/icons/keto_badge.png err=HTTP Error 404: Not Found
2026-02-03 00:43:46 WARNING dataset: Stage2 asset download failed url=https://example.com/icons/clock_fast.png err=HTTP Error 404: Not Found
2026-02-03 00:43:46 INFO dataset: Stage2 created response_id=r_000322_01
2026-02-03 00:43:46 WARNING dataset: Stage2 asset download failed url=https://example.com/images/gf_muffins.jpg err=HTTP Error 404: Not Found
2026-02-03 00:43:46 INFO dataset: Stage2 created response_id=r_000323_01
2026-02-03 00:43:46 WARNING dataset: Stage2 asset download failed url=https://example.com/icons/vegan_leaf.png err=HTTP Error 404: Not Found
2026-02-03 00:43:46 WARNING dataset: Stage2 asset download failed url=https://example.com/icons/timer_30.png err=HTTP Error 404: Not Found
2026-02-03 00:43:46 INFO dataset: Stage2 created response_id=r_000324_01
2026-02-03 00:43:46 INFO dataset: Stage2 created response_id=r_000325_01
2026-02-03 00:43:46 WARNING dataset: Stage2 asset download failed url=https://example.com/icons/heart.png err=HTTP Error 404: Not Found
2026-02-03 00:43:46 WARNING dataset: Stage2 asset download failed url=https://example.com/icons/salt_free.png err=HTTP Error 404: Not Found
2026-02-03 00:43:46 INFO dataset: Stage2 created response_id=r_000326_01
2026-02-03 00:43:46 WARNING dataset: Stage2 asset download failed url=https://example.com/images/kids_bento.jpg err=HTTP Error 404: Not Found
2026-02-03 00:43:46 INFO dataset: Stage2 created response_id=r_000327_01
2026-02-03 00:43:46 WARNING dataset: Stage2 asset download failed url=https://example.com/icons/crockpot.png err=HTTP Error 404: Not Found
2026-02-03 00:43:46 WARNING dataset: Stage2 asset download failed url=https://example.com/icons/beef.png err=HTTP Error 404: Not Found
2026-02-03 00:43:46 INFO dataset: Stage2 created response_id=r_000328_01
2026-02-03 00:43:46 INFO dataset: Stage2 created response_id=r_000329_01
2026-02-03 00:43:46 INFO dataset: Stage2 created response_id=r_000330_01
2026-02-03 00:43:46 WARNING dataset: Stage2 asset download failed url=https://example.com/icons/fire.png err=HTTP Error 404: Not Found
2026-02-03 00:43:47 WARNING dataset: Stage2 asset download failed url=https://example.com/icons/timer.png err=HTTP Error 404: Not Found
2026-02-03 00:43:47 INFO dataset: Stage2 created response_id=r_000331_01
2026-02-03 00:43:47 INFO dataset: Stage2 created response_id=r_000332_01
2026-02-03 00:43:47 WARNING dataset: Stage2 asset download failed url=https://example.com/icons/turkey_free.png err=HTTP Error 404: Not Found
2026-02-03 00:43:47 WARNING dataset: Stage2 asset download failed url=https://example.com/icons/vegan.png err=HTTP Error 404: Not Found
2026-02-03 00:43:47 INFO dataset: Stage2 created response_id=r_000333_01
2026-02-03 00:44:18 ERROR dataset: Stage2 batch parse error: Unterminated string starting at: line 64 column 22 (char 17000)
2026-02-03 00:44:18 WARNING dataset: Stage2 asset download failed url=https://example.com/chicago-leadership-2024 err=HTTP Error 404: Not Found
2026-02-03 00:44:18 WARNING dataset: Stage2 asset download failed url=https://example.com/venue-map err=HTTP Error 404: Not Found
2026-02-03 00:44:19 WARNING dataset: Stage2 asset download failed url=https://img.icons8.com/ios/50/000000/strategy.png err=HTTP Error 404: Not Found
2026-02-03 00:44:20 WARNING dataset: Stage2 asset download failed url=https://www.shrm.org/resourcesandtools/hr-topics/organizational-and-strategic-planning err=HTTP Error 404: Not Found
2026-02-03 00:44:20 INFO dataset: Stage2 created response_id=r_000481_01
2026-02-03 00:44:20 WARNING dataset: Stage2 asset download failed url=https://example.com/echoes-austin-tickets err=HTTP Error 404: Not Found
2026-02-03 00:44:20 WARNING dataset: Stage2 asset download failed url=https://example.com/echoes-map err=HTTP Error 404: Not Found
2026-02-03 00:44:20 WARNING dataset: Stage2 asset download failed url=https://example.com/austin-festival-image.jpg err=HTTP Error 404: Not Found
2026-02-03 00:44:23 WARNING dataset: Stage2 asset download failed url=https://www.austintexas.org/events/music-festivals/ err=HTTP Error 404: Not Found
2026-02-03 00:44:23 INFO dataset: Stage2 created response_id=r_000482_01
2026-02-03 00:44:23 WARNING dataset: Stage2 asset download failed url=https://example.com/berlin-symposium-reg err=HTTP Error 404: Not Found
2026-02-03 00:44:23 WARNING dataset: Stage2 asset download failed url=https://example.com/symposium-papers err=HTTP Error 404: Not Found
2026-02-03 00:44:24 INFO dataset: Stage2 created response_id=r_000483_01
2026-02-03 00:44:24 WARNING dataset: Stage2 asset download failed url=https://example.com/florence-wedding-rsvp err=HTTP Error 404: Not Found
2026-02-03 00:44:24 WARNING dataset: Stage2 asset download failed url=https://example.com/wedding-registry err=HTTP Error 404: Not Found
2026-02-03 00:44:24 WARNING dataset: Stage2 asset download failed url=https://example.com/florence-wedding-view.jpg err=HTTP Error 404: Not Found
2026-02-03 00:44:28 INFO dataset: Stage2 created response_id=r_000484_01
2026-02-03 00:44:28 WARNING dataset: Stage2 asset download failed url=https://example.com/toronto-gym-booking err=HTTP Error 404: Not Found
2026-02-03 00:44:28 WARNING dataset: Stage2 asset download failed url=https://example.com/gym-membership err=HTTP Error 404: Not Found
2026-02-03 00:44:30 WARNING dataset: Stage2 asset download failed url=https://img.icons8.com/ios/50/000000/stationary-bike.png err=HTTP Error 404: Not Found
2026-02-03 00:44:30 INFO dataset: Stage2 created response_id=r_000485_01
2026-02-03 00:44:30 WARNING dataset: Stage2 asset download failed url=https://example.com/seattle-seniors-tech err=HTTP Error 404: Not Found
2026-02-03 00:44:30 WARNING dataset: Stage2 asset download failed url=https://example.com/volunteer-seattle-tech err=HTTP Error 404: Not Found
2026-02-03 00:44:32 ERROR dataset: Stage2 batch parse error: Unterminated string starting at: line 72 column 22 (char 20451)
2026-02-03 00:44:32 INFO dataset: Stage2 created response_id=r_000401_01
2026-02-03 00:44:32 INFO dataset: Stage2 created response_id=r_000402_01
2026-02-03 00:44:32 INFO dataset: Stage2 created response_id=r_000403_01
2026-02-03 00:44:33 WARNING dataset: Stage2 asset download failed url=https://img.icons8.com/ios/50/000000/printer.png err=HTTP Error 404: Not Found
2026-02-03 00:44:33 INFO dataset: Stage2 created response_id=r_000486_01
2026-02-03 00:44:33 WARNING dataset: Stage2 asset download failed url=https://example.com/manchester-soccer-scores err=HTTP Error 404: Not Found
2026-02-03 00:44:33 WARNING dataset: Stage2 asset download failed url=https://example.com/soccer-teams err=HTTP Error 404: Not Found
2026-02-03 00:44:33 INFO dataset: Stage2 created response_id=r_000404_01
2026-02-03 00:44:34 WARNING dataset: Stage2 asset download failed url=https://img.icons8.com/ios/50/000000/soccer-ball.png err=HTTP Error 404: Not Found
2026-02-03 00:44:34 INFO dataset: Stage2 created response_id=r_000487_01
2026-02-03 00:44:34 WARNING dataset: Stage2 asset download failed url=https://example.com/sf-software-handbook err=HTTP Error 404: Not Found
2026-02-03 00:44:34 WARNING dataset: Stage2 asset download failed url=https://example.com/hr-benefits err=HTTP Error 404: Not Found
2026-02-03 00:44:34 WARNING dataset: Stage2 asset download failed url=https://img.icons8.com/ios/50/000000/wi-fi.png err=HTTP Error 404: Not Found
2026-02-03 00:44:34 INFO dataset: Stage2 created response_id=r_000405_01
2026-02-03 00:44:34 INFO dataset: Stage2 created response_id=r_000406_01
2026-02-03 00:44:35 INFO dataset: Stage2 created response_id=r_000407_01
2026-02-03 00:44:35 INFO dataset: Stage2 created response_id=r_000408_01
2026-02-03 00:44:35 INFO dataset: Stage2 created response_id=r_000409_01
2026-02-03 00:44:35 WARNING dataset: Stage2 asset download failed url=https://www.shrm.org/resourcesandtools/tools-and-samples/how-to-guides/pages/how-to-set-up-an-onboarding-program.aspx err=HTTP Error 404: Not Found
2026-02-03 00:44:35 INFO dataset: Stage2 created response_id=r_000488_01
2026-02-03 00:44:35 WARNING dataset: Stage2 asset download failed url=https://example.com/melbourne-charity-game err=HTTP Error 404: Not Found
2026-02-03 00:44:35 WARNING dataset: Stage2 asset download failed url=https://example.com/gaming-marathon-live err=HTTP Error 404: Not Found
2026-02-03 00:44:36 WARNING dataset: Stage2 asset download failed url=https://img.icons8.com/ios/50/000000/game-controller.png err=HTTP Error 404: Not Found
2026-02-03 00:44:36 WARNING dataset: Stage2 asset download failed url=https://img.icons8.com/ios/50/000000/smart-home.png err=HTTP Error 404: Not Found
2026-02-03 00:44:36 INFO dataset: Stage2 created response_id=r_000410_01
2026-02-03 00:44:36 INFO dataset: Stage2 created response_id=r_000411_01
2026-02-03 00:44:36 INFO dataset: Stage2 created response_id=r_000489_01
2026-02-03 00:44:37 WARNING dataset: Stage2 asset download failed url=https://example.com/napa-retreat-menu err=HTTP Error 404: Not Found
2026-02-03 00:44:37 WARNING dataset: Stage2 asset download failed url=https://example.com/napa-recipes err=HTTP Error 404: Not Found
2026-02-03 00:44:37 WARNING dataset: Stage2 asset download failed url=https://example.com/napa-cooking-image.jpg err=HTTP Error 404: Not Found
2026-02-03 00:44:37 INFO dataset: Stage2 created response_id=r_000412_01
2026-02-03 00:44:37 INFO dataset: Stage2 created response_id=r_000413_01
2026-02-03 00:44:37 INFO dataset: Stage2 created response_id=r_000414_01
2026-02-03 00:44:37 INFO dataset: Stage2 created response_id=r_000415_01
2026-02-03 00:44:37 INFO dataset: Stage2 created response_id=r_000416_01
2026-02-03 00:44:38 INFO dataset: Stage2 created response_id=r_000490_01
2026-02-03 00:44:38 WARNING dataset: Stage2 asset download failed url=https://example.com/app-dev-tracker err=HTTP Error 404: Not Found
2026-02-03 00:44:38 WARNING dataset: Stage2 asset download failed url=https://example.com/app-design err=HTTP Error 404: Not Found
2026-02-03 00:44:38 INFO dataset: Stage2 created response_id=r_000417_01
2026-02-03 00:44:38 INFO dataset: Stage2 created response_id=r_000491_01
2026-02-03 00:44:38 WARNING dataset: Stage2 asset download failed url=https://example.com/science-fair-rubric err=HTTP Error 404: Not Found
2026-02-03 00:44:38 WARNING dataset: Stage2 asset download failed url=https://example.com/science-fair-students err=HTTP Error 404: Not Found
2026-02-03 00:44:41 INFO dataset: Stage2 created response_id=r_000492_01
2026-02-03 00:44:43 WARNING dataset: Stage2 asset download failed url=https://example.com/kyoto-tea err=HTTP Error 404: Not Found
2026-02-03 00:44:43 WARNING dataset: Stage2 asset download failed url=https://example.com/fushimi-inari.jpg err=HTTP Error 404: Not Found
2026-02-03 00:44:43 WARNING dataset: Stage2 asset download failed url=https://example.com/arashiyama.jpg err=HTTP Error 404: Not Found
2026-02-03 00:44:44 INFO dataset: Stage2 created response_id=r_000493_01
2026-02-03 00:44:44 WARNING dataset: Stage2 asset download failed url=https://example.com/flight-a err=HTTP Error 404: Not Found
2026-02-03 00:44:44 WARNING dataset: Stage2 asset download failed url=https://example.com/flight-b err=HTTP Error 404: Not Found
2026-02-03 00:44:44 INFO dataset: Stage2 created response_id=r_000494_01
2026-02-03 00:44:45 WARNING dataset: Stage2 asset download failed url=https://example.com/book-launch-order err=HTTP Error 404: Not Found
2026-02-03 00:44:45 WARNING dataset: Stage2 asset download failed url=https://example.com/nyc-book-rsvp err=HTTP Error 404: Not Found
2026-02-03 00:44:45 ERROR dataset: Stage2 batch parse error: Unterminated string starting at: line 56 column 22 (char 15161)
2026-02-03 00:44:46 INFO dataset: Stage2 created response_id=r_000495_01
2026-02-03 00:44:46 INFO dataset: Stage2 created response_id=r_000281_01
2026-02-03 00:44:46 INFO dataset: Stage2 created response_id=r_000282_01
2026-02-03 00:44:47 INFO dataset: Stage2 created response_id=r_000283_01
2026-02-03 00:44:47 WARNING dataset: Stage2 asset download failed url=https://example.com/kyoto-shrine.jpg err=HTTP Error 404: Not Found
2026-02-03 00:44:47 WARNING dataset: Stage2 asset download failed url=https://example.com/golden-pavilion.jpg err=HTTP Error 404: Not Found
2026-02-03 00:44:47 INFO dataset: Stage2 created response_id=r_000284_01
2026-02-03 00:44:48 WARNING dataset: Stage2 asset download failed url=https://img.icons8.com/color/48/strategy.png err=HTTP Error 404: Not Found
2026-02-03 00:44:48 INFO dataset: Stage2 created response_id=r_000285_01
2026-02-03 00:44:48 INFO dataset: Stage2 created response_id=r_000286_01
2026-02-03 00:44:48 INFO dataset: Stage2 created response_id=r_000287_01
2026-02-03 00:44:48 INFO dataset: Stage2 created response_id=r_000288_01
2026-02-03 00:44:48 INFO dataset: Stage2 created response_id=r_000289_01
2026-02-03 00:44:48 INFO dataset: Stage2 created response_id=r_000290_01
2026-02-03 00:44:48 INFO dataset: Stage2 created response_id=r_000291_01
2026-02-03 00:44:49 INFO dataset: Stage2 created response_id=r_000292_01
2026-02-03 00:44:49 INFO dataset: Stage2 created response_id=r_000293_01
2026-02-03 00:44:49 ERROR dataset: Stage2 batch parse error: Unterminated string starting at: line 1 column 15588 (char 15587)
2026-02-03 00:44:50 WARNING dataset: Stage2 asset download failed url=https://img.icons8.com/color/48/london-bridge.png err=HTTP Error 404: Not Found
2026-02-03 00:44:51 WARNING dataset: Stage2 asset download failed url=https://img.icons8.com/color/48/madrid.png err=HTTP Error 404: Not Found
2026-02-03 00:44:51 INFO dataset: Stage2 created response_id=r_000361_01
2026-02-03 00:44:51 INFO dataset: Stage2 created response_id=r_000362_01
2026-02-03 00:44:52 INFO dataset: Stage2 created response_id=r_000363_01
2026-02-03 00:44:53 WARNING dataset: Stage2 asset download failed url=https://img.icons8.com/color/48/berlin-cathedral.png err=HTTP Error 404: Not Found
2026-02-03 00:44:53 INFO dataset: Stage2 created response_id=r_000364_01
2026-02-03 00:44:53 INFO dataset: Stage2 created response_id=r_000365_01
2026-02-03 00:44:53 WARNING dataset: Stage2 asset download failed url=https://img.icons8.com/color/48/pharmacy.png err=HTTP Error 404: Not Found
2026-02-03 00:44:53 INFO dataset: Stage2 created response_id=r_000366_01
2026-02-03 00:44:53 INFO dataset: Stage2 created response_id=r_000367_01
2026-02-03 00:44:54 INFO dataset: Stage2 created response_id=r_000368_01
2026-02-03 00:44:54 INFO dataset: Stage2 created response_id=r_000369_01
2026-02-03 00:44:54 INFO dataset: Stage2 created response_id=r_000370_01
2026-02-03 00:44:54 INFO dataset: Stage2 created response_id=r_000371_01
2026-02-03 00:44:54 WARNING dataset: Stage2 asset download failed url=https://images.unsplash.com/photo-1585121234664-a89276705852 err=HTTP Error 404: Not Found
2026-02-03 00:44:54 INFO dataset: Stage2 created response_id=r_000372_01
2026-02-03 00:44:55 WARNING dataset: Stage2 asset download failed url=https://img.icons8.com/color/48/thailand-baht.png err=HTTP Error 404: Not Found
2026-02-03 00:44:55 INFO dataset: Stage2 created response_id=r_000373_01
2026-02-03 00:44:56 INFO dataset: Stage2 created response_id=r_000374_01
2026-02-03 00:44:56 INFO dataset: Stage2 created response_id=r_000375_01
2026-02-03 00:44:57 INFO dataset: Stage2 created response_id=r_000376_01
2026-02-03 00:44:57 WARNING dataset: Stage2 asset download failed url=https://img.icons8.com/color/48/coffee-beans.png err=HTTP Error 404: Not Found
2026-02-03 00:44:57 INFO dataset: Stage2 created response_id=r_000377_01
2026-02-03 00:44:58 INFO dataset: Stage2 created response_id=r_000378_01
2026-02-03 00:44:58 INFO dataset: Stage2 created response_id=r_000379_01
2026-02-03 00:44:58 WARNING dataset: Stage2 asset download failed url=https://img.icons8.com/color/48/skyscraper.png err=HTTP Error 404: Not Found
2026-02-03 00:44:59 INFO dataset: Stage2 created response_id=r_000380_01
2026-02-03 00:45:44 ERROR dataset: Stage2 batch parse error: Unterminated string starting at: line 1 column 19589 (char 19588)
2026-02-03 00:45:44 INFO dataset: Stage2 created response_id=r_000441_01
2026-02-03 00:45:44 INFO dataset: Stage2 created response_id=r_000442_01
2026-02-03 00:45:44 INFO dataset: Stage2 created response_id=r_000443_01
2026-02-03 00:45:44 INFO dataset: Stage2 created response_id=r_000444_01
2026-02-03 00:45:44 INFO dataset: Stage2 created response_id=r_000445_01
2026-02-03 00:45:44 INFO dataset: Stage2 created response_id=r_000446_01
2026-02-03 00:45:44 INFO dataset: Stage2 created response_id=r_000447_01
2026-02-03 00:45:44 INFO dataset: Stage2 created response_id=r_000448_01
2026-02-03 00:45:44 INFO dataset: Stage2 created response_id=r_000449_01
2026-02-03 00:45:44 INFO dataset: Stage2 created response_id=r_000450_01
2026-02-03 00:45:44 INFO dataset: Stage2 created response_id=r_000451_01
2026-02-03 00:45:50 ERROR dataset: Stage2 batch parse error: Unterminated string starting at: line 56 column 22 (char 20870)
2026-02-03 00:45:50 WARNING dataset: Stage2 asset download failed url=https://example.com/images/bolognese_texture.jpg err=HTTP Error 404: Not Found
2026-02-03 00:45:50 INFO dataset: Stage2 created response_id=r_000321_01
2026-02-03 00:45:50 WARNING dataset: Stage2 asset download failed url=https://example.com/keto_shopping_list.pdf err=HTTP Error 404: Not Found
2026-02-03 00:45:50 WARNING dataset: Stage2 asset download failed url=https://example.com/icons/keto_badge.png err=HTTP Error 404: Not Found
2026-02-03 00:45:50 WARNING dataset: Stage2 asset download failed url=https://example.com/icons/clock_fast.png err=HTTP Error 404: Not Found
2026-02-03 00:45:50 INFO dataset: Stage2 created response_id=r_000322_01
2026-02-03 00:45:50 WARNING dataset: Stage2 asset download failed url=https://example.com/images/gf_muffins.jpg err=HTTP Error 404: Not Found
2026-02-03 00:45:50 INFO dataset: Stage2 created response_id=r_000323_01
2026-02-03 00:45:50 WARNING dataset: Stage2 asset download failed url=https://example.com/icons/vegan_leaf.png err=HTTP Error 404: Not Found
2026-02-03 00:45:50 WARNING dataset: Stage2 asset download failed url=https://example.com/icons/timer_30.png err=HTTP Error 404: Not Found
2026-02-03 00:45:50 INFO dataset: Stage2 created response_id=r_000324_01
2026-02-03 00:45:50 INFO dataset: Stage2 created response_id=r_000325_01
2026-02-03 00:45:51 WARNING dataset: Stage2 asset download failed url=https://example.com/icons/heart.png err=HTTP Error 404: Not Found
2026-02-03 00:45:51 WARNING dataset: Stage2 asset download failed url=https://example.com/icons/salt_free.png err=HTTP Error 404: Not Found
2026-02-03 00:45:51 INFO dataset: Stage2 created response_id=r_000326_01
2026-02-03 00:45:51 WARNING dataset: Stage2 asset download failed url=https://example.com/images/kids_bento.jpg err=HTTP Error 404: Not Found
2026-02-03 00:45:51 INFO dataset: Stage2 created response_id=r_000327_01
2026-02-03 00:45:51 WARNING dataset: Stage2 asset download failed url=https://example.com/icons/crockpot.png err=HTTP Error 404: Not Found
2026-02-03 00:45:51 WARNING dataset: Stage2 asset download failed url=https://example.com/icons/beef.png err=HTTP Error 404: Not Found
2026-02-03 00:45:51 INFO dataset: Stage2 created response_id=r_000328_01
2026-02-03 00:45:51 INFO dataset: Stage2 created response_id=r_000329_01
2026-02-03 00:45:51 INFO dataset: Stage2 created response_id=r_000330_01
2026-02-03 00:45:51 WARNING dataset: Stage2 asset download failed url=https://example.com/icons/fire.png err=HTTP Error 404: Not Found
2026-02-03 00:45:51 WARNING dataset: Stage2 asset download failed url=https://example.com/icons/timer.png err=HTTP Error 404: Not Found
2026-02-03 00:45:51 INFO dataset: Stage2 created response_id=r_000331_01
2026-02-03 00:45:51 INFO dataset: Stage2 created response_id=r_000332_01
2026-02-03 00:45:51 WARNING dataset: Stage2 asset download failed url=https://example.com/icons/turkey_free.png err=HTTP Error 404: Not Found
2026-02-03 00:45:51 WARNING dataset: Stage2 asset download failed url=https://example.com/icons/vegan.png err=HTTP Error 404: Not Found
2026-02-03 00:45:51 INFO dataset: Stage2 created response_id=r_000333_01
2026-02-03 00:45:53 ERROR dataset: Stage2 batch parse error: Unterminated string starting at: line 84 column 22 (char 27013)
2026-02-03 00:45:54 WARNING dataset: Stage2 asset download failed url=https://www.macrotrends.net/2324/sp-500-historical-chart-data err=HTTP Error 403: Forbidden
2026-02-03 00:45:54 WARNING dataset: Stage2 asset download failed url=https://www.gold.org/goldhub/data/gold-prices err=HTTP Error 403: Forbidden
2026-02-03 00:45:54 WARNING dataset: Stage2 asset download failed url=https://www.investopedia.com/articles/investing/100914/gold-vs-stocks-which-better-investment.asp err=HTTP Error 460: 
2026-02-03 00:45:54 WARNING dataset: Stage2 asset download failed url=https://www.slickcharts.com/sp500/returns err=HTTP Error 403: Forbidden
2026-02-03 00:45:54 INFO dataset: Stage2 created response_id=r_000521_01
2026-02-03 00:45:55 WARNING dataset: Stage2 asset download failed url=https://www.allrecipes.com/recipes/17561/fruits-and-vegetables/vegetables/greens/ err=HTTP Error 460: 
2026-02-03 00:45:58 WARNING dataset: Stage2 asset download failed url=https://www.bones.nih.gov/health-info/bone/bone-health/nutrition/calcium-and-vitamin-d-important-every-age err=<urlopen error [Errno 11001] getaddrinfo failed>
2026-02-03 00:45:58 INFO dataset: Stage2 created response_id=r_000522_01
2026-02-03 00:45:59 WARNING dataset: Stage2 asset download failed url=https://www.smartsheet.com/free-sales-report-templates err=HTTP Error 404: Not Found
2026-02-03 00:45:59 INFO dataset: Stage2 created response_id=r_000523_01
2026-02-03 00:46:00 WARNING dataset: Stage2 asset download failed url=https://www.amshq.org/ err=HTTP Error 403: Forbidden
2026-02-03 00:46:00 WARNING dataset: Stage2 asset download failed url=https://www.waldorfeducation.org/ err=HTTP Error 403: Forbidden
2026-02-03 00:46:00 INFO dataset: Stage2 created response_id=r_000524_01
2026-02-03 00:46:04 ERROR dataset: Stage2 batch parse error: Unterminated string starting at: line 72 column 22 (char 20451)
2026-02-03 00:46:04 INFO dataset: Stage2 created response_id=r_000401_01
2026-02-03 00:46:04 INFO dataset: Stage2 created response_id=r_000402_01
2026-02-03 00:46:04 INFO dataset: Stage2 created response_id=r_000403_01
2026-02-03 00:46:04 WARNING dataset: Stage2 asset download failed url=https://www.itu.int/en/ITU-T/cities/Pages/15-minute-city.aspx err=HTTP Error 404: Not Found
2026-02-03 00:46:04 INFO dataset: Stage2 created response_id=r_000525_01
2026-02-03 00:46:05 WARNING dataset: Stage2 asset download failed url=https://img.icons8.com/ios/50/000000/printer.png err=HTTP Error 404: Not Found
2026-02-03 00:46:05 INFO dataset: Stage2 created response_id=r_000404_01
2026-02-03 00:46:05 WARNING dataset: Stage2 asset download failed url=https://www.iea.org/reports/global-ev-outlook-2023 err=HTTP Error 403: Forbidden
2026-02-03 00:46:06 WARNING dataset: Stage2 asset download failed url=https://img.icons8.com/ios/50/000000/wi-fi.png err=HTTP Error 404: Not Found
2026-02-03 00:46:06 INFO dataset: Stage2 created response_id=r_000405_01
2026-02-03 00:46:06 INFO dataset: Stage2 created response_id=r_000406_01
2026-02-03 00:46:06 WARNING dataset: Stage2 asset download failed url=https://www.epa.gov/greenvehicles/electric-vehicle-myths err=<urlopen error [WinError 10054] An existing connection was forcibly closed by the remote host>
2026-02-03 00:46:06 INFO dataset: Stage2 created response_id=r_000526_01
2026-02-03 00:46:07 INFO dataset: Stage2 created response_id=r_000407_01
2026-02-03 00:46:07 INFO dataset: Stage2 created response_id=r_000408_01
2026-02-03 00:46:07 INFO dataset: Stage2 created response_id=r_000409_01
2026-02-03 00:46:07 WARNING dataset: Stage2 asset download failed url=https://www.hubspot.com/pricing/crm err=HTTP Error 403: Forbidden
2026-02-03 00:46:08 WARNING dataset: Stage2 asset download failed url=https://img.icons8.com/ios/50/000000/smart-home.png err=HTTP Error 404: Not Found
2026-02-03 00:46:08 INFO dataset: Stage2 created response_id=r_000410_01
2026-02-03 00:46:08 INFO dataset: Stage2 created response_id=r_000411_01
2026-02-03 00:46:08 WARNING dataset: Stage2 asset download failed url=https://www.g2.com/categories/crm err=HTTP Error 403: Forbidden
2026-02-03 00:46:08 INFO dataset: Stage2 created response_id=r_000527_01
2026-02-03 00:46:09 INFO dataset: Stage2 created response_id=r_000412_01
2026-02-03 00:46:09 INFO dataset: Stage2 created response_id=r_000413_01
2026-02-03 00:46:09 INFO dataset: Stage2 created response_id=r_000414_01
2026-02-03 00:46:09 INFO dataset: Stage2 created response_id=r_000415_01
2026-02-03 00:46:09 INFO dataset: Stage2 created response_id=r_000416_01
2026-02-03 00:46:09 INFO dataset: Stage2 created response_id=r_000417_01
2026-02-03 00:46:10 WARNING dataset: Stage2 asset download failed url=https://www.visitqatar.qa/en/plan-your-trip/travel-essentials err=HTTP Error 404: Not Found
2026-02-03 00:46:11 WARNING dataset: Stage2 asset download failed url=https://www.bloomberg.com/news/articles/2022-11-18/qatar-s-200-billion-dash-to-the-world-cup-final err=HTTP Error 403: Forbidden
2026-02-03 00:46:11 INFO dataset: Stage2 created response_id=r_000528_01
2026-02-03 00:46:11 INFO dataset: Stage2 created response_id=r_000529_01
2026-02-03 00:46:13 INFO dataset: Stage2 created response_id=r_000530_01
2026-02-03 00:46:18 WARNING dataset: Stage2 asset download failed url=https://www.iapp.org/ err=HTTP Error 403: Forbidden
2026-02-03 00:46:18 INFO dataset: Stage2 created response_id=r_000531_01
2026-02-03 00:46:23 WARNING dataset: Stage2 asset download failed url=https://francescocirillo.com/products/the-pomodoro-technique err=HTTP Error 404: Not Found
2026-02-03 00:46:23 WARNING dataset: Stage2 asset download failed url=https://calnewport.com/blog/ err=HTTP Error 403: Forbidden
2026-02-03 00:46:23 INFO dataset: Stage2 created response_id=r_000532_01
2026-02-03 00:46:24 INFO dataset: Stage2 created response_id=r_000533_01
2026-02-03 00:46:24 WARNING dataset: Stage2 asset download failed url=https://www.shopify.com/blog/dtc-trends err=HTTP Error 403: Forbidden
2026-02-03 00:46:25 WARNING dataset: Stage2 asset download failed url=https://hbr.org/2020/03/the-dtc-playbook err=HTTP Error 404: Not Found
2026-02-03 00:46:25 INFO dataset: Stage2 created response_id=r_000534_01
2026-02-03 00:46:30 WARNING dataset: Stage2 asset download failed url=https://www.unwater.org/ err=HTTP Error 403: Forbidden
2026-02-03 00:46:30 INFO dataset: Stage2 created response_id=r_000535_01
2026-02-03 00:46:30 INFO dataset: Stage2 created response_id=r_000536_01
2026-02-03 00:46:33 INFO dataset: Stage2 created response_id=r_000537_01
2026-02-03 00:46:35 WARNING dataset: Stage2 asset download failed url=https://www.irena.org/publications/2023/Jul/Renewable-power-generation-costs-in-2022 err=HTTP Error 403: Forbidden
2026-02-03 00:46:35 WARNING dataset: Stage2 asset download failed url=https://www.iea.org/reports/world-energy-outlook-2023 err=HTTP Error 403: Forbidden
2026-02-03 00:46:35 INFO dataset: Stage2 created response_id=r_000538_01
2026-02-03 00:46:44 ERROR dataset: Stage2 batch parse error: Unterminated string starting at: line 64 column 22 (char 17000)
2026-02-03 00:46:45 WARNING dataset: Stage2 asset download failed url=https://img.icons8.com/ios/50/000000/strategy.png err=HTTP Error 404: Not Found
2026-02-03 00:46:45 INFO dataset: Stage2 created response_id=r_000481_01
2026-02-03 00:46:46 WARNING dataset: Stage2 asset download failed url=https://example.com/austin-festival-image.jpg err=HTTP Error 404: Not Found
2026-02-03 00:46:46 INFO dataset: Stage2 created response_id=r_000482_01
2026-02-03 00:46:46 INFO dataset: Stage2 created response_id=r_000483_01
2026-02-03 00:46:46 WARNING dataset: Stage2 asset download failed url=https://example.com/florence-wedding-view.jpg err=HTTP Error 404: Not Found
2026-02-03 00:46:46 INFO dataset: Stage2 created response_id=r_000484_01
2026-02-03 00:46:48 WARNING dataset: Stage2 asset download failed url=https://img.icons8.com/ios/50/000000/stationary-bike.png err=HTTP Error 404: Not Found
2026-02-03 00:46:48 INFO dataset: Stage2 created response_id=r_000485_01
2026-02-03 00:46:48 INFO dataset: Stage2 created response_id=r_000486_01
2026-02-03 00:46:49 WARNING dataset: Stage2 asset download failed url=https://img.icons8.com/ios/50/000000/soccer-ball.png err=HTTP Error 404: Not Found
2026-02-03 00:46:49 INFO dataset: Stage2 created response_id=r_000487_01
2026-02-03 00:46:49 INFO dataset: Stage2 created response_id=r_000488_01
2026-02-03 00:46:50 WARNING dataset: Stage2 asset download failed url=https://img.icons8.com/ios/50/000000/game-controller.png err=HTTP Error 404: Not Found
2026-02-03 00:46:50 INFO dataset: Stage2 created response_id=r_000489_01
2026-02-03 00:46:51 WARNING dataset: Stage2 asset download failed url=https://example.com/napa-cooking-image.jpg err=HTTP Error 404: Not Found
2026-02-03 00:46:51 INFO dataset: Stage2 created response_id=r_000490_01
2026-02-03 00:46:51 INFO dataset: Stage2 created response_id=r_000491_01
2026-02-03 00:46:51 INFO dataset: Stage2 created response_id=r_000492_01
2026-02-03 00:46:51 WARNING dataset: Stage2 asset download failed url=https://example.com/fushimi-inari.jpg err=HTTP Error 404: Not Found
2026-02-03 00:46:51 WARNING dataset: Stage2 asset download failed url=https://example.com/arashiyama.jpg err=HTTP Error 404: Not Found
2026-02-03 00:46:51 INFO dataset: Stage2 created response_id=r_000493_01
2026-02-03 00:46:51 INFO dataset: Stage2 created response_id=r_000494_01
2026-02-03 00:46:52 INFO dataset: Stage2 created response_id=r_000495_01
2026-02-03 00:46:56 ERROR dataset: Stage2 batch parse error: Unterminated string starting at: line 1 column 15588 (char 15587)
2026-02-03 00:46:56 WARNING dataset: Stage2 asset download failed url=https://img.icons8.com/color/48/london-bridge.png err=HTTP Error 404: Not Found
2026-02-03 00:46:57 WARNING dataset: Stage2 asset download failed url=https://img.icons8.com/color/48/madrid.png err=HTTP Error 404: Not Found
2026-02-03 00:46:57 INFO dataset: Stage2 created response_id=r_000361_01
2026-02-03 00:46:57 INFO dataset: Stage2 created response_id=r_000362_01
2026-02-03 00:46:57 INFO dataset: Stage2 created response_id=r_000363_01
2026-02-03 00:46:58 WARNING dataset: Stage2 asset download failed url=https://img.icons8.com/color/48/berlin-cathedral.png err=HTTP Error 404: Not Found
2026-02-03 00:46:58 INFO dataset: Stage2 created response_id=r_000364_01
2026-02-03 00:46:58 INFO dataset: Stage2 created response_id=r_000365_01
2026-02-03 00:46:59 WARNING dataset: Stage2 asset download failed url=https://img.icons8.com/color/48/pharmacy.png err=HTTP Error 404: Not Found
2026-02-03 00:46:59 INFO dataset: Stage2 created response_id=r_000366_01
2026-02-03 00:46:59 INFO dataset: Stage2 created response_id=r_000367_01
2026-02-03 00:47:00 INFO dataset: Stage2 created response_id=r_000368_01
2026-02-03 00:47:00 INFO dataset: Stage2 created response_id=r_000369_01
2026-02-03 00:47:00 INFO dataset: Stage2 created response_id=r_000370_01
2026-02-03 00:47:02 INFO dataset: Stage2 created response_id=r_000371_01
2026-02-03 00:47:03 WARNING dataset: Stage2 asset download failed url=https://images.unsplash.com/photo-1585121234664-a89276705852 err=HTTP Error 404: Not Found
2026-02-03 00:47:03 INFO dataset: Stage2 created response_id=r_000372_01
2026-02-03 00:47:04 WARNING dataset: Stage2 asset download failed url=https://img.icons8.com/color/48/thailand-baht.png err=HTTP Error 404: Not Found
2026-02-03 00:47:04 INFO dataset: Stage2 created response_id=r_000373_01
2026-02-03 00:47:04 INFO dataset: Stage2 created response_id=r_000374_01
2026-02-03 00:47:05 INFO dataset: Stage2 created response_id=r_000375_01
2026-02-03 00:47:05 INFO dataset: Stage2 created response_id=r_000376_01
2026-02-03 00:47:05 WARNING dataset: Stage2 asset download failed url=https://www.nba.com/stats/teams/shooting err=The read operation timed out
2026-02-03 00:47:06 WARNING dataset: Stage2 asset download failed url=https://img.icons8.com/color/48/coffee-beans.png err=HTTP Error 404: Not Found
2026-02-03 00:47:06 INFO dataset: Stage2 created response_id=r_000377_01
2026-02-03 00:47:06 INFO dataset: Stage2 created response_id=r_000539_01
2026-02-03 00:47:06 INFO dataset: Stage2 created response_id=r_000378_01
2026-02-03 00:47:06 INFO dataset: Stage2 created response_id=r_000379_01
2026-02-03 00:47:07 WARNING dataset: Stage2 asset download failed url=https://www.psychologytoday.com/us/therapists err=HTTP Error 403: Forbidden
2026-02-03 00:47:07 WARNING dataset: Stage2 asset download failed url=https://img.icons8.com/color/48/skyscraper.png err=HTTP Error 404: Not Found
2026-02-03 00:47:07 INFO dataset: Stage2 created response_id=r_000380_01
2026-02-03 00:47:07 WARNING dataset: Stage2 asset download failed url=https://www.nami.org/About-Mental-Illness/Treatments/Psychotherapy err=HTTP Error 403: Forbidden
2026-02-03 00:47:08 WARNING dataset: Stage2 asset download failed url=https://behavioraltech.org/resources/faqs/about-dbt/ err=HTTP Error 403: Forbidden
2026-02-03 00:47:08 INFO dataset: Stage2 created response_id=r_000540_01
2026-02-03 00:47:15 ERROR dataset: Stage2 batch parse error: Unterminated string starting at: line 1 column 19589 (char 19588)
2026-02-03 00:47:15 INFO dataset: Stage2 created response_id=r_000441_01
2026-02-03 00:47:15 INFO dataset: Stage2 created response_id=r_000442_01
2026-02-03 00:47:15 INFO dataset: Stage2 created response_id=r_000443_01
2026-02-03 00:47:15 INFO dataset: Stage2 created response_id=r_000444_01
2026-02-03 00:47:15 INFO dataset: Stage2 created response_id=r_000445_01
2026-02-03 00:47:15 INFO dataset: Stage2 created response_id=r_000446_01
2026-02-03 00:47:15 INFO dataset: Stage2 created response_id=r_000447_01
2026-02-03 00:47:17 INFO dataset: Stage2 created response_id=r_000448_01
2026-02-03 00:47:17 INFO dataset: Stage2 created response_id=r_000449_01
2026-02-03 00:47:17 INFO dataset: Stage2 created response_id=r_000450_01
2026-02-03 00:47:17 INFO dataset: Stage2 created response_id=r_000451_01
2026-02-03 00:47:49 INFO dataset: Stage2 created response_id=r_000140_01
2026-02-03 00:48:00 ERROR dataset: Stage2 batch parse error: Unterminated string starting at: line 84 column 22 (char 27013)
2026-02-03 00:48:00 INFO dataset: Stage2 created response_id=r_000521_01
2026-02-03 00:48:00 INFO dataset: Stage2 created response_id=r_000522_01
2026-02-03 00:48:00 INFO dataset: Stage2 created response_id=r_000523_01
2026-02-03 00:48:00 INFO dataset: Stage2 created response_id=r_000524_01
2026-02-03 00:48:00 INFO dataset: Stage2 created response_id=r_000525_01
2026-02-03 00:48:01 INFO dataset: Stage2 created response_id=r_000526_01
2026-02-03 00:48:01 INFO dataset: Stage2 created response_id=r_000527_01
2026-02-03 00:48:01 INFO dataset: Stage2 created response_id=r_000528_01
2026-02-03 00:48:01 INFO dataset: Stage2 created response_id=r_000529_01
2026-02-03 00:48:01 INFO dataset: Stage2 created response_id=r_000530_01
2026-02-03 00:48:01 INFO dataset: Stage2 created response_id=r_000531_01
2026-02-03 00:48:01 INFO dataset: Stage2 created response_id=r_000532_01
2026-02-03 00:48:02 INFO dataset: Stage2 created response_id=r_000533_01
2026-02-03 00:48:02 INFO dataset: Stage2 created response_id=r_000534_01
2026-02-03 00:48:02 INFO dataset: Stage2 created response_id=r_000535_01
2026-02-03 00:48:02 INFO dataset: Stage2 created response_id=r_000536_01
2026-02-03 00:48:02 INFO dataset: Stage2 created response_id=r_000537_01
2026-02-03 00:48:02 INFO dataset: Stage2 created response_id=r_000538_01
2026-02-03 00:48:02 INFO dataset: Stage2 created response_id=r_000539_01
2026-02-03 00:48:02 INFO dataset: Stage2 created response_id=r_000540_01
2026-02-03 00:48:14 ERROR dataset: Stage2 batch parse error: Unterminated string starting at: line 64 column 22 (char 16965)
2026-02-03 00:48:14 WARNING dataset: Stage2 asset download failed url=https://www.allrecipes.com/search?q=quinoa err=HTTP Error 460: 
2026-02-03 00:48:14 WARNING dataset: Stage2 asset download failed url=https://www.allrecipes.com/search?q=brown+rice err=HTTP Error 460: 
2026-02-03 00:48:14 INFO dataset: Stage2 created response_id=r_000561_01
2026-02-03 00:48:15 WARNING dataset: Stage2 asset download failed url=https://img.icons8.com/color/48/credit-card.png err=HTTP Error 404: Not Found
2026-02-03 00:48:15 INFO dataset: Stage2 created response_id=r_000562_01
2026-02-03 00:48:16 WARNING dataset: Stage2 asset download failed url=https://img.icons8.com/color/48/electric-car.png err=HTTP Error 404: Not Found
2026-02-03 00:48:17 WARNING dataset: Stage2 asset download failed url=https://img.icons8.com/color/48/charging-station.png err=HTTP Error 404: Not Found
2026-02-03 00:48:17 ERROR dataset: Stage2 batch parse error: Unterminated string starting at: line 64 column 22 (char 17000)
2026-02-03 00:48:17 ERROR dataset: Stage2 batch parse error: Unterminated string starting at: line 72 column 22 (char 20451)
2026-02-03 00:48:17 INFO dataset: Stage2 created response_id=r_000401_01
2026-02-03 00:48:17 INFO dataset: Stage2 created response_id=r_000402_01
2026-02-03 00:48:17 INFO dataset: Stage2 created response_id=r_000403_01
2026-02-03 00:48:17 WARNING dataset: Stage2 asset download failed url=https://www.tesla.com/model3/design err=HTTP Error 403: Forbidden
2026-02-03 00:48:18 WARNING dataset: Stage2 asset download failed url=https://img.icons8.com/ios/50/000000/strategy.png err=HTTP Error 404: Not Found
2026-02-03 00:48:18 WARNING dataset: Stage2 asset download failed url=https://img.icons8.com/ios/50/000000/printer.png err=HTTP Error 404: Not Found
2026-02-03 00:48:18 INFO dataset: Stage2 created response_id=r_000404_01
2026-02-03 00:48:19 INFO dataset: Stage2 created response_id=r_000481_01
2026-02-03 00:48:19 WARNING dataset: Stage2 asset download failed url=https://example.com/austin-festival-image.jpg err=HTTP Error 404: Not Found
2026-02-03 00:48:19 INFO dataset: Stage2 created response_id=r_000482_01
2026-02-03 00:48:19 WARNING dataset: Stage2 asset download failed url=https://img.icons8.com/ios/50/000000/wi-fi.png err=HTTP Error 404: Not Found
2026-02-03 00:48:19 INFO dataset: Stage2 created response_id=r_000405_01
2026-02-03 00:48:19 INFO dataset: Stage2 created response_id=r_000406_01
2026-02-03 00:48:20 INFO dataset: Stage2 created response_id=r_000407_01
2026-02-03 00:48:20 INFO dataset: Stage2 created response_id=r_000408_01
2026-02-03 00:48:20 INFO dataset: Stage2 created response_id=r_000409_01
2026-02-03 00:48:20 INFO dataset: Stage2 created response_id=r_000563_01
2026-02-03 00:48:20 WARNING dataset: Stage2 asset download failed url=https://example.com/kyoto-october.jpg err=HTTP Error 404: Not Found
2026-02-03 00:48:20 INFO dataset: Stage2 created response_id=r_000483_01
2026-02-03 00:48:20 WARNING dataset: Stage2 asset download failed url=https://example.com/florence-october.jpg err=HTTP Error 404: Not Found
2026-02-03 00:48:20 WARNING dataset: Stage2 asset download failed url=https://example.com/florence-wedding-view.jpg err=HTTP Error 404: Not Found
2026-02-03 00:48:20 INFO dataset: Stage2 created response_id=r_000484_01
2026-02-03 00:48:20 INFO dataset: Stage2 created response_id=r_000564_01
2026-02-03 00:48:20 WARNING dataset: Stage2 asset download failed url=https://img.icons8.com/ios/50/000000/smart-home.png err=HTTP Error 404: Not Found
2026-02-03 00:48:20 INFO dataset: Stage2 created response_id=r_000410_01
2026-02-03 00:48:20 INFO dataset: Stage2 created response_id=r_000411_01
2026-02-03 00:48:21 INFO dataset: Stage2 created response_id=r_000412_01
2026-02-03 00:48:21 INFO dataset: Stage2 created response_id=r_000413_01
2026-02-03 00:48:21 INFO dataset: Stage2 created response_id=r_000414_01
2026-02-03 00:48:21 INFO dataset: Stage2 created response_id=r_000415_01
2026-02-03 00:48:21 INFO dataset: Stage2 created response_id=r_000416_01
2026-02-03 00:48:21 WARNING dataset: Stage2 asset download failed url=https://img.icons8.com/color/48/fitness.png err=HTTP Error 404: Not Found
2026-02-03 00:48:21 WARNING dataset: Stage2 asset download failed url=https://img.icons8.com/ios/50/000000/stationary-bike.png err=HTTP Error 404: Not Found
2026-02-03 00:48:21 INFO dataset: Stage2 created response_id=r_000485_01
2026-02-03 00:48:21 INFO dataset: Stage2 created response_id=r_000417_01
2026-02-03 00:48:22 INFO dataset: Stage2 created response_id=r_000486_01
2026-02-03 00:48:22 WARNING dataset: Stage2 asset download failed url=https://www.garmin.com/en-US/c/wearables-smartwatches/ err=HTTP Error 403: Forbidden
2026-02-03 00:48:23 WARNING dataset: Stage2 asset download failed url=https://img.icons8.com/ios/50/000000/soccer-ball.png err=HTTP Error 404: Not Found
2026-02-03 00:48:23 INFO dataset: Stage2 created response_id=r_000487_01
2026-02-03 00:48:23 INFO dataset: Stage2 created response_id=r_000488_01
2026-02-03 00:48:24 WARNING dataset: Stage2 asset download failed url=https://img.icons8.com/ios/50/000000/game-controller.png err=HTTP Error 404: Not Found
2026-02-03 00:48:24 INFO dataset: Stage2 created response_id=r_000565_01
2026-02-03 00:48:24 INFO dataset: Stage2 created response_id=r_000489_01
2026-02-03 00:48:24 WARNING dataset: Stage2 asset download failed url=https://example.com/napa-cooking-image.jpg err=HTTP Error 404: Not Found
2026-02-03 00:48:24 INFO dataset: Stage2 created response_id=r_000490_01
2026-02-03 00:48:24 INFO dataset: Stage2 created response_id=r_000566_01
2026-02-03 00:48:24 INFO dataset: Stage2 created response_id=r_000491_01
2026-02-03 00:48:25 INFO dataset: Stage2 created response_id=r_000492_01
2026-02-03 00:48:25 WARNING dataset: Stage2 asset download failed url=https://example.com/fushimi-inari.jpg err=HTTP Error 404: Not Found
2026-02-03 00:48:25 WARNING dataset: Stage2 asset download failed url=https://example.com/arashiyama.jpg err=HTTP Error 404: Not Found
2026-02-03 00:48:25 INFO dataset: Stage2 created response_id=r_000493_01
2026-02-03 00:48:25 INFO dataset: Stage2 created response_id=r_000494_01
2026-02-03 00:48:25 WARNING dataset: Stage2 asset download failed url=https://img.icons8.com/color/48/job-seeker.png err=HTTP Error 404: Not Found
2026-02-03 00:48:25 INFO dataset: Stage2 created response_id=r_000567_01
2026-02-03 00:48:26 INFO dataset: Stage2 created response_id=r_000568_01
2026-02-03 00:48:26 INFO dataset: Stage2 created response_id=r_000569_01
2026-02-03 00:48:26 INFO dataset: Stage2 created response_id=r_000495_01
2026-02-03 00:48:27 WARNING dataset: Stage2 asset download failed url=https://img.icons8.com/color/48/cloud-computing.png err=HTTP Error 404: Not Found
2026-02-03 00:48:27 INFO dataset: Stage2 created response_id=r_000570_01
2026-02-03 00:48:28 WARNING dataset: Stage2 asset download failed url=https://img.icons8.com/color/48/child.png err=HTTP Error 404: Not Found
2026-02-03 00:48:28 INFO dataset: Stage2 created response_id=r_000571_01
2026-02-03 00:48:28 INFO dataset: Stage2 created response_id=r_000572_01
2026-02-03 00:48:29 WARNING dataset: Stage2 asset download failed url=https://actix.rs/ err=HTTP Error 403: Forbidden
2026-02-03 00:48:29 WARNING dataset: Stage2 asset download failed url=https://fastapi.tiangolo.com/ err=HTTP Error 403: Forbidden
2026-02-03 00:48:29 INFO dataset: Stage2 created response_id=r_000573_01
2026-02-03 00:48:29 INFO dataset: Stage2 created response_id=r_000574_01
2026-02-03 00:48:30 WARNING dataset: Stage2 asset download failed url=https://img.icons8.com/color/48/hotel.png err=HTTP Error 404: Not Found
2026-02-03 00:48:32 WARNING dataset: Stage2 asset download failed url=https://www.ratp.fr/en/plans-lignes err=HTTP Error 403: Forbidden
2026-02-03 00:48:32 INFO dataset: Stage2 created response_id=r_000575_01
2026-02-03 00:48:51 ERROR dataset: Stage2 batch parse error: Unterminated string starting at: line 64 column 22 (char 22522)
2026-02-03 00:48:51 INFO dataset: Stage2 created response_id=r_000179_01
2026-02-03 00:48:52 INFO dataset: Stage2 created response_id=r_000180_01
2026-02-03 00:48:53 INFO dataset: Stage2 created response_id=r_000181_01
2026-02-03 00:48:54 INFO dataset: Stage2 created response_id=r_000182_01
2026-02-03 00:48:54 WARNING dataset: Stage2 asset download failed url=https://img.icons8.com/color/48/000000/fire.png err=HTTP Error 404: Not Found
2026-02-03 00:48:54 INFO dataset: Stage2 created response_id=r_000183_01
2026-02-03 00:48:55 WARNING dataset: Stage2 asset download failed url=https://img.icons8.com/color/48/000000/space-needle.png err=HTTP Error 404: Not Found
2026-02-03 00:48:56 WARNING dataset: Stage2 asset download failed url=https://img.icons8.com/color/48/000000/hibiscus.png err=HTTP Error 404: Not Found
2026-02-03 00:48:56 INFO dataset: Stage2 created response_id=r_000184_01
2026-02-03 00:48:57 WARNING dataset: Stage2 asset download failed url=https://images.unsplash.com/photo-1499856126358-a1c11c9c71ad err=HTTP Error 404: Not Found
2026-02-03 00:48:57 INFO dataset: Stage2 created response_id=r_000185_01
2026-02-03 00:48:58 INFO dataset: Stage2 created response_id=r_000186_01
2026-02-03 00:48:59 WARNING dataset: Stage2 asset download failed url=https://img.icons8.com/color/48/000000/frost.png err=HTTP Error 404: Not Found
2026-02-03 00:48:59 INFO dataset: Stage2 created response_id=r_000187_01
2026-02-03 00:49:01 INFO dataset: Stage2 created response_id=r_000188_01
2026-02-03 00:49:01 INFO dataset: Stage2 created response_id=r_000189_01
2026-02-03 00:49:01 INFO dataset: Stage2 created response_id=r_000190_01
2026-02-03 00:49:02 INFO dataset: Stage2 created response_id=r_000191_01
2026-02-03 00:49:03 WARNING dataset: Stage2 asset download failed url=https://img.icons8.com/color/48/000000/mask.png err=HTTP Error 404: Not Found
2026-02-03 00:49:03 INFO dataset: Stage2 created response_id=r_000192_01
2026-02-03 00:49:05 WARNING dataset: Stage2 asset download failed url=https://img.icons8.com/color/48/000000/hot-price.png err=HTTP Error 404: Not Found
2026-02-03 00:49:05 INFO dataset: Stage2 created response_id=r_000193_01
2026-02-03 00:49:06 ERROR dataset: Stage2 batch parse error: Unterminated string starting at: line 64 column 22 (char 16965)
2026-02-03 00:49:07 INFO dataset: Stage2 created response_id=r_000561_01
2026-02-03 00:49:08 WARNING dataset: Stage2 asset download failed url=https://img.icons8.com/color/48/credit-card.png err=HTTP Error 404: Not Found
2026-02-03 00:49:08 INFO dataset: Stage2 created response_id=r_000562_01
2026-02-03 00:49:08 WARNING dataset: Stage2 asset download failed url=https://img.icons8.com/color/48/electric-car.png err=HTTP Error 404: Not Found
2026-02-03 00:49:09 WARNING dataset: Stage2 asset download failed url=https://img.icons8.com/color/48/charging-station.png err=HTTP Error 404: Not Found
2026-02-03 00:49:09 INFO dataset: Stage2 created response_id=r_000563_01
2026-02-03 00:49:09 WARNING dataset: Stage2 asset download failed url=https://example.com/kyoto-october.jpg err=HTTP Error 404: Not Found
2026-02-03 00:49:09 WARNING dataset: Stage2 asset download failed url=https://example.com/florence-october.jpg err=HTTP Error 404: Not Found
2026-02-03 00:49:09 INFO dataset: Stage2 created response_id=r_000564_01
2026-02-03 00:49:10 WARNING dataset: Stage2 asset download failed url=https://img.icons8.com/color/48/fitness.png err=HTTP Error 404: Not Found
2026-02-03 00:49:10 INFO dataset: Stage2 created response_id=r_000565_01
2026-02-03 00:49:10 INFO dataset: Stage2 created response_id=r_000566_01
2026-02-03 00:49:11 WARNING dataset: Stage2 asset download failed url=https://img.icons8.com/color/48/job-seeker.png err=HTTP Error 404: Not Found
2026-02-03 00:49:12 INFO dataset: Stage2 created response_id=r_000567_01
2026-02-03 00:49:12 INFO dataset: Stage2 created response_id=r_000568_01
2026-02-03 00:49:12 INFO dataset: Stage2 created response_id=r_000569_01
2026-02-03 00:49:13 WARNING dataset: Stage2 asset download failed url=https://img.icons8.com/color/48/cloud-computing.png err=HTTP Error 404: Not Found
2026-02-03 00:49:13 INFO dataset: Stage2 created response_id=r_000570_01
2026-02-03 00:49:14 WARNING dataset: Stage2 asset download failed url=https://img.icons8.com/color/48/child.png err=HTTP Error 404: Not Found
2026-02-03 00:49:14 INFO dataset: Stage2 created response_id=r_000571_01
2026-02-03 00:49:14 INFO dataset: Stage2 created response_id=r_000572_01
2026-02-03 00:49:14 INFO dataset: Stage2 created response_id=r_000573_01
2026-02-03 00:49:15 INFO dataset: Stage2 created response_id=r_000574_01
2026-02-03 00:49:15 WARNING dataset: Stage2 asset download failed url=https://img.icons8.com/color/48/hotel.png err=HTTP Error 404: Not Found
2026-02-03 00:49:15 INFO dataset: Stage2 created response_id=r_000575_01
2026-02-03 00:49:29 ERROR dataset: Stage2 batch parse error: Unterminated string starting at: line 84 column 22 (char 27013)
2026-02-03 00:49:29 INFO dataset: Stage2 created response_id=r_000521_01
2026-02-03 00:49:29 INFO dataset: Stage2 created response_id=r_000522_01
2026-02-03 00:49:29 INFO dataset: Stage2 created response_id=r_000523_01
2026-02-03 00:49:29 INFO dataset: Stage2 created response_id=r_000524_01
2026-02-03 00:49:29 INFO dataset: Stage2 created response_id=r_000525_01
2026-02-03 00:49:29 ERROR dataset: Stage2 batch parse error: Unterminated string starting at: line 1 column 19589 (char 19588)
2026-02-03 00:49:29 INFO dataset: Stage2 created response_id=r_000441_01
2026-02-03 00:49:29 INFO dataset: Stage2 created response_id=r_000442_01
2026-02-03 00:49:29 INFO dataset: Stage2 created response_id=r_000443_01
2026-02-03 00:49:29 INFO dataset: Stage2 created response_id=r_000444_01
2026-02-03 00:49:29 INFO dataset: Stage2 created response_id=r_000445_01
2026-02-03 00:49:29 INFO dataset: Stage2 created response_id=r_000446_01
2026-02-03 00:49:29 INFO dataset: Stage2 created response_id=r_000447_01
2026-02-03 00:49:30 INFO dataset: Stage2 created response_id=r_000448_01
2026-02-03 00:49:30 INFO dataset: Stage2 created response_id=r_000449_01
2026-02-03 00:49:30 INFO dataset: Stage2 created response_id=r_000450_01
2026-02-03 00:49:30 INFO dataset: Stage2 created response_id=r_000451_01
2026-02-03 00:49:30 INFO dataset: Stage2 created response_id=r_000526_01
2026-02-03 00:49:30 INFO dataset: Stage2 created response_id=r_000527_01
2026-02-03 00:49:30 INFO dataset: Stage2 created response_id=r_000528_01
2026-02-03 00:49:31 INFO dataset: Stage2 created response_id=r_000529_01
2026-02-03 00:49:31 INFO dataset: Stage2 created response_id=r_000530_01
2026-02-03 00:49:31 INFO dataset: Stage2 created response_id=r_000531_01
2026-02-03 00:49:31 INFO dataset: Stage2 created response_id=r_000532_01
2026-02-03 00:49:31 INFO dataset: Stage2 created response_id=r_000533_01
2026-02-03 00:49:31 INFO dataset: Stage2 created response_id=r_000534_01
2026-02-03 00:49:31 INFO dataset: Stage2 created response_id=r_000535_01
2026-02-03 00:49:31 INFO dataset: Stage2 created response_id=r_000536_01
2026-02-03 00:49:31 INFO dataset: Stage2 created response_id=r_000537_01
2026-02-03 00:49:31 INFO dataset: Stage2 created response_id=r_000538_01
2026-02-03 00:49:31 INFO dataset: Stage2 created response_id=r_000539_01
2026-02-03 00:49:31 INFO dataset: Stage2 created response_id=r_000540_01
2026-02-03 00:49:34 ERROR dataset: Stage2 batch parse error: Unterminated string starting at: line 36 column 22 (char 5183)
2026-02-03 00:49:35 WARNING dataset: Stage2 asset download failed url=https://www.bankrate.com/mortgages/amortization-calculator/ err=HTTP Error 405: Not Allowed
2026-02-03 00:49:38 WARNING dataset: Stage2 asset download failed url=https://www.consumerfinance.gov/owning-a-home/loan-options/fixed-rate-mortgages/ err=HTTP Error 404: Not Found
2026-02-03 00:49:38 INFO dataset: Stage2 created response_id=r_000601_01
2026-02-03 00:49:40 INFO dataset: Stage2 created response_id=r_000602_01
2026-02-03 00:49:41 WARNING dataset: Stage2 asset download failed url=https://img.icons8.com/color/48/sedentary.png err=HTTP Error 404: Not Found
2026-02-03 00:49:42 INFO dataset: Stage2 created response_id=r_000603_01
2026-02-03 00:49:44 INFO dataset: Stage2 created response_id=r_000604_01
2026-02-03 00:49:44 INFO dataset: Stage2 created response_id=r_000605_01
2026-02-03 00:49:44 WARNING dataset: Stage2 asset download failed url=https://www.gasbuddy.com/ err=HTTP Error 403: Forbidden
2026-02-03 00:49:45 WARNING dataset: Stage2 asset download failed url=https://www.roadtrippers.com/ err=HTTP Error 403: Forbidden
2026-02-03 00:49:45 INFO dataset: Stage2 created response_id=r_000606_01
2026-02-03 00:49:45 INFO dataset: Stage2 created response_id=r_000607_01
2026-02-03 00:49:46 WARNING dataset: Stage2 asset download failed url=https://www.nerdwallet.com/best/banking/high-yield-savings-accounts err=HTTP Error 404: Not Found
2026-02-03 00:49:46 INFO dataset: Stage2 created response_id=r_000608_01
2026-02-03 00:50:01 ERROR dataset: Stage2 batch parse error: Unterminated string starting at: line 4 column 22 (char 55)
2026-02-03 00:50:01 WARNING dataset: Stage2 batch parse failed; splitting batch size=28
2026-02-03 00:50:14 ERROR dataset: Stage2 batch parse error: Unterminated string starting at: line 36 column 22 (char 5183)
2026-02-03 00:50:14 INFO dataset: Stage2 created response_id=r_000601_01
2026-02-03 00:50:14 INFO dataset: Stage2 created response_id=r_000602_01
2026-02-03 00:50:15 WARNING dataset: Stage2 asset download failed url=https://img.icons8.com/color/48/sedentary.png err=HTTP Error 404: Not Found
2026-02-03 00:50:15 INFO dataset: Stage2 created response_id=r_000603_01
2026-02-03 00:50:15 INFO dataset: Stage2 created response_id=r_000604_01
2026-02-03 00:50:15 INFO dataset: Stage2 created response_id=r_000605_01
2026-02-03 00:50:15 INFO dataset: Stage2 created response_id=r_000606_01
2026-02-03 00:50:15 INFO dataset: Stage2 created response_id=r_000607_01
2026-02-03 00:50:15 INFO dataset: Stage2 created response_id=r_000608_01
2026-02-03 00:50:31 ERROR dataset: Stage2 batch parse error: Unterminated string starting at: line 64 column 22 (char 17000)
2026-02-03 00:50:31 WARNING dataset: Stage2 asset download failed url=https://img.icons8.com/ios/50/000000/strategy.png err=HTTP Error 404: Not Found
2026-02-03 00:50:31 INFO dataset: Stage2 created response_id=r_000481_01
2026-02-03 00:50:32 WARNING dataset: Stage2 asset download failed url=https://example.com/austin-festival-image.jpg err=HTTP Error 404: Not Found
2026-02-03 00:50:32 INFO dataset: Stage2 created response_id=r_000482_01
2026-02-03 00:50:32 INFO dataset: Stage2 created response_id=r_000483_01
2026-02-03 00:50:32 WARNING dataset: Stage2 asset download failed url=https://example.com/florence-wedding-view.jpg err=HTTP Error 404: Not Found
2026-02-03 00:50:32 INFO dataset: Stage2 created response_id=r_000484_01
2026-02-03 00:50:33 WARNING dataset: Stage2 asset download failed url=https://img.icons8.com/ios/50/000000/stationary-bike.png err=HTTP Error 404: Not Found
2026-02-03 00:50:33 INFO dataset: Stage2 created response_id=r_000485_01
2026-02-03 00:50:34 INFO dataset: Stage2 created response_id=r_000486_01
2026-02-03 00:50:35 WARNING dataset: Stage2 asset download failed url=https://img.icons8.com/ios/50/000000/soccer-ball.png err=HTTP Error 404: Not Found
2026-02-03 00:50:35 INFO dataset: Stage2 created response_id=r_000487_01
2026-02-03 00:50:35 INFO dataset: Stage2 created response_id=r_000488_01
2026-02-03 00:50:36 WARNING dataset: Stage2 asset download failed url=https://img.icons8.com/ios/50/000000/game-controller.png err=HTTP Error 404: Not Found
2026-02-03 00:50:36 INFO dataset: Stage2 created response_id=r_000489_01
2026-02-03 00:50:36 WARNING dataset: Stage2 asset download failed url=https://example.com/napa-cooking-image.jpg err=HTTP Error 404: Not Found
2026-02-03 00:50:36 INFO dataset: Stage2 created response_id=r_000490_01
2026-02-03 00:50:36 INFO dataset: Stage2 created response_id=r_000491_01
2026-02-03 00:50:36 INFO dataset: Stage2 created response_id=r_000492_01
2026-02-03 00:50:37 WARNING dataset: Stage2 asset download failed url=https://example.com/fushimi-inari.jpg err=HTTP Error 404: Not Found
2026-02-03 00:50:37 WARNING dataset: Stage2 asset download failed url=https://example.com/arashiyama.jpg err=HTTP Error 404: Not Found
2026-02-03 00:50:37 INFO dataset: Stage2 created response_id=r_000493_01
2026-02-03 00:50:37 INFO dataset: Stage2 created response_id=r_000494_01
2026-02-03 00:50:37 INFO dataset: Stage2 created response_id=r_000495_01
2026-02-03 00:50:41 ERROR dataset: Stage2 batch parse error: Unterminated string starting at: line 64 column 22 (char 16965)
2026-02-03 00:50:42 INFO dataset: Stage2 created response_id=r_000561_01
2026-02-03 00:50:43 WARNING dataset: Stage2 asset download failed url=https://img.icons8.com/color/48/credit-card.png err=HTTP Error 404: Not Found
2026-02-03 00:50:43 INFO dataset: Stage2 created response_id=r_000562_01
2026-02-03 00:50:44 WARNING dataset: Stage2 asset download failed url=https://img.icons8.com/color/48/electric-car.png err=HTTP Error 404: Not Found
2026-02-03 00:50:45 WARNING dataset: Stage2 asset download failed url=https://img.icons8.com/color/48/charging-station.png err=HTTP Error 404: Not Found
2026-02-03 00:50:45 INFO dataset: Stage2 created response_id=r_000563_01
2026-02-03 00:50:45 WARNING dataset: Stage2 asset download failed url=https://example.com/kyoto-october.jpg err=HTTP Error 404: Not Found
2026-02-03 00:50:45 WARNING dataset: Stage2 asset download failed url=https://example.com/florence-october.jpg err=HTTP Error 404: Not Found
2026-02-03 00:50:46 INFO dataset: Stage2 created response_id=r_000564_01
2026-02-03 00:50:46 ERROR dataset: Stage2 batch parse error: Expecting property name enclosed in double quotes: line 42 column 4 (char 17787)
2026-02-03 00:50:47 WARNING dataset: Stage2 asset download failed url=https://img.icons8.com/color/48/fitness.png err=HTTP Error 404: Not Found
2026-02-03 00:50:47 INFO dataset: Stage2 created response_id=r_000565_01
2026-02-03 00:50:47 INFO dataset: Stage2 created response_id=r_000566_01
2026-02-03 00:50:48 WARNING dataset: Stage2 asset download failed url=https://img.icons8.com/color/48/job-seeker.png err=HTTP Error 404: Not Found
2026-02-03 00:50:48 INFO dataset: Stage2 created response_id=r_000567_01
2026-02-03 00:50:49 INFO dataset: Stage2 created response_id=r_000568_01
2026-02-03 00:50:49 INFO dataset: Stage2 created response_id=r_000569_01
2026-02-03 00:50:50 WARNING dataset: Stage2 asset download failed url=https://img.icons8.com/color/48/cloud-computing.png err=HTTP Error 404: Not Found
2026-02-03 00:50:50 INFO dataset: Stage2 created response_id=r_000570_01
2026-02-03 00:50:51 WARNING dataset: Stage2 asset download failed url=https://img.icons8.com/color/48/child.png err=HTTP Error 404: Not Found
2026-02-03 00:50:51 INFO dataset: Stage2 created response_id=r_000571_01
2026-02-03 00:50:51 INFO dataset: Stage2 created response_id=r_000572_01
2026-02-03 00:50:51 INFO dataset: Stage2 created response_id=r_000573_01
2026-02-03 00:50:51 INFO dataset: Stage2 created response_id=r_000574_01
2026-02-03 00:50:52 WARNING dataset: Stage2 asset download failed url=https://img.icons8.com/color/48/000000/anime.png err=HTTP Error 404: Not Found
2026-02-03 00:50:52 WARNING dataset: Stage2 asset download failed url=https://img.icons8.com/color/48/hotel.png err=HTTP Error 404: Not Found
2026-02-03 00:50:52 INFO dataset: Stage2 created response_id=r_000575_01
2026-02-03 00:50:58 INFO dataset: Stage2 created response_id=r_000641_01
2026-02-03 00:50:58 WARNING dataset: Stage2 asset download failed url=https://www.gearaid.com/blogs/learn/trekking-gear-list err=HTTP Error 404: Not Found
2026-02-03 00:50:59 WARNING dataset: Stage2 asset download failed url=https://example.com/icons/engineering.png err=HTTP Error 404: Not Found
2026-02-03 00:50:59 WARNING dataset: Stage2 asset download failed url=https://example.com/icons/sales.png err=HTTP Error 404: Not Found
2026-02-03 00:50:59 WARNING dataset: Stage2 asset download failed url=https://example.com/icons/marketing.png err=HTTP Error 404: Not Found
2026-02-03 00:50:59 WARNING dataset: Stage2 asset download failed url=https://example.com/icons/hr.png err=HTTP Error 404: Not Found
2026-02-03 00:50:59 WARNING dataset: Stage2 asset download failed url=https://www.himalayanguides.com/everest-base-camp-trek-packing-list/ err=HTTP Error 406: Not Acceptable
2026-02-03 00:51:00 WARNING dataset: Stage2 asset download failed url=https://example.com/icons/operations.png err=HTTP Error 404: Not Found
2026-02-03 00:51:00 INFO dataset: Stage2 created response_id=r_000213_01
2026-02-03 00:51:00 WARNING dataset: Stage2 asset download failed url=https://example.com/icons/weather-rain.png err=HTTP Error 404: Not Found
2026-02-03 00:51:00 WARNING dataset: Stage2 asset download failed url=https://example.com/icons/calendar.png err=HTTP Error 404: Not Found
2026-02-03 00:51:00 INFO dataset: Stage2 created response_id=r_000214_01
2026-02-03 00:51:00 WARNING dataset: Stage2 asset download failed url=https://example.com/icons/smile-face.png err=HTTP Error 404: Not Found
2026-02-03 00:51:00 WARNING dataset: Stage2 asset download failed url=https://example.com/icons/chart-bar.png err=HTTP Error 404: Not Found
2026-02-03 00:51:00 INFO dataset: Stage2 created response_id=r_000215_01
2026-02-03 00:51:01 WARNING dataset: Stage2 asset download failed url=https://example.com/icons/medal-gold.png err=HTTP Error 404: Not Found
2026-02-03 00:51:01 WARNING dataset: Stage2 asset download failed url=https://example.com/icons/medal-silver.png err=HTTP Error 404: Not Found
2026-02-03 00:51:01 WARNING dataset: Stage2 asset download failed url=https://example.com/icons/medal-bronze.png err=HTTP Error 404: Not Found
2026-02-03 00:51:01 INFO dataset: Stage2 created response_id=r_000216_01
2026-02-03 00:51:01 WARNING dataset: Stage2 asset download failed url=https://example.com/icons/piggy-bank.png err=HTTP Error 404: Not Found
2026-02-03 00:51:01 WARNING dataset: Stage2 asset download failed url=https://example.com/icons/bullseye.png err=HTTP Error 404: Not Found
2026-02-03 00:51:01 INFO dataset: Stage2 created response_id=r_000217_01
2026-02-03 00:51:01 WARNING dataset: Stage2 asset download failed url=https://example.com/icons/book.png err=HTTP Error 404: Not Found
2026-02-03 00:51:02 WARNING dataset: Stage2 asset download failed url=https://example.com/icons/building-library.png err=HTTP Error 404: Not Found
2026-02-03 00:51:02 INFO dataset: Stage2 created response_id=r_000218_01
2026-02-03 00:51:02 WARNING dataset: Stage2 asset download failed url=https://example.com/icons/subway.png err=HTTP Error 404: Not Found
2026-02-03 00:51:02 WARNING dataset: Stage2 asset download failed url=https://example.com/icons/bike.png err=HTTP Error 404: Not Found
2026-02-03 00:51:02 WARNING dataset: Stage2 asset download failed url=https://example.com/icons/car.png err=HTTP Error 404: Not Found
2026-02-03 00:51:03 WARNING dataset: Stage2 asset download failed url=https://example.com/icons/walk.png err=HTTP Error 404: Not Found
2026-02-03 00:51:03 INFO dataset: Stage2 created response_id=r_000219_01
2026-02-03 00:51:03 WARNING dataset: Stage2 asset download failed url=https://example.com/icons/run.png err=HTTP Error 404: Not Found
2026-02-03 00:51:03 WARNING dataset: Stage2 asset download failed url=https://example.com/icons/cycle.png err=HTTP Error 404: Not Found
2026-02-03 00:51:03 WARNING dataset: Stage2 asset download failed url=https://example.com/icons/swim.png err=HTTP Error 404: Not Found
2026-02-03 00:51:03 WARNING dataset: Stage2 asset download failed url=https://example.com/icons/calories.png err=HTTP Error 404: Not Found
2026-02-03 00:51:03 INFO dataset: Stage2 created response_id=r_000220_01
2026-02-03 00:51:04 WARNING dataset: Stage2 asset download failed url=https://example.com/icons/server.png err=HTTP Error 404: Not Found
2026-02-03 00:51:04 WARNING dataset: Stage2 asset download failed url=https://example.com/icons/check-circle.png err=HTTP Error 404: Not Found
2026-02-03 00:51:04 INFO dataset: Stage2 created response_id=r_000221_01
2026-02-03 00:51:04 WARNING dataset: Stage2 asset download failed url=https://example.com/icons/android.png err=HTTP Error 404: Not Found
2026-02-03 00:51:04 WARNING dataset: Stage2 asset download failed url=https://example.com/icons/apple.png err=HTTP Error 404: Not Found
2026-02-03 00:51:04 WARNING dataset: Stage2 asset download failed url=https://example.com/icons/globe.png err=HTTP Error 404: Not Found
2026-02-03 00:51:04 INFO dataset: Stage2 created response_id=r_000222_01
2026-02-03 00:51:04 WARNING dataset: Stage2 asset download failed url=https://example.com/icons/home.png err=HTTP Error 404: Not Found
2026-02-03 00:51:05 WARNING dataset: Stage2 asset download failed url=https://example.com/icons/trending-up.png err=HTTP Error 404: Not Found
2026-02-03 00:51:05 INFO dataset: Stage2 created response_id=r_000223_01
2026-02-03 00:51:05 WARNING dataset: Stage2 asset download failed url=https://example.com/icons/plane.png err=HTTP Error 404: Not Found
2026-02-03 00:51:05 WARNING dataset: Stage2 asset download failed url=https://example.com/icons/train.png err=HTTP Error 404: Not Found
2026-02-03 00:51:05 WARNING dataset: Stage2 asset download failed url=https://example.com/icons/eco-leaf.png err=HTTP Error 404: Not Found
2026-02-03 00:51:05 INFO dataset: Stage2 created response_id=r_000224_01
2026-02-03 00:51:05 WARNING dataset: Stage2 asset download failed url=https://example.com/icons/coffee-cup.png err=HTTP Error 404: Not Found
2026-02-03 00:51:06 WARNING dataset: Stage2 asset download failed url=https://example.com/icons/clock.png err=HTTP Error 404: Not Found
2026-02-03 00:51:06 INFO dataset: Stage2 created response_id=r_000225_01
2026-02-03 00:51:06 WARNING dataset: Stage2 asset download failed url=https://example.com/icons/user.png err=HTTP Error 404: Not Found
2026-02-03 00:51:06 WARNING dataset: Stage2 asset download failed url=https://example.com/icons/timer.png err=HTTP Error 404: Not Found
2026-02-03 00:51:06 INFO dataset: Stage2 created response_id=r_000226_01
2026-02-03 00:51:09 WARNING dataset: Stage2 asset download failed url=https://www.nma.com.np/ err=<urlopen error [Errno 11001] getaddrinfo failed>
2026-02-03 00:51:09 INFO dataset: Stage2 created response_id=r_000642_01
2026-02-03 00:51:09 WARNING dataset: Stage2 asset download failed url=https://www.expedia.com err=HTTP Error 429: Too Many Requests
2026-02-03 00:51:09 INFO dataset: Stage2 created response_id=r_000643_01
2026-02-03 00:51:10 WARNING dataset: Stage2 asset download failed url=https://img.icons8.com/color/48/000000/floor-lamp.png err=HTTP Error 404: Not Found
2026-02-03 00:51:11 WARNING dataset: Stage2 asset download failed url=https://img.icons8.com/color/48/000000/chopsticks.png err=HTTP Error 404: Not Found
2026-02-03 00:51:14 WARNING dataset: Stage2 asset download failed url=https://selected-ryokan.com/ryokan-etiquette err=HTTP Error 404: Not Found
2026-02-03 00:51:14 INFO dataset: Stage2 created response_id=r_000644_01
2026-02-03 00:51:19 WARNING dataset: Stage2 asset download failed url=https://www.budgetyourtrip.com/portugal/lisbon err=HTTP Error 403: Forbidden
2026-02-03 00:51:19 INFO dataset: Stage2 created response_id=r_000645_01
2026-02-03 00:51:20 WARNING dataset: Stage2 asset download failed url=https://img.icons8.com/color/48/000000/parchment.png err=HTTP Error 404: Not Found
2026-02-03 00:51:21 ERROR dataset: Stage2 batch parse error: Expecting property name enclosed in double quotes: line 42 column 4 (char 17787)
2026-02-03 00:51:21 WARNING dataset: Stage2 asset download failed url=https://img.icons8.com/color/48/000000/anime.png err=HTTP Error 404: Not Found
2026-02-03 00:51:21 INFO dataset: Stage2 created response_id=r_000641_01
2026-02-03 00:51:21 INFO dataset: Stage2 created response_id=r_000642_01
2026-02-03 00:51:21 INFO dataset: Stage2 created response_id=r_000643_01
2026-02-03 00:51:22 WARNING dataset: Stage2 asset download failed url=https://img.icons8.com/color/48/000000/floor-lamp.png err=HTTP Error 404: Not Found
2026-02-03 00:51:23 WARNING dataset: Stage2 asset download failed url=https://img.icons8.com/color/48/000000/chopsticks.png err=HTTP Error 404: Not Found
2026-02-03 00:51:23 WARNING dataset: Stage2 asset download failed url=https://duomo.firenze.it/en/home err=HTTP Error 403: Forbidden
2026-02-03 00:51:23 INFO dataset: Stage2 created response_id=r_000644_01
2026-02-03 00:51:23 INFO dataset: Stage2 created response_id=r_000645_01
2026-02-03 00:51:24 WARNING dataset: Stage2 asset download failed url=https://img.icons8.com/color/48/000000/parchment.png err=HTTP Error 404: Not Found
2026-02-03 00:51:25 INFO dataset: Stage2 created response_id=r_000646_01
2026-02-03 00:51:25 INFO dataset: Stage2 created response_id=r_000647_01
2026-02-03 00:51:25 WARNING dataset: Stage2 asset download failed url=https://img.icons8.com/color/48/000000/credit-card.png err=HTTP Error 404: Not Found
2026-02-03 00:51:26 INFO dataset: Stage2 created response_id=r_000648_01
2026-02-03 00:51:26 INFO dataset: Stage2 created response_id=r_000649_01
2026-02-03 00:51:28 WARNING dataset: Stage2 asset download failed url=https://img.icons8.com/color/48/000000/tripod.png err=HTTP Error 404: Not Found
2026-02-03 00:51:28 INFO dataset: Stage2 created response_id=r_000650_01
2026-02-03 00:51:40 ERROR dataset: Stage2 batch parse error: Unterminated string starting at: line 84 column 22 (char 27013)
2026-02-03 00:51:40 INFO dataset: Stage2 created response_id=r_000521_01
2026-02-03 00:51:40 INFO dataset: Stage2 created response_id=r_000522_01
2026-02-03 00:51:40 INFO dataset: Stage2 created response_id=r_000523_01
2026-02-03 00:51:40 INFO dataset: Stage2 created response_id=r_000524_01
2026-02-03 00:51:40 INFO dataset: Stage2 created response_id=r_000525_01
2026-02-03 00:51:40 INFO dataset: Stage2 created response_id=r_000526_01
2026-02-03 00:51:40 INFO dataset: Stage2 created response_id=r_000527_01
2026-02-03 00:51:40 INFO dataset: Stage2 created response_id=r_000528_01
2026-02-03 00:51:41 INFO dataset: Stage2 created response_id=r_000529_01
2026-02-03 00:51:41 INFO dataset: Stage2 created response_id=r_000530_01
2026-02-03 00:51:41 INFO dataset: Stage2 created response_id=r_000531_01
2026-02-03 00:51:41 INFO dataset: Stage2 created response_id=r_000532_01
2026-02-03 00:51:41 INFO dataset: Stage2 created response_id=r_000533_01
2026-02-03 00:51:41 INFO dataset: Stage2 created response_id=r_000534_01
2026-02-03 00:51:41 INFO dataset: Stage2 created response_id=r_000535_01
2026-02-03 00:51:41 INFO dataset: Stage2 created response_id=r_000536_01
2026-02-03 00:51:41 INFO dataset: Stage2 created response_id=r_000537_01
2026-02-03 00:51:41 INFO dataset: Stage2 created response_id=r_000538_01
2026-02-03 00:51:41 INFO dataset: Stage2 created response_id=r_000539_01
2026-02-03 00:51:41 INFO dataset: Stage2 created response_id=r_000540_01
2026-02-03 00:51:47 WARNING dataset: Stage2 asset download failed url=https://www.firenzeturismo.it/en/ err=<urlopen error [WinError 10060] A connection attempt failed because the connected party did not properly respond after a period of time, or established connection failed because connected host has failed to respond>
2026-02-03 00:51:47 INFO dataset: Stage2 created response_id=r_000646_01
2026-02-03 00:51:48 WARNING dataset: Stage2 asset download failed url=https://www.expedia.com err=HTTP Error 429: Too Many Requests
2026-02-03 00:51:48 WARNING dataset: Stage2 asset download failed url=https://en.parisinfo.com/ err=HTTP Error 403: Forbidden
2026-02-03 00:51:48 INFO dataset: Stage2 created response_id=r_000647_01
2026-02-03 00:51:48 WARNING dataset: Stage2 asset download failed url=https://indianvisaonline.gov.in/evisa/tvoa.html err=<urlopen error [WinError 10054] An existing connection was forcibly closed by the remote host>
2026-02-03 00:51:49 WARNING dataset: Stage2 asset download failed url=https://img.icons8.com/color/48/000000/credit-card.png err=HTTP Error 404: Not Found
2026-02-03 00:51:49 WARNING dataset: Stage2 asset download failed url=https://indianvisaonline.gov.in/ err=<urlopen error [SSL: CERTIFICATE_VERIFY_FAILED] certificate verify failed: self-signed certificate in certificate chain (_ssl.c:1006)>
2026-02-03 00:51:53 INFO dataset: Stage2 created response_id=r_000648_01
2026-02-03 00:51:55 ERROR dataset: Stage2 batch parse error: Unterminated string starting at: line 36 column 22 (char 5183)
2026-02-03 00:51:55 INFO dataset: Stage2 created response_id=r_000601_01
2026-02-03 00:51:55 INFO dataset: Stage2 created response_id=r_000602_01
2026-02-03 00:51:56 WARNING dataset: Stage2 asset download failed url=https://img.icons8.com/color/48/sedentary.png err=HTTP Error 404: Not Found
2026-02-03 00:51:56 INFO dataset: Stage2 created response_id=r_000603_01
2026-02-03 00:51:56 INFO dataset: Stage2 created response_id=r_000604_01
2026-02-03 00:51:56 INFO dataset: Stage2 created response_id=r_000605_01
2026-02-03 00:51:56 INFO dataset: Stage2 created response_id=r_000606_01
2026-02-03 00:51:56 INFO dataset: Stage2 created response_id=r_000607_01
2026-02-03 00:51:56 INFO dataset: Stage2 created response_id=r_000608_01
2026-02-03 00:52:04 WARNING dataset: Stage2 asset download failed url=https://traveloregon.com err=HTTP Error 403: Forbidden
2026-02-03 00:52:04 WARNING dataset: Stage2 asset download failed url=https://visitseattle.org err=HTTP Error 403: Forbidden
2026-02-03 00:52:04 INFO dataset: Stage2 created response_id=r_000649_01
2026-02-03 00:52:06 ERROR dataset: Stage2 batch parse error: Unterminated string starting at: line 48 column 22 (char 12975)
2026-02-03 00:52:06 WARNING dataset: Stage2 asset download failed url=https://img.icons8.com/color/48/000000/tripod.png err=HTTP Error 404: Not Found
2026-02-03 00:52:07 WARNING dataset: Stage2 asset download failed url=https://www.visitnorway.com/things-to-do/nature-highlights/northern-lights/how-to-photograph-the-northern-lights/ err=HTTP Error 403: Forbidden
2026-02-03 00:52:07 WARNING dataset: Stage2 asset download failed url=https://img.icons8.com/fluency/48/000000/piggy-bank.png err=HTTP Error 404: Not Found
2026-02-03 00:52:07 INFO dataset: Stage2 created response_id=r_000227_01
2026-02-03 00:52:08 WARNING dataset: Stage2 asset download failed url=https://img.icons8.com/fluency/48/000000/sydney-opera-house.png err=HTTP Error 404: Not Found
2026-02-03 00:52:08 WARNING dataset: Stage2 asset download failed url=https://digital-photography-school.com/step-by-step-guide-to-photographing-the-northern-lights/ err=HTTP Error 404: Not Found
2026-02-03 00:52:08 INFO dataset: Stage2 created response_id=r_000650_01
2026-02-03 00:52:08 WARNING dataset: Stage2 asset download failed url=https://img.icons8.com/fluency/48/000000/london-bridge.png err=HTTP Error 404: Not Found
2026-02-03 00:52:09 INFO dataset: Stage2 created response_id=r_000228_01
2026-02-03 00:52:10 INFO dataset: Stage2 created response_id=r_000229_01
2026-02-03 00:52:11 WARNING dataset: Stage2 asset download failed url=https://img.icons8.com/fluency/48/000000/electric-guitar.png err=HTTP Error 404: Not Found
2026-02-03 00:52:15 WARNING dataset: Stage2 asset download failed url=https://img.icons8.com/fluency/48/000000/dj-mixer.png err=HTTP Error 404: Not Found
2026-02-03 00:52:15 INFO dataset: Stage2 created response_id=r_000230_01
2026-02-03 00:52:16 INFO dataset: Stage2 created response_id=r_000231_01
2026-02-03 00:52:17 INFO dataset: Stage2 created response_id=r_000232_01
2026-02-03 00:52:18 INFO dataset: Stage2 created response_id=r_000233_01
2026-02-03 00:52:19 WARNING dataset: Stage2 asset download failed url=https://img.icons8.com/fluency/48/000000/electric-car.png err=HTTP Error 404: Not Found
2026-02-03 00:52:19 WARNING dataset: Stage2 asset download failed url=https://img.icons8.com/fluency/48/000000/charging-station.png err=HTTP Error 404: Not Found
2026-02-03 00:52:19 INFO dataset: Stage2 created response_id=r_000234_01
2026-02-03 00:52:20 INFO dataset: Stage2 created response_id=r_000235_01
2026-02-03 00:52:21 INFO dataset: Stage2 created response_id=r_000236_01
2026-02-03 00:52:24 WARNING dataset: Stage2 asset download failed url=https://img.icons8.com/fluency/48/000000/tree.png err=HTTP Error 404: Not Found
2026-02-03 00:52:24 INFO dataset: Stage2 created response_id=r_000237_01
2026-02-03 00:52:46 ERROR dataset: Stage2 batch parse error: Unterminated string starting at: line 64 column 22 (char 16965)
2026-02-03 00:52:47 INFO dataset: Stage2 created response_id=r_000561_01
2026-02-03 00:52:48 WARNING dataset: Stage2 asset download failed url=https://img.icons8.com/color/48/credit-card.png err=HTTP Error 404: Not Found
2026-02-03 00:52:48 INFO dataset: Stage2 created response_id=r_000562_01
2026-02-03 00:52:49 WARNING dataset: Stage2 asset download failed url=https://img.icons8.com/color/48/electric-car.png err=HTTP Error 404: Not Found
2026-02-03 00:52:49 WARNING dataset: Stage2 asset download failed url=https://img.icons8.com/color/48/charging-station.png err=HTTP Error 404: Not Found
2026-02-03 00:52:49 INFO dataset: Stage2 created response_id=r_000563_01
2026-02-03 00:52:50 WARNING dataset: Stage2 asset download failed url=https://example.com/kyoto-october.jpg err=HTTP Error 404: Not Found
2026-02-03 00:52:50 WARNING dataset: Stage2 asset download failed url=https://example.com/florence-october.jpg err=HTTP Error 404: Not Found
2026-02-03 00:52:50 INFO dataset: Stage2 created response_id=r_000564_01
2026-02-03 00:52:51 WARNING dataset: Stage2 asset download failed url=https://img.icons8.com/color/48/fitness.png err=HTTP Error 404: Not Found
2026-02-03 00:52:51 INFO dataset: Stage2 created response_id=r_000565_01
2026-02-03 00:52:51 INFO dataset: Stage2 created response_id=r_000566_01
2026-02-03 00:52:52 WARNING dataset: Stage2 asset download failed url=https://img.icons8.com/color/48/job-seeker.png err=HTTP Error 404: Not Found
2026-02-03 00:52:52 INFO dataset: Stage2 created response_id=r_000567_01
2026-02-03 00:52:52 INFO dataset: Stage2 created response_id=r_000568_01
2026-02-03 00:52:53 INFO dataset: Stage2 created response_id=r_000569_01
2026-02-03 00:52:53 WARNING dataset: Stage2 asset download failed url=https://img.icons8.com/color/48/cloud-computing.png err=HTTP Error 404: Not Found
2026-02-03 00:52:53 INFO dataset: Stage2 created response_id=r_000570_01
2026-02-03 00:52:54 WARNING dataset: Stage2 asset download failed url=https://img.icons8.com/color/48/child.png err=HTTP Error 404: Not Found
2026-02-03 00:52:54 INFO dataset: Stage2 created response_id=r_000571_01
2026-02-03 00:52:54 INFO dataset: Stage2 created response_id=r_000572_01
2026-02-03 00:52:54 INFO dataset: Stage2 created response_id=r_000573_01
2026-02-03 00:52:55 INFO dataset: Stage2 created response_id=r_000574_01
2026-02-03 00:52:56 WARNING dataset: Stage2 asset download failed url=https://img.icons8.com/color/48/hotel.png err=HTTP Error 404: Not Found
2026-02-03 00:52:56 INFO dataset: Stage2 created response_id=r_000575_01
2026-02-03 00:52:58 ERROR dataset: Stage2 batch parse error: Expecting property name enclosed in double quotes: line 42 column 4 (char 17787)
2026-02-03 00:52:58 WARNING dataset: Stage2 asset download failed url=https://img.icons8.com/color/48/000000/anime.png err=HTTP Error 404: Not Found
2026-02-03 00:52:59 INFO dataset: Stage2 created response_id=r_000641_01
2026-02-03 00:52:59 INFO dataset: Stage2 created response_id=r_000642_01
2026-02-03 00:52:59 INFO dataset: Stage2 created response_id=r_000643_01
2026-02-03 00:53:00 WARNING dataset: Stage2 asset download failed url=https://img.icons8.com/color/48/000000/floor-lamp.png err=HTTP Error 404: Not Found
2026-02-03 00:53:00 WARNING dataset: Stage2 asset download failed url=https://img.icons8.com/color/48/000000/chopsticks.png err=HTTP Error 404: Not Found
2026-02-03 00:53:01 INFO dataset: Stage2 created response_id=r_000644_01
2026-02-03 00:53:01 INFO dataset: Stage2 created response_id=r_000645_01
2026-02-03 00:53:02 WARNING dataset: Stage2 asset download failed url=https://img.icons8.com/color/48/000000/parchment.png err=HTTP Error 404: Not Found
2026-02-03 00:53:02 INFO dataset: Stage2 created response_id=r_000646_01
2026-02-03 00:53:02 INFO dataset: Stage2 created response_id=r_000647_01
2026-02-03 00:53:03 WARNING dataset: Stage2 asset download failed url=https://img.icons8.com/color/48/000000/credit-card.png err=HTTP Error 404: Not Found
2026-02-03 00:53:03 INFO dataset: Stage2 created response_id=r_000648_01
2026-02-03 00:53:03 INFO dataset: Stage2 created response_id=r_000649_01
2026-02-03 00:53:05 WARNING dataset: Stage2 asset download failed url=https://img.icons8.com/color/48/000000/tripod.png err=HTTP Error 404: Not Found
2026-02-03 00:53:05 INFO dataset: Stage2 created response_id=r_000650_01
2026-02-03 00:53:11 ERROR dataset: Stage2 batch parse error: Unterminated string starting at: line 56 column 22 (char 17337)
2026-02-03 00:53:12 WARNING dataset: Stage2 asset download failed url=https://www.coopculture.it/en/products/colosseum-roman-forum-and-palatine-hill-regular-entrance/ err=HTTP Error 403: Forbidden
2026-02-03 00:53:30 ERROR dataset: Stage2 batch parse error: Unterminated string starting at: line 48 column 22 (char 16971)
2026-02-03 00:53:31 INFO dataset: Stage2 created response_id=r_000251_01
2026-02-03 00:53:32 WARNING dataset: Stage2 asset download failed url=https://img.icons8.com/color/48/strategy.png err=HTTP Error 404: Not Found
2026-02-03 00:53:32 INFO dataset: Stage2 created response_id=r_000252_01
2026-02-03 00:53:32 INFO dataset: Stage2 created response_id=r_000253_01
2026-02-03 00:53:33 INFO dataset: Stage2 created response_id=r_000254_01
2026-02-03 00:53:33 INFO dataset: Stage2 created response_id=r_000255_01
2026-02-03 00:53:33 WARNING dataset: Stage2 asset download failed url=https://img.icons8.com/color/48/piggy-bank.png err=HTTP Error 404: Not Found
2026-02-03 00:53:34 INFO dataset: Stage2 created response_id=r_000256_01
2026-02-03 00:53:34 INFO dataset: Stage2 created response_id=r_000257_01
2026-02-03 00:53:34 WARNING dataset: Stage2 asset download failed url=https://parcocolosseo.it/en/ err=<urlopen error [WinError 10060] A connection attempt failed because the connected party did not properly respond after a period of time, or established connection failed because connected host has failed to respond>
2026-02-03 00:53:34 WARNING dataset: Stage2 asset download failed url=https://www.pantheonroma.com/en/ err=<urlopen error [WinError 10054] An existing connection was forcibly closed by the remote host>
2026-02-03 00:53:34 INFO dataset: Stage2 created response_id=r_000681_01
2026-02-03 00:53:34 ERROR dataset: Stage2 batch parse error: Unterminated string starting at: line 56 column 22 (char 17337)
2026-02-03 00:53:34 INFO dataset: Stage2 created response_id=r_000681_01
2026-02-03 00:53:34 INFO dataset: Stage2 created response_id=r_000682_01
2026-02-03 00:53:34 INFO dataset: Stage2 created response_id=r_000683_01
2026-02-03 00:53:34 INFO dataset: Stage2 created response_id=r_000684_01
2026-02-03 00:53:34 INFO dataset: Stage2 created response_id=r_000685_01
2026-02-03 00:53:34 INFO dataset: Stage2 created response_id=r_000686_01
2026-02-03 00:53:34 INFO dataset: Stage2 created response_id=r_000687_01
2026-02-03 00:53:34 INFO dataset: Stage2 created response_id=r_000688_01
2026-02-03 00:53:34 INFO dataset: Stage2 created response_id=r_000689_01
2026-02-03 00:53:34 INFO dataset: Stage2 created response_id=r_000690_01
2026-02-03 00:53:34 INFO dataset: Stage2 created response_id=r_000691_01
2026-02-03 00:53:34 INFO dataset: Stage2 created response_id=r_000692_01
2026-02-03 00:53:34 INFO dataset: Stage2 created response_id=r_000693_01
2026-02-03 00:53:34 WARNING dataset: Stage2 asset download failed url=https://img.icons8.com/color/48/coffee-cup.png err=HTTP Error 404: Not Found
2026-02-03 00:53:35 WARNING dataset: Stage2 asset download failed url=https://img.icons8.com/color/48/checked-laptop.png err=HTTP Error 404: Not Found
2026-02-03 00:53:35 INFO dataset: Stage2 created response_id=r_000258_01
2026-02-03 00:53:36 INFO dataset: Stage2 created response_id=r_000259_01
2026-02-03 00:53:36 INFO dataset: Stage2 created response_id=r_000260_01
2026-02-03 00:53:36 INFO dataset: Stage2 created response_id=r_000261_01
2026-02-03 00:53:54 ERROR dataset: Stage2 batch parse error: Unterminated string starting at: line 36 column 22 (char 5183)
2026-02-03 00:53:54 INFO dataset: Stage2 created response_id=r_000601_01
2026-02-03 00:53:54 INFO dataset: Stage2 created response_id=r_000602_01
2026-02-03 00:53:54 WARNING dataset: Stage2 asset download failed url=https://img.icons8.com/color/48/sedentary.png err=HTTP Error 404: Not Found
2026-02-03 00:53:54 INFO dataset: Stage2 created response_id=r_000603_01
2026-02-03 00:53:54 INFO dataset: Stage2 created response_id=r_000604_01
2026-02-03 00:53:54 INFO dataset: Stage2 created response_id=r_000605_01
2026-02-03 00:53:54 INFO dataset: Stage2 created response_id=r_000606_01
2026-02-03 00:53:54 INFO dataset: Stage2 created response_id=r_000607_01
2026-02-03 00:53:54 INFO dataset: Stage2 created response_id=r_000608_01
2026-02-03 00:54:06 WARNING dataset: Stage2 asset download failed url=https://www.airfrance.com err=The read operation timed out
2026-02-03 00:54:06 INFO dataset: Stage2 created response_id=r_000682_01
2026-02-03 00:54:08 ERROR dataset: Stage2 batch parse error: Unterminated string starting at: line 56 column 22 (char 17337)
2026-02-03 00:54:08 INFO dataset: Stage2 created response_id=r_000681_01
2026-02-03 00:54:08 INFO dataset: Stage2 created response_id=r_000682_01
2026-02-03 00:54:08 INFO dataset: Stage2 created response_id=r_000683_01
2026-02-03 00:54:08 INFO dataset: Stage2 created response_id=r_000684_01
2026-02-03 00:54:08 INFO dataset: Stage2 created response_id=r_000685_01
2026-02-03 00:54:08 INFO dataset: Stage2 created response_id=r_000686_01
2026-02-03 00:54:08 INFO dataset: Stage2 created response_id=r_000687_01
2026-02-03 00:54:08 INFO dataset: Stage2 created response_id=r_000688_01
2026-02-03 00:54:08 INFO dataset: Stage2 created response_id=r_000689_01
2026-02-03 00:54:08 INFO dataset: Stage2 created response_id=r_000690_01
2026-02-03 00:54:08 INFO dataset: Stage2 created response_id=r_000691_01
2026-02-03 00:54:08 INFO dataset: Stage2 created response_id=r_000692_01
2026-02-03 00:54:08 INFO dataset: Stage2 created response_id=r_000693_01
2026-02-03 00:54:08 INFO dataset: Stage2 created response_id=r_000683_01
2026-02-03 00:54:08 WARNING dataset: Stage2 asset download failed url=https://www.himawari.metro.tokyo.jp/ err=<urlopen error [Errno 11001] getaddrinfo failed>
2026-02-03 00:54:08 INFO dataset: Stage2 created response_id=r_000684_01
2026-02-03 00:54:09 WARNING dataset: Stage2 asset download failed url=https://www.sncf-connect.com/en-en/ err=HTTP Error 403: Forbidden
2026-02-03 00:54:09 INFO dataset: Stage2 created response_id=r_000685_01
2026-02-03 00:54:10 WARNING dataset: Stage2 asset download failed url=https://www.airport.kr/ap/en/tpt/getTptHotelList.do err=HTTP Error 302: Moved Temporarily
2026-02-03 00:54:11 WARNING dataset: Stage2 asset download failed url=https://www.airport.kr/ap/en/shp/getShpList.do err=HTTP Error 302: Moved Temporarily
2026-02-03 00:54:11 INFO dataset: Stage2 created response_id=r_000686_01
2026-02-03 00:54:32 ERROR dataset: Stage2 batch parse error: Unterminated string starting at: line 48 column 22 (char 17978)
2026-02-03 00:54:33 WARNING dataset: Stage2 asset download failed url=https://img.icons8.com/ios/50/formula.png err=HTTP Error 404: Not Found
2026-02-03 00:54:33 WARNING dataset: Stage2 asset download failed url=https://www.metro.cdmx.gob.mx/ err=<urlopen error [WinError 10060] A connection attempt failed because the connected party did not properly respond after a period of time, or established connection failed because connected host has failed to respond>
2026-02-03 00:54:33 INFO dataset: Stage2 created response_id=r_000721_01
2026-02-03 00:54:33 INFO dataset: Stage2 created response_id=r_000722_01
2026-02-03 00:54:34 WARNING dataset: Stage2 asset download failed url=https://upload.wikimedia.org/wikipedia/commons/thumb/d/db/Photosynthesis_en.svg/500px-Photosynthesis_en.svg.png err=HTTP Error 403: Forbidden
2026-02-03 00:54:34 INFO dataset: Stage2 created response_id=r_000723_01
2026-02-03 00:54:34 INFO dataset: Stage2 created response_id=r_000724_01
2026-02-03 00:54:34 INFO dataset: Stage2 created response_id=r_000725_01
2026-02-03 00:54:34 INFO dataset: Stage2 created response_id=r_000726_01
2026-02-03 00:54:34 INFO dataset: Stage2 created response_id=r_000727_01
2026-02-03 00:54:34 INFO dataset: Stage2 created response_id=r_000728_01
2026-02-03 00:54:35 INFO dataset: Stage2 created response_id=r_000729_01
2026-02-03 00:54:35 INFO dataset: Stage2 created response_id=r_000730_01
2026-02-03 00:54:35 INFO dataset: Stage2 created response_id=r_000731_01
2026-02-03 00:54:35 WARNING dataset: Stage2 asset download failed url=https://www.mna.inah.gob.mx/ err=<urlopen error [Errno 11001] getaddrinfo failed>
2026-02-03 00:54:35 INFO dataset: Stage2 created response_id=r_000687_01
2026-02-03 00:54:39 INFO dataset: Stage2 created response_id=r_000688_01
2026-02-03 00:54:40 WARNING dataset: Stage2 asset download failed url=https://vancouver.ca/parks-recreation-culture/dog-off-leash-areas.aspx err=HTTP Error 403: Forbidden
2026-02-03 00:54:40 INFO dataset: Stage2 created response_id=r_000689_01
2026-02-03 00:54:40 ERROR dataset: Stage2 batch parse error: Unterminated string starting at: line 60 column 22 (char 18858)
2026-02-03 00:54:40 INFO dataset: Stage2 created response_id=r_000294_01
2026-02-03 00:54:41 INFO dataset: Stage2 created response_id=r_000295_01
2026-02-03 00:54:41 INFO dataset: Stage2 created response_id=r_000296_01
2026-02-03 00:54:41 INFO dataset: Stage2 created response_id=r_000297_01
2026-02-03 00:54:41 INFO dataset: Stage2 created response_id=r_000298_01
2026-02-03 00:54:41 INFO dataset: Stage2 created response_id=r_000299_01
2026-02-03 00:54:41 INFO dataset: Stage2 created response_id=r_000300_01
2026-02-03 00:54:41 INFO dataset: Stage2 created response_id=r_000301_01
2026-02-03 00:54:41 INFO dataset: Stage2 created response_id=r_000302_01
2026-02-03 00:54:41 INFO dataset: Stage2 created response_id=r_000303_01
2026-02-03 00:54:41 INFO dataset: Stage2 created response_id=r_000304_01
2026-02-03 00:54:41 INFO dataset: Stage2 created response_id=r_000305_01
2026-02-03 00:54:41 INFO dataset: Stage2 created response_id=r_000306_01
2026-02-03 00:54:41 INFO dataset: Stage2 created response_id=r_000307_01
2026-02-03 00:54:42 WARNING dataset: Stage2 asset download failed url=https://www.asfinag.at/en/toll/vignette/ err=HTTP Error 403: Forbidden
2026-02-03 00:54:42 INFO dataset: Stage2 created response_id=r_000690_01
2026-02-03 00:54:42 WARNING dataset: Stage2 asset download failed url=https://www.insidekyoto.com/kyoto-cherry-blossom-itinerary err=HTTP Error 403: Forbidden
2026-02-03 00:54:42 INFO dataset: Stage2 created response_id=r_000691_01
2026-02-03 00:54:43 WARNING dataset: Stage2 asset download failed url=https://www.kopps-berlin.de/ err=HTTP Error 403: Forbidden
2026-02-03 00:54:45 INFO dataset: Stage2 created response_id=r_000692_01
2026-02-03 00:54:46 WARNING dataset: Stage2 asset download failed url=https://www.mass.gov/truck-drivers-guide err=HTTP Error 404: Not Found
2026-02-03 00:54:47 WARNING dataset: Stage2 asset download failed url=https://www.ridot.net/travel err=<urlopen error [SSL: CERTIFICATE_VERIFY_FAILED] certificate verify failed: unable to get local issuer certificate (_ssl.c:1006)>
2026-02-03 00:54:47 INFO dataset: Stage2 created response_id=r_000693_01
2026-02-03 00:55:09 ERROR dataset: Stage2 batch parse error: Unterminated string starting at: line 48 column 22 (char 17978)
2026-02-03 00:55:09 WARNING dataset: Stage2 asset download failed url=https://img.icons8.com/ios/50/formula.png err=HTTP Error 404: Not Found
2026-02-03 00:55:09 INFO dataset: Stage2 created response_id=r_000721_01
2026-02-03 00:55:09 INFO dataset: Stage2 created response_id=r_000722_01
2026-02-03 00:55:10 WARNING dataset: Stage2 asset download failed url=https://upload.wikimedia.org/wikipedia/commons/thumb/d/db/Photosynthesis_en.svg/500px-Photosynthesis_en.svg.png err=HTTP Error 403: Forbidden
2026-02-03 00:55:10 INFO dataset: Stage2 created response_id=r_000723_01
2026-02-03 00:55:10 INFO dataset: Stage2 created response_id=r_000724_01
2026-02-03 00:55:10 INFO dataset: Stage2 created response_id=r_000725_01
2026-02-03 00:55:10 INFO dataset: Stage2 created response_id=r_000726_01
2026-02-03 00:55:10 INFO dataset: Stage2 created response_id=r_000727_01
2026-02-03 00:55:10 INFO dataset: Stage2 created response_id=r_000728_01
2026-02-03 00:55:10 INFO dataset: Stage2 created response_id=r_000729_01
2026-02-03 00:55:10 INFO dataset: Stage2 created response_id=r_000730_01
2026-02-03 00:55:10 INFO dataset: Stage2 created response_id=r_000731_01
2026-02-03 00:55:39 ERROR dataset: Stage2 batch parse error: Unterminated string starting at: line 28 column 22 (char 9392)
2026-02-03 00:55:40 ERROR dataset: Stage2 batch parse error: Unterminated string starting at: line 68 column 22 (char 16502)
2026-02-03 00:55:40 INFO dataset: Stage2 created response_id=r_000334_01
2026-02-03 00:55:41 INFO dataset: Stage2 created response_id=r_000335_01
2026-02-03 00:55:41 INFO dataset: Stage2 created response_id=r_000336_01
2026-02-03 00:55:41 WARNING dataset: Stage2 asset download failed url=https://img.icons8.com/material-outlines/24/000000/fingerprint.png err=HTTP Error 502: Bad Gateway
2026-02-03 00:55:41 INFO dataset: Stage2 created response_id=r_000337_01
2026-02-03 00:55:41 INFO dataset: Stage2 created response_id=r_000338_01
2026-02-03 00:55:41 INFO dataset: Stage2 created response_id=r_000339_01
2026-02-03 00:55:42 WARNING dataset: Stage2 asset download failed url=https://img.icons8.com/material-outlines/24/000000/settings.png err=HTTP Error 502: Bad Gateway
2026-02-03 00:55:42 INFO dataset: Stage2 created response_id=r_000761_01
2026-02-03 00:55:42 INFO dataset: Stage2 created response_id=r_000762_01
2026-02-03 00:55:43 WARNING dataset: Stage2 asset download failed url=https://img.icons8.com/color/48/000000/warning.png err=HTTP Error 404: Not Found
2026-02-03 00:55:43 INFO dataset: Stage2 created response_id=r_000763_01
2026-02-03 00:55:43 INFO dataset: Stage2 created response_id=r_000764_01
2026-02-03 00:55:44 INFO dataset: Stage2 created response_id=r_000765_01
2026-02-03 00:55:44 INFO dataset: Stage2 created response_id=r_000766_01
2026-02-03 00:55:44 INFO dataset: Stage2 created response_id=r_000767_01
2026-02-03 00:55:44 INFO dataset: Stage2 created response_id=r_000768_01
2026-02-03 00:55:44 INFO dataset: Stage2 created response_id=r_000769_01
2026-02-03 00:55:44 ERROR dataset: Stage2 batch parse error: Unterminated string starting at: line 48 column 22 (char 17978)
2026-02-03 00:55:45 INFO dataset: Stage2 created response_id=r_000770_01
2026-02-03 00:55:45 INFO dataset: Stage2 created response_id=r_000771_01
2026-02-03 00:55:45 WARNING dataset: Stage2 asset download failed url=https://img.icons8.com/ios/50/formula.png err=HTTP Error 404: Not Found
2026-02-03 00:55:46 WARNING dataset: Stage2 asset download failed url=https://satsuite.collegeboard.org/digital/digital-practice-questions/math err=HTTP Error 403: Forbidden
2026-02-03 00:55:46 WARNING dataset: Stage2 asset download failed url=https://satsuite.collegeboard.org/sat/whats-on-the-test/math err=HTTP Error 403: Forbidden
2026-02-03 00:55:46 WARNING dataset: Stage2 asset download failed url=https://img.icons8.com/color/48/000000/safety-helmet.png err=HTTP Error 404: Not Found
2026-02-03 00:55:46 INFO dataset: Stage2 created response_id=r_000772_01
2026-02-03 00:55:46 INFO dataset: Stage2 created response_id=r_000721_01
2026-02-03 00:55:46 WARNING dataset: Stage2 asset download failed url=https://www.spanishdict.com/conjugate/escribir err=HTTP Error 403: Forbidden
2026-02-03 00:55:47 WARNING dataset: Stage2 asset download failed url=https://www.rae.es/ err=HTTP Error 403: Forbidden
2026-02-03 00:55:47 WARNING dataset: Stage2 asset download failed url=https://www.spanishdict.com/ err=HTTP Error 403: Forbidden
2026-02-03 00:55:47 INFO dataset: Stage2 created response_id=r_000722_01
2026-02-03 00:55:47 WARNING dataset: Stage2 asset download failed url=https://img.icons8.com/color/48/000000/berlin-cathedral.png err=HTTP Error 404: Not Found
2026-02-03 00:55:47 INFO dataset: Stage2 created response_id=r_000773_01
2026-02-03 00:55:47 WARNING dataset: Stage2 asset download failed url=https://upload.wikimedia.org/wikipedia/commons/thumb/d/db/Photosynthesis_en.svg/500px-Photosynthesis_en.svg.png err=HTTP Error 403: Forbidden
2026-02-03 00:55:48 WARNING dataset: Stage2 asset download failed url=https://www.nasa.gov/audience/forstudents/k-4/dictionary/Photosynthesis.html err=HTTP Error 404: Not Found
2026-02-03 00:55:49 WARNING dataset: Stage2 asset download failed url=https://kids.britannica.com/kids/article/photosynthesis/353617 err=HTTP Error 403: Forbidden
2026-02-03 00:55:49 INFO dataset: Stage2 created response_id=r_000723_01
2026-02-03 00:55:49 INFO dataset: Stage2 created response_id=r_000724_01
2026-02-03 00:55:49 INFO dataset: Stage2 created response_id=r_000774_01
2026-02-03 00:55:49 INFO dataset: Stage2 created response_id=r_000775_01
2026-02-03 00:55:50 WARNING dataset: Stage2 asset download failed url=https://www.archives.gov/education/lessons/world-war-i err=HTTP Error 404: Not Found
2026-02-03 00:55:50 WARNING dataset: Stage2 asset download failed url=https://img.icons8.com/color/48/000000/hot-beverage.png err=HTTP Error 404: Not Found
2026-02-03 00:55:51 INFO dataset: Stage2 created response_id=r_000776_01
2026-02-03 00:55:53 WARNING dataset: Stage2 asset download failed url=https://learning.blogs.nytimes.com/2014/06/27/the-causes-of-world-war-i/ err=HTTP Error 404: Not Found
2026-02-03 00:55:53 INFO dataset: Stage2 created response_id=r_000725_01
2026-02-03 00:55:53 WARNING dataset: Stage2 asset download failed url=https://www.amshq.org/ err=HTTP Error 403: Forbidden
2026-02-03 00:55:53 WARNING dataset: Stage2 asset download failed url=https://www.waldorfeducation.org/ err=HTTP Error 403: Forbidden
2026-02-03 00:55:53 INFO dataset: Stage2 created response_id=r_000726_01
2026-02-03 00:55:53 WARNING dataset: Stage2 asset download failed url=https://www.maguosh.com/gre-vocabulary-flashcards err=<urlopen error [Errno 11001] getaddrinfo failed>
2026-02-03 00:55:53 INFO dataset: Stage2 created response_id=r_000727_01
2026-02-03 00:55:54 INFO dataset: Stage2 created response_id=r_000728_01
2026-02-03 00:55:55 WARNING dataset: Stage2 asset download failed url=https://www.nasa.gov/stem-ed-resources/newtons-laws-of-motion.html err=HTTP Error 404: Not Found
2026-02-03 00:55:55 WARNING dataset: Stage2 asset download failed url=https://www.britannica.com/science/Newtons-laws-of-motion err=HTTP Error 403: Forbidden
2026-02-03 00:55:55 INFO dataset: Stage2 created response_id=r_000729_01
2026-02-03 00:55:55 WARNING dataset: Stage2 asset download failed url=https://www.britannica.com/topic/Animal-Farm err=HTTP Error 403: Forbidden
2026-02-03 00:55:57 ERROR dataset: Stage2 batch parse error: Expecting property name enclosed in double quotes: line 42 column 4 (char 17787)
2026-02-03 00:55:58 WARNING dataset: Stage2 asset download failed url=https://img.icons8.com/color/48/000000/anime.png err=HTTP Error 404: Not Found
2026-02-03 00:55:58 INFO dataset: Stage2 created response_id=r_000641_01
2026-02-03 00:55:58 INFO dataset: Stage2 created response_id=r_000642_01
2026-02-03 00:55:58 INFO dataset: Stage2 created response_id=r_000643_01
2026-02-03 00:55:59 WARNING dataset: Stage2 asset download failed url=https://img.icons8.com/color/48/000000/floor-lamp.png err=HTTP Error 404: Not Found
2026-02-03 00:56:00 WARNING dataset: Stage2 asset download failed url=https://img.icons8.com/color/48/000000/chopsticks.png err=HTTP Error 404: Not Found
2026-02-03 00:56:00 INFO dataset: Stage2 created response_id=r_000644_01
2026-02-03 00:56:00 INFO dataset: Stage2 created response_id=r_000645_01
2026-02-03 00:56:01 WARNING dataset: Stage2 asset download failed url=https://img.icons8.com/color/48/000000/parchment.png err=HTTP Error 404: Not Found
2026-02-03 00:56:01 INFO dataset: Stage2 created response_id=r_000646_01
2026-02-03 00:56:01 INFO dataset: Stage2 created response_id=r_000647_01
2026-02-03 00:56:02 WARNING dataset: Stage2 asset download failed url=https://img.icons8.com/color/48/000000/credit-card.png err=HTTP Error 404: Not Found
2026-02-03 00:56:02 INFO dataset: Stage2 created response_id=r_000648_01
2026-02-03 00:56:02 INFO dataset: Stage2 created response_id=r_000649_01
2026-02-03 00:56:03 WARNING dataset: Stage2 asset download failed url=https://img.icons8.com/color/48/000000/tripod.png err=HTTP Error 404: Not Found
2026-02-03 00:56:03 INFO dataset: Stage2 created response_id=r_000650_01
2026-02-03 00:56:12 ERROR dataset: Stage2 batch parse error: Unterminated string starting at: line 68 column 22 (char 16502)
2026-02-03 00:56:13 WARNING dataset: Stage2 asset download failed url=https://img.icons8.com/material-outlines/24/000000/fingerprint.png err=HTTP Error 502: Bad Gateway
2026-02-03 00:56:14 WARNING dataset: Stage2 asset download failed url=https://img.icons8.com/material-outlines/24/000000/settings.png err=HTTP Error 502: Bad Gateway
2026-02-03 00:56:14 INFO dataset: Stage2 created response_id=r_000761_01
2026-02-03 00:56:14 INFO dataset: Stage2 created response_id=r_000762_01
2026-02-03 00:56:14 WARNING dataset: Stage2 asset download failed url=https://img.icons8.com/color/48/000000/warning.png err=HTTP Error 404: Not Found
2026-02-03 00:56:14 INFO dataset: Stage2 created response_id=r_000763_01
2026-02-03 00:56:15 INFO dataset: Stage2 created response_id=r_000764_01
2026-02-03 00:56:16 INFO dataset: Stage2 created response_id=r_000765_01
2026-02-03 00:56:16 INFO dataset: Stage2 created response_id=r_000766_01
2026-02-03 00:56:16 INFO dataset: Stage2 created response_id=r_000767_01
2026-02-03 00:56:16 INFO dataset: Stage2 created response_id=r_000768_01
2026-02-03 00:56:16 INFO dataset: Stage2 created response_id=r_000769_01
2026-02-03 00:56:16 INFO dataset: Stage2 created response_id=r_000770_01
2026-02-03 00:56:16 INFO dataset: Stage2 created response_id=r_000771_01
2026-02-03 00:56:17 WARNING dataset: Stage2 asset download failed url=https://img.icons8.com/color/48/000000/safety-helmet.png err=HTTP Error 404: Not Found
2026-02-03 00:56:17 INFO dataset: Stage2 created response_id=r_000772_01
2026-02-03 00:56:18 WARNING dataset: Stage2 asset download failed url=https://img.icons8.com/color/48/000000/berlin-cathedral.png err=HTTP Error 404: Not Found
2026-02-03 00:56:18 INFO dataset: Stage2 created response_id=r_000773_01
2026-02-03 00:56:20 INFO dataset: Stage2 created response_id=r_000774_01
2026-02-03 00:56:20 INFO dataset: Stage2 created response_id=r_000775_01
2026-02-03 00:56:21 WARNING dataset: Stage2 asset download failed url=https://img.icons8.com/color/48/000000/hot-beverage.png err=HTTP Error 404: Not Found
2026-02-03 00:56:22 INFO dataset: Stage2 created response_id=r_000776_01
2026-02-03 00:56:25 WARNING dataset: Stage2 asset download failed url=https://www.bl.uk/works/animal-farm err=The read operation timed out
2026-02-03 00:56:25 INFO dataset: Stage2 created response_id=r_000730_01
2026-02-03 00:56:26 WARNING dataset: Stage2 asset download failed url=https://www.investopedia.com/terms/m/macroeconomics.asp err=HTTP Error 460: 
2026-02-03 00:56:40 INFO dataset: Stage2 created response_id=r_000731_01
2026-02-03 00:56:40 ERROR dataset: Stage2 batch parse error: Unterminated string starting at: line 68 column 22 (char 19052)
2026-02-03 00:56:40 INFO dataset: Stage2 created response_id=r_000381_01
2026-02-03 00:56:42 INFO dataset: Stage2 created response_id=r_000382_01
2026-02-03 00:56:42 WARNING dataset: Stage2 asset download failed url=https://example.com/images/milan-shopping.jpg err=HTTP Error 404: Not Found
2026-02-03 00:56:42 WARNING dataset: Stage2 asset download failed url=https://example.com/images/marchesi-milan.jpg err=HTTP Error 404: Not Found
2026-02-03 00:56:42 INFO dataset: Stage2 created response_id=r_000383_01
2026-02-03 00:56:43 WARNING dataset: Stage2 asset download failed url=https://img.icons8.com/ios/50/high-calorie.png err=HTTP Error 404: Not Found
2026-02-03 00:56:43 INFO dataset: Stage2 created response_id=r_000384_01
2026-02-03 00:56:43 WARNING dataset: Stage2 asset download failed url=https://img.icons8.com/ios/50/distance.png err=HTTP Error 404: Not Found
2026-02-03 00:56:44 INFO dataset: Stage2 created response_id=r_000385_01
2026-02-03 00:56:45 INFO dataset: Stage2 created response_id=r_000386_01
2026-02-03 00:56:46 INFO dataset: Stage2 created response_id=r_000387_01
2026-02-03 00:56:47 ERROR dataset: Stage2 batch parse error: Unterminated string starting at: line 84 column 22 (char 13197)
2026-02-03 00:56:48 INFO dataset: Stage2 created response_id=r_000388_01
2026-02-03 00:56:48 WARNING dataset: Stage2 asset download failed url=https://example.com/icons/shuffle-active.png err=HTTP Error 404: Not Found
2026-02-03 00:56:48 WARNING dataset: Stage2 asset download failed url=https://example.com/icons/play.png err=HTTP Error 404: Not Found
2026-02-03 00:56:48 WARNING dataset: Stage2 asset download failed url=https://example.com/icons/volume-70.png err=HTTP Error 404: Not Found
2026-02-03 00:56:48 INFO dataset: Stage2 created response_id=r_000801_01
2026-02-03 00:56:48 WARNING dataset: Stage2 asset download failed url=https://example.com/icons/settings-gear.png err=HTTP Error 404: Not Found
2026-02-03 00:56:48 WARNING dataset: Stage2 asset download failed url=https://example.com/icons/cc-enabled.png err=HTTP Error 404: Not Found
2026-02-03 00:56:48 INFO dataset: Stage2 created response_id=r_000389_01
2026-02-03 00:56:48 WARNING dataset: Stage2 asset download failed url=https://example.com/icons/expand.png err=HTTP Error 404: Not Found
2026-02-03 00:56:48 INFO dataset: Stage2 created response_id=r_000802_01
2026-02-03 00:56:48 WARNING dataset: Stage2 asset download failed url=https://example.com/icons/back-15.png err=HTTP Error 404: Not Found
2026-02-03 00:56:48 WARNING dataset: Stage2 asset download failed url=https://example.com/icons/forward-15.png err=HTTP Error 404: Not Found
2026-02-03 00:56:48 WARNING dataset: Stage2 asset download failed url=https://example.com/icons/list-chapters.png err=HTTP Error 404: Not Found
2026-02-03 00:56:48 INFO dataset: Stage2 created response_id=r_000803_01
2026-02-03 00:56:48 WARNING dataset: Stage2 asset download failed url=https://example.com/icons/reorder-drag.png err=HTTP Error 404: Not Found
2026-02-03 00:56:48 WARNING dataset: Stage2 asset download failed url=https://example.com/icons/trash-clear.png err=HTTP Error 404: Not Found
2026-02-03 00:56:48 INFO dataset: Stage2 created response_id=r_000804_01
2026-02-03 00:56:48 INFO dataset: Stage2 created response_id=r_000805_01
2026-02-03 00:56:48 WARNING dataset: Stage2 asset download failed url=https://example.com/icons/clock-sleep.png err=HTTP Error 404: Not Found
2026-02-03 00:56:49 WARNING dataset: Stage2 asset download failed url=https://example.com/icons/volume-fade.png err=HTTP Error 404: Not Found
2026-02-03 00:56:49 INFO dataset: Stage2 created response_id=r_000806_01
2026-02-03 00:56:49 WARNING dataset: Stage2 asset download failed url=https://img.icons8.com/ios/50/shinto-gate.png err=HTTP Error 404: Not Found
2026-02-03 00:56:49 WARNING dataset: Stage2 asset download failed url=https://example.com/icons/speaker-active.png err=HTTP Error 404: Not Found
2026-02-03 00:56:49 WARNING dataset: Stage2 asset download failed url=https://example.com/icons/volume-mute.png err=HTTP Error 404: Not Found
2026-02-03 00:56:49 INFO dataset: Stage2 created response_id=r_000807_01
2026-02-03 00:56:49 INFO dataset: Stage2 created response_id=r_000390_01
2026-02-03 00:56:49 WARNING dataset: Stage2 asset download failed url=https://example.com/icons/bpm-heart.png err=HTTP Error 404: Not Found
2026-02-03 00:56:49 WARNING dataset: Stage2 asset download failed url=https://example.com/icons/energy-peak.png err=HTTP Error 404: Not Found
2026-02-03 00:56:49 INFO dataset: Stage2 created response_id=r_000808_01
2026-02-03 00:56:49 WARNING dataset: Stage2 asset download failed url=https://example.com/icons/search-white.png err=HTTP Error 404: Not Found
2026-02-03 00:56:49 WARNING dataset: Stage2 asset download failed url=https://example.com/icons/karaoke-mode.png err=HTTP Error 404: Not Found
2026-02-03 00:56:49 INFO dataset: Stage2 created response_id=r_000809_01
2026-02-03 00:56:49 WARNING dataset: Stage2 asset download failed url=https://example.com/icons/equalizer-bars.png err=HTTP Error 404: Not Found
2026-02-03 00:56:49 INFO dataset: Stage2 created response_id=r_000810_01
2026-02-03 00:56:49 WARNING dataset: Stage2 asset download failed url=https://example.com/icons/voice-white-large.png err=HTTP Error 404: Not Found
2026-02-03 00:56:49 WARNING dataset: Stage2 asset download failed url=https://example.com/icons/car-mode-active.png err=HTTP Error 404: Not Found
2026-02-03 00:56:49 INFO dataset: Stage2 created response_id=r_000811_01
2026-02-03 00:56:49 INFO dataset: Stage2 created response_id=r_000812_01
2026-02-03 00:56:49 WARNING dataset: Stage2 asset download failed url=https://example.com/icons/network-status.png err=HTTP Error 404: Not Found
2026-02-03 00:56:49 WARNING dataset: Stage2 asset download failed url=https://example.com/icons/hd-label.png err=HTTP Error 404: Not Found
2026-02-03 00:56:49 INFO dataset: Stage2 created response_id=r_000813_01
2026-02-03 00:56:49 WARNING dataset: Stage2 asset download failed url=https://example.com/icons/radio-tower.png err=HTTP Error 404: Not Found
2026-02-03 00:56:50 WARNING dataset: Stage2 asset download failed url=https://example.com/icons/signal-full.png err=HTTP Error 404: Not Found
2026-02-03 00:56:50 INFO dataset: Stage2 created response_id=r_000814_01
2026-02-03 00:56:50 WARNING dataset: Stage2 asset download failed url=https://example.com/icons/history-clock.png err=HTTP Error 404: Not Found
2026-02-03 00:56:50 WARNING dataset: Stage2 asset download failed url=https://example.com/icons/filter-list.png err=HTTP Error 404: Not Found
2026-02-03 00:56:50 INFO dataset: Stage2 created response_id=r_000815_01
2026-02-03 00:56:50 WARNING dataset: Stage2 asset download failed url=https://img.icons8.com/ios/50/english-language.png err=HTTP Error 404: Not Found
2026-02-03 00:56:50 INFO dataset: Stage2 created response_id=r_000391_01
2026-02-03 00:56:50 WARNING dataset: Stage2 asset download failed url=https://example.com/icons/chat-bubble.png err=HTTP Error 404: Not Found
2026-02-03 00:56:50 WARNING dataset: Stage2 asset download failed url=https://example.com/icons/users-group.png err=HTTP Error 404: Not Found
2026-02-03 00:56:50 INFO dataset: Stage2 created response_id=r_000816_01
2026-02-03 00:56:50 WARNING dataset: Stage2 asset download failed url=https://example.com/icons/cast-icon.png err=HTTP Error 404: Not Found
2026-02-03 00:56:50 WARNING dataset: Stage2 asset download failed url=https://example.com/icons/device-tv.png err=HTTP Error 404: Not Found
2026-02-03 00:56:50 WARNING dataset: Stage2 asset download failed url=https://example.com/icons/device-speaker.png err=HTTP Error 404: Not Found
2026-02-03 00:56:50 INFO dataset: Stage2 created response_id=r_000817_01
2026-02-03 00:56:50 WARNING dataset: Stage2 asset download failed url=https://example.com/icons/crossfade-arrows.png err=HTTP Error 404: Not Found
2026-02-03 00:56:50 INFO dataset: Stage2 created response_id=r_000818_01
2026-02-03 00:56:50 WARNING dataset: Stage2 asset download failed url=https://example.com/icons/audio-waves.png err=HTTP Error 404: Not Found
2026-02-03 00:56:50 WARNING dataset: Stage2 asset download failed url=https://example.com/icons/cc-box.png err=HTTP Error 404: Not Found
2026-02-03 00:56:50 INFO dataset: Stage2 created response_id=r_000819_01
2026-02-03 00:56:50 WARNING dataset: Stage2 asset download failed url=https://example.com/icons/watch-play.png err=HTTP Error 404: Not Found
2026-02-03 00:56:51 WARNING dataset: Stage2 asset download failed url=https://example.com/icons/watch-ring-60.png err=HTTP Error 404: Not Found
2026-02-03 00:56:51 INFO dataset: Stage2 created response_id=r_000820_01
2026-02-03 00:56:51 WARNING dataset: Stage2 asset download failed url=https://img.icons8.com/ios/50/euro-precision.png err=HTTP Error 404: Not Found
2026-02-03 00:56:51 INFO dataset: Stage2 created response_id=r_000392_01
2026-02-03 00:56:51 WARNING dataset: Stage2 asset download failed url=https://img.icons8.com/ios/50/tree.png err=HTTP Error 404: Not Found
2026-02-03 00:56:52 INFO dataset: Stage2 created response_id=r_000393_01
2026-02-03 00:56:53 WARNING dataset: Stage2 asset download failed url=https://img.icons8.com/ios/50/piggy-bank.png err=HTTP Error 404: Not Found
2026-02-03 00:56:53 INFO dataset: Stage2 created response_id=r_000394_01
2026-02-03 00:56:54 INFO dataset: Stage2 created response_id=r_000395_01
2026-02-03 00:56:55 WARNING dataset: Stage2 asset download failed url=https://img.icons8.com/ios/50/antenna.png err=HTTP Error 404: Not Found
2026-02-03 00:56:55 INFO dataset: Stage2 created response_id=r_000396_01
2026-02-03 00:57:04 ERROR dataset: Stage2 batch parse error: Unterminated string starting at: line 56 column 22 (char 17337)
2026-02-03 00:57:04 INFO dataset: Stage2 created response_id=r_000681_01
2026-02-03 00:57:04 INFO dataset: Stage2 created response_id=r_000682_01
2026-02-03 00:57:04 INFO dataset: Stage2 created response_id=r_000683_01
2026-02-03 00:57:04 INFO dataset: Stage2 created response_id=r_000684_01
2026-02-03 00:57:04 INFO dataset: Stage2 created response_id=r_000685_01
2026-02-03 00:57:04 INFO dataset: Stage2 created response_id=r_000686_01
2026-02-03 00:57:04 INFO dataset: Stage2 created response_id=r_000687_01
2026-02-03 00:57:04 INFO dataset: Stage2 created response_id=r_000688_01
2026-02-03 00:57:04 INFO dataset: Stage2 created response_id=r_000689_01
2026-02-03 00:57:04 INFO dataset: Stage2 created response_id=r_000690_01
2026-02-03 00:57:04 INFO dataset: Stage2 created response_id=r_000691_01
2026-02-03 00:57:04 INFO dataset: Stage2 created response_id=r_000692_01
2026-02-03 00:57:04 INFO dataset: Stage2 created response_id=r_000693_01
2026-02-03 00:57:23 ERROR dataset: Stage2 batch parse error: Unterminated string starting at: line 84 column 22 (char 13197)
2026-02-03 00:57:23 WARNING dataset: Stage2 asset download failed url=https://example.com/icons/shuffle-active.png err=HTTP Error 404: Not Found
2026-02-03 00:57:24 WARNING dataset: Stage2 asset download failed url=https://example.com/icons/play.png err=HTTP Error 404: Not Found
2026-02-03 00:57:24 WARNING dataset: Stage2 asset download failed url=https://example.com/icons/volume-70.png err=HTTP Error 404: Not Found
2026-02-03 00:57:24 INFO dataset: Stage2 created response_id=r_000801_01
2026-02-03 00:57:24 WARNING dataset: Stage2 asset download failed url=https://example.com/icons/settings-gear.png err=HTTP Error 404: Not Found
2026-02-03 00:57:24 WARNING dataset: Stage2 asset download failed url=https://example.com/icons/cc-enabled.png err=HTTP Error 404: Not Found
2026-02-03 00:57:24 WARNING dataset: Stage2 asset download failed url=https://example.com/icons/expand.png err=HTTP Error 404: Not Found
2026-02-03 00:57:24 INFO dataset: Stage2 created response_id=r_000802_01
2026-02-03 00:57:24 WARNING dataset: Stage2 asset download failed url=https://example.com/icons/back-15.png err=HTTP Error 404: Not Found
2026-02-03 00:57:24 WARNING dataset: Stage2 asset download failed url=https://example.com/icons/forward-15.png err=HTTP Error 404: Not Found
2026-02-03 00:57:24 WARNING dataset: Stage2 asset download failed url=https://example.com/icons/list-chapters.png err=HTTP Error 404: Not Found
2026-02-03 00:57:24 INFO dataset: Stage2 created response_id=r_000803_01
2026-02-03 00:57:24 WARNING dataset: Stage2 asset download failed url=https://example.com/icons/reorder-drag.png err=HTTP Error 404: Not Found
2026-02-03 00:57:24 WARNING dataset: Stage2 asset download failed url=https://example.com/icons/trash-clear.png err=HTTP Error 404: Not Found
2026-02-03 00:57:24 INFO dataset: Stage2 created response_id=r_000804_01
2026-02-03 00:57:24 INFO dataset: Stage2 created response_id=r_000805_01
2026-02-03 00:57:24 WARNING dataset: Stage2 asset download failed url=https://example.com/icons/clock-sleep.png err=HTTP Error 404: Not Found
2026-02-03 00:57:25 WARNING dataset: Stage2 asset download failed url=https://example.com/icons/volume-fade.png err=HTTP Error 404: Not Found
2026-02-03 00:57:25 INFO dataset: Stage2 created response_id=r_000806_01
2026-02-03 00:57:25 WARNING dataset: Stage2 asset download failed url=https://example.com/icons/speaker-active.png err=HTTP Error 404: Not Found
2026-02-03 00:57:25 WARNING dataset: Stage2 asset download failed url=https://example.com/icons/volume-mute.png err=HTTP Error 404: Not Found
2026-02-03 00:57:25 INFO dataset: Stage2 created response_id=r_000807_01
2026-02-03 00:57:25 WARNING dataset: Stage2 asset download failed url=https://example.com/icons/bpm-heart.png err=HTTP Error 404: Not Found
2026-02-03 00:57:25 WARNING dataset: Stage2 asset download failed url=https://example.com/icons/energy-peak.png err=HTTP Error 404: Not Found
2026-02-03 00:57:25 INFO dataset: Stage2 created response_id=r_000808_01
2026-02-03 00:57:25 WARNING dataset: Stage2 asset download failed url=https://example.com/icons/search-white.png err=HTTP Error 404: Not Found
2026-02-03 00:57:25 WARNING dataset: Stage2 asset download failed url=https://example.com/icons/karaoke-mode.png err=HTTP Error 404: Not Found
2026-02-03 00:57:25 INFO dataset: Stage2 created response_id=r_000809_01
2026-02-03 00:57:25 WARNING dataset: Stage2 asset download failed url=https://example.com/icons/equalizer-bars.png err=HTTP Error 404: Not Found
2026-02-03 00:57:25 INFO dataset: Stage2 created response_id=r_000810_01
2026-02-03 00:57:25 WARNING dataset: Stage2 asset download failed url=https://example.com/icons/voice-white-large.png err=HTTP Error 404: Not Found
2026-02-03 00:57:25 WARNING dataset: Stage2 asset download failed url=https://example.com/icons/car-mode-active.png err=HTTP Error 404: Not Found
2026-02-03 00:57:25 INFO dataset: Stage2 created response_id=r_000811_01
2026-02-03 00:57:25 INFO dataset: Stage2 created response_id=r_000812_01
2026-02-03 00:57:25 WARNING dataset: Stage2 asset download failed url=https://example.com/icons/network-status.png err=HTTP Error 404: Not Found
2026-02-03 00:57:25 WARNING dataset: Stage2 asset download failed url=https://example.com/icons/hd-label.png err=HTTP Error 404: Not Found
2026-02-03 00:57:25 INFO dataset: Stage2 created response_id=r_000813_01
2026-02-03 00:57:25 WARNING dataset: Stage2 asset download failed url=https://example.com/icons/radio-tower.png err=HTTP Error 404: Not Found
2026-02-03 00:57:25 WARNING dataset: Stage2 asset download failed url=https://example.com/icons/signal-full.png err=HTTP Error 404: Not Found
2026-02-03 00:57:25 INFO dataset: Stage2 created response_id=r_000814_01
2026-02-03 00:57:26 WARNING dataset: Stage2 asset download failed url=https://example.com/icons/history-clock.png err=HTTP Error 404: Not Found
2026-02-03 00:57:26 WARNING dataset: Stage2 asset download failed url=https://example.com/icons/filter-list.png err=HTTP Error 404: Not Found
2026-02-03 00:57:26 INFO dataset: Stage2 created response_id=r_000815_01
2026-02-03 00:57:26 WARNING dataset: Stage2 asset download failed url=https://example.com/icons/chat-bubble.png err=HTTP Error 404: Not Found
2026-02-03 00:57:26 WARNING dataset: Stage2 asset download failed url=https://example.com/icons/users-group.png err=HTTP Error 404: Not Found
2026-02-03 00:57:26 INFO dataset: Stage2 created response_id=r_000816_01
2026-02-03 00:57:26 WARNING dataset: Stage2 asset download failed url=https://example.com/icons/cast-icon.png err=HTTP Error 404: Not Found
2026-02-03 00:57:26 WARNING dataset: Stage2 asset download failed url=https://example.com/icons/device-tv.png err=HTTP Error 404: Not Found
2026-02-03 00:57:26 WARNING dataset: Stage2 asset download failed url=https://example.com/icons/device-speaker.png err=HTTP Error 404: Not Found
2026-02-03 00:57:26 INFO dataset: Stage2 created response_id=r_000817_01
2026-02-03 00:57:26 WARNING dataset: Stage2 asset download failed url=https://example.com/icons/crossfade-arrows.png err=HTTP Error 404: Not Found
2026-02-03 00:57:26 INFO dataset: Stage2 created response_id=r_000818_01
2026-02-03 00:57:26 WARNING dataset: Stage2 asset download failed url=https://example.com/icons/audio-waves.png err=HTTP Error 404: Not Found
2026-02-03 00:57:26 WARNING dataset: Stage2 asset download failed url=https://example.com/icons/cc-box.png err=HTTP Error 404: Not Found
2026-02-03 00:57:26 INFO dataset: Stage2 created response_id=r_000819_01
2026-02-03 00:57:26 WARNING dataset: Stage2 asset download failed url=https://example.com/icons/watch-play.png err=HTTP Error 404: Not Found
2026-02-03 00:57:26 WARNING dataset: Stage2 asset download failed url=https://example.com/icons/watch-ring-60.png err=HTTP Error 404: Not Found
2026-02-03 00:57:26 INFO dataset: Stage2 created response_id=r_000820_01
2026-02-03 00:57:40 ERROR dataset: Stage2 batch parse error: Unterminated string starting at: line 68 column 22 (char 16502)
2026-02-03 00:57:40 WARNING dataset: Stage2 asset download failed url=https://jsonlint.com/ err=HTTP Error 403: Forbidden
2026-02-03 00:57:42 WARNING dataset: Stage2 asset download failed url=https://img.icons8.com/material-outlines/24/000000/fingerprint.png err=HTTP Error 502: Bad Gateway
2026-02-03 00:57:43 WARNING dataset: Stage2 asset download failed url=https://img.icons8.com/material-outlines/24/000000/settings.png err=HTTP Error 502: Bad Gateway
2026-02-03 00:57:43 INFO dataset: Stage2 created response_id=r_000761_01
2026-02-03 00:57:43 WARNING dataset: Stage2 asset download failed url=https://hr-portal.example.com/remote-request err=<urlopen error [Errno 11001] getaddrinfo failed>
2026-02-03 00:57:43 WARNING dataset: Stage2 asset download failed url=https://hr-portal.example.com/expenses err=<urlopen error [Errno 11001] getaddrinfo failed>
2026-02-03 00:57:43 INFO dataset: Stage2 created response_id=r_000762_01
2026-02-03 00:57:43 WARNING dataset: Stage2 asset download failed url=https://support.printercorp.com/x200/manual err=<urlopen error [Errno 11001] getaddrinfo failed>
2026-02-03 00:57:43 WARNING dataset: Stage2 asset download failed url=https://support.printercorp.com/contact err=<urlopen error [Errno 11001] getaddrinfo failed>
2026-02-03 00:57:44 WARNING dataset: Stage2 asset download failed url=https://img.icons8.com/color/48/000000/warning.png err=HTTP Error 404: Not Found
2026-02-03 00:57:44 INFO dataset: Stage2 created response_id=r_000763_01
2026-02-03 00:57:44 WARNING dataset: Stage2 asset download failed url=https://pharmacy.example.com/refills err=<urlopen error [Errno 11001] getaddrinfo failed>
2026-02-03 00:57:45 INFO dataset: Stage2 created response_id=r_000764_01
2026-02-03 00:57:45 INFO dataset: Stage2 created response_id=r_000765_01
2026-02-03 00:57:48 WARNING dataset: Stage2 asset download failed url=https://www.bankrate.com/calculators/mortgage/mortgage-calculator.aspx err=HTTP Error 405: Not Allowed
2026-02-03 00:57:49 INFO dataset: Stage2 created response_id=r_000766_01
2026-02-03 00:57:49 WARNING dataset: Stage2 asset download failed url=https://datavizpro.example.com/docs err=<urlopen error [Errno 11001] getaddrinfo failed>
2026-02-03 00:57:50 WARNING dataset: Stage2 asset download failed url=https://github.com/example/datavizpro err=HTTP Error 404: Not Found
2026-02-03 00:57:50 INFO dataset: Stage2 created response_id=r_000767_01
2026-02-03 00:57:50 INFO dataset: Stage2 created response_id=r_000768_01
2026-02-03 00:57:50 WARNING dataset: Stage2 asset download failed url=https://legal-docs.example.com/cease-desist err=<urlopen error [Errno 11001] getaddrinfo failed>
2026-02-03 00:57:51 WARNING dataset: Stage2 asset download failed url=https://www.copyright.gov/title17/ err=HTTP Error 403: Forbidden
2026-02-03 00:57:51 INFO dataset: Stage2 created response_id=r_000769_01
2026-02-03 00:57:52 WARNING dataset: Stage2 asset download failed url=https://www.coopculture.it/ err=HTTP Error 403: Forbidden
2026-02-03 00:57:52 WARNING dataset: Stage2 asset download failed url=https://www.pantheonroma.com/ err=<urlopen error [WinError 10054] An existing connection was forcibly closed by the remote host>
2026-02-03 00:57:53 WARNING dataset: Stage2 asset download failed url=https://www.daenzoal29.com/ err=<urlopen error [SSL: CERTIFICATE_VERIFY_FAILED] certificate verify failed: unable to get local issuer certificate (_ssl.c:1006)>
2026-02-03 00:57:54 INFO dataset: Stage2 created response_id=r_000770_01
2026-02-03 00:57:55 ERROR dataset: Stage2 batch parse error: Unterminated string starting at: line 60 column 22 (char 16691)
2026-02-03 00:57:56 INFO dataset: Stage2 created response_id=r_000418_01
2026-02-03 00:57:56 INFO dataset: Stage2 created response_id=r_000419_01
2026-02-03 00:57:56 INFO dataset: Stage2 created response_id=r_000771_01
2026-02-03 00:57:57 WARNING dataset: Stage2 asset download failed url=https://img.icons8.com/color/48/000000/safety-helmet.png err=HTTP Error 404: Not Found
2026-02-03 00:57:57 INFO dataset: Stage2 created response_id=r_000772_01
2026-02-03 00:57:57 INFO dataset: Stage2 created response_id=r_000420_01
2026-02-03 00:57:57 INFO dataset: Stage2 created response_id=r_000421_01
2026-02-03 00:57:57 INFO dataset: Stage2 created response_id=r_000422_01
2026-02-03 00:57:57 INFO dataset: Stage2 created response_id=r_000423_01
2026-02-03 00:57:57 INFO dataset: Stage2 created response_id=r_000424_01
2026-02-03 00:57:57 INFO dataset: Stage2 created response_id=r_000425_01
2026-02-03 00:57:57 INFO dataset: Stage2 created response_id=r_000426_01
2026-02-03 00:57:57 INFO dataset: Stage2 created response_id=r_000427_01
2026-02-03 00:57:58 WARNING dataset: Stage2 asset download failed url=https://img.icons8.com/color/48/000000/berlin-cathedral.png err=HTTP Error 404: Not Found
2026-02-03 00:57:58 INFO dataset: Stage2 created response_id=r_000773_01
2026-02-03 00:57:58 WARNING dataset: Stage2 asset download failed url=https://vancouvergardens.example.com/report err=<urlopen error [Errno 11001] getaddrinfo failed>
2026-02-03 00:57:58 WARNING dataset: Stage2 asset download failed url=https://vancouvergardens.example.com/map err=<urlopen error [Errno 11001] getaddrinfo failed>
2026-02-03 00:57:58 WARNING dataset: Stage2 asset download failed url=https://img.icons8.com/ios-filled/50/playstation.png err=HTTP Error 404: Not Found
2026-02-03 00:57:58 INFO dataset: Stage2 created response_id=r_000428_01
2026-02-03 00:57:59 INFO dataset: Stage2 created response_id=r_000429_01
2026-02-03 00:57:59 INFO dataset: Stage2 created response_id=r_000430_01
2026-02-03 00:57:59 INFO dataset: Stage2 created response_id=r_000431_01
2026-02-03 00:57:59 ERROR dataset: Stage2 batch parse error: Expecting property name enclosed in double quotes: line 103 column 28 (char 19410)
2026-02-03 00:57:59 INFO dataset: Stage2 created response_id=r_000841_01
2026-02-03 00:57:59 INFO dataset: Stage2 created response_id=r_000842_01
2026-02-03 00:57:59 INFO dataset: Stage2 created response_id=r_000843_01
2026-02-03 00:57:59 INFO dataset: Stage2 created response_id=r_000844_01
2026-02-03 00:57:59 INFO dataset: Stage2 created response_id=r_000845_01
2026-02-03 00:57:59 INFO dataset: Stage2 created response_id=r_000846_01
2026-02-03 00:57:59 INFO dataset: Stage2 created response_id=r_000847_01
2026-02-03 00:57:59 INFO dataset: Stage2 created response_id=r_000848_01
2026-02-03 00:57:59 INFO dataset: Stage2 created response_id=r_000849_01
2026-02-03 00:57:59 INFO dataset: Stage2 created response_id=r_000850_01
2026-02-03 00:57:59 INFO dataset: Stage2 created response_id=r_000851_01
2026-02-03 00:57:59 INFO dataset: Stage2 created response_id=r_000774_01
2026-02-03 00:57:59 WARNING dataset: Stage2 asset download failed url=https://museum-example.org.uk/images/painting_01_thumb.jpg err=<urlopen error [Errno 11001] getaddrinfo failed>
2026-02-03 00:57:59 INFO dataset: Stage2 created response_id=r_000852_01
2026-02-03 00:57:59 INFO dataset: Stage2 created response_id=r_000853_01
2026-02-03 00:57:59 INFO dataset: Stage2 created response_id=r_000854_01
2026-02-03 00:57:59 INFO dataset: Stage2 created response_id=r_000855_01
2026-02-03 00:57:59 INFO dataset: Stage2 created response_id=r_000856_01
2026-02-03 00:57:59 INFO dataset: Stage2 created response_id=r_000857_01
2026-02-03 00:57:59 INFO dataset: Stage2 created response_id=r_000858_01
2026-02-03 00:57:59 INFO dataset: Stage2 created response_id=r_000859_01
2026-02-03 00:57:59 INFO dataset: Stage2 created response_id=r_000860_01
2026-02-03 00:57:59 INFO dataset: Stage2 created response_id=r_000861_01
2026-02-03 00:57:59 INFO dataset: Stage2 created response_id=r_000862_01
2026-02-03 00:57:59 INFO dataset: Stage2 created response_id=r_000863_01
2026-02-03 00:57:59 INFO dataset: Stage2 created response_id=r_000864_01
2026-02-03 00:57:59 INFO dataset: Stage2 created response_id=r_000865_01
2026-02-03 00:58:00 INFO dataset: Stage2 created response_id=r_000775_01
2026-02-03 00:58:00 WARNING dataset: Stage2 asset download failed url=https://store.titaniumgear.example.com/buy-mug err=<urlopen error [Errno 11001] getaddrinfo failed>
2026-02-03 00:58:01 WARNING dataset: Stage2 asset download failed url=https://img.icons8.com/color/48/000000/hot-beverage.png err=HTTP Error 404: Not Found
2026-02-03 00:58:01 INFO dataset: Stage2 created response_id=r_000776_01
2026-02-03 00:58:02 ERROR dataset: Stage2 batch parse error: Unterminated string starting at: line 48 column 22 (char 17978)
2026-02-03 00:58:03 WARNING dataset: Stage2 asset download failed url=https://img.icons8.com/ios/50/formula.png err=HTTP Error 404: Not Found
2026-02-03 00:58:03 INFO dataset: Stage2 created response_id=r_000721_01
2026-02-03 00:58:03 INFO dataset: Stage2 created response_id=r_000722_01
2026-02-03 00:58:03 WARNING dataset: Stage2 asset download failed url=https://upload.wikimedia.org/wikipedia/commons/thumb/d/db/Photosynthesis_en.svg/500px-Photosynthesis_en.svg.png err=HTTP Error 403: Forbidden
2026-02-03 00:58:03 INFO dataset: Stage2 created response_id=r_000723_01
2026-02-03 00:58:03 INFO dataset: Stage2 created response_id=r_000724_01
2026-02-03 00:58:03 INFO dataset: Stage2 created response_id=r_000725_01
2026-02-03 00:58:03 INFO dataset: Stage2 created response_id=r_000726_01
2026-02-03 00:58:03 INFO dataset: Stage2 created response_id=r_000727_01
2026-02-03 00:58:03 INFO dataset: Stage2 created response_id=r_000728_01
2026-02-03 00:58:04 INFO dataset: Stage2 created response_id=r_000729_01
2026-02-03 00:58:04 INFO dataset: Stage2 created response_id=r_000730_01
2026-02-03 00:58:04 INFO dataset: Stage2 created response_id=r_000731_01
2026-02-03 00:58:31 ERROR dataset: Stage2 batch parse error: Expecting property name enclosed in double quotes: line 103 column 28 (char 19410)
2026-02-03 00:58:31 INFO dataset: Stage2 created response_id=r_000841_01
2026-02-03 00:58:31 INFO dataset: Stage2 created response_id=r_000842_01
2026-02-03 00:58:31 INFO dataset: Stage2 created response_id=r_000843_01
2026-02-03 00:58:31 INFO dataset: Stage2 created response_id=r_000844_01
2026-02-03 00:58:31 INFO dataset: Stage2 created response_id=r_000845_01
2026-02-03 00:58:31 INFO dataset: Stage2 created response_id=r_000846_01
2026-02-03 00:58:31 INFO dataset: Stage2 created response_id=r_000847_01
2026-02-03 00:58:31 INFO dataset: Stage2 created response_id=r_000848_01
2026-02-03 00:58:31 INFO dataset: Stage2 created response_id=r_000849_01
2026-02-03 00:58:31 INFO dataset: Stage2 created response_id=r_000850_01
2026-02-03 00:58:31 INFO dataset: Stage2 created response_id=r_000851_01
2026-02-03 00:58:31 WARNING dataset: Stage2 asset download failed url=https://museum-example.org.uk/images/painting_01_thumb.jpg err=<urlopen error [Errno 11001] getaddrinfo failed>
2026-02-03 00:58:31 INFO dataset: Stage2 created response_id=r_000852_01
2026-02-03 00:58:31 INFO dataset: Stage2 created response_id=r_000853_01
2026-02-03 00:58:31 INFO dataset: Stage2 created response_id=r_000854_01
2026-02-03 00:58:31 INFO dataset: Stage2 created response_id=r_000855_01
2026-02-03 00:58:31 INFO dataset: Stage2 created response_id=r_000856_01
2026-02-03 00:58:31 INFO dataset: Stage2 created response_id=r_000857_01
2026-02-03 00:58:31 INFO dataset: Stage2 created response_id=r_000858_01
2026-02-03 00:58:31 INFO dataset: Stage2 created response_id=r_000859_01
2026-02-03 00:58:31 INFO dataset: Stage2 created response_id=r_000860_01
2026-02-03 00:58:31 INFO dataset: Stage2 created response_id=r_000861_01
2026-02-03 00:58:31 INFO dataset: Stage2 created response_id=r_000862_01
2026-02-03 00:58:31 INFO dataset: Stage2 created response_id=r_000863_01
2026-02-03 00:58:31 INFO dataset: Stage2 created response_id=r_000864_01
2026-02-03 00:58:31 INFO dataset: Stage2 created response_id=r_000865_01
2026-02-03 00:59:04 ERROR dataset: Stage2 batch parse error: Unterminated string starting at: line 76 column 22 (char 14736)
2026-02-03 00:59:04 INFO dataset: Stage2 created response_id=r_000881_01
2026-02-03 00:59:04 INFO dataset: Stage2 created response_id=r_000882_01
2026-02-03 00:59:04 INFO dataset: Stage2 created response_id=r_000883_01
2026-02-03 00:59:04 INFO dataset: Stage2 created response_id=r_000884_01
2026-02-03 00:59:04 INFO dataset: Stage2 created response_id=r_000885_01
2026-02-03 00:59:04 INFO dataset: Stage2 created response_id=r_000886_01
2026-02-03 00:59:04 INFO dataset: Stage2 created response_id=r_000887_01
2026-02-03 00:59:04 INFO dataset: Stage2 created response_id=r_000888_01
2026-02-03 00:59:05 WARNING dataset: Stage2 asset download failed url=https://img.icons8.com/color/48/light-it-up.png err=HTTP Error 404: Not Found
2026-02-03 00:59:05 INFO dataset: Stage2 created response_id=r_000889_01
2026-02-03 00:59:05 INFO dataset: Stage2 created response_id=r_000890_01
2026-02-03 00:59:05 INFO dataset: Stage2 created response_id=r_000891_01
2026-02-03 00:59:05 INFO dataset: Stage2 created response_id=r_000892_01
2026-02-03 00:59:05 INFO dataset: Stage2 created response_id=r_000893_01
2026-02-03 00:59:05 INFO dataset: Stage2 created response_id=r_000894_01
2026-02-03 00:59:05 INFO dataset: Stage2 created response_id=r_000895_01
2026-02-03 00:59:05 INFO dataset: Stage2 created response_id=r_000896_01
2026-02-03 00:59:05 INFO dataset: Stage2 created response_id=r_000897_01
2026-02-03 00:59:05 INFO dataset: Stage2 created response_id=r_000898_01
2026-02-03 00:59:06 ERROR dataset: Stage2 batch parse error: Unterminated string starting at: line 68 column 22 (char 16502)
2026-02-03 00:59:06 ERROR dataset: Stage2 batch parse error: Unterminated string starting at: line 72 column 22 (char 23698)
2026-02-03 00:59:06 INFO dataset: Stage2 created response_id=r_000452_01
2026-02-03 00:59:06 INFO dataset: Stage2 created response_id=r_000453_01
2026-02-03 00:59:06 INFO dataset: Stage2 created response_id=r_000454_01
2026-02-03 00:59:06 INFO dataset: Stage2 created response_id=r_000455_01
2026-02-03 00:59:06 INFO dataset: Stage2 created response_id=r_000456_01
2026-02-03 00:59:06 INFO dataset: Stage2 created response_id=r_000457_01
2026-02-03 00:59:06 INFO dataset: Stage2 created response_id=r_000458_01
2026-02-03 00:59:06 INFO dataset: Stage2 created response_id=r_000459_01
2026-02-03 00:59:06 INFO dataset: Stage2 created response_id=r_000460_01
2026-02-03 00:59:06 INFO dataset: Stage2 created response_id=r_000461_01
2026-02-03 00:59:06 INFO dataset: Stage2 created response_id=r_000462_01
2026-02-03 00:59:06 INFO dataset: Stage2 created response_id=r_000463_01
2026-02-03 00:59:06 INFO dataset: Stage2 created response_id=r_000464_01
2026-02-03 00:59:06 INFO dataset: Stage2 created response_id=r_000465_01
2026-02-03 00:59:06 INFO dataset: Stage2 created response_id=r_000466_01
2026-02-03 00:59:06 INFO dataset: Stage2 created response_id=r_000467_01
2026-02-03 00:59:06 INFO dataset: Stage2 created response_id=r_000468_01
2026-02-03 00:59:07 WARNING dataset: Stage2 asset download failed url=https://img.icons8.com/material-outlines/24/000000/fingerprint.png err=HTTP Error 502: Bad Gateway
2026-02-03 00:59:08 WARNING dataset: Stage2 asset download failed url=https://img.icons8.com/material-outlines/24/000000/settings.png err=HTTP Error 502: Bad Gateway
2026-02-03 00:59:08 INFO dataset: Stage2 created response_id=r_000761_01
2026-02-03 00:59:08 INFO dataset: Stage2 created response_id=r_000762_01
2026-02-03 00:59:09 WARNING dataset: Stage2 asset download failed url=https://img.icons8.com/color/48/000000/warning.png err=HTTP Error 404: Not Found
2026-02-03 00:59:09 INFO dataset: Stage2 created response_id=r_000763_01
2026-02-03 00:59:09 INFO dataset: Stage2 created response_id=r_000764_01
2026-02-03 00:59:10 INFO dataset: Stage2 created response_id=r_000765_01
2026-02-03 00:59:10 INFO dataset: Stage2 created response_id=r_000766_01
2026-02-03 00:59:10 INFO dataset: Stage2 created response_id=r_000767_01
2026-02-03 00:59:10 INFO dataset: Stage2 created response_id=r_000768_01
2026-02-03 00:59:10 INFO dataset: Stage2 created response_id=r_000769_01
2026-02-03 00:59:10 INFO dataset: Stage2 created response_id=r_000770_01
2026-02-03 00:59:10 INFO dataset: Stage2 created response_id=r_000771_01
2026-02-03 00:59:11 WARNING dataset: Stage2 asset download failed url=https://img.icons8.com/color/48/000000/safety-helmet.png err=HTTP Error 404: Not Found
2026-02-03 00:59:11 INFO dataset: Stage2 created response_id=r_000772_01
2026-02-03 00:59:12 WARNING dataset: Stage2 asset download failed url=https://img.icons8.com/color/48/000000/berlin-cathedral.png err=HTTP Error 404: Not Found
2026-02-03 00:59:12 INFO dataset: Stage2 created response_id=r_000773_01
2026-02-03 00:59:12 INFO dataset: Stage2 created response_id=r_000774_01
2026-02-03 00:59:13 INFO dataset: Stage2 created response_id=r_000775_01
2026-02-03 00:59:14 WARNING dataset: Stage2 asset download failed url=https://img.icons8.com/color/48/000000/hot-beverage.png err=HTTP Error 404: Not Found
2026-02-03 00:59:14 INFO dataset: Stage2 created response_id=r_000776_01
2026-02-03 00:59:29 ERROR dataset: Stage2 batch parse error: Unterminated string starting at: line 76 column 22 (char 14736)
2026-02-03 00:59:29 INFO dataset: Stage2 created response_id=r_000881_01
2026-02-03 00:59:29 INFO dataset: Stage2 created response_id=r_000882_01
2026-02-03 00:59:29 INFO dataset: Stage2 created response_id=r_000883_01
2026-02-03 00:59:29 INFO dataset: Stage2 created response_id=r_000884_01
2026-02-03 00:59:29 INFO dataset: Stage2 created response_id=r_000885_01
2026-02-03 00:59:29 INFO dataset: Stage2 created response_id=r_000886_01
2026-02-03 00:59:29 INFO dataset: Stage2 created response_id=r_000887_01
2026-02-03 00:59:29 INFO dataset: Stage2 created response_id=r_000888_01
2026-02-03 00:59:30 WARNING dataset: Stage2 asset download failed url=https://img.icons8.com/color/48/light-it-up.png err=HTTP Error 404: Not Found
2026-02-03 00:59:30 INFO dataset: Stage2 created response_id=r_000889_01
2026-02-03 00:59:30 INFO dataset: Stage2 created response_id=r_000890_01
2026-02-03 00:59:30 INFO dataset: Stage2 created response_id=r_000891_01
2026-02-03 00:59:30 INFO dataset: Stage2 created response_id=r_000892_01
2026-02-03 00:59:30 INFO dataset: Stage2 created response_id=r_000893_01
2026-02-03 00:59:30 INFO dataset: Stage2 created response_id=r_000894_01
2026-02-03 00:59:30 INFO dataset: Stage2 created response_id=r_000895_01
2026-02-03 00:59:30 INFO dataset: Stage2 created response_id=r_000896_01
2026-02-03 00:59:30 INFO dataset: Stage2 created response_id=r_000897_01
2026-02-03 00:59:30 INFO dataset: Stage2 created response_id=r_000898_01
2026-02-03 00:59:58 ERROR dataset: Stage2 batch parse error: Unterminated string starting at: line 84 column 22 (char 13197)
2026-02-03 00:59:58 WARNING dataset: Stage2 asset download failed url=https://example.com/lyrics/echoes-of-silence err=HTTP Error 404: Not Found
2026-02-03 00:59:58 WARNING dataset: Stage2 asset download failed url=https://example.com/artists/lumina err=HTTP Error 404: Not Found
2026-02-03 00:59:58 WARNING dataset: Stage2 asset download failed url=https://example.com/icons/shuffle-active.png err=HTTP Error 404: Not Found
2026-02-03 00:59:58 WARNING dataset: Stage2 asset download failed url=https://example.com/icons/play.png err=HTTP Error 404: Not Found
2026-02-03 00:59:58 WARNING dataset: Stage2 asset download failed url=https://example.com/icons/volume-70.png err=HTTP Error 404: Not Found
2026-02-03 00:59:58 INFO dataset: Stage2 created response_id=r_000801_01
2026-02-03 00:59:58 WARNING dataset: Stage2 asset download failed url=https://example.com/watchlist/add err=HTTP Error 404: Not Found
2026-02-03 00:59:59 WARNING dataset: Stage2 asset download failed url=https://example.com/nature-doc/credits err=HTTP Error 404: Not Found
2026-02-03 00:59:59 WARNING dataset: Stage2 asset download failed url=https://example.com/icons/settings-gear.png err=HTTP Error 404: Not Found
2026-02-03 00:59:59 WARNING dataset: Stage2 asset download failed url=https://example.com/icons/cc-enabled.png err=HTTP Error 404: Not Found
2026-02-03 00:59:59 WARNING dataset: Stage2 asset download failed url=https://example.com/icons/expand.png err=HTTP Error 404: Not Found
2026-02-03 00:59:59 INFO dataset: Stage2 created response_id=r_000802_01
2026-02-03 00:59:59 WARNING dataset: Stage2 asset download failed url=https://example.com/podcasts/42/notes err=HTTP Error 404: Not Found
2026-02-03 00:59:59 WARNING dataset: Stage2 asset download failed url=https://example.com/hosts/sarah-chen err=HTTP Error 404: Not Found
2026-02-03 00:59:59 WARNING dataset: Stage2 asset download failed url=https://example.com/icons/back-15.png err=HTTP Error 404: Not Found
2026-02-03 00:59:59 WARNING dataset: Stage2 asset download failed url=https://example.com/icons/forward-15.png err=HTTP Error 404: Not Found
2026-02-03 00:59:59 WARNING dataset: Stage2 asset download failed url=https://example.com/icons/list-chapters.png err=HTTP Error 404: Not Found
2026-02-03 00:59:59 INFO dataset: Stage2 created response_id=r_000803_01
2026-02-03 00:59:59 WARNING dataset: Stage2 asset download failed url=https://example.com/player/full err=HTTP Error 404: Not Found
2026-02-03 00:59:59 WARNING dataset: Stage2 asset download failed url=https://example.com/search err=HTTP Error 404: Not Found
2026-02-03 00:59:59 WARNING dataset: Stage2 asset download failed url=https://example.com/icons/reorder-drag.png err=HTTP Error 404: Not Found
2026-02-03 00:59:59 WARNING dataset: Stage2 asset download failed url=https://example.com/icons/trash-clear.png err=HTTP Error 404: Not Found
2026-02-03 00:59:59 INFO dataset: Stage2 created response_id=r_000804_01
2026-02-03 01:00:00 WARNING dataset: Stage2 asset download failed url=https://example.com/audio/test-flac err=HTTP Error 404: Not Found
2026-02-03 01:00:00 WARNING dataset: Stage2 asset download failed url=https://example.com/tools/audio-convert err=HTTP Error 404: Not Found
2026-02-03 01:00:01 ERROR dataset: Stage2 batch parse error: Unterminated string starting at: line 4 column 22 (char 55)
2026-02-03 01:00:01 WARNING dataset: Stage2 batch parse failed; splitting batch size=25
2026-02-03 01:00:04 INFO dataset: Stage2 created response_id=r_000805_01
2026-02-03 01:00:04 WARNING dataset: Stage2 asset download failed url=https://example.com/app/timer/start err=HTTP Error 404: Not Found
2026-02-03 01:00:04 WARNING dataset: Stage2 asset download failed url=https://example.com/app/timer/stop err=HTTP Error 404: Not Found
2026-02-03 01:00:04 WARNING dataset: Stage2 asset download failed url=https://example.com/icons/clock-sleep.png err=HTTP Error 404: Not Found
2026-02-03 01:00:04 WARNING dataset: Stage2 asset download failed url=https://example.com/icons/volume-fade.png err=HTTP Error 404: Not Found
2026-02-03 01:00:04 INFO dataset: Stage2 created response_id=r_000806_01
2026-02-03 01:00:04 WARNING dataset: Stage2 asset download failed url=https://example.com/home/audio-settings err=HTTP Error 404: Not Found
2026-02-03 01:00:04 WARNING dataset: Stage2 asset download failed url=https://example.com/home/add-device err=HTTP Error 404: Not Found
2026-02-03 01:00:04 WARNING dataset: Stage2 asset download failed url=https://example.com/icons/speaker-active.png err=HTTP Error 404: Not Found
2026-02-03 01:00:04 WARNING dataset: Stage2 asset download failed url=https://example.com/icons/volume-mute.png err=HTTP Error 404: Not Found
2026-02-03 01:00:04 INFO dataset: Stage2 created response_id=r_000807_01
2026-02-03 01:00:04 WARNING dataset: Stage2 asset download failed url=https://example.com/workout/set-target err=HTTP Error 404: Not Found
2026-02-03 01:00:04 WARNING dataset: Stage2 asset download failed url=https://example.com/workout/sync-watch err=HTTP Error 404: Not Found
2026-02-03 01:00:04 WARNING dataset: Stage2 asset download failed url=https://example.com/icons/bpm-heart.png err=HTTP Error 404: Not Found
2026-02-03 01:00:05 WARNING dataset: Stage2 asset download failed url=https://example.com/icons/energy-peak.png err=HTTP Error 404: Not Found
2026-02-03 01:00:05 INFO dataset: Stage2 created response_id=r_000808_01
2026-02-03 01:00:05 WARNING dataset: Stage2 asset download failed url=https://example.com/lyrics/share err=HTTP Error 404: Not Found
2026-02-03 01:00:05 WARNING dataset: Stage2 asset download failed url=https://example.com/lyrics/report-error err=HTTP Error 404: Not Found
2026-02-03 01:00:05 WARNING dataset: Stage2 asset download failed url=https://example.com/icons/search-white.png err=HTTP Error 404: Not Found
2026-02-03 01:00:05 WARNING dataset: Stage2 asset download failed url=https://example.com/icons/karaoke-mode.png err=HTTP Error 404: Not Found
2026-02-03 01:00:05 INFO dataset: Stage2 created response_id=r_000809_01
2026-02-03 01:00:05 WARNING dataset: Stage2 asset download failed url=https://example.com/audio/advanced err=HTTP Error 404: Not Found
2026-02-03 01:00:05 WARNING dataset: Stage2 asset download failed url=https://example.com/icons/equalizer-bars.png err=HTTP Error 404: Not Found
2026-02-03 01:00:05 INFO dataset: Stage2 created response_id=r_000810_01
2026-02-03 01:00:05 WARNING dataset: Stage2 asset download failed url=https://example.com/player/standard err=HTTP Error 404: Not Found
2026-02-03 01:00:05 WARNING dataset: Stage2 asset download failed url=https://example.com/nav/open err=HTTP Error 404: Not Found
2026-02-03 01:00:05 WARNING dataset: Stage2 asset download failed url=https://example.com/icons/voice-white-large.png err=HTTP Error 404: Not Found
2026-02-03 01:00:05 WARNING dataset: Stage2 asset download failed url=https://example.com/icons/car-mode-active.png err=HTTP Error 404: Not Found
2026-02-03 01:00:05 INFO dataset: Stage2 created response_id=r_000811_01
2026-02-03 01:00:05 WARNING dataset: Stage2 asset download failed url=https://example.com/signup/trial err=HTTP Error 404: Not Found
2026-02-03 01:00:05 WARNING dataset: Stage2 asset download failed url=https://example.com/plans/details err=HTTP Error 404: Not Found
2026-02-03 01:00:06 WARNING dataset: Stage2 asset download failed url=https://example.com/legal/terms-of-service err=HTTP Error 404: Not Found
2026-02-03 01:00:06 INFO dataset: Stage2 created response_id=r_000812_01
2026-02-03 01:00:06 WARNING dataset: Stage2 asset download failed url=https://example.com/settings/data err=HTTP Error 404: Not Found
2026-02-03 01:00:06 WARNING dataset: Stage2 asset download failed url=https://example.com/tools/speedtest err=HTTP Error 404: Not Found
2026-02-03 01:00:06 WARNING dataset: Stage2 asset download failed url=https://example.com/icons/network-status.png err=HTTP Error 404: Not Found
2026-02-03 01:00:06 WARNING dataset: Stage2 asset download failed url=https://example.com/icons/hd-label.png err=HTTP Error 404: Not Found
2026-02-03 01:00:06 INFO dataset: Stage2 created response_id=r_000813_01
2026-02-03 01:00:06 WARNING dataset: Stage2 asset download failed url=https://example.com/radio/fav/881 err=HTTP Error 404: Not Found
2026-02-03 01:00:06 WARNING dataset: Stage2 asset download failed url=https://example.com/radio/kjazz/schedule err=HTTP Error 404: Not Found
2026-02-03 01:00:06 WARNING dataset: Stage2 asset download failed url=https://example.com/icons/radio-tower.png err=HTTP Error 404: Not Found
2026-02-03 01:00:06 WARNING dataset: Stage2 asset download failed url=https://example.com/icons/signal-full.png err=HTTP Error 404: Not Found
2026-02-03 01:00:06 INFO dataset: Stage2 created response_id=r_000814_01
2026-02-03 01:00:06 WARNING dataset: Stage2 asset download failed url=https://example.com/user/history/export err=HTTP Error 404: Not Found
2026-02-03 01:00:06 WARNING dataset: Stage2 asset download failed url=https://example.com/icons/history-clock.png err=HTTP Error 404: Not Found
2026-02-03 01:00:06 WARNING dataset: Stage2 asset download failed url=https://example.com/icons/filter-list.png err=HTTP Error 404: Not Found
2026-02-03 01:00:06 INFO dataset: Stage2 created response_id=r_000815_01
2026-02-03 01:00:06 WARNING dataset: Stage2 asset download failed url=https://example.com/party/leave err=HTTP Error 404: Not Found
2026-02-03 01:00:06 WARNING dataset: Stage2 asset download failed url=https://example.com/party/sync-help err=HTTP Error 404: Not Found
2026-02-03 01:00:07 WARNING dataset: Stage2 asset download failed url=https://example.com/icons/chat-bubble.png err=HTTP Error 404: Not Found
2026-02-03 01:00:07 WARNING dataset: Stage2 asset download failed url=https://example.com/icons/users-group.png err=HTTP Error 404: Not Found
2026-02-03 01:00:07 INFO dataset: Stage2 created response_id=r_000816_01
2026-02-03 01:00:07 WARNING dataset: Stage2 asset download failed url=https://example.com/cast/help err=HTTP Error 404: Not Found
2026-02-03 01:00:07 WARNING dataset: Stage2 asset download failed url=https://example.com/icons/cast-icon.png err=HTTP Error 404: Not Found
2026-02-03 01:00:07 WARNING dataset: Stage2 asset download failed url=https://example.com/icons/device-tv.png err=HTTP Error 404: Not Found
2026-02-03 01:00:07 WARNING dataset: Stage2 asset download failed url=https://example.com/icons/device-speaker.png err=HTTP Error 404: Not Found
2026-02-03 01:00:07 INFO dataset: Stage2 created response_id=r_000817_01
2026-02-03 01:00:07 WARNING dataset: Stage2 asset download failed url=https://example.com/settings/playback err=HTTP Error 404: Not Found
2026-02-03 01:00:07 WARNING dataset: Stage2 asset download failed url=https://example.com/icons/crossfade-arrows.png err=HTTP Error 404: Not Found
2026-02-03 01:00:07 INFO dataset: Stage2 created response_id=r_000818_01
2026-02-03 01:00:07 WARNING dataset: Stage2 asset download failed url=https://example.com/player/settings/save err=HTTP Error 404: Not Found
2026-02-03 01:00:07 WARNING dataset: Stage2 asset download failed url=https://example.com/player/settings/reset err=HTTP Error 404: Not Found
2026-02-03 01:00:07 WARNING dataset: Stage2 asset download failed url=https://example.com/icons/audio-waves.png err=HTTP Error 404: Not Found
2026-02-03 01:00:07 WARNING dataset: Stage2 asset download failed url=https://example.com/icons/cc-box.png err=HTTP Error 404: Not Found
2026-02-03 01:00:07 INFO dataset: Stage2 created response_id=r_000819_01
2026-02-03 01:00:07 WARNING dataset: Stage2 asset download failed url=https://example.com/watch/next err=HTTP Error 404: Not Found
2026-02-03 01:00:08 WARNING dataset: Stage2 asset download failed url=https://example.com/watch/vol-up err=HTTP Error 404: Not Found
2026-02-03 01:00:08 WARNING dataset: Stage2 asset download failed url=https://example.com/icons/watch-play.png err=HTTP Error 404: Not Found
2026-02-03 01:00:08 WARNING dataset: Stage2 asset download failed url=https://example.com/icons/watch-ring-60.png err=HTTP Error 404: Not Found
2026-02-03 01:00:08 INFO dataset: Stage2 created response_id=r_000820_01
2026-02-03 01:00:12 ERROR dataset: Stage2 batch parse error: Unterminated string starting at: line 84 column 22 (char 13197)
2026-02-03 01:00:12 WARNING dataset: Stage2 asset download failed url=https://example.com/icons/shuffle-active.png err=HTTP Error 404: Not Found
2026-02-03 01:00:12 WARNING dataset: Stage2 asset download failed url=https://example.com/icons/play.png err=HTTP Error 404: Not Found
2026-02-03 01:00:12 WARNING dataset: Stage2 asset download failed url=https://example.com/icons/volume-70.png err=HTTP Error 404: Not Found
2026-02-03 01:00:12 INFO dataset: Stage2 created response_id=r_000801_01
2026-02-03 01:00:12 WARNING dataset: Stage2 asset download failed url=https://example.com/icons/settings-gear.png err=HTTP Error 404: Not Found
2026-02-03 01:00:12 WARNING dataset: Stage2 asset download failed url=https://example.com/icons/cc-enabled.png err=HTTP Error 404: Not Found
2026-02-03 01:00:12 WARNING dataset: Stage2 asset download failed url=https://example.com/icons/expand.png err=HTTP Error 404: Not Found
2026-02-03 01:00:12 INFO dataset: Stage2 created response_id=r_000802_01
2026-02-03 01:00:12 WARNING dataset: Stage2 asset download failed url=https://example.com/icons/back-15.png err=HTTP Error 404: Not Found
2026-02-03 01:00:12 WARNING dataset: Stage2 asset download failed url=https://example.com/icons/forward-15.png err=HTTP Error 404: Not Found
2026-02-03 01:00:12 WARNING dataset: Stage2 asset download failed url=https://example.com/icons/list-chapters.png err=HTTP Error 404: Not Found
2026-02-03 01:00:12 INFO dataset: Stage2 created response_id=r_000803_01
2026-02-03 01:00:13 WARNING dataset: Stage2 asset download failed url=https://example.com/icons/reorder-drag.png err=HTTP Error 404: Not Found
2026-02-03 01:00:13 WARNING dataset: Stage2 asset download failed url=https://example.com/icons/trash-clear.png err=HTTP Error 404: Not Found
2026-02-03 01:00:13 INFO dataset: Stage2 created response_id=r_000804_01
2026-02-03 01:00:13 INFO dataset: Stage2 created response_id=r_000805_01
2026-02-03 01:00:13 WARNING dataset: Stage2 asset download failed url=https://example.com/icons/clock-sleep.png err=HTTP Error 404: Not Found
2026-02-03 01:00:13 WARNING dataset: Stage2 asset download failed url=https://example.com/icons/volume-fade.png err=HTTP Error 404: Not Found
2026-02-03 01:00:13 INFO dataset: Stage2 created response_id=r_000806_01
2026-02-03 01:00:13 WARNING dataset: Stage2 asset download failed url=https://example.com/icons/speaker-active.png err=HTTP Error 404: Not Found
2026-02-03 01:00:13 WARNING dataset: Stage2 asset download failed url=https://example.com/icons/volume-mute.png err=HTTP Error 404: Not Found
2026-02-03 01:00:13 INFO dataset: Stage2 created response_id=r_000807_01
2026-02-03 01:00:13 WARNING dataset: Stage2 asset download failed url=https://example.com/icons/bpm-heart.png err=HTTP Error 404: Not Found
2026-02-03 01:00:13 WARNING dataset: Stage2 asset download failed url=https://example.com/icons/energy-peak.png err=HTTP Error 404: Not Found
2026-02-03 01:00:13 INFO dataset: Stage2 created response_id=r_000808_01
2026-02-03 01:00:13 WARNING dataset: Stage2 asset download failed url=https://example.com/icons/search-white.png err=HTTP Error 404: Not Found
2026-02-03 01:00:13 WARNING dataset: Stage2 asset download failed url=https://example.com/icons/karaoke-mode.png err=HTTP Error 404: Not Found
2026-02-03 01:00:13 INFO dataset: Stage2 created response_id=r_000809_01
2026-02-03 01:00:13 WARNING dataset: Stage2 asset download failed url=https://example.com/icons/equalizer-bars.png err=HTTP Error 404: Not Found
2026-02-03 01:00:13 INFO dataset: Stage2 created response_id=r_000810_01
2026-02-03 01:00:13 WARNING dataset: Stage2 asset download failed url=https://example.com/icons/voice-white-large.png err=HTTP Error 404: Not Found
2026-02-03 01:00:13 WARNING dataset: Stage2 asset download failed url=https://example.com/icons/car-mode-active.png err=HTTP Error 404: Not Found
2026-02-03 01:00:13 INFO dataset: Stage2 created response_id=r_000811_01
2026-02-03 01:00:13 INFO dataset: Stage2 created response_id=r_000812_01
2026-02-03 01:00:14 WARNING dataset: Stage2 asset download failed url=https://example.com/icons/network-status.png err=HTTP Error 404: Not Found
2026-02-03 01:00:14 WARNING dataset: Stage2 asset download failed url=https://example.com/icons/hd-label.png err=HTTP Error 404: Not Found
2026-02-03 01:00:14 INFO dataset: Stage2 created response_id=r_000813_01
2026-02-03 01:00:14 WARNING dataset: Stage2 asset download failed url=https://example.com/icons/radio-tower.png err=HTTP Error 404: Not Found
2026-02-03 01:00:14 WARNING dataset: Stage2 asset download failed url=https://example.com/icons/signal-full.png err=HTTP Error 404: Not Found
2026-02-03 01:00:14 INFO dataset: Stage2 created response_id=r_000814_01
2026-02-03 01:00:14 WARNING dataset: Stage2 asset download failed url=https://example.com/icons/history-clock.png err=HTTP Error 404: Not Found
2026-02-03 01:00:14 WARNING dataset: Stage2 asset download failed url=https://example.com/icons/filter-list.png err=HTTP Error 404: Not Found
2026-02-03 01:00:14 INFO dataset: Stage2 created response_id=r_000815_01
2026-02-03 01:00:14 WARNING dataset: Stage2 asset download failed url=https://example.com/icons/chat-bubble.png err=HTTP Error 404: Not Found
2026-02-03 01:00:14 WARNING dataset: Stage2 asset download failed url=https://example.com/icons/users-group.png err=HTTP Error 404: Not Found
2026-02-03 01:00:14 INFO dataset: Stage2 created response_id=r_000816_01
2026-02-03 01:00:14 WARNING dataset: Stage2 asset download failed url=https://example.com/icons/cast-icon.png err=HTTP Error 404: Not Found
2026-02-03 01:00:14 WARNING dataset: Stage2 asset download failed url=https://example.com/icons/device-tv.png err=HTTP Error 404: Not Found
2026-02-03 01:00:14 WARNING dataset: Stage2 asset download failed url=https://example.com/icons/device-speaker.png err=HTTP Error 404: Not Found
2026-02-03 01:00:14 INFO dataset: Stage2 created response_id=r_000817_01
2026-02-03 01:00:14 WARNING dataset: Stage2 asset download failed url=https://example.com/icons/crossfade-arrows.png err=HTTP Error 404: Not Found
2026-02-03 01:00:14 INFO dataset: Stage2 created response_id=r_000818_01
2026-02-03 01:00:14 WARNING dataset: Stage2 asset download failed url=https://example.com/icons/audio-waves.png err=HTTP Error 404: Not Found
2026-02-03 01:00:14 WARNING dataset: Stage2 asset download failed url=https://example.com/icons/cc-box.png err=HTTP Error 404: Not Found
2026-02-03 01:00:14 INFO dataset: Stage2 created response_id=r_000819_01
2026-02-03 01:00:15 WARNING dataset: Stage2 asset download failed url=https://example.com/icons/watch-play.png err=HTTP Error 404: Not Found
2026-02-03 01:00:15 WARNING dataset: Stage2 asset download failed url=https://example.com/icons/watch-ring-60.png err=HTTP Error 404: Not Found
2026-02-03 01:00:15 INFO dataset: Stage2 created response_id=r_000820_01
2026-02-03 01:00:59 ERROR dataset: Stage2 batch parse error: Unterminated string starting at: line 48 column 22 (char 14433)
2026-02-03 01:01:00 INFO dataset: Stage2 created response_id=r_000496_01
2026-02-03 01:01:01 WARNING dataset: Stage2 asset download failed url=https://img.icons8.com/color/48/ballot-box.png err=HTTP Error 404: Not Found
2026-02-03 01:01:01 WARNING dataset: Stage2 asset download failed url=https://img.icons8.com/color/48/live-video.png err=HTTP Error 404: Not Found
2026-02-03 01:01:01 INFO dataset: Stage2 created response_id=r_000497_01
2026-02-03 01:01:02 INFO dataset: Stage2 created response_id=r_000498_01
2026-02-03 01:01:03 INFO dataset: Stage2 created response_id=r_000499_01
2026-02-03 01:01:03 INFO dataset: Stage2 created response_id=r_000500_01
2026-02-03 01:01:06 WARNING dataset: Stage2 asset download failed url=https://images.unsplash.com/photo-1516934024742-b461fbc47600 err=HTTP Error 404: Not Found
2026-02-03 01:01:08 INFO dataset: Stage2 created response_id=r_000501_01
2026-02-03 01:01:08 INFO dataset: Stage2 created response_id=r_000502_01
2026-02-03 01:01:09 WARNING dataset: Stage2 asset download failed url=https://img.icons8.com/color/48/cinema.png err=HTTP Error 404: Not Found
2026-02-03 01:01:09 INFO dataset: Stage2 created response_id=r_000503_01
2026-02-03 01:01:10 WARNING dataset: Stage2 asset download failed url=https://img.icons8.com/color/48/strategy.png err=HTTP Error 404: Not Found
2026-02-03 01:01:10 ERROR dataset: Stage2 batch parse error: Expecting property name enclosed in double quotes: line 103 column 28 (char 19410)
2026-02-03 01:01:10 INFO dataset: Stage2 created response_id=r_000504_01
2026-02-03 01:01:11 WARNING dataset: Stage2 asset download failed url=https://images.unsplash.com/photo-1545048702-793eec75f20c err=HTTP Error 404: Not Found
2026-02-03 01:01:12 INFO dataset: Stage2 created response_id=r_000505_01
2026-02-03 01:01:12 INFO dataset: Stage2 created response_id=r_000841_01
2026-02-03 01:01:12 INFO dataset: Stage2 created response_id=r_000842_01
2026-02-03 01:01:13 INFO dataset: Stage2 created response_id=r_000506_01
2026-02-03 01:01:13 WARNING dataset: Stage2 asset download failed url=https://www.qrcode.com/en/about/howtoread.html err=HTTP Error 404: Not Found
2026-02-03 01:01:13 INFO dataset: Stage2 created response_id=r_000843_01
2026-02-03 01:01:13 INFO dataset: Stage2 created response_id=r_000844_01
2026-02-03 01:01:14 WARNING dataset: Stage2 asset download failed url=https://www.owasp.org/index.php/Main_Page err=HTTP Error 403: Forbidden
2026-02-03 01:01:14 INFO dataset: Stage2 created response_id=r_000845_01
2026-02-03 01:01:14 WARNING dataset: Stage2 asset download failed url=https://www.qr-code-generator.com/ err=HTTP Error 403: Forbidden
2026-02-03 01:01:14 INFO dataset: Stage2 created response_id=r_000846_01
2026-02-03 01:01:14 WARNING dataset: Stage2 asset download failed url=https://www.restaurant-menu.c err=<urlopen error [Errno 11001] getaddrinfo failed>
2026-02-03 01:01:14 INFO dataset: Stage2 created response_id=r_000847_01
2026-02-03 01:01:14 INFO dataset: Stage2 created response_id=r_000848_01
2026-02-03 01:01:15 WARNING dataset: Stage2 asset download failed url=https://restaurant.com/allergens err=HTTP Error 403: Forbidden
2026-02-03 01:01:15 INFO dataset: Stage2 created response_id=r_000849_01
2026-02-03 01:01:15 INFO dataset: Stage2 created response_id=r_000850_01
2026-02-03 01:01:15 INFO dataset: Stage2 created response_id=r_000851_01
2026-02-03 01:01:15 WARNING dataset: Stage2 asset download failed url=https://museum-example.org.uk/images/painting_01_thumb.jpg err=<urlopen error [Errno 11001] getaddrinfo failed>
2026-02-03 01:01:15 INFO dataset: Stage2 created response_id=r_000852_01
2026-02-03 01:01:15 WARNING dataset: Stage2 asset download failed url=https://api.service.com/redirect/123 err=<urlopen error [Errno 11001] getaddrinfo failed>
2026-02-03 01:01:15 WARNING dataset: Stage2 asset download failed url=https://website-v1.com err=<urlopen error [Errno 11001] getaddrinfo failed>
2026-02-03 01:01:15 WARNING dataset: Stage2 asset download failed url=https://website-v2.com err=<urlopen error [Errno 11001] getaddrinfo failed>
2026-02-03 01:01:16 WARNING dataset: Stage2 asset download failed url=https://en.wikipedia.org/wiki/QR_code#Dynamic_QR_codes err=HTTP Error 403: Forbidden
2026-02-03 01:01:16 INFO dataset: Stage2 created response_id=r_000853_01
2026-02-03 01:01:16 INFO dataset: Stage2 created response_id=r_000854_01
2026-02-03 01:01:16 INFO dataset: Stage2 created response_id=r_000855_01
2026-02-03 01:01:16 WARNING dataset: Stage2 asset download failed url=https://agency.com.au/prop?id=SYD123&lat=-33.86&long=151.20&tour=true err=<urlopen error [Errno 11001] getaddrinfo failed>
2026-02-03 01:01:17 ERROR dataset: Stage2 batch parse error: Expecting property name enclosed in double quotes: line 103 column 28 (char 19410)
2026-02-03 01:01:17 INFO dataset: Stage2 created response_id=r_000841_01
2026-02-03 01:01:17 INFO dataset: Stage2 created response_id=r_000842_01
2026-02-03 01:01:17 INFO dataset: Stage2 created response_id=r_000843_01
2026-02-03 01:01:17 INFO dataset: Stage2 created response_id=r_000844_01
2026-02-03 01:01:17 INFO dataset: Stage2 created response_id=r_000845_01
2026-02-03 01:01:17 INFO dataset: Stage2 created response_id=r_000846_01
2026-02-03 01:01:17 INFO dataset: Stage2 created response_id=r_000847_01
2026-02-03 01:01:17 INFO dataset: Stage2 created response_id=r_000848_01
2026-02-03 01:01:17 INFO dataset: Stage2 created response_id=r_000849_01
2026-02-03 01:01:17 INFO dataset: Stage2 created response_id=r_000850_01
2026-02-03 01:01:17 INFO dataset: Stage2 created response_id=r_000851_01
2026-02-03 01:01:17 WARNING dataset: Stage2 asset download failed url=https://museum-example.org.uk/images/painting_01_thumb.jpg err=<urlopen error [Errno 11001] getaddrinfo failed>
2026-02-03 01:01:17 INFO dataset: Stage2 created response_id=r_000852_01
2026-02-03 01:01:17 INFO dataset: Stage2 created response_id=r_000853_01
2026-02-03 01:01:17 INFO dataset: Stage2 created response_id=r_000854_01
2026-02-03 01:01:17 INFO dataset: Stage2 created response_id=r_000855_01
2026-02-03 01:01:17 INFO dataset: Stage2 created response_id=r_000856_01
2026-02-03 01:01:17 INFO dataset: Stage2 created response_id=r_000857_01
2026-02-03 01:01:17 INFO dataset: Stage2 created response_id=r_000858_01
2026-02-03 01:01:17 INFO dataset: Stage2 created response_id=r_000859_01
2026-02-03 01:01:17 INFO dataset: Stage2 created response_id=r_000860_01
2026-02-03 01:01:17 INFO dataset: Stage2 created response_id=r_000861_01
2026-02-03 01:01:17 INFO dataset: Stage2 created response_id=r_000862_01
2026-02-03 01:01:17 INFO dataset: Stage2 created response_id=r_000863_01
2026-02-03 01:01:17 INFO dataset: Stage2 created response_id=r_000864_01
2026-02-03 01:01:17 INFO dataset: Stage2 created response_id=r_000865_01
2026-02-03 01:01:17 WARNING dataset: Stage2 asset download failed url=https://agency.com.au/tour/SYD123 err=<urlopen error [Errno 11001] getaddrinfo failed>
2026-02-03 01:01:17 INFO dataset: Stage2 created response_id=r_000856_01
2026-02-03 01:01:17 INFO dataset: Stage2 created response_id=r_000857_01
2026-02-03 01:01:17 INFO dataset: Stage2 created response_id=r_000858_01
2026-02-03 01:01:17 INFO dataset: Stage2 created response_id=r_000859_01
2026-02-03 01:01:18 INFO dataset: Stage2 created response_id=r_000860_01
2026-02-03 01:01:18 INFO dataset: Stage2 created response_id=r_000861_01
2026-02-03 01:01:19 INFO dataset: Stage2 created response_id=r_000862_01
2026-02-03 01:01:19 INFO dataset: Stage2 created response_id=r_000863_01
2026-02-03 01:01:19 INFO dataset: Stage2 created response_id=r_000864_01
2026-02-03 01:01:19 WARNING dataset: Stage2 asset download failed url=https://www.gs1.org/standards/barcodes/datamatrix err=HTTP Error 403: Forbidden
2026-02-03 01:01:19 INFO dataset: Stage2 created response_id=r_000865_01
2026-02-03 01:02:08 WARNING dataset: Stage2 asset download failed url=https://img.icons8.com/color/48/ribbon.png err=HTTP Error 404: Not Found
2026-02-03 01:02:08 INFO dataset: Stage2 created response_id=r_000508_01
2026-02-03 01:02:08 WARNING dataset: Stage2 asset download failed url=https://globalsaasexpo.com/agenda.pdf err=<urlopen error [Errno 11001] getaddrinfo failed>
2026-02-03 01:02:08 INFO dataset: Stage2 created response_id=r_000509_01
2026-02-03 01:02:09 WARNING dataset: Stage2 asset download failed url=https://img.icons8.com/color/48/dna.png err=HTTP Error 404: Not Found
2026-02-03 01:02:10 WARNING dataset: Stage2 asset download failed url=https://img.icons8.com/color/48/parchment.png err=HTTP Error 404: Not Found
2026-02-03 01:02:10 INFO dataset: Stage2 created response_id=r_000510_01
2026-02-03 01:02:10 INFO dataset: Stage2 created response_id=r_000511_01
2026-02-03 01:02:11 INFO dataset: Stage2 created response_id=r_000512_01
2026-02-03 01:02:12 WARNING dataset: Stage2 asset download failed url=https://img.icons8.com/color/48/stock-market.png err=HTTP Error 404: Not Found
2026-02-03 01:02:12 INFO dataset: Stage2 created response_id=r_000513_01
2026-02-03 01:02:12 INFO dataset: Stage2 created response_id=r_000514_01
2026-02-03 01:02:13 WARNING dataset: Stage2 asset download failed url=https://img.icons8.com/color/48/superhero.png err=HTTP Error 404: Not Found
2026-02-03 01:02:13 INFO dataset: Stage2 created response_id=r_000515_01
2026-02-03 01:02:14 WARNING dataset: Stage2 asset download failed url=https://img.icons8.com/color/48/nurse.png err=HTTP Error 404: Not Found
2026-02-03 01:02:14 INFO dataset: Stage2 created response_id=r_000516_01
2026-02-03 01:02:14 INFO dataset: Stage2 created response_id=r_000517_01
2026-02-03 01:02:14 ERROR dataset: Stage2 batch parse error: Unterminated string starting at: line 76 column 22 (char 14736)
2026-02-03 01:02:14 INFO dataset: Stage2 created response_id=r_000881_01
2026-02-03 01:02:14 INFO dataset: Stage2 created response_id=r_000882_01
2026-02-03 01:02:14 INFO dataset: Stage2 created response_id=r_000883_01
2026-02-03 01:02:15 INFO dataset: Stage2 created response_id=r_000884_01
2026-02-03 01:02:15 INFO dataset: Stage2 created response_id=r_000885_01
2026-02-03 01:02:15 INFO dataset: Stage2 created response_id=r_000886_01
2026-02-03 01:02:15 INFO dataset: Stage2 created response_id=r_000887_01
2026-02-03 01:02:15 INFO dataset: Stage2 created response_id=r_000888_01
2026-02-03 01:02:15 WARNING dataset: Stage2 asset download failed url=https://img.icons8.com/color/48/meditation.png err=HTTP Error 404: Not Found
2026-02-03 01:02:15 INFO dataset: Stage2 created response_id=r_000518_01
2026-02-03 01:02:16 WARNING dataset: Stage2 asset download failed url=https://img.icons8.com/color/48/light-it-up.png err=HTTP Error 404: Not Found
2026-02-03 01:02:16 INFO dataset: Stage2 created response_id=r_000889_01
2026-02-03 01:02:16 INFO dataset: Stage2 created response_id=r_000890_01
2026-02-03 01:02:16 INFO dataset: Stage2 created response_id=r_000891_01
2026-02-03 01:02:16 INFO dataset: Stage2 created response_id=r_000892_01
2026-02-03 01:02:16 INFO dataset: Stage2 created response_id=r_000893_01
2026-02-03 01:02:16 INFO dataset: Stage2 created response_id=r_000894_01
2026-02-03 01:02:16 INFO dataset: Stage2 created response_id=r_000895_01
2026-02-03 01:02:16 INFO dataset: Stage2 created response_id=r_000896_01
2026-02-03 01:02:16 INFO dataset: Stage2 created response_id=r_000897_01
2026-02-03 01:02:16 INFO dataset: Stage2 created response_id=r_000898_01
2026-02-03 01:02:16 INFO dataset: Stage2 created response_id=r_000519_01
2026-02-03 01:02:16 ERROR dataset: Stage2 batch parse error: Unterminated string starting at: line 76 column 22 (char 14736)
2026-02-03 01:02:17 WARNING dataset: Stage2 asset download failed url=https://www.bhphotovideo.com/explora/photography/tips-and-solutions/how-to-protect-your-camera-in-the-rain err=HTTP Error 403: Forbidden
2026-02-03 01:02:17 WARNING dataset: Stage2 asset download failed url=https://img.icons8.com/color/48/cinema-reel.png err=HTTP Error 404: Not Found
2026-02-03 01:02:17 INFO dataset: Stage2 created response_id=r_000520_01
2026-02-03 01:02:17 WARNING dataset: Stage2 asset download failed url=https://www.jma.go.jp/bosai/nwcl/#area_type=offices&area_code=130000 err=HTTP Error 404: Not Found
2026-02-03 01:02:17 INFO dataset: Stage2 created response_id=r_000881_01
2026-02-03 01:02:18 WARNING dataset: Stage2 asset download failed url=https://www.ups.com/track err=<urlopen error [SSL: CERTIFICATE_VERIFY_FAILED] certificate verify failed: unable to get local issuer certificate (_ssl.c:1006)>
2026-02-03 01:02:18 INFO dataset: Stage2 created response_id=r_000882_01
2026-02-03 01:02:19 WARNING dataset: Stage2 asset download failed url=https://www.heathrow.com/at-the-airport/lounges err=HTTP Error 404: Not Found
2026-02-03 01:02:19 INFO dataset: Stage2 created response_id=r_000883_01
2026-02-03 01:02:19 INFO dataset: Stage2 created response_id=r_000884_01
2026-02-03 01:02:19 WARNING dataset: Stage2 asset download failed url=https://www.marketwatch.com/investing/stock/example err=HTTP Error 401: HTTP Forbidden
2026-02-03 01:02:20 WARNING dataset: Stage2 asset download failed url=https://www.bloomberg.com/markets err=HTTP Error 403: Forbidden
2026-02-03 01:02:20 INFO dataset: Stage2 created response_id=r_000885_01
2026-02-03 01:02:20 WARNING dataset: Stage2 asset download failed url=https://www.thefork.com/ err=HTTP Error 403: Forbidden
2026-02-03 01:02:21 WARNING dataset: Stage2 asset download failed url=https://www.opentable.com/paris-restaurants err=HTTP Error 404: Not Found
2026-02-03 01:02:21 INFO dataset: Stage2 created response_id=r_000886_01
2026-02-03 01:02:21 WARNING dataset: Stage2 asset download failed url=https://www.diabetes.org/diabetes/blood-sugar-testing-and-control/checking-your-blood-sugar err=HTTP Error 403: Forbidden
2026-02-03 01:02:22 WARNING dataset: Stage2 asset download failed url=https://www.cdc.gov/diabetes/managing/manage-blood-sugar.html err=HTTP Error 404: Not Found
2026-02-03 01:02:22 INFO dataset: Stage2 created response_id=r_000887_01
2026-02-03 01:02:22 WARNING dataset: Stage2 asset download failed url=https://www.inventory-system-example.com/orders err=<urlopen error [Errno 11001] getaddrinfo failed>
2026-02-03 01:02:22 WARNING dataset: Stage2 asset download failed url=https://www.hardware-distributor.com/contact err=<urlopen error [Errno 11001] getaddrinfo failed>
2026-02-03 01:02:22 INFO dataset: Stage2 created response_id=r_000888_01
2026-02-03 01:02:23 WARNING dataset: Stage2 asset download failed url=https://img.icons8.com/color/48/light-it-up.png err=HTTP Error 404: Not Found
2026-02-03 01:02:23 INFO dataset: Stage2 created response_id=r_000889_01
2026-02-03 01:02:23 WARNING dataset: Stage2 asset download failed url=https://www.university-portal.edu/tutoring err=<urlopen error [Errno 11001] getaddrinfo failed>
2026-02-03 01:02:23 WARNING dataset: Stage2 asset download failed url=https://www.university-portal.edu/grades err=<urlopen error [Errno 11001] getaddrinfo failed>
2026-02-03 01:02:23 INFO dataset: Stage2 created response_id=r_000890_01
2026-02-03 01:02:23 WARNING dataset: Stage2 asset download failed url=https://node-alpha.internal/dashboard err=<urlopen error [Errno 11001] getaddrinfo failed>
2026-02-03 01:02:23 WARNING dataset: Stage2 asset download failed url=https://node-alpha.internal/reboot err=<urlopen error [Errno 11001] getaddrinfo failed>
2026-02-03 01:02:23 INFO dataset: Stage2 created response_id=r_000891_01
2026-02-03 01:02:23 WARNING dataset: Stage2 asset download failed url=https://www.indeed.com/career-advice/finding-a-job/follow-up-email-after-interview err=HTTP Error 403: Forbidden
2026-02-03 01:02:23 WARNING dataset: Stage2 asset download failed url=https://www.glassdoor.com err=HTTP Error 403: Forbidden
2026-02-03 01:02:23 INFO dataset: Stage2 created response_id=r_000892_01
2026-02-03 01:02:24 WARNING dataset: Stage2 asset download failed url=https://marketing-tools.berlin/export err=<urlopen error [Errno 11001] getaddrinfo failed>
2026-02-03 01:02:25 INFO dataset: Stage2 created response_id=r_000893_01
2026-02-03 01:02:26 WARNING dataset: Stage2 asset download failed url=https://www.bpl.org/my-account err=HTTP Error 404: Not Found
2026-02-03 01:02:27 WARNING dataset: Stage2 asset download failed url=https://www.bpl.org/pay-fines err=HTTP Error 404: Not Found
2026-02-03 01:02:27 INFO dataset: Stage2 created response_id=r_000894_01
2026-02-03 01:02:27 WARNING dataset: Stage2 asset download failed url=https://health-app-example.com/trends err=<urlopen error [Errno 11001] getaddrinfo failed>
2026-02-03 01:02:27 WARNING dataset: Stage2 asset download failed url=https://health-app-example.com/settings err=<urlopen error [Errno 11001] getaddrinfo failed>
2026-02-03 01:02:27 INFO dataset: Stage2 created response_id=r_000895_01
2026-02-03 01:02:28 WARNING dataset: Stage2 asset download failed url=https://office-booking-madrid.com/reserve?room=B err=<urlopen error [Errno 11001] getaddrinfo failed>
2026-02-03 01:02:28 WARNING dataset: Stage2 asset download failed url=https://office-booking-madrid.com/map err=<urlopen error [Errno 11001] getaddrinfo failed>
2026-02-03 01:02:28 INFO dataset: Stage2 created response_id=r_000896_01
2026-02-03 01:02:31 WARNING dataset: Stage2 asset download failed url=https://www.ford.com/support/service-itinerary err=HTTP Error 404: Not Found
2026-02-03 01:02:34 INFO dataset: Stage2 created response_id=r_000897_01
2026-02-03 01:02:34 WARNING dataset: Stage2 asset download failed url=https://cloudstorage.example.com/billing err=<urlopen error [Errno 11001] getaddrinfo failed>
2026-02-03 01:02:35 WARNING dataset: Stage2 asset download failed url=https://streamingx.example.com/account err=<urlopen error [Errno 11001] getaddrinfo failed>
2026-02-03 01:02:35 INFO dataset: Stage2 created response_id=r_000898_01
2026-02-03 01:03:22 ERROR dataset: Stage2 batch parse error: Unterminated string starting at: line 60 column 22 (char 20941)
2026-02-03 01:03:22 INFO dataset: Stage2 created response_id=r_000541_01
2026-02-03 01:03:22 INFO dataset: Stage2 created response_id=r_000542_01
2026-02-03 01:03:22 INFO dataset: Stage2 created response_id=r_000543_01
2026-02-03 01:03:22 INFO dataset: Stage2 created response_id=r_000544_01
2026-02-03 01:03:22 INFO dataset: Stage2 created response_id=r_000545_01
2026-02-03 01:03:23 WARNING dataset: Stage2 asset download failed url=https://www.oecd.org/els/soc/Basic-Income-Finland.pdf err=HTTP Error 403: Forbidden
2026-02-03 01:03:23 INFO dataset: Stage2 created response_id=r_000546_01
2026-02-03 01:03:23 INFO dataset: Stage2 created response_id=r_000547_01
2026-02-03 01:03:23 INFO dataset: Stage2 created response_id=r_000548_01
2026-02-03 01:03:23 INFO dataset: Stage2 created response_id=r_000549_01
2026-02-03 01:03:23 INFO dataset: Stage2 created response_id=r_000550_01
2026-02-03 01:03:23 INFO dataset: Stage2 created response_id=r_000551_01
2026-02-03 01:03:23 INFO dataset: Stage2 created response_id=r_000552_01
2026-02-03 01:03:23 INFO dataset: Stage2 created response_id=r_000553_01
2026-02-03 01:03:23 INFO dataset: Stage2 created response_id=r_000554_01
2026-02-03 01:04:26 ERROR dataset: Stage2 batch parse error: Unterminated string starting at: line 64 column 22 (char 16965)
2026-02-03 01:04:26 INFO dataset: Stage2 created response_id=r_000561_01
2026-02-03 01:04:27 WARNING dataset: Stage2 asset download failed url=https://img.icons8.com/color/48/credit-card.png err=HTTP Error 404: Not Found
2026-02-03 01:04:27 INFO dataset: Stage2 created response_id=r_000562_01
2026-02-03 01:04:27 WARNING dataset: Stage2 asset download failed url=https://img.icons8.com/color/48/electric-car.png err=HTTP Error 404: Not Found
2026-02-03 01:04:28 WARNING dataset: Stage2 asset download failed url=https://img.icons8.com/color/48/charging-station.png err=HTTP Error 404: Not Found
2026-02-03 01:04:28 INFO dataset: Stage2 created response_id=r_000563_01
2026-02-03 01:04:28 WARNING dataset: Stage2 asset download failed url=https://example.com/kyoto-october.jpg err=HTTP Error 404: Not Found
2026-02-03 01:04:28 WARNING dataset: Stage2 asset download failed url=https://example.com/florence-october.jpg err=HTTP Error 404: Not Found
2026-02-03 01:04:29 INFO dataset: Stage2 created response_id=r_000564_01
2026-02-03 01:04:29 WARNING dataset: Stage2 asset download failed url=https://img.icons8.com/color/48/fitness.png err=HTTP Error 404: Not Found
2026-02-03 01:04:29 INFO dataset: Stage2 created response_id=r_000565_01
2026-02-03 01:04:30 INFO dataset: Stage2 created response_id=r_000566_01
2026-02-03 01:04:30 WARNING dataset: Stage2 asset download failed url=https://img.icons8.com/color/48/job-seeker.png err=HTTP Error 404: Not Found
2026-02-03 01:04:30 INFO dataset: Stage2 created response_id=r_000567_01
2026-02-03 01:04:31 INFO dataset: Stage2 created response_id=r_000568_01
2026-02-03 01:04:31 INFO dataset: Stage2 created response_id=r_000569_01
2026-02-03 01:04:31 WARNING dataset: Stage2 asset download failed url=https://img.icons8.com/color/48/cloud-computing.png err=HTTP Error 404: Not Found
2026-02-03 01:04:32 INFO dataset: Stage2 created response_id=r_000570_01
2026-02-03 01:04:32 WARNING dataset: Stage2 asset download failed url=https://img.icons8.com/color/48/child.png err=HTTP Error 404: Not Found
2026-02-03 01:04:32 INFO dataset: Stage2 created response_id=r_000571_01
2026-02-03 01:04:33 INFO dataset: Stage2 created response_id=r_000572_01
2026-02-03 01:04:33 INFO dataset: Stage2 created response_id=r_000573_01
2026-02-03 01:04:33 INFO dataset: Stage2 created response_id=r_000574_01
2026-02-03 01:04:34 WARNING dataset: Stage2 asset download failed url=https://img.icons8.com/color/48/hotel.png err=HTTP Error 404: Not Found
2026-02-03 01:04:34 INFO dataset: Stage2 created response_id=r_000575_01
2026-02-03 01:07:57 INFO dataset: Stage3 created ui_id=u_000001_01 schema_ok=False
2026-02-03 01:08:55 INFO dataset: Stage3 created ui_id=u_000002_01 schema_ok=False
2026-02-03 01:10:42 INFO dataset: Stage3 created ui_id=u_000003_01 schema_ok=False
2026-02-03 01:10:51 INFO dataset: Stage3 created ui_id=u_000003_01 schema_ok=False
2026-02-03 01:11:38 INFO dataset: Stage3 created ui_id=u_000004_01 schema_ok=False
2026-02-03 01:12:19 INFO dataset: Stage3 created ui_id=u_000004_01 schema_ok=False
2026-02-03 01:13:19 INFO dataset: Stage3 created ui_id=u_000005_01 schema_ok=False
2026-02-03 01:14:04 INFO dataset: Stage3 created ui_id=u_000005_01 schema_ok=False
2026-02-03 01:14:06 INFO dataset: Stage3 created ui_id=u_000005_01 schema_ok=False
2026-02-03 01:14:56 INFO dataset: Stage3 created ui_id=u_000021_01 schema_ok=False
2026-02-03 01:15:40 INFO dataset: Stage3 created ui_id=u_000021_01 schema_ok=False
2026-02-03 01:15:49 INFO dataset: Stage3 created ui_id=u_000021_01 schema_ok=False
2026-02-03 01:16:52 INFO dataset: Stage3 created ui_id=u_000022_01 schema_ok=False
2026-02-03 01:16:56 INFO dataset: Stage3 created ui_id=u_000001_01 schema_ok=False
2026-02-03 01:19:55 INFO dataset: Stage3 created ui_id=u_000022_01 schema_ok=False
2026-02-03 01:20:04 INFO dataset: Stage3 created ui_id=u_000022_01 schema_ok=False
2026-02-03 01:20:06 INFO dataset: Stage3 created ui_id=u_000002_01 schema_ok=False
2026-02-03 01:20:14 INFO dataset: Stage3 created ui_id=u_000023_01 schema_ok=False
2026-02-03 01:21:36 INFO dataset: Stage3 created ui_id=u_000001_01 schema_ok=False
2026-02-03 01:22:36 INFO dataset: Stage3 created ui_id=u_000003_01 schema_ok=False
2026-02-03 01:22:38 INFO dataset: Stage3 created ui_id=u_000024_01 schema_ok=False
2026-02-03 01:23:52 INFO dataset: Stage3 created ui_id=u_000002_01 schema_ok=False
2026-02-03 01:24:18 INFO dataset: Stage3 created ui_id=u_000023_01 schema_ok=False
2026-02-03 01:24:21 INFO dataset: Stage3 created ui_id=u_000023_01 schema_ok=False
2026-02-03 01:24:24 INFO dataset: Stage3 created ui_id=u_000004_01 schema_ok=False
2026-02-03 01:24:24 INFO dataset: Stage3 created ui_id=u_000001_01 schema_ok=False
2026-02-03 01:24:58 INFO dataset: Stage3 created ui_id=u_000025_01 schema_ok=False
2026-02-03 01:26:23 INFO dataset: Stage3 created ui_id=u_000003_01 schema_ok=False
2026-02-03 01:26:36 INFO dataset: Stage3 created ui_id=u_000002_01 schema_ok=False
2026-02-03 01:26:53 INFO dataset: Stage3 created ui_id=u_000005_01 schema_ok=False
2026-02-03 01:27:19 INFO dataset: Stage3 created ui_id=u_000026_01 schema_ok=False
2026-02-03 01:28:17 INFO dataset: Stage3 created ui_id=u_000004_01 schema_ok=False
2026-02-03 01:28:43 INFO dataset: Stage3 created ui_id=u_000024_01 schema_ok=False
2026-02-03 01:29:12 INFO dataset: Stage3 created ui_id=u_000003_01 schema_ok=False
2026-02-03 01:29:22 INFO dataset: Stage3 created ui_id=u_000022_01 schema_ok=False
2026-02-03 01:30:11 INFO dataset: Stage3 created ui_id=u_000001_01 schema_ok=False
2026-02-03 01:30:14 INFO dataset: Stage3 created ui_id=u_000024_01 schema_ok=False
2026-02-03 01:32:26 INFO dataset: Stage3 created ui_id=u_000005_01 schema_ok=False
2026-02-03 01:32:28 INFO dataset: Stage3 created ui_id=u_000002_01 schema_ok=False
2026-02-03 01:32:34 INFO dataset: Stage3 created ui_id=u_000004_01 schema_ok=False
2026-02-03 01:33:21 INFO dataset: Stage3 created ui_id=u_000025_01 schema_ok=False
2026-02-03 01:33:32 INFO dataset: Stage3 created ui_id=u_000027_01 schema_ok=False
2026-02-03 01:33:44 INFO dataset: Stage3 created ui_id=u_000023_01 schema_ok=False
2026-02-03 01:38:36 INFO dataset: Stage3 created ui_id=u_000001_01 schema_ok=False
2026-02-03 01:40:54 INFO dataset: Stage3 created ui_id=u_000002_01 schema_ok=False
2026-02-03 01:43:23 INFO dataset: Stage3 created ui_id=u_000003_01 schema_ok=False
2026-02-03 01:44:35 INFO dataset: Stage3 created ui_id=u_000001_01 schema_ok=True
2026-02-03 01:45:19 INFO dataset: Stage3 created ui_id=u_000004_01 schema_ok=False
2026-02-03 01:46:53 INFO dataset: Stage3 created ui_id=u_000002_01 schema_ok=True
2026-02-03 01:47:45 INFO dataset: Stage4 HTTP server started on port 52938
2026-02-03 01:47:56 INFO dataset: Stage3 created ui_id=u_000005_01 schema_ok=False
2026-02-03 01:47:59 INFO dataset: Stage4 complete. Rendered outputs stored at C:\Users\anupk\Documents\git\A2UI\dataset\data\runs\gemini_3\rendered
2026-02-03 01:48:00 INFO dataset: Stage3 created ui_id=u_000001_01 schema_ok=True
2026-02-03 01:49:16 INFO dataset: Stage3 created ui_id=u_000003_01 schema_ok=True
2026-02-03 01:50:16 INFO dataset: Stage3 created ui_id=u_000002_01 schema_ok=True
2026-02-03 01:50:28 INFO dataset: Stage3 created ui_id=u_000021_01 schema_ok=False
2026-02-03 01:50:30 INFO dataset: Stage4 HTTP server started on port 51404
2026-02-03 01:50:34 INFO dataset: Stage4 complete. Rendered outputs stored at C:\Users\anupk\Documents\git\A2UI\dataset\data\runs\gemini_3\rendered
2026-02-03 01:51:13 INFO dataset: Stage3 created ui_id=u_000004_01 schema_ok=True
2026-02-03 01:52:38 INFO dataset: Stage3 created ui_id=u_000003_01 schema_ok=True
2026-02-03 01:53:03 INFO dataset: Stage3 created ui_id=u_000022_01 schema_ok=False
2026-02-03 01:54:32 INFO dataset: Stage3 created ui_id=u_000004_01 schema_ok=True
2026-02-03 01:55:06 INFO dataset: Stage3 created ui_id=u_000024_01 schema_ok=False
2026-02-03 01:55:11 INFO dataset: Stage3 created ui_id=u_000005_01 schema_ok=True
2026-02-03 01:56:59 INFO dataset: Stage3 created ui_id=u_000005_01 schema_ok=True
2026-02-03 01:57:32 INFO dataset: Stage3 created ui_id=u_000026_01 schema_ok=False
2026-02-03 01:57:33 INFO dataset: Stage3 created ui_id=u_000021_01 schema_ok=True
2026-02-03 01:59:25 INFO dataset: Stage3 created ui_id=u_000021_01 schema_ok=True
2026-02-03 02:00:01 INFO dataset: Stage3 created ui_id=u_000022_01 schema_ok=True
2026-02-03 02:01:55 INFO dataset: Stage3 created ui_id=u_000023_01 schema_ok=True
2026-02-03 02:01:55 INFO dataset: Stage3 created ui_id=u_000022_01 schema_ok=True
2026-02-03 02:02:04 INFO dataset: Stage3 created ui_id=u_000031_01 schema_ok=False
2026-02-03 02:03:47 INFO dataset: Stage3 created ui_id=u_000023_01 schema_ok=True
2026-02-03 02:04:05 INFO dataset: Stage3 created ui_id=u_000024_01 schema_ok=True
2026-02-03 02:05:47 INFO dataset: Stage3 created ui_id=u_000024_01 schema_ok=True
2026-02-03 02:06:29 INFO dataset: Stage3 created ui_id=u_000025_01 schema_ok=True
2026-02-03 02:07:53 INFO dataset: Stage3 created ui_id=u_000032_01 schema_ok=False
2026-02-03 02:08:02 INFO dataset: Stage3 created ui_id=u_000025_01 schema_ok=True
2026-02-03 02:08:50 INFO dataset: Stage3 created ui_id=u_000026_01 schema_ok=True
2026-02-03 02:10:19 INFO dataset: Stage3 created ui_id=u_000026_01 schema_ok=True
2026-02-03 02:11:17 INFO dataset: Stage3 created ui_id=u_000027_01 schema_ok=True
2026-02-03 02:12:31 INFO dataset: Stage3 created ui_id=u_000033_01 schema_ok=False
2026-02-03 02:14:14 INFO dataset: Stage3 created ui_id=u_000027_01 schema_ok=True
2026-02-03 02:15:46 INFO dataset: Stage3 created ui_id=u_000031_01 schema_ok=True
2026-02-03 02:18:43 INFO dataset: Stage3 created ui_id=u_000031_01 schema_ok=True
2026-02-03 02:19:31 INFO dataset: Stage3 created ui_id=u_000034_01 schema_ok=False
2026-02-03 02:20:01 INFO dataset: Stage3 created ui_id=u_000032_01 schema_ok=True
2026-02-03 02:21:59 INFO dataset: Stage3 created ui_id=u_000033_01 schema_ok=True
2026-02-03 02:22:58 INFO dataset: Stage3 created ui_id=u_000032_01 schema_ok=True
2026-02-03 02:23:53 INFO dataset: Stage3 created ui_id=u_000035_01 schema_ok=False
2026-02-03 02:23:57 INFO dataset: Stage3 created ui_id=u_000034_01 schema_ok=True
2026-02-03 02:24:56 INFO dataset: Stage3 created ui_id=u_000033_01 schema_ok=True
2026-02-03 02:26:55 INFO dataset: Stage3 created ui_id=u_000034_01 schema_ok=True
2026-02-03 02:28:19 INFO dataset: Stage3 created ui_id=u_000035_01 schema_ok=True
2026-02-03 02:29:56 INFO dataset: Stage3 created ui_id=u_000036_01 schema_ok=False
2026-02-03 02:30:19 INFO dataset: Stage3 created ui_id=u_000036_01 schema_ok=True
2026-02-03 02:31:17 INFO dataset: Stage3 created ui_id=u_000035_01 schema_ok=True
2026-02-03 02:33:17 INFO dataset: Stage3 created ui_id=u_000036_01 schema_ok=True
2026-02-03 02:34:42 INFO dataset: Stage3 created ui_id=u_000037_01 schema_ok=False
2026-02-03 02:34:49 INFO dataset: Stage3 created ui_id=u_000037_01 schema_ok=True
2026-02-03 02:36:44 INFO dataset: Stage3 created ui_id=u_000038_01 schema_ok=True
2026-02-03 02:37:48 INFO dataset: Stage3 created ui_id=u_000037_01 schema_ok=True
2026-02-03 02:39:16 INFO dataset: Stage3 created ui_id=u_000038_01 schema_ok=False
2026-02-03 02:39:46 INFO dataset: Stage3 created ui_id=u_000038_01 schema_ok=True
2026-02-03 02:41:13 INFO dataset: Stage3 created ui_id=u_000039_01 schema_ok=True
2026-02-03 02:43:52 INFO dataset: Stage3 created ui_id=u_000039_01 schema_ok=False
2026-02-03 02:44:20 INFO dataset: Stage3 created ui_id=u_000039_01 schema_ok=True
2026-02-03 02:45:40 INFO dataset: Stage3 created ui_id=u_000040_01 schema_ok=True
2026-02-03 02:47:38 INFO dataset: Stage3 created ui_id=u_000111_01 schema_ok=True
2026-02-03 02:48:14 INFO dataset: Stage3 created ui_id=u_000040_01 schema_ok=False
2026-02-03 02:48:37 INFO dataset: Stage3 created ui_id=u_000040_01 schema_ok=True
2026-02-03 02:50:36 INFO dataset: Stage3 created ui_id=u_000111_01 schema_ok=True
2026-02-03 02:52:04 INFO dataset: Stage3 created ui_id=u_000112_01 schema_ok=True
2026-02-03 02:52:47 INFO dataset: Stage3 created ui_id=u_000111_01 schema_ok=False
2026-02-03 02:54:01 INFO dataset: Stage3 created ui_id=u_000113_01 schema_ok=True
2026-02-03 02:55:07 INFO dataset: Stage3 created ui_id=u_000112_01 schema_ok=True
2026-02-03 02:55:58 INFO dataset: Stage3 created ui_id=u_000114_01 schema_ok=True
2026-02-03 02:57:03 INFO dataset: Stage3 created ui_id=u_000113_01 schema_ok=True
2026-02-03 02:57:24 INFO dataset: Stage3 created ui_id=u_000112_01 schema_ok=False
2026-02-03 02:57:56 INFO dataset: Stage3 created ui_id=u_000041_01 schema_ok=True
2026-02-03 02:58:59 INFO dataset: Stage3 created ui_id=u_000114_01 schema_ok=True
2026-02-03 03:00:57 INFO dataset: Stage3 created ui_id=u_000041_01 schema_ok=True
2026-02-03 03:01:37 INFO dataset: Stage3 created ui_id=u_000113_01 schema_ok=False
2026-02-03 03:02:31 INFO dataset: Stage3 created ui_id=u_000042_01 schema_ok=True
2026-02-03 03:06:19 INFO dataset: Stage3 created ui_id=u_000114_01 schema_ok=False
2026-02-03 03:06:54 INFO dataset: Stage3 created ui_id=u_000043_01 schema_ok=True
2026-02-03 03:07:57 INFO dataset: Stage3 created ui_id=u_000042_01 schema_ok=True
2026-02-03 03:08:54 INFO dataset: Stage3 created ui_id=u_000044_01 schema_ok=True
2026-02-03 03:11:10 INFO dataset: Stage3 created ui_id=u_000041_01 schema_ok=False
2026-02-03 03:12:16 INFO dataset: Stage3 created ui_id=u_000043_01 schema_ok=True
2026-02-03 03:13:21 INFO dataset: Stage3 created ui_id=u_000045_01 schema_ok=True
2026-02-03 03:14:15 INFO dataset: Stage3 created ui_id=u_000044_01 schema_ok=True
2026-02-03 03:15:19 INFO dataset: Stage3 created ui_id=u_000046_01 schema_ok=True
2026-02-03 03:15:50 INFO dataset: Stage3 created ui_id=u_000042_01 schema_ok=False
2026-02-03 03:18:41 INFO dataset: Stage3 created ui_id=u_000045_01 schema_ok=True
2026-02-03 03:19:46 INFO dataset: Stage3 created ui_id=u_000047_01 schema_ok=True
2026-02-03 03:20:10 INFO dataset: Stage3 created ui_id=u_000043_01 schema_ok=False
2026-02-03 03:20:40 INFO dataset: Stage3 created ui_id=u_000046_01 schema_ok=True
2026-02-03 03:24:01 INFO dataset: Stage3 created ui_id=u_000048_01 schema_ok=True
2026-02-03 03:25:07 INFO dataset: Stage3 created ui_id=u_000047_01 schema_ok=True
2026-02-03 03:26:15 INFO dataset: Stage3 created ui_id=u_000044_01 schema_ok=False
2026-02-03 03:28:17 INFO dataset: Stage3 created ui_id=u_000049_01 schema_ok=True
2026-02-03 03:29:20 INFO dataset: Stage3 created ui_id=u_000048_01 schema_ok=True
2026-02-03 03:30:39 INFO dataset: Stage3 created ui_id=u_000045_01 schema_ok=False
2026-02-03 03:32:44 INFO dataset: Stage3 created ui_id=u_000050_01 schema_ok=True
2026-02-03 03:33:37 INFO dataset: Stage3 created ui_id=u_000049_01 schema_ok=True
2026-02-03 03:34:37 INFO dataset: Stage3 created ui_id=u_000141_01 schema_ok=True
2026-02-03 03:36:40 INFO dataset: Stage3 created ui_id=u_000046_01 schema_ok=False
2026-02-03 03:38:06 INFO dataset: Stage3 created ui_id=u_000050_01 schema_ok=True
2026-02-03 03:38:41 INFO dataset: Stage3 created ui_id=u_000142_01 schema_ok=True
2026-02-03 03:40:00 INFO dataset: Stage3 created ui_id=u_000141_01 schema_ok=True
2026-02-03 03:41:13 INFO dataset: Stage3 created ui_id=u_000047_01 schema_ok=False
2026-02-03 03:42:57 INFO dataset: Stage3 created ui_id=u_000143_01 schema_ok=True
2026-02-03 03:44:07 INFO dataset: Stage3 created ui_id=u_000142_01 schema_ok=True
2026-02-03 03:45:37 INFO dataset: Stage3 created ui_id=u_000048_01 schema_ok=False
2026-02-03 03:48:20 INFO dataset: Stage3 created ui_id=u_000143_01 schema_ok=True
2026-02-03 03:49:02 INFO dataset: Stage3 created ui_id=u_000006_01 schema_ok=True
2026-02-03 03:50:02 INFO dataset: Stage3 created ui_id=u_000049_01 schema_ok=False
2026-02-03 03:53:03 INFO dataset: Stage3 created ui_id=u_000006_01 schema_ok=True
2026-02-03 03:53:18 INFO dataset: Stage3 created ui_id=u_000007_01 schema_ok=True
2026-02-03 03:54:39 INFO dataset: Stage3 created ui_id=u_000050_01 schema_ok=False
2026-02-03 03:55:15 INFO dataset: Stage3 created ui_id=u_000008_01 schema_ok=True
2026-02-03 03:57:18 INFO dataset: Stage3 created ui_id=u_000007_01 schema_ok=True
2026-02-03 03:59:16 INFO dataset: Stage3 created ui_id=u_000008_01 schema_ok=True
2026-02-03 03:59:17 INFO dataset: Stage3 created ui_id=u_000141_01 schema_ok=False
2026-02-03 03:59:48 INFO dataset: Stage3 created ui_id=u_000009_01 schema_ok=True
2026-02-03 04:03:31 INFO dataset: Stage3 created ui_id=u_000142_01 schema_ok=False
2026-02-03 04:03:51 INFO dataset: Stage3 created ui_id=u_000009_01 schema_ok=True
2026-02-03 04:04:00 INFO dataset: Stage3 created ui_id=u_000010_01 schema_ok=True
2026-02-03 04:05:52 INFO dataset: Stage3 created ui_id=u_000011_01 schema_ok=True
2026-02-03 04:07:46 INFO dataset: Stage3 created ui_id=u_000012_01 schema_ok=True
2026-02-03 04:07:53 INFO dataset: Stage3 created ui_id=u_000143_01 schema_ok=False
2026-02-03 04:07:56 INFO dataset: Stage3 created ui_id=u_000010_01 schema_ok=True
2026-02-03 04:09:48 INFO dataset: Stage3 created ui_id=u_000011_01 schema_ok=True
2026-02-03 04:11:43 INFO dataset: Stage3 created ui_id=u_000012_01 schema_ok=True
2026-02-03 04:12:06 INFO dataset: Stage3 created ui_id=u_000013_01 schema_ok=True
2026-02-03 04:12:44 INFO dataset: Stage3 created ui_id=u_000006_01 schema_ok=False
2026-02-03 04:14:03 INFO dataset: Stage3 created ui_id=u_000014_01 schema_ok=True
2026-02-03 04:16:00 INFO dataset: Stage3 created ui_id=u_000015_01 schema_ok=True
2026-02-03 04:16:06 INFO dataset: Stage3 created ui_id=u_000013_01 schema_ok=True
2026-02-03 04:17:03 INFO dataset: Stage3 created ui_id=u_000007_01 schema_ok=False
2026-02-03 04:18:04 INFO dataset: Stage3 created ui_id=u_000014_01 schema_ok=True
2026-02-03 04:20:01 INFO dataset: Stage3 created ui_id=u_000015_01 schema_ok=True
2026-02-03 04:21:41 INFO dataset: Stage3 created ui_id=u_000028_01 schema_ok=True
2026-02-03 04:21:50 INFO dataset: Stage3 created ui_id=u_000008_01 schema_ok=False
2026-02-03 04:24:19 INFO dataset: Stage3 created ui_id=u_000028_01 schema_ok=True
2026-02-03 04:26:22 INFO dataset: Stage3 created ui_id=u_000029_01 schema_ok=True
2026-02-03 04:26:31 INFO dataset: Stage3 created ui_id=u_000009_01 schema_ok=False
2026-02-03 04:28:16 INFO dataset: Stage3 created ui_id=u_000030_01 schema_ok=True
2026-02-03 04:29:00 INFO dataset: Stage3 created ui_id=u_000029_01 schema_ok=True
2026-02-03 04:30:42 INFO dataset: Stage3 created ui_id=u_000010_01 schema_ok=False
2026-02-03 04:30:55 INFO dataset: Stage3 created ui_id=u_000030_01 schema_ok=True
2026-02-03 04:32:53 INFO dataset: Stage3 created ui_id=u_000081_01 schema_ok=True
2026-02-03 04:35:09 INFO dataset: Stage3 created ui_id=u_000011_01 schema_ok=False
2026-02-03 04:35:28 INFO dataset: Stage3 created ui_id=u_000081_01 schema_ok=True
2026-02-03 04:38:52 INFO dataset: Stage3 created ui_id=u_000082_01 schema_ok=True
2026-02-03 04:39:22 INFO dataset: Stage3 created ui_id=u_000012_01 schema_ok=False
2026-02-03 04:40:01 INFO dataset: Stage3 created ui_id=u_000082_01 schema_ok=True
2026-02-03 04:43:07 INFO dataset: Stage3 created ui_id=u_000083_01 schema_ok=True
2026-02-03 04:43:46 INFO dataset: Stage3 created ui_id=u_000013_01 schema_ok=False
2026-02-03 04:44:15 INFO dataset: Stage3 created ui_id=u_000083_01 schema_ok=True
2026-02-03 04:47:11 INFO dataset: Stage3 created ui_id=u_000115_01 schema_ok=True
2026-02-03 04:48:20 INFO dataset: Stage3 created ui_id=u_000115_01 schema_ok=True
2026-02-03 04:48:25 INFO dataset: Stage3 created ui_id=u_000014_01 schema_ok=False
2026-02-03 04:49:18 INFO dataset: Stage3 created ui_id=u_000116_01 schema_ok=True
2026-02-03 04:50:30 INFO dataset: Stage3 created ui_id=u_000116_01 schema_ok=True
2026-02-03 04:51:19 INFO dataset: Stage3 created ui_id=u_000117_01 schema_ok=True
2026-02-03 04:52:31 INFO dataset: Stage3 created ui_id=u_000117_01 schema_ok=True
2026-02-03 04:53:02 INFO dataset: Stage3 created ui_id=u_000015_01 schema_ok=False
2026-02-03 04:53:21 INFO dataset: Stage3 created ui_id=u_000118_01 schema_ok=True
2026-02-03 04:54:33 INFO dataset: Stage3 created ui_id=u_000118_01 schema_ok=True
2026-02-03 04:55:21 INFO dataset: Stage3 created ui_id=u_000119_01 schema_ok=True
2026-02-03 04:56:33 INFO dataset: Stage3 created ui_id=u_000119_01 schema_ok=True
2026-02-03 04:57:19 INFO dataset: Stage3 created ui_id=u_000120_01 schema_ok=True
2026-02-03 04:57:31 INFO dataset: Stage3 created ui_id=u_000028_01 schema_ok=False
2026-02-03 04:58:35 INFO dataset: Stage3 created ui_id=u_000120_01 schema_ok=True
2026-02-03 05:01:45 INFO dataset: Stage3 created ui_id=u_000121_01 schema_ok=True
2026-02-03 05:02:21 INFO dataset: Stage3 created ui_id=u_000029_01 schema_ok=False
2026-02-03 05:03:02 INFO dataset: Stage3 created ui_id=u_000121_01 schema_ok=True
2026-02-03 05:03:43 INFO dataset: Stage3 created ui_id=u_000122_01 schema_ok=True
2026-02-03 05:05:01 INFO dataset: Stage3 created ui_id=u_000122_01 schema_ok=True
2026-02-03 05:05:37 INFO dataset: Stage3 created ui_id=u_000123_01 schema_ok=True
2026-02-03 05:06:58 INFO dataset: Stage3 created ui_id=u_000123_01 schema_ok=True
2026-02-03 05:07:04 INFO dataset: Stage3 created ui_id=u_000030_01 schema_ok=False
2026-02-03 05:07:31 INFO dataset: Stage3 created ui_id=u_000016_01 schema_ok=True
2026-02-03 05:08:51 INFO dataset: Stage3 created ui_id=u_000016_01 schema_ok=True
2026-02-03 05:09:33 INFO dataset: Stage3 created ui_id=u_000124_01 schema_ok=True
2026-02-03 05:10:54 INFO dataset: Stage3 created ui_id=u_000124_01 schema_ok=True
2026-02-03 05:11:31 INFO dataset: Stage3 created ui_id=u_000017_01 schema_ok=True
2026-02-03 05:11:46 INFO dataset: Stage3 created ui_id=u_000081_01 schema_ok=False
2026-02-03 05:12:51 INFO dataset: Stage3 created ui_id=u_000017_01 schema_ok=True
2026-02-03 05:16:01 INFO dataset: Stage3 created ui_id=u_000018_01 schema_ok=True
2026-02-03 05:16:26 INFO dataset: Stage3 created ui_id=u_000082_01 schema_ok=False
2026-02-03 05:17:28 INFO dataset: Stage3 created ui_id=u_000018_01 schema_ok=True
2026-02-03 05:17:57 INFO dataset: Stage3 created ui_id=u_000019_01 schema_ok=True
2026-02-03 05:19:26 INFO dataset: Stage3 created ui_id=u_000019_01 schema_ok=True
2026-02-03 05:20:49 INFO dataset: Stage3 created ui_id=u_000083_01 schema_ok=False
2026-02-03 05:22:18 INFO dataset: Stage3 created ui_id=u_000125_01 schema_ok=True
2026-02-03 05:23:49 INFO dataset: Stage3 created ui_id=u_000125_01 schema_ok=True
2026-02-03 05:24:19 INFO dataset: Stage3 created ui_id=u_000126_01 schema_ok=True
2026-02-03 05:25:05 INFO dataset: Stage3 created ui_id=u_000115_01 schema_ok=False
2026-02-03 05:25:49 INFO dataset: Stage3 created ui_id=u_000126_01 schema_ok=True
2026-02-03 05:26:17 INFO dataset: Stage3 created ui_id=u_000020_01 schema_ok=True
2026-02-03 05:27:48 INFO dataset: Stage3 created ui_id=u_000020_01 schema_ok=True
2026-02-03 05:30:02 INFO dataset: Stage3 created ui_id=u_000116_01 schema_ok=False
2026-02-03 05:30:48 INFO dataset: Stage3 created ui_id=u_000061_01 schema_ok=True
2026-02-03 05:32:59 INFO dataset: Stage3 created ui_id=u_000062_01 schema_ok=True
2026-02-03 05:33:48 INFO dataset: Stage3 created ui_id=u_000061_01 schema_ok=True
2026-02-03 05:34:44 INFO dataset: Stage3 created ui_id=u_000117_01 schema_ok=False
2026-02-03 05:34:57 INFO dataset: Stage3 created ui_id=u_000063_01 schema_ok=True
2026-02-03 05:35:59 INFO dataset: Stage3 created ui_id=u_000062_01 schema_ok=True
2026-02-03 05:37:59 INFO dataset: Stage3 created ui_id=u_000063_01 schema_ok=True
2026-02-03 05:39:19 INFO dataset: Stage3 created ui_id=u_000064_01 schema_ok=True
2026-02-03 05:40:49 INFO dataset: Stage3 created ui_id=u_000118_01 schema_ok=False
2026-02-03 05:41:23 INFO dataset: Stage3 created ui_id=u_000127_01 schema_ok=True
2026-02-03 05:42:27 INFO dataset: Stage3 created ui_id=u_000064_01 schema_ok=True
2026-02-03 05:43:23 INFO dataset: Stage3 created ui_id=u_000128_01 schema_ok=True
2026-02-03 05:44:31 INFO dataset: Stage3 created ui_id=u_000127_01 schema_ok=True
2026-02-03 05:45:21 INFO dataset: Stage3 created ui_id=u_000119_01 schema_ok=False
2026-02-03 05:46:31 INFO dataset: Stage3 created ui_id=u_000128_01 schema_ok=True
2026-02-03 05:47:54 INFO dataset: Stage3 created ui_id=u_000084_01 schema_ok=True
2026-02-03 05:49:44 INFO dataset: Stage3 created ui_id=u_000120_01 schema_ok=False
2026-02-03 05:50:58 INFO dataset: Stage3 created ui_id=u_000084_01 schema_ok=True
2026-02-03 05:52:09 INFO dataset: Stage3 created ui_id=u_000144_01 schema_ok=True
2026-02-03 05:54:05 INFO dataset: Stage3 created ui_id=u_000085_01 schema_ok=True
2026-02-03 05:54:14 INFO dataset: Stage3 created ui_id=u_000121_01 schema_ok=False
2026-02-03 05:55:13 INFO dataset: Stage3 created ui_id=u_000144_01 schema_ok=True
2026-02-03 05:56:02 INFO dataset: Stage3 created ui_id=u_000086_01 schema_ok=True
2026-02-03 05:57:11 INFO dataset: Stage3 created ui_id=u_000085_01 schema_ok=True
2026-02-03 05:57:56 INFO dataset: Stage3 created ui_id=u_000087_01 schema_ok=True
2026-02-03 05:58:53 INFO dataset: Stage3 created ui_id=u_000122_01 schema_ok=False
2026-02-03 05:59:08 INFO dataset: Stage3 created ui_id=u_000086_01 schema_ok=True
2026-02-03 06:01:01 INFO dataset: Stage3 created ui_id=u_000087_01 schema_ok=True
2026-02-03 06:02:33 INFO dataset: Stage3 created ui_id=u_000088_01 schema_ok=True
2026-02-03 06:03:32 INFO dataset: Stage3 created ui_id=u_000123_01 schema_ok=False
2026-02-03 06:07:11 INFO dataset: Stage3 created ui_id=u_000089_01 schema_ok=True
2026-02-03 06:08:11 INFO dataset: Stage3 created ui_id=u_000016_01 schema_ok=False
2026-02-03 06:09:13 INFO dataset: Stage3 created ui_id=u_000090_01 schema_ok=True
2026-02-03 06:10:25 INFO dataset: Stage3 created ui_id=u_000088_01 schema_ok=True
2026-02-03 06:12:35 INFO dataset: Stage3 created ui_id=u_000124_01 schema_ok=False
2026-02-03 06:13:50 INFO dataset: Stage3 created ui_id=u_000091_01 schema_ok=True
2026-02-03 06:15:00 INFO dataset: Stage3 created ui_id=u_000089_01 schema_ok=True
2026-02-03 06:15:46 INFO dataset: Stage3 created ui_id=u_000092_01 schema_ok=True
2026-02-03 06:17:02 INFO dataset: Stage3 created ui_id=u_000090_01 schema_ok=True
2026-02-03 06:17:19 INFO dataset: Stage3 created ui_id=u_000017_01 schema_ok=False
2026-02-03 06:20:08 INFO dataset: Stage3 created ui_id=u_000093_01 schema_ok=True
2026-02-03 06:21:41 INFO dataset: Stage3 created ui_id=u_000091_01 schema_ok=True
2026-02-03 06:21:55 INFO dataset: Stage3 created ui_id=u_000018_01 schema_ok=False
2026-02-03 06:22:00 INFO dataset: Stage3 created ui_id=u_000145_01 schema_ok=True
2026-02-03 06:23:36 INFO dataset: Stage3 created ui_id=u_000092_01 schema_ok=True
2026-02-03 06:27:37 INFO dataset: Stage3 created ui_id=u_000146_01 schema_ok=True
2026-02-03 06:27:56 INFO dataset: Stage3 created ui_id=u_000019_01 schema_ok=False
2026-02-03 06:28:01 INFO dataset: Stage3 created ui_id=u_000093_01 schema_ok=True
2026-02-03 06:29:53 INFO dataset: Stage3 created ui_id=u_000145_01 schema_ok=True
2026-02-03 06:31:59 INFO dataset: Stage3 created ui_id=u_000094_01 schema_ok=True
2026-02-03 06:32:20 INFO dataset: Stage3 created ui_id=u_000125_01 schema_ok=False
2026-02-03 06:33:54 INFO dataset: Stage3 created ui_id=u_000095_01 schema_ok=True
2026-02-03 06:34:04 INFO dataset: Stage3 created ui_id=u_000146_01 schema_ok=True
2026-02-03 06:35:50 INFO dataset: Stage3 created ui_id=u_000096_01 schema_ok=True
2026-02-03 06:37:03 INFO dataset: Stage3 created ui_id=u_000126_01 schema_ok=False
2026-02-03 06:38:27 INFO dataset: Stage3 created ui_id=u_000094_01 schema_ok=True
2026-02-03 06:40:23 INFO dataset: Stage3 created ui_id=u_000095_01 schema_ok=True
2026-02-03 06:40:23 INFO dataset: Stage3 created ui_id=u_000097_01 schema_ok=True
2026-02-03 06:41:37 INFO dataset: Stage3 created ui_id=u_000020_01 schema_ok=False
2026-02-03 06:42:19 INFO dataset: Stage3 created ui_id=u_000096_01 schema_ok=True
2026-02-03 06:44:43 INFO dataset: Stage3 created ui_id=u_000098_01 schema_ok=True
2026-02-03 06:46:18 INFO dataset: Stage3 created ui_id=u_000061_01 schema_ok=False
2026-02-03 06:46:41 INFO dataset: Stage3 created ui_id=u_000099_01 schema_ok=True
2026-02-03 06:46:52 INFO dataset: Stage3 created ui_id=u_000097_01 schema_ok=True
2026-02-03 06:50:48 INFO dataset: Stage3 created ui_id=u_000147_01 schema_ok=True
2026-02-03 06:51:02 INFO dataset: Stage3 created ui_id=u_000062_01 schema_ok=False
2026-02-03 06:51:29 INFO dataset: Stage3 created ui_id=u_000098_01 schema_ok=True
2026-02-03 06:53:26 INFO dataset: Stage3 created ui_id=u_000099_01 schema_ok=True
2026-02-03 06:55:12 INFO dataset: Stage3 created ui_id=u_000063_01 schema_ok=False
2026-02-03 06:55:28 INFO dataset: Stage3 created ui_id=u_000148_01 schema_ok=True
2026-02-03 06:59:08 INFO dataset: Stage3 created ui_id=u_000147_01 schema_ok=True
2026-02-03 06:59:49 INFO dataset: Stage3 created ui_id=u_000064_01 schema_ok=False
2026-02-03 07:00:07 INFO dataset: Stage3 created ui_id=u_000149_01 schema_ok=True
2026-02-03 07:03:48 INFO dataset: Stage3 created ui_id=u_000148_01 schema_ok=True
2026-02-03 07:04:28 INFO dataset: Stage3 created ui_id=u_000150_01 schema_ok=True
2026-02-03 07:06:59 INFO dataset: Stage3 created ui_id=u_000127_01 schema_ok=False
2026-02-03 07:08:25 INFO dataset: Stage3 created ui_id=u_000149_01 schema_ok=True
2026-02-03 07:08:53 INFO dataset: Stage3 created ui_id=u_000151_01 schema_ok=True
2026-02-03 07:10:48 INFO dataset: Stage3 created ui_id=u_000152_01 schema_ok=True
2026-02-03 07:11:37 INFO dataset: Stage3 created ui_id=u_000128_01 schema_ok=False
2026-02-03 07:12:53 INFO dataset: Stage3 created ui_id=u_000150_01 schema_ok=True
2026-02-03 07:14:49 INFO dataset: Stage3 created ui_id=u_000153_01 schema_ok=True
2026-02-03 07:16:05 INFO dataset: Stage3 created ui_id=u_000084_01 schema_ok=False
2026-02-03 07:17:18 INFO dataset: Stage3 created ui_id=u_000151_01 schema_ok=True
2026-02-03 07:19:13 INFO dataset: Stage3 created ui_id=u_000152_01 schema_ok=True
2026-02-03 07:19:13 INFO dataset: Stage3 created ui_id=u_000154_01 schema_ok=True
2026-02-03 07:20:27 INFO dataset: Stage3 created ui_id=u_000144_01 schema_ok=False
2026-02-03 07:23:14 INFO dataset: Stage3 created ui_id=u_000153_01 schema_ok=True
2026-02-03 07:23:23 INFO dataset: Stage3 created ui_id=u_000155_01 schema_ok=True
2026-02-03 07:25:02 INFO dataset: Stage3 created ui_id=u_000085_01 schema_ok=False
2026-02-03 07:27:36 INFO dataset: Stage3 created ui_id=u_000154_01 schema_ok=True
2026-02-03 07:27:37 INFO dataset: Stage3 created ui_id=u_000156_01 schema_ok=True
2026-02-03 07:29:17 INFO dataset: Stage3 created ui_id=u_000086_01 schema_ok=False
2026-02-03 07:32:31 INFO dataset: Stage3 created ui_id=u_000157_01 schema_ok=True
2026-02-03 07:33:23 INFO dataset: Stage3 created ui_id=u_000155_01 schema_ok=True
2026-02-03 07:33:52 INFO dataset: Stage3 created ui_id=u_000087_01 schema_ok=False
2026-02-03 07:37:02 INFO dataset: Stage3 created ui_id=u_000158_01 schema_ok=True
2026-02-03 07:37:39 INFO dataset: Stage3 created ui_id=u_000156_01 schema_ok=True
2026-02-03 07:38:55 INFO dataset: Stage3 created ui_id=u_000159_01 schema_ok=True
2026-02-03 07:40:01 INFO dataset: Stage3 created ui_id=u_000088_01 schema_ok=False
2026-02-03 07:42:27 INFO dataset: Stage3 created ui_id=u_000157_01 schema_ok=True
2026-02-03 07:43:24 INFO dataset: Stage3 created ui_id=u_000160_01 schema_ok=True
2026-02-03 07:44:45 INFO dataset: Stage3 created ui_id=u_000089_01 schema_ok=False
2026-02-03 07:45:23 INFO dataset: Stage3 created ui_id=u_000161_01 schema_ok=True
2026-02-03 07:46:42 INFO dataset: Stage3 created ui_id=u_000158_01 schema_ok=True
2026-02-03 07:48:36 INFO dataset: Stage3 created ui_id=u_000159_01 schema_ok=True
2026-02-03 07:49:18 INFO dataset: Stage3 created ui_id=u_000090_01 schema_ok=False
2026-02-03 07:49:45 INFO dataset: Stage3 created ui_id=u_000100_01 schema_ok=True
2026-02-03 07:53:01 INFO dataset: Stage3 created ui_id=u_000160_01 schema_ok=True
2026-02-03 07:54:04 INFO dataset: Stage3 created ui_id=u_000091_01 schema_ok=False
2026-02-03 07:54:28 INFO dataset: Stage3 created ui_id=u_000101_01 schema_ok=True
2026-02-03 07:54:59 INFO dataset: Stage3 created ui_id=u_000161_01 schema_ok=True
2026-02-03 07:56:20 INFO dataset: Stage3 created ui_id=u_000102_01 schema_ok=True
2026-02-03 07:58:23 INFO dataset: Stage3 created ui_id=u_000103_01 schema_ok=True
2026-02-03 07:59:23 INFO dataset: Stage3 created ui_id=u_000100_01 schema_ok=True
2026-02-03 07:59:51 INFO dataset: Stage3 created ui_id=u_000092_01 schema_ok=False
2026-02-03 08:03:03 INFO dataset: Stage3 created ui_id=u_000104_01 schema_ok=True
2026-02-03 08:04:03 INFO dataset: Stage3 created ui_id=u_000101_01 schema_ok=True
2026-02-03 08:04:19 INFO dataset: Stage3 created ui_id=u_000093_01 schema_ok=False
2026-02-03 08:05:56 INFO dataset: Stage3 created ui_id=u_000102_01 schema_ok=True
2026-02-03 08:07:14 INFO dataset: Stage3 created ui_id=u_000105_01 schema_ok=True
2026-02-03 08:08:00 INFO dataset: Stage3 created ui_id=u_000103_01 schema_ok=True
2026-02-03 08:08:48 INFO dataset: Stage3 created ui_id=u_000145_01 schema_ok=False
2026-02-03 08:11:35 INFO dataset: Stage3 created ui_id=u_000129_01 schema_ok=True
2026-02-03 08:12:40 INFO dataset: Stage3 created ui_id=u_000104_01 schema_ok=True
2026-02-03 08:13:03 INFO dataset: Stage3 created ui_id=u_000146_01 schema_ok=True
2026-02-03 08:13:38 INFO dataset: Stage3 created ui_id=u_000130_01 schema_ok=True
2026-02-03 08:16:51 INFO dataset: Stage3 created ui_id=u_000105_01 schema_ok=True
2026-02-03 08:17:30 INFO dataset: Stage3 created ui_id=u_000094_01 schema_ok=False
2026-02-03 08:18:14 INFO dataset: Stage3 created ui_id=u_000131_01 schema_ok=True
2026-02-03 08:20:14 INFO dataset: Stage3 created ui_id=u_000132_01 schema_ok=True
2026-02-03 08:21:12 INFO dataset: Stage3 created ui_id=u_000129_01 schema_ok=True
2026-02-03 08:22:08 INFO dataset: Stage3 created ui_id=u_000095_01 schema_ok=False
2026-02-03 08:22:12 INFO dataset: Stage3 created ui_id=u_000133_01 schema_ok=True
2026-02-03 08:23:16 INFO dataset: Stage3 created ui_id=u_000130_01 schema_ok=True
2026-02-03 08:26:39 INFO dataset: Stage3 created ui_id=u_000096_01 schema_ok=False
2026-02-03 08:26:40 INFO dataset: Stage3 created ui_id=u_000134_01 schema_ok=True
2026-02-03 08:27:49 INFO dataset: Stage3 created ui_id=u_000131_01 schema_ok=True
2026-02-03 08:29:49 INFO dataset: Stage3 created ui_id=u_000132_01 schema_ok=True
2026-02-03 08:31:00 INFO dataset: Stage3 created ui_id=u_000135_01 schema_ok=True
2026-02-03 08:31:12 INFO dataset: Stage3 created ui_id=u_000097_01 schema_ok=False
2026-02-03 08:31:45 INFO dataset: Stage3 created ui_id=u_000133_01 schema_ok=True
2026-02-03 08:35:19 INFO dataset: Stage3 created ui_id=u_000136_01 schema_ok=True
2026-02-03 08:35:40 INFO dataset: Stage3 created ui_id=u_000098_01 schema_ok=False
2026-02-03 08:36:19 INFO dataset: Stage3 created ui_id=u_000134_01 schema_ok=True
2026-02-03 08:39:36 INFO dataset: Stage3 created ui_id=u_000137_01 schema_ok=True
2026-02-03 08:40:13 INFO dataset: Stage3 created ui_id=u_000099_01 schema_ok=False
2026-02-03 08:40:44 INFO dataset: Stage3 created ui_id=u_000135_01 schema_ok=True
2026-02-03 08:43:48 INFO dataset: Stage3 created ui_id=u_000138_01 schema_ok=True
2026-02-03 08:44:29 INFO dataset: Stage3 created ui_id=u_000147_01 schema_ok=False
2026-02-03 08:45:48 INFO dataset: Stage3 created ui_id=u_000139_01 schema_ok=True
2026-02-03 08:46:30 INFO dataset: Stage3 created ui_id=u_000136_01 schema_ok=True
2026-02-03 08:47:51 INFO dataset: Stage3 created ui_id=u_000065_01 schema_ok=True
2026-02-03 08:49:14 INFO dataset: Stage3 created ui_id=u_000148_01 schema_ok=False
2026-02-03 08:49:56 INFO dataset: Stage3 created ui_id=u_000066_01 schema_ok=True
2026-02-03 08:50:45 INFO dataset: Stage3 created ui_id=u_000137_01 schema_ok=True
2026-02-03 08:51:54 INFO dataset: Stage3 created ui_id=u_000067_01 schema_ok=True
2026-02-03 08:53:53 INFO dataset: Stage3 created ui_id=u_000068_01 schema_ok=True
2026-02-03 08:54:06 INFO dataset: Stage3 created ui_id=u_000149_01 schema_ok=False
2026-02-03 08:55:07 INFO dataset: Stage3 created ui_id=u_000138_01 schema_ok=True
2026-02-03 08:56:00 INFO dataset: Stage3 created ui_id=u_000069_01 schema_ok=True
2026-02-03 08:57:07 INFO dataset: Stage3 created ui_id=u_000139_01 schema_ok=True
2026-02-03 08:59:09 INFO dataset: Stage3 created ui_id=u_000065_01 schema_ok=True
2026-02-03 09:00:08 INFO dataset: Stage3 created ui_id=u_000150_01 schema_ok=False
2026-02-03 09:00:37 INFO dataset: Stage3 created ui_id=u_000070_01 schema_ok=True
2026-02-03 09:01:14 INFO dataset: Stage3 created ui_id=u_000066_01 schema_ok=True
2026-02-03 09:03:11 INFO dataset: Stage3 created ui_id=u_000067_01 schema_ok=True
2026-02-03 09:04:40 INFO dataset: Stage3 created ui_id=u_000151_01 schema_ok=False
2026-02-03 09:04:48 INFO dataset: Stage3 created ui_id=u_000071_01 schema_ok=True
2026-02-03 09:05:10 INFO dataset: Stage3 created ui_id=u_000068_01 schema_ok=True
2026-02-03 09:07:17 INFO dataset: Stage3 created ui_id=u_000069_01 schema_ok=True
2026-02-03 09:09:17 INFO dataset: Stage3 created ui_id=u_000152_01 schema_ok=False
2026-02-03 09:09:24 INFO dataset: Stage3 created ui_id=u_000072_01 schema_ok=True
2026-02-03 09:11:49 INFO dataset: Stage3 created ui_id=u_000070_01 schema_ok=True
2026-02-03 09:13:24 INFO dataset: Stage3 created ui_id=u_000153_01 schema_ok=False
2026-02-03 09:14:40 INFO dataset: Stage4 HTTP server started on port 54820
2026-02-03 09:15:18 INFO dataset: Stage3 created ui_id=u_000051_01 schema_ok=True
2026-02-03 09:15:56 ERROR dataset: Stage4 render error ui_id=u_000115_01: render_error: Page.wait_for_function: Timeout 15000ms exceeded.; console: error: Failed to load GenUICraft Lit renderer Error: Invalid data; expected Column
    at A2uiMessageProcessor.buildNodeRecursive (http://127.0.0.1:54820/renderer/lit/vendor/a2ui/0.8/data/model-processor.js:431:27)
    at A2uiMessageProcessor.rebuildComponentTree (http://127.0.0.1:54820/renderer/lit/vendor/a2ui/0.8/data/model-processor.js:333:38)
    at A2uiMessageProcessor.handleSurfaceUpdate (http://127.0.0.1:54820/renderer/lit/vendor/a2ui/0.8/data/model-processor.js:307:14)
    at A2uiMessageProcessor.processMessages (http://127.0.0.1:54820/renderer/lit/vendor/a2ui/0.8/data/model-processor.js:47:22)
    at renderMessages (http://127.0.0.1:54820/data/runs/gemini_3/rendered/u_000115_01.html:218:23)
    at init (http://127.0.0.1:54820/data/runs/gemini_3/rendered/u_000115_01.html:231:13)
2026-02-03 09:16:07 INFO dataset: Stage3 created ui_id=u_000071_01 schema_ok=True
2026-02-03 09:16:12 ERROR dataset: Stage4 render error ui_id=u_000117_01: render_error: Page.wait_for_function: Timeout 15000ms exceeded.; console: error: Failed to load GenUICraft Lit renderer TypeError: value.explicitList.map is not a function
    at A2uiMessageProcessor.resolvePropertyValue (http://127.0.0.1:54820/renderer/lit/vendor/a2ui/0.8/data/model-processor.js:560:43)
    at A2uiMessageProcessor.buildNodeRecursive (http://127.0.0.1:54820/renderer/lit/vendor/a2ui/0.8/data/model-processor.js:362:48)
    at http://127.0.0.1:54820/renderer/lit/vendor/a2ui/0.8/data/model-processor.js:560:60
    at Array.map (<anonymous>)
    at A2uiMessageProcessor.resolvePropertyValue (http://127.0.0.1:54820/renderer/lit/vendor/a2ui/0.8/data/model-processor.js:560:43)
    at A2uiMessageProcessor.buildNodeRecursive (http://127.0.0.1:54820/renderer/lit/vendor/a2ui/0.8/data/model-processor.js:362:48)
    at A2uiMessageProcessor.rebuildComponentTree (http://127.0.0.1:54820/renderer/lit/vendor/a2ui/0.8/data/model-processor.js:333:38)
    at A2uiMessageProcessor.handleSurfaceUpdate (http://127.0.0.1:54820/renderer/lit/vendor/a2ui/0.8/data/model-processor.js:307:14)
    at A2uiMessageProcessor.processMessages (http://127.0.0.1:54820/renderer/lit/vendor/a2ui/0.8/data/model-processor.js:47:22)
    at renderMessages (http://127.0.0.1:54820/data/runs/gemini_3/rendered/u_000117_01.html:218:23)
2026-02-03 09:16:38 ERROR dataset: Stage4 render error ui_id=u_000126_01: render_error: Page.wait_for_function: Timeout 15000ms exceeded.; console: error: Failed to load GenUICraft Lit renderer TypeError: value.explicitList.map is not a function
    at A2uiMessageProcessor.resolvePropertyValue (http://127.0.0.1:54820/renderer/lit/vendor/a2ui/0.8/data/model-processor.js:560:43)
    at A2uiMessageProcessor.buildNodeRecursive (http://127.0.0.1:54820/renderer/lit/vendor/a2ui/0.8/data/model-processor.js:362:48)
    at A2uiMessageProcessor.resolvePropertyValue (http://127.0.0.1:54820/renderer/lit/vendor/a2ui/0.8/data/model-processor.js:554:25)
    at A2uiMessageProcessor.resolvePropertyValue (http://127.0.0.1:54820/renderer/lit/vendor/a2ui/0.8/data/model-processor.js:619:36)
    at http://127.0.0.1:54820/renderer/lit/vendor/a2ui/0.8/data/model-processor.js:599:45
    at Array.map (<anonymous>)
    at A2uiMessageProcessor.resolvePropertyValue (http://127.0.0.1:54820/renderer/lit/vendor/a2ui/0.8/data/model-processor.js:599:26)
    at A2uiMessageProcessor.buildNodeRecursive (http://127.0.0.1:54820/renderer/lit/vendor/a2ui/0.8/data/model-processor.js:362:48)
    at http://127.0.0.1:54820/renderer/lit/vendor/a2ui/0.8/data/model-processor.js:560:60
    at Array.map (<anonymous>)
2026-02-03 09:17:12 ERROR dataset: Stage4 render error ui_id=u_000095_01: render_error: Page.wait_for_function: Timeout 15000ms exceeded.; console: error: Failed to load GenUICraft Lit renderer TypeError: value.explicitList.map is not a function
    at A2uiMessageProcessor.resolvePropertyValue (http://127.0.0.1:54820/renderer/lit/vendor/a2ui/0.8/data/model-processor.js:560:43)
    at A2uiMessageProcessor.buildNodeRecursive (http://127.0.0.1:54820/renderer/lit/vendor/a2ui/0.8/data/model-processor.js:362:48)
    at A2uiMessageProcessor.resolvePropertyValue (http://127.0.0.1:54820/renderer/lit/vendor/a2ui/0.8/data/model-processor.js:554:25)
    at A2uiMessageProcessor.buildNodeRecursive (http://127.0.0.1:54820/renderer/lit/vendor/a2ui/0.8/data/model-processor.js:362:48)
    at http://127.0.0.1:54820/renderer/lit/vendor/a2ui/0.8/data/model-processor.js:560:60
    at Array.map (<anonymous>)
    at A2uiMessageProcessor.resolvePropertyValue (http://127.0.0.1:54820/renderer/lit/vendor/a2ui/0.8/data/model-processor.js:560:43)
    at A2uiMessageProcessor.buildNodeRecursive (http://127.0.0.1:54820/renderer/lit/vendor/a2ui/0.8/data/model-processor.js:362:48)
    at A2uiMessageProcessor.rebuildComponentTree (http://127.0.0.1:54820/renderer/lit/vendor/a2ui/0.8/data/model-processor.js:333:38)
    at A2uiMessageProcessor.handleSurfaceUpdate (http://127.0.0.1:54820/renderer/lit/vendor/a2ui/0.8/data/model-processor.js:307:14)
2026-02-03 09:17:45 ERROR dataset: Stage4 render error ui_id=u_000102_01: render_error: Page.wait_for_function: Timeout 15000ms exceeded.; console: error: Failed to load GenUICraft Lit renderer TypeError: value.explicitList.map is not a function
    at A2uiMessageProcessor.resolvePropertyValue (http://127.0.0.1:54820/renderer/lit/vendor/a2ui/0.8/data/model-processor.js:560:43)
    at A2uiMessageProcessor.buildNodeRecursive (http://127.0.0.1:54820/renderer/lit/vendor/a2ui/0.8/data/model-processor.js:362:48)
    at http://127.0.0.1:54820/renderer/lit/vendor/a2ui/0.8/data/model-processor.js:560:60
    at Array.map (<anonymous>)
    at A2uiMessageProcessor.resolvePropertyValue (http://127.0.0.1:54820/renderer/lit/vendor/a2ui/0.8/data/model-processor.js:560:43)
    at A2uiMessageProcessor.buildNodeRecursive (http://127.0.0.1:54820/renderer/lit/vendor/a2ui/0.8/data/model-processor.js:362:48)
    at A2uiMessageProcessor.rebuildComponentTree (http://127.0.0.1:54820/renderer/lit/vendor/a2ui/0.8/data/model-processor.js:333:38)
    at A2uiMessageProcessor.handleSurfaceUpdate (http://127.0.0.1:54820/renderer/lit/vendor/a2ui/0.8/data/model-processor.js:307:14)
    at A2uiMessageProcessor.processMessages (http://127.0.0.1:54820/renderer/lit/vendor/a2ui/0.8/data/model-processor.js:47:22)
    at renderMessages (http://127.0.0.1:54820/data/runs/gemini_3/rendered/u_000102_01.html:218:23)
2026-02-03 09:17:59 INFO dataset: Stage3 created ui_id=u_000154_01 schema_ok=False
2026-02-03 09:18:03 INFO dataset: Stage4 complete. Rendered outputs stored at C:\Users\anupk\Documents\git\A2UI\dataset\data\runs\gemini_3\rendered
2026-02-03 09:19:30 INFO dataset: Stage3 created ui_id=u_000052_01 schema_ok=True
2026-02-03 09:20:42 INFO dataset: Stage3 created ui_id=u_000072_01 schema_ok=True
2026-02-03 09:21:26 INFO dataset: Stage3 created ui_id=u_000053_01 schema_ok=True
2026-02-03 09:22:26 INFO dataset: Stage3 created ui_id=u_000155_01 schema_ok=False
2026-02-03 09:25:15 INFO dataset: Stage3 created ui_id=u_000051_01 schema_ok=True
2026-02-03 09:25:59 INFO dataset: Stage3 created ui_id=u_000054_01 schema_ok=True
2026-02-03 09:26:46 INFO dataset: Stage3 created ui_id=u_000156_01 schema_ok=False
2026-02-03 09:29:25 INFO dataset: Stage3 created ui_id=u_000052_01 schema_ok=True
2026-02-03 09:30:31 INFO dataset: Stage3 created ui_id=u_000055_01 schema_ok=True
2026-02-03 09:31:22 INFO dataset: Stage3 created ui_id=u_000053_01 schema_ok=True
2026-02-03 09:31:42 INFO dataset: Stage3 created ui_id=u_000157_01 schema_ok=False
2026-02-03 09:34:40 INFO dataset: Stage3 created ui_id=u_000056_01 schema_ok=True
2026-02-03 09:35:57 INFO dataset: Stage3 created ui_id=u_000054_01 schema_ok=True
2026-02-03 09:36:00 INFO dataset: Stage3 created ui_id=u_000158_01 schema_ok=False
2026-02-03 09:39:11 INFO dataset: Stage3 created ui_id=u_000057_01 schema_ok=True
2026-02-03 09:40:25 INFO dataset: Stage3 created ui_id=u_000055_01 schema_ok=True
2026-02-03 09:41:27 INFO dataset: Stage3 created ui_id=u_000073_01 schema_ok=True
2026-02-03 09:41:47 INFO dataset: Stage3 created ui_id=u_000159_01 schema_ok=False
2026-02-03 09:44:42 INFO dataset: Stage3 created ui_id=u_000056_01 schema_ok=True
2026-02-03 09:45:41 INFO dataset: Stage4 HTTP server started on port 51867
2026-02-03 09:45:46 INFO dataset: Stage3 created ui_id=u_000074_01 schema_ok=True
2026-02-03 09:46:41 ERROR dataset: Stage4 render error ui_id=u_000115_01: render_error: Page.wait_for_function: Timeout 15000ms exceeded.; console: error: Failed to load GenUICraft Lit renderer Error: Invalid data; expected Column
    at A2uiMessageProcessor.buildNodeRecursive (http://127.0.0.1:51867/renderer/lit/vendor/a2ui/0.8/data/model-processor.js:431:27)
    at A2uiMessageProcessor.rebuildComponentTree (http://127.0.0.1:51867/renderer/lit/vendor/a2ui/0.8/data/model-processor.js:333:38)
    at A2uiMessageProcessor.handleSurfaceUpdate (http://127.0.0.1:51867/renderer/lit/vendor/a2ui/0.8/data/model-processor.js:307:14)
    at A2uiMessageProcessor.processMessages (http://127.0.0.1:51867/renderer/lit/vendor/a2ui/0.8/data/model-processor.js:47:22)
    at renderMessages (http://127.0.0.1:51867/data/runs/gemini_3/rendered/u_000115_01.html:218:23)
    at init (http://127.0.0.1:51867/data/runs/gemini_3/rendered/u_000115_01.html:231:13)
2026-02-03 09:46:57 ERROR dataset: Stage4 render error ui_id=u_000117_01: render_error: Page.wait_for_function: Timeout 15000ms exceeded.; console: error: Failed to load GenUICraft Lit renderer TypeError: value.explicitList.map is not a function
    at A2uiMessageProcessor.resolvePropertyValue (http://127.0.0.1:51867/renderer/lit/vendor/a2ui/0.8/data/model-processor.js:560:43)
    at A2uiMessageProcessor.buildNodeRecursive (http://127.0.0.1:51867/renderer/lit/vendor/a2ui/0.8/data/model-processor.js:362:48)
    at http://127.0.0.1:51867/renderer/lit/vendor/a2ui/0.8/data/model-processor.js:560:60
    at Array.map (<anonymous>)
    at A2uiMessageProcessor.resolvePropertyValue (http://127.0.0.1:51867/renderer/lit/vendor/a2ui/0.8/data/model-processor.js:560:43)
    at A2uiMessageProcessor.buildNodeRecursive (http://127.0.0.1:51867/renderer/lit/vendor/a2ui/0.8/data/model-processor.js:362:48)
    at A2uiMessageProcessor.rebuildComponentTree (http://127.0.0.1:51867/renderer/lit/vendor/a2ui/0.8/data/model-processor.js:333:38)
    at A2uiMessageProcessor.handleSurfaceUpdate (http://127.0.0.1:51867/renderer/lit/vendor/a2ui/0.8/data/model-processor.js:307:14)
    at A2uiMessageProcessor.processMessages (http://127.0.0.1:51867/renderer/lit/vendor/a2ui/0.8/data/model-processor.js:47:22)
    at renderMessages (http://127.0.0.1:51867/data/runs/gemini_3/rendered/u_000117_01.html:218:23)
2026-02-03 09:47:21 ERROR dataset: Stage4 render error ui_id=u_000126_01: render_error: Page.wait_for_function: Timeout 15000ms exceeded.; console: error: Failed to load GenUICraft Lit renderer TypeError: value.explicitList.map is not a function
    at A2uiMessageProcessor.resolvePropertyValue (http://127.0.0.1:51867/renderer/lit/vendor/a2ui/0.8/data/model-processor.js:560:43)
    at A2uiMessageProcessor.buildNodeRecursive (http://127.0.0.1:51867/renderer/lit/vendor/a2ui/0.8/data/model-processor.js:362:48)
    at A2uiMessageProcessor.resolvePropertyValue (http://127.0.0.1:51867/renderer/lit/vendor/a2ui/0.8/data/model-processor.js:554:25)
    at A2uiMessageProcessor.resolvePropertyValue (http://127.0.0.1:51867/renderer/lit/vendor/a2ui/0.8/data/model-processor.js:619:36)
    at http://127.0.0.1:51867/renderer/lit/vendor/a2ui/0.8/data/model-processor.js:599:45
    at Array.map (<anonymous>)
    at A2uiMessageProcessor.resolvePropertyValue (http://127.0.0.1:51867/renderer/lit/vendor/a2ui/0.8/data/model-processor.js:599:26)
    at A2uiMessageProcessor.buildNodeRecursive (http://127.0.0.1:51867/renderer/lit/vendor/a2ui/0.8/data/model-processor.js:362:48)
    at http://127.0.0.1:51867/renderer/lit/vendor/a2ui/0.8/data/model-processor.js:560:60
    at Array.map (<anonymous>)
2026-02-03 09:47:42 INFO dataset: Stage3 created ui_id=u_000058_01 schema_ok=True
2026-02-03 09:47:53 ERROR dataset: Stage4 render error ui_id=u_000095_01: render_error: Page.wait_for_function: Timeout 15000ms exceeded.; console: error: Failed to load GenUICraft Lit renderer TypeError: value.explicitList.map is not a function
    at A2uiMessageProcessor.resolvePropertyValue (http://127.0.0.1:51867/renderer/lit/vendor/a2ui/0.8/data/model-processor.js:560:43)
    at A2uiMessageProcessor.buildNodeRecursive (http://127.0.0.1:51867/renderer/lit/vendor/a2ui/0.8/data/model-processor.js:362:48)
    at A2uiMessageProcessor.resolvePropertyValue (http://127.0.0.1:51867/renderer/lit/vendor/a2ui/0.8/data/model-processor.js:554:25)
    at A2uiMessageProcessor.buildNodeRecursive (http://127.0.0.1:51867/renderer/lit/vendor/a2ui/0.8/data/model-processor.js:362:48)
    at http://127.0.0.1:51867/renderer/lit/vendor/a2ui/0.8/data/model-processor.js:560:60
    at Array.map (<anonymous>)
    at A2uiMessageProcessor.resolvePropertyValue (http://127.0.0.1:51867/renderer/lit/vendor/a2ui/0.8/data/model-processor.js:560:43)
    at A2uiMessageProcessor.buildNodeRecursive (http://127.0.0.1:51867/renderer/lit/vendor/a2ui/0.8/data/model-processor.js:362:48)
    at A2uiMessageProcessor.rebuildComponentTree (http://127.0.0.1:51867/renderer/lit/vendor/a2ui/0.8/data/model-processor.js:333:38)
    at A2uiMessageProcessor.handleSurfaceUpdate (http://127.0.0.1:51867/renderer/lit/vendor/a2ui/0.8/data/model-processor.js:307:14)
2026-02-03 09:48:26 ERROR dataset: Stage4 render error ui_id=u_000102_01: render_error: Page.wait_for_function: Timeout 15000ms exceeded.; console: error: Failed to load GenUICraft Lit renderer TypeError: value.explicitList.map is not a function
    at A2uiMessageProcessor.resolvePropertyValue (http://127.0.0.1:51867/renderer/lit/vendor/a2ui/0.8/data/model-processor.js:560:43)
    at A2uiMessageProcessor.buildNodeRecursive (http://127.0.0.1:51867/renderer/lit/vendor/a2ui/0.8/data/model-processor.js:362:48)
    at http://127.0.0.1:51867/renderer/lit/vendor/a2ui/0.8/data/model-processor.js:560:60
    at Array.map (<anonymous>)
    at A2uiMessageProcessor.resolvePropertyValue (http://127.0.0.1:51867/renderer/lit/vendor/a2ui/0.8/data/model-processor.js:560:43)
    at A2uiMessageProcessor.buildNodeRecursive (http://127.0.0.1:51867/renderer/lit/vendor/a2ui/0.8/data/model-processor.js:362:48)
    at A2uiMessageProcessor.rebuildComponentTree (http://127.0.0.1:51867/renderer/lit/vendor/a2ui/0.8/data/model-processor.js:333:38)
    at A2uiMessageProcessor.handleSurfaceUpdate (http://127.0.0.1:51867/renderer/lit/vendor/a2ui/0.8/data/model-processor.js:307:14)
    at A2uiMessageProcessor.processMessages (http://127.0.0.1:51867/renderer/lit/vendor/a2ui/0.8/data/model-processor.js:47:22)
    at renderMessages (http://127.0.0.1:51867/data/runs/gemini_3/rendered/u_000102_01.html:218:23)
2026-02-03 09:48:49 INFO dataset: Stage3 created ui_id=u_000160_01 schema_ok=False
2026-02-03 09:48:53 INFO dataset: Stage4 complete. Rendered outputs stored at C:\Users\anupk\Documents\git\A2UI\dataset\data\runs\gemini_3\rendered
2026-02-03 09:49:13 INFO dataset: Stage3 created ui_id=u_000057_01 schema_ok=True
2026-02-03 09:49:39 INFO dataset: Stage3 created ui_id=u_000075_01 schema_ok=True
2026-02-03 09:51:28 INFO dataset: Stage3 created ui_id=u_000073_01 schema_ok=True
2026-02-03 09:51:41 INFO dataset: Stage4 HTTP server started on port 61850
2026-02-03 09:52:23 INFO dataset: Stage4 HTTP server started on port 56119
2026-02-03 09:52:36 ERROR dataset: Stage4 render error ui_id=u_000115_01: render_error: Page.wait_for_function: Timeout 15000ms exceeded.; console: error: Failed to load GenUICraft Lit renderer Error: Invalid data; expected Column
    at A2uiMessageProcessor.buildNodeRecursive (http://127.0.0.1:61850/renderer/lit/vendor/a2ui/0.8/data/model-processor.js:431:27)
    at A2uiMessageProcessor.rebuildComponentTree (http://127.0.0.1:61850/renderer/lit/vendor/a2ui/0.8/data/model-processor.js:333:38)
    at A2uiMessageProcessor.handleSurfaceUpdate (http://127.0.0.1:61850/renderer/lit/vendor/a2ui/0.8/data/model-processor.js:307:14)
    at A2uiMessageProcessor.processMessages (http://127.0.0.1:61850/renderer/lit/vendor/a2ui/0.8/data/model-processor.js:47:22)
    at renderMessages (http://127.0.0.1:61850/data/runs/gemini_3/rendered/u_000115_01.html:218:23)
    at init (http://127.0.0.1:61850/data/runs/gemini_3/rendered/u_000115_01.html:231:13)
2026-02-03 09:52:52 ERROR dataset: Stage4 render error ui_id=u_000117_01: render_error: Page.wait_for_function: Timeout 15000ms exceeded.; console: error: Failed to load GenUICraft Lit renderer TypeError: value.explicitList.map is not a function
    at A2uiMessageProcessor.resolvePropertyValue (http://127.0.0.1:61850/renderer/lit/vendor/a2ui/0.8/data/model-processor.js:560:43)
    at A2uiMessageProcessor.buildNodeRecursive (http://127.0.0.1:61850/renderer/lit/vendor/a2ui/0.8/data/model-processor.js:362:48)
    at http://127.0.0.1:61850/renderer/lit/vendor/a2ui/0.8/data/model-processor.js:560:60
    at Array.map (<anonymous>)
    at A2uiMessageProcessor.resolvePropertyValue (http://127.0.0.1:61850/renderer/lit/vendor/a2ui/0.8/data/model-processor.js:560:43)
    at A2uiMessageProcessor.buildNodeRecursive (http://127.0.0.1:61850/renderer/lit/vendor/a2ui/0.8/data/model-processor.js:362:48)
    at A2uiMessageProcessor.rebuildComponentTree (http://127.0.0.1:61850/renderer/lit/vendor/a2ui/0.8/data/model-processor.js:333:38)
    at A2uiMessageProcessor.handleSurfaceUpdate (http://127.0.0.1:61850/renderer/lit/vendor/a2ui/0.8/data/model-processor.js:307:14)
    at A2uiMessageProcessor.processMessages (http://127.0.0.1:61850/renderer/lit/vendor/a2ui/0.8/data/model-processor.js:47:22)
    at renderMessages (http://127.0.0.1:61850/data/runs/gemini_3/rendered/u_000117_01.html:218:23)
2026-02-03 09:53:16 ERROR dataset: Stage4 render error ui_id=u_000126_01: render_error: Page.wait_for_function: Timeout 15000ms exceeded.; console: error: Failed to load GenUICraft Lit renderer TypeError: value.explicitList.map is not a function
    at A2uiMessageProcessor.resolvePropertyValue (http://127.0.0.1:61850/renderer/lit/vendor/a2ui/0.8/data/model-processor.js:560:43)
    at A2uiMessageProcessor.buildNodeRecursive (http://127.0.0.1:61850/renderer/lit/vendor/a2ui/0.8/data/model-processor.js:362:48)
    at A2uiMessageProcessor.resolvePropertyValue (http://127.0.0.1:61850/renderer/lit/vendor/a2ui/0.8/data/model-processor.js:554:25)
    at A2uiMessageProcessor.resolvePropertyValue (http://127.0.0.1:61850/renderer/lit/vendor/a2ui/0.8/data/model-processor.js:619:36)
    at http://127.0.0.1:61850/renderer/lit/vendor/a2ui/0.8/data/model-processor.js:599:45
    at Array.map (<anonymous>)
    at A2uiMessageProcessor.resolvePropertyValue (http://127.0.0.1:61850/renderer/lit/vendor/a2ui/0.8/data/model-processor.js:599:26)
    at A2uiMessageProcessor.buildNodeRecursive (http://127.0.0.1:61850/renderer/lit/vendor/a2ui/0.8/data/model-processor.js:362:48)
    at http://127.0.0.1:61850/renderer/lit/vendor/a2ui/0.8/data/model-processor.js:560:60
    at Array.map (<anonymous>)
2026-02-03 09:53:19 ERROR dataset: Stage4 render error ui_id=u_000115_01: render_error: Page.wait_for_function: Timeout 15000ms exceeded.; console: error: Failed to load GenUICraft Lit renderer Error: Invalid data; expected Column
    at A2uiMessageProcessor.buildNodeRecursive (http://127.0.0.1:56119/renderer/lit/vendor/a2ui/0.8/data/model-processor.js:431:27)
    at A2uiMessageProcessor.rebuildComponentTree (http://127.0.0.1:56119/renderer/lit/vendor/a2ui/0.8/data/model-processor.js:333:38)
    at A2uiMessageProcessor.handleSurfaceUpdate (http://127.0.0.1:56119/renderer/lit/vendor/a2ui/0.8/data/model-processor.js:307:14)
    at A2uiMessageProcessor.processMessages (http://127.0.0.1:56119/renderer/lit/vendor/a2ui/0.8/data/model-processor.js:47:22)
    at renderMessages (http://127.0.0.1:56119/data/runs/gemini_3/rendered/u_000115_01.html:218:23)
    at init (http://127.0.0.1:56119/data/runs/gemini_3/rendered/u_000115_01.html:231:13)
2026-02-03 09:53:29 INFO dataset: Stage3 created ui_id=u_000161_01 schema_ok=False
2026-02-03 09:53:35 ERROR dataset: Stage4 render error ui_id=u_000117_01: render_error: Page.wait_for_function: Timeout 15000ms exceeded.; console: error: Failed to load GenUICraft Lit renderer TypeError: value.explicitList.map is not a function
    at A2uiMessageProcessor.resolvePropertyValue (http://127.0.0.1:56119/renderer/lit/vendor/a2ui/0.8/data/model-processor.js:560:43)
    at A2uiMessageProcessor.buildNodeRecursive (http://127.0.0.1:56119/renderer/lit/vendor/a2ui/0.8/data/model-processor.js:362:48)
    at http://127.0.0.1:56119/renderer/lit/vendor/a2ui/0.8/data/model-processor.js:560:60
    at Array.map (<anonymous>)
    at A2uiMessageProcessor.resolvePropertyValue (http://127.0.0.1:56119/renderer/lit/vendor/a2ui/0.8/data/model-processor.js:560:43)
    at A2uiMessageProcessor.buildNodeRecursive (http://127.0.0.1:56119/renderer/lit/vendor/a2ui/0.8/data/model-processor.js:362:48)
    at A2uiMessageProcessor.rebuildComponentTree (http://127.0.0.1:56119/renderer/lit/vendor/a2ui/0.8/data/model-processor.js:333:38)
    at A2uiMessageProcessor.handleSurfaceUpdate (http://127.0.0.1:56119/renderer/lit/vendor/a2ui/0.8/data/model-processor.js:307:14)
    at A2uiMessageProcessor.processMessages (http://127.0.0.1:56119/renderer/lit/vendor/a2ui/0.8/data/model-processor.js:47:22)
    at renderMessages (http://127.0.0.1:56119/data/runs/gemini_3/rendered/u_000117_01.html:218:23)
2026-02-03 09:53:47 ERROR dataset: Stage4 render error ui_id=u_000095_01: render_error: Page.wait_for_function: Timeout 15000ms exceeded.; console: error: Failed to load GenUICraft Lit renderer TypeError: value.explicitList.map is not a function
    at A2uiMessageProcessor.resolvePropertyValue (http://127.0.0.1:61850/renderer/lit/vendor/a2ui/0.8/data/model-processor.js:560:43)
    at A2uiMessageProcessor.buildNodeRecursive (http://127.0.0.1:61850/renderer/lit/vendor/a2ui/0.8/data/model-processor.js:362:48)
    at A2uiMessageProcessor.resolvePropertyValue (http://127.0.0.1:61850/renderer/lit/vendor/a2ui/0.8/data/model-processor.js:554:25)
    at A2uiMessageProcessor.buildNodeRecursive (http://127.0.0.1:61850/renderer/lit/vendor/a2ui/0.8/data/model-processor.js:362:48)
    at http://127.0.0.1:61850/renderer/lit/vendor/a2ui/0.8/data/model-processor.js:560:60
    at Array.map (<anonymous>)
    at A2uiMessageProcessor.resolvePropertyValue (http://127.0.0.1:61850/renderer/lit/vendor/a2ui/0.8/data/model-processor.js:560:43)
    at A2uiMessageProcessor.buildNodeRecursive (http://127.0.0.1:61850/renderer/lit/vendor/a2ui/0.8/data/model-processor.js:362:48)
    at A2uiMessageProcessor.rebuildComponentTree (http://127.0.0.1:61850/renderer/lit/vendor/a2ui/0.8/data/model-processor.js:333:38)
    at A2uiMessageProcessor.handleSurfaceUpdate (http://127.0.0.1:61850/renderer/lit/vendor/a2ui/0.8/data/model-processor.js:307:14)
2026-02-03 09:53:59 ERROR dataset: Stage4 render error ui_id=u_000126_01: render_error: Page.wait_for_function: Timeout 15000ms exceeded.; console: error: Failed to load GenUICraft Lit renderer TypeError: value.explicitList.map is not a function
    at A2uiMessageProcessor.resolvePropertyValue (http://127.0.0.1:56119/renderer/lit/vendor/a2ui/0.8/data/model-processor.js:560:43)
    at A2uiMessageProcessor.buildNodeRecursive (http://127.0.0.1:56119/renderer/lit/vendor/a2ui/0.8/data/model-processor.js:362:48)
    at A2uiMessageProcessor.resolvePropertyValue (http://127.0.0.1:56119/renderer/lit/vendor/a2ui/0.8/data/model-processor.js:554:25)
    at A2uiMessageProcessor.resolvePropertyValue (http://127.0.0.1:56119/renderer/lit/vendor/a2ui/0.8/data/model-processor.js:619:36)
    at http://127.0.0.1:56119/renderer/lit/vendor/a2ui/0.8/data/model-processor.js:599:45
    at Array.map (<anonymous>)
    at A2uiMessageProcessor.resolvePropertyValue (http://127.0.0.1:56119/renderer/lit/vendor/a2ui/0.8/data/model-processor.js:599:26)
    at A2uiMessageProcessor.buildNodeRecursive (http://127.0.0.1:56119/renderer/lit/vendor/a2ui/0.8/data/model-processor.js:362:48)
    at http://127.0.0.1:56119/renderer/lit/vendor/a2ui/0.8/data/model-processor.js:560:60
    at Array.map (<anonymous>)
2026-02-03 09:54:03 INFO dataset: Stage3 created ui_id=u_000076_01 schema_ok=True
2026-02-03 09:54:18 ERROR dataset: Stage4 render error ui_id=u_000102_01: render_error: Page.wait_for_function: Timeout 15000ms exceeded.; console: error: Failed to load GenUICraft Lit renderer TypeError: value.explicitList.map is not a function
    at A2uiMessageProcessor.resolvePropertyValue (http://127.0.0.1:61850/renderer/lit/vendor/a2ui/0.8/data/model-processor.js:560:43)
    at A2uiMessageProcessor.buildNodeRecursive (http://127.0.0.1:61850/renderer/lit/vendor/a2ui/0.8/data/model-processor.js:362:48)
    at http://127.0.0.1:61850/renderer/lit/vendor/a2ui/0.8/data/model-processor.js:560:60
    at Array.map (<anonymous>)
    at A2uiMessageProcessor.resolvePropertyValue (http://127.0.0.1:61850/renderer/lit/vendor/a2ui/0.8/data/model-processor.js:560:43)
    at A2uiMessageProcessor.buildNodeRecursive (http://127.0.0.1:61850/renderer/lit/vendor/a2ui/0.8/data/model-processor.js:362:48)
    at A2uiMessageProcessor.rebuildComponentTree (http://127.0.0.1:61850/renderer/lit/vendor/a2ui/0.8/data/model-processor.js:333:38)
    at A2uiMessageProcessor.handleSurfaceUpdate (http://127.0.0.1:61850/renderer/lit/vendor/a2ui/0.8/data/model-processor.js:307:14)
    at A2uiMessageProcessor.processMessages (http://127.0.0.1:61850/renderer/lit/vendor/a2ui/0.8/data/model-processor.js:47:22)
    at renderMessages (http://127.0.0.1:61850/data/runs/gemini_3/rendered/u_000102_01.html:218:23)
2026-02-03 09:54:31 ERROR dataset: Stage4 render error ui_id=u_000095_01: render_error: Page.wait_for_function: Timeout 15000ms exceeded.; console: error: Failed to load GenUICraft Lit renderer TypeError: value.explicitList.map is not a function
    at A2uiMessageProcessor.resolvePropertyValue (http://127.0.0.1:56119/renderer/lit/vendor/a2ui/0.8/data/model-processor.js:560:43)
    at A2uiMessageProcessor.buildNodeRecursive (http://127.0.0.1:56119/renderer/lit/vendor/a2ui/0.8/data/model-processor.js:362:48)
    at A2uiMessageProcessor.resolvePropertyValue (http://127.0.0.1:56119/renderer/lit/vendor/a2ui/0.8/data/model-processor.js:554:25)
    at A2uiMessageProcessor.buildNodeRecursive (http://127.0.0.1:56119/renderer/lit/vendor/a2ui/0.8/data/model-processor.js:362:48)
    at http://127.0.0.1:56119/renderer/lit/vendor/a2ui/0.8/data/model-processor.js:560:60
    at Array.map (<anonymous>)
    at A2uiMessageProcessor.resolvePropertyValue (http://127.0.0.1:56119/renderer/lit/vendor/a2ui/0.8/data/model-processor.js:560:43)
    at A2uiMessageProcessor.buildNodeRecursive (http://127.0.0.1:56119/renderer/lit/vendor/a2ui/0.8/data/model-processor.js:362:48)
    at A2uiMessageProcessor.rebuildComponentTree (http://127.0.0.1:56119/renderer/lit/vendor/a2ui/0.8/data/model-processor.js:333:38)
    at A2uiMessageProcessor.handleSurfaceUpdate (http://127.0.0.1:56119/renderer/lit/vendor/a2ui/0.8/data/model-processor.js:307:14)
2026-02-03 09:54:45 INFO dataset: Stage4 complete. Rendered outputs stored at C:\Users\anupk\Documents\git\A2UI\dataset\data\runs\gemini_3\rendered
2026-02-03 09:55:04 ERROR dataset: Stage4 render error ui_id=u_000102_01: render_error: Page.wait_for_function: Timeout 15000ms exceeded.; console: error: Failed to load GenUICraft Lit renderer TypeError: value.explicitList.map is not a function
    at A2uiMessageProcessor.resolvePropertyValue (http://127.0.0.1:56119/renderer/lit/vendor/a2ui/0.8/data/model-processor.js:560:43)
    at A2uiMessageProcessor.buildNodeRecursive (http://127.0.0.1:56119/renderer/lit/vendor/a2ui/0.8/data/model-processor.js:362:48)
    at http://127.0.0.1:56119/renderer/lit/vendor/a2ui/0.8/data/model-processor.js:560:60
    at Array.map (<anonymous>)
    at A2uiMessageProcessor.resolvePropertyValue (http://127.0.0.1:56119/renderer/lit/vendor/a2ui/0.8/data/model-processor.js:560:43)
    at A2uiMessageProcessor.buildNodeRecursive (http://127.0.0.1:56119/renderer/lit/vendor/a2ui/0.8/data/model-processor.js:362:48)
    at A2uiMessageProcessor.rebuildComponentTree (http://127.0.0.1:56119/renderer/lit/vendor/a2ui/0.8/data/model-processor.js:333:38)
    at A2uiMessageProcessor.handleSurfaceUpdate (http://127.0.0.1:56119/renderer/lit/vendor/a2ui/0.8/data/model-processor.js:307:14)
    at A2uiMessageProcessor.processMessages (http://127.0.0.1:56119/renderer/lit/vendor/a2ui/0.8/data/model-processor.js:47:22)
    at renderMessages (http://127.0.0.1:56119/data/runs/gemini_3/rendered/u_000102_01.html:218:23)
2026-02-03 09:55:29 INFO dataset: Stage4 complete. Rendered outputs stored at C:\Users\anupk\Documents\git\A2UI\dataset\data\runs\gemini_3\rendered
2026-02-03 09:55:29 INFO dataset: Stage4 HTTP server started on port 52388
2026-02-03 09:55:30 INFO dataset: Stage4 complete. Rendered outputs stored at C:\Users\anupk\Documents\git\A2UI\dataset\data\runs\gemini_3\rendered
2026-02-03 09:55:47 INFO dataset: Stage3 created ui_id=u_000074_01 schema_ok=True
2026-02-03 09:57:42 INFO dataset: Stage3 created ui_id=u_000058_01 schema_ok=True
2026-02-03 09:57:57 INFO dataset: Stage3 created ui_id=u_000100_01 schema_ok=False
2026-02-03 09:58:38 INFO dataset: Stage3 created ui_id=u_000077_01 schema_ok=True
2026-02-03 09:59:41 INFO dataset: Stage3 created ui_id=u_000075_01 schema_ok=True
2026-02-03 10:02:50 INFO dataset: Stage3 created ui_id=u_000101_01 schema_ok=False
2026-02-03 10:03:16 INFO dataset: Stage3 created ui_id=u_000078_01 schema_ok=True
2026-02-03 10:04:08 INFO dataset: Stage3 created ui_id=u_000076_01 schema_ok=True
2026-02-03 10:07:21 INFO dataset: Stage3 created ui_id=u_000102_01 schema_ok=False
2026-02-03 10:07:36 INFO dataset: Stage3 created ui_id=u_000059_01 schema_ok=True
2026-02-03 10:08:41 INFO dataset: Stage3 created ui_id=u_000077_01 schema_ok=True
2026-02-03 10:09:30 INFO dataset: Stage3 created ui_id=u_000079_01 schema_ok=True
2026-02-03 10:11:34 INFO dataset: Stage3 created ui_id=u_000080_01 schema_ok=True
2026-02-03 10:12:09 INFO dataset: Stage3 created ui_id=u_000103_01 schema_ok=False
2026-02-03 10:13:19 INFO dataset: Stage3 created ui_id=u_000078_01 schema_ok=True
2026-02-03 10:15:58 INFO dataset: Stage3 created ui_id=u_000060_01 schema_ok=True
2026-02-03 10:16:55 INFO dataset: Stage3 created ui_id=u_000104_01 schema_ok=False
2026-02-03 10:17:45 INFO dataset: Stage3 created ui_id=u_000059_01 schema_ok=True
2026-02-03 10:19:39 INFO dataset: Stage3 created ui_id=u_000079_01 schema_ok=True
2026-02-03 10:20:13 INFO dataset: Stage3 created ui_id=u_000171_01 schema_ok=True
2026-02-03 10:21:16 INFO dataset: Stage3 created ui_id=u_000105_01 schema_ok=False
